time_s,q1_rad,q2_rad,q3_rad,q4_rad,q5_rad,q6_rad,q7_rad,dq1_rad_s,dq2_rad_s,dq3_rad_s,dq4_rad_s,dq5_rad_s,dq6_rad_s,dq7_rad_s
0.0,0.7478081841846871,-0.4520605335854502,0.045743604868911755,1.8937790919981694,-0.027947713104368797,0.7744353000785701,0.20850898379184787,0.0,0.0,0.0,0.0,0.0,0.0,0.0
0.01,0.7478081841846871,-0.4520605335854502,0.045743604868911755,1.8937790919981694,-0.027947713104368797,0.7744353000785701,0.20850898379184787,0.0,0.0,0.0,0.0,0.0,0.0,0.0
0.02,0.7478081841846871,-0.4520605335854502,0.045743604868911755,1.8937790919981694,-0.027947713104368797,0.7744353000785701,0.20850898379184787,0.0,0.0,0.0,0.0,0.0,0.0,0.0
0.03,0.7478081841846871,-0.4520605335854502,0.045743604868911755,1.8937790919981694,-0.027947713104368797,0.7744353000785701,0.20850898379184787,0.0,0.0,0.0,0.0,0.0,0.0,0.0
0.04,0.7478081841846871,-0.4520605335854502,0.045743604868911755,1.8937790919981694,-0.027947713104368797,0.7744353000785701,0.20850898379184787,0.0,0.0,0.0,0.0,0.0,0.0,0.0
0.05,0.7478081841846871,-0.4520605335854502,0.045743604868911755,1.8937790919981694,-0.027947713104368797,0.7744353000785701,0.20850898379184787,0.0,0.0,0.0,0.0,0.0,0.0,0.0
0.06,0.7478081841846871,-0.4520605335854502,0.045743604868911755,1.8937790919981694,-0.027947713104368797,0.7744353000785701,0.20850898379184787,0.0,0.0,0.0,0.0,0.0,0.0,0.0
0.07,0.7478081841846871,-0.4520605335854502,0.045743604868911755,1.8937790919981694,-0.027947713104368797,0.7744353000785701,0.20850898379184787,0.0,0.0,0.0,0.0,0.0,0.0,0.0
0.08,0.7478081841846871,-0.4520605335854502,0.045743604868911755,1.8937790919981694,-0.027947713104368797,0.7744353000785701,0.20850898379184787,0.0,0.0,0.0,0.0,0.0,0.0,0.0
0.09,0.7478081841846871,-0.4520605335854502,0.045743604868911755,1.8937790919981694,-0.027947713104368797,0.7744353000785701,0.20850898379184787,0.0,0.0,0.0,0.0,0.0,0.0,0.0
0.1,0.7478081841846871,-0.4520605335854502,0.045743604868911755,1.8937790919981694,-0.027947713104368797,0.7744353000785701,0.20850898379184787,0.0,0.0,0.0,0.0,0.0,0.0,0.0
0.11,0.7478081841846871,-0.4520605335854502,0.045743604868911755,1.8937790919981694,-0.027947713104368797,0.7744353000785701,0.20850898379184787,0.0,0.0,0.0,0.0,0.0,0.0,0.0
0.12,0.7478081841846871,-0.4520605335854502,0.045743604868911755,1.8937790919981694,-0.027947713104368797,0.7744353000785701,0.20850898379184787,0.0,0.0,0.0,0.0,0.0,0.0,0.0
0.13,0.7478081841846871,-0.4520605335854502,0.045743604868911755,1.8937790919981694,-0.027947713104368797,0.7744353000785701,0.20850898379184787,0.0,0.0,0.0,0.0,0.0,0.0,0.0
0.14,0.7478081841846871,-0.4520605335854502,0.045743604868911755,1.8937790919981694,-0.027947713104368797,0.7744353000785701,0.20850898379184787,0.0,0.0,0.0,0.0,0.0,0.0,0.0
0.15,0.7478081841846871,-0.4520605335854502,0.045743604868911755,1.8937790919981694,-0.027947713104368797,0.7744353000785701,0.20850898379184787,0.0,0.0,0.0,0.0,0.0,0.0,0.0
0.16,0.7478081841846871,-0.4520605335854502,0.045743604868911755,1.8937790919981694,-0.027947713104368797,0.7744353000785701,0.20850898379184787,0.0,0.0,0.0,0.0,0.0,0.0,0.0
0.17,0.7478081841846871,-0.4520605335854502,0.045743604868911755,1.8937790919981694,-0.027947713104368797,0.7744353000785701,0.20850898379184787,0.0,0.0,0.0,0.0,0.0,0.0,0.0
0.18,0.7478081841846871,-0.4520605335854502,0.045743604868911755,1.8937790919981694,-0.027947713104368797,0.7744353000785701,0.20850898379184787,0.0,0.0,0.0,0.0,0.0,0.0,0.0
0.19,0.7478081841846871,-0.4520605335854502,0.045743604868911755,1.8937790919981694,-0.027947713104368797,0.7744353000785701,0.20850898379184787,0.0,0.0,0.0,0.0,0.0,0.0,0.0
0.2,0.7478081841846871,-0.4520605335854502,0.045743604868911755,1.8937790919981694,-0.027947713104368797,0.7744353000785701,0.20850898379184787,0.0,0.0,0.0,0.0,0.0,0.0,0.0
0.21,0.7478081841846871,-0.4520605335854502,0.045743604868911755,1.8937790919981694,-0.027947713104368797,0.7744353000785701,0.20850898379184787,0.0,0.0,0.0,0.0,0.0,0.0,0.0
0.22,0.7478081841846871,-0.4520605335854502,0.045743604868911755,1.8937790919981694,-0.027947713104368797,0.7744353000785701,0.20850898379184787,0.0,0.0,0.0,0.0,0.0,0.0,0.0
0.23,0.7478081841846871,-0.4520605335854502,0.045743604868911755,1.8937790919981694,-0.027947713104368797,0.7744353000785701,0.20850898379184787,0.0,0.0,0.0,0.0,0.0,0.0,0.0
0.24,0.7478081841846871,-0.4520605335854502,0.045743604868911755,1.8937790919981694,-0.027947713104368797,0.7744353000785701,0.20850898379184787,0.0,0.0,0.0,0.0,0.0,0.0,0.0
0.25,0.7478081841846871,-0.4520605335854502,0.045743604868911755,1.8937790919981694,-0.027947713104368797,0.7744353000785701,0.20850898379184787,0.0,0.0,0.0,0.0,0.0,0.0,0.0
0.26,0.7478081841846871,-0.4520605335854502,0.045743604868911755,1.8937790919981694,-0.027947713104368797,0.7744353000785701,0.20850898379184787,0.0,0.0,0.0,0.0,0.0,0.0,0.0
0.27,0.7478081841846871,-0.4520605335854502,0.045743604868911755,1.8937790919981694,-0.027947713104368797,0.7744353000785701,0.20850898379184787,0.0,0.0,0.0,0.0,0.0,0.0,0.0
0.28,0.7478081841846871,-0.4520605335854502,0.045743604868911755,1.8937790919981694,-0.027947713104368797,0.7744353000785701,0.20850898379184787,0.0,0.0,0.0,0.0,0.0,0.0,0.0
0.29,0.7478081841846871,-0.4520605335854502,0.045743604868911755,1.8937790919981694,-0.027947713104368797,0.7744353000785701,0.20850898379184787,0.0,0.0,0.0,0.0,0.0,0.0,0.0
0.3,0.7478081841846871,-0.4520605335854502,0.045743604868911755,1.8937790919981694,-0.027947713104368797,0.7744353000785701,0.20850898379184787,0.0,0.0,0.0,0.0,0.0,0.0,0.0
0.31,0.7478081841846871,-0.4520605335854502,0.045743604868911755,1.8937790919981694,-0.027947713104368797,0.7744353000785701,0.20850898379184787,0.0,0.0,0.0,0.0,0.0,0.0,0.0
0.32,0.7478081841846871,-0.4520605335854502,0.045743604868911755,1.8937790919981694,-0.027947713104368797,0.7744353000785701,0.20850898379184787,0.0,0.0,0.0,0.0,0.0,0.0,0.0
0.33,0.7478081841846871,-0.4520605335854502,0.045743604868911755,1.8937790919981694,-0.027947713104368797,0.7744353000785701,0.20850898379184787,0.0,0.0,0.0,0.0,0.0,0.0,0.0
0.34,0.7478081841846871,-0.4520605335854502,0.045743604868911755,1.8937790919981694,-0.027947713104368797,0.7744353000785701,0.20850898379184787,0.0,0.0,0.0,0.0,0.0,0.0,0.0
0.35,0.7478081841846871,-0.4520605335854502,0.045743604868911755,1.8937790919981694,-0.027947713104368797,0.7744353000785701,0.20850898379184787,0.0,0.0,0.0,0.0,0.0,0.0,0.0
0.36,0.7478081841846871,-0.4520605335854502,0.045743604868911755,1.8937790919981694,-0.027947713104368797,0.7744353000785701,0.20850898379184787,0.0,0.0,0.0,0.0,0.0,0.0,0.0
0.37,0.7478081841846871,-0.4520605335854502,0.045743604868911755,1.8937790919981694,-0.027947713104368797,0.7744353000785701,0.20850898379184787,0.0,0.0,0.0,0.0,0.0,0.0,0.0
0.38,0.7478081841846871,-0.4520605335854502,0.045743604868911755,1.8937790919981694,-0.027947713104368797,0.7744353000785701,0.20850898379184787,0.0,0.0,0.0,0.0,0.0,0.0,0.0
0.39,0.7478081841846871,-0.4520605335854502,0.045743604868911755,1.8937790919981694,-0.027947713104368797,0.7744353000785701,0.20850898379184787,0.0,0.0,0.0,0.0,0.0,0.0,0.0
0.4,0.7478081841846871,-0.4520605335854502,0.045743604868911755,1.8937790919981694,-0.027947713104368797,0.7744353000785701,0.20850898379184787,0.0,0.0,0.0,0.0,0.0,0.0,0.0
0.41,0.7478081841846871,-0.4520605335854502,0.045743604868911755,1.8937790919981694,-0.027947713104368797,0.7744353000785701,0.20850898379184787,0.0,0.0,0.0,0.0,0.0,0.0,0.0
0.42,0.7478081841846871,-0.4520605335854502,0.045743604868911755,1.8937790919981694,-0.027947713104368797,0.7744353000785701,0.20850898379184787,0.0,0.0,0.0,0.0,0.0,0.0,0.0
0.43,0.7478081841846871,-0.4520605335854502,0.045743604868911755,1.8937790919981694,-0.027947713104368797,0.7744353000785701,0.20850898379184787,0.0,0.0,0.0,0.0,0.0,0.0,0.0
0.44,0.7478081841846871,-0.4520605335854502,0.045743604868911755,1.8937790919981694,-0.027947713104368797,0.7744353000785701,0.20850898379184787,0.0,0.0,0.0,0.0,0.0,0.0,0.0
0.45,0.7478081841846871,-0.4520605335854502,0.045743604868911755,1.8937790919981694,-0.027947713104368797,0.7744353000785701,0.20850898379184787,0.0,0.0,0.0,0.0,0.0,0.0,0.0
0.46,0.7478081841846871,-0.4520605335854502,0.045743604868911755,1.8937790919981694,-0.027947713104368797,0.7744353000785701,0.20850898379184787,0.0,0.0,0.0,0.0,0.0,0.0,0.0
0.47,0.7478081841846871,-0.4520605335854502,0.045743604868911755,1.8937790919981694,-0.027947713104368797,0.7744353000785701,0.20850898379184787,0.0,0.0,0.0,0.0,0.0,0.0,0.0
0.48,0.7478081841846871,-0.4520605335854502,0.045743604868911755,1.8937790919981694,-0.027947713104368797,0.7744353000785701,0.20850898379184787,0.0,0.0,0.0,0.0,0.0,0.0,0.0
0.49,0.7478081841846871,-0.4520605335854502,0.045743604868911755,1.8937790919981694,-0.027947713104368797,0.7744353000785701,0.20850898379184787,0.0,0.0,0.0,0.0,0.0,0.0,0.0
0.5,0.7478081841846871,-0.4520605335854502,0.045743604868911755,1.8937790919981694,-0.027947713104368797,0.7744353000785701,0.20850898379184787,0.0,0.0,0.0,0.0,0.0,0.0,0.0
0.51,0.7478081841846871,-0.4520605335854502,0.045743604868911755,1.8937790919981694,-0.027947713104368797,0.7744353000785701,0.20850898379184787,0.0,0.0,0.0,0.0,0.0,0.0,0.0
0.52,0.7478081841846871,-0.4520605335854502,0.045743604868911755,1.8937790919981694,-0.027947713104368797,0.7744353000785701,0.20850898379184787,0.0,0.0,0.0,0.0,0.0,0.0,0.0
0.53,0.7478081841846871,-0.4520605335854502,0.045743604868911755,1.8937790919981694,-0.027947713104368797,0.7744353000785701,0.20850898379184787,0.0,0.0,0.0,0.0,0.0,0.0,0.0
0.54,0.7478081841846871,-0.4520605335854502,0.045743604868911755,1.8937790919981694,-0.027947713104368797,0.7744353000785701,0.20850898379184787,0.0,0.0,0.0,0.0,0.0,0.0,0.0
0.55,0.7478081841846871,-0.4520605335854502,0.045743604868911755,1.8937790919981694,-0.027947713104368797,0.7744353000785701,0.20850898379184787,0.0,0.0,0.0,0.0,0.0,0.0,0.0
0.56,0.7478081841846871,-0.4520605335854502,0.045743604868911755,1.8937790919981694,-0.027947713104368797,0.7744353000785701,0.20850898379184787,0.0,0.0,0.0,0.0,0.0,0.0,0.0
0.57,0.7478081841846871,-0.4520605335854502,0.045743604868911755,1.8937790919981694,-0.027947713104368797,0.7744353000785701,0.20850898379184787,0.0,0.0,0.0,0.0,0.0,0.0,0.0
0.58,0.7478081841846871,-0.4520605335854502,0.045743604868911755,1.8937790919981694,-0.027947713104368797,0.7744353000785701,0.20850898379184787,0.0,0.0,0.0,0.0,0.0,0.0,0.0
0.59,0.7478081841846871,-0.4520605335854502,0.045743604868911755,1.8937790919981694,-0.027947713104368797,0.7744353000785701,0.20850898379184787,0.0,0.0,0.0,0.0,0.0,0.0,0.0
0.6,0.7478081841846871,-0.4520605335854502,0.045743604868911755,1.8937790919981694,-0.027947713104368797,0.7744353000785701,0.20850898379184787,0.0,0.0,0.0,0.0,0.0,0.0,0.0
0.61,0.7478081841846871,-0.4520605335854502,0.045743604868911755,1.8937790919981694,-0.027947713104368797,0.7744353000785701,0.20850898379184787,0.0,0.0,0.0,0.0,0.0,0.0,0.0
0.62,0.7478081841846871,-0.4520605335854502,0.045743604868911755,1.8937790919981694,-0.027947713104368797,0.7744353000785701,0.20850898379184787,0.0,0.0,0.0,0.0,0.0,0.0,0.0
0.63,0.7478081841846871,-0.4520605335854502,0.045743604868911755,1.8937790919981694,-0.027947713104368797,0.7744353000785701,0.20850898379184787,0.0,0.0,0.0,0.0,0.0,0.0,0.0
0.64,0.7478081841846871,-0.4520605335854502,0.045743604868911755,1.8937790919981694,-0.027947713104368797,0.7744353000785701,0.20850898379184787,0.0,0.0,0.0,0.0,0.0,0.0,0.0
0.65,0.7478081841846871,-0.4520605335854502,0.045743604868911755,1.8937790919981694,-0.027947713104368797,0.7744353000785701,0.20850898379184787,0.0,0.0,0.0,0.0,0.0,0.0,0.0
0.66,0.7478081841846871,-0.4520605335854502,0.045743604868911755,1.8937790919981694,-0.027947713104368797,0.7744353000785701,0.20850898379184787,0.0,0.0,0.0,0.0,0.0,0.0,0.0
0.67,0.7478081841846871,-0.4520605335854502,0.045743604868911755,1.8937790919981694,-0.027947713104368797,0.7744353000785701,0.20850898379184787,0.0,0.0,0.0,0.0,0.0,0.0,0.0
0.68,0.7478081841846871,-0.4520605335854502,0.045743604868911755,1.8937790919981694,-0.027947713104368797,0.7744353000785701,0.20850898379184787,0.0,0.0,0.0,0.0,0.0,0.0,0.0
0.69,0.7478081841846871,-0.4520605335854502,0.045743604868911755,1.8937790919981694,-0.027947713104368797,0.7744353000785701,0.20850898379184787,0.0,0.0,0.0,0.0,0.0,0.0,0.0
0.7,0.7478081841846871,-0.4520605335854502,0.045743604868911755,1.8937790919981694,-0.027947713104368797,0.7744353000785701,0.20850898379184787,0.0,0.0,0.0,0.0,0.0,0.0,0.0
0.71,0.7478081841846871,-0.4520605335854502,0.045743604868911755,1.8937790919981694,-0.027947713104368797,0.7744353000785701,0.20850898379184787,0.0,0.0,0.0,0.0,0.0,0.0,0.0
0.72,0.7478081841846871,-0.4520605335854502,0.045743604868911755,1.8937790919981694,-0.027947713104368797,0.7744353000785701,0.20850898379184787,0.0,0.0,0.0,0.0,0.0,0.0,0.0
0.73,0.7478081841846871,-0.4520605335854502,0.045743604868911755,1.8937790919981694,-0.027947713104368797,0.7744353000785701,0.20850898379184787,0.0,0.0,0.0,0.0,0.0,0.0,0.0
0.74,0.7478081841846871,-0.4520605335854502,0.045743604868911755,1.8937790919981694,-0.027947713104368797,0.7744353000785701,0.20850898379184787,0.0,0.0,0.0,0.0,0.0,0.0,0.0
0.75,0.7478081841846871,-0.4520605335854502,0.045743604868911755,1.8937790919981694,-0.027947713104368797,0.7744353000785701,0.20850898379184787,0.0,0.0,0.0,0.0,0.0,0.0,0.0
0.76,0.7478081841846871,-0.4520605335854502,0.045743604868911755,1.8937790919981694,-0.027947713104368797,0.7744353000785701,0.20850898379184787,0.0,0.0,0.0,0.0,0.0,0.0,0.0
0.77,0.7478081841846871,-0.4520605335854502,0.045743604868911755,1.8937790919981694,-0.027947713104368797,0.7744353000785701,0.20850898379184787,0.0,0.0,0.0,0.0,0.0,0.0,0.0
0.78,0.7478081841846871,-0.4520605335854502,0.045743604868911755,1.8937790919981694,-0.027947713104368797,0.7744353000785701,0.20850898379184787,0.0,0.0,0.0,0.0,0.0,0.0,0.0
0.79,0.7478081841846871,-0.4520605335854502,0.045743604868911755,1.8937790919981694,-0.027947713104368797,0.7744353000785701,0.20850898379184787,0.0,0.0,0.0,0.0,0.0,0.0,0.0
0.8,0.7478081841846871,-0.4520605335854502,0.045743604868911755,1.8937790919981694,-0.027947713104368797,0.7744353000785701,0.20850898379184787,0.0,0.0,0.0,0.0,0.0,0.0,0.0
0.81,0.7478081841846871,-0.4520605335854502,0.045743604868911755,1.8937790919981694,-0.027947713104368797,0.7744353000785701,0.20850898379184787,0.0,0.0,0.0,0.0,0.0,0.0,0.0
0.82,0.7478081841846871,-0.4520605335854502,0.045743604868911755,1.8937790919981694,-0.027947713104368797,0.7744353000785701,0.20850898379184787,0.0,0.0,0.0,0.0,0.0,0.0,0.0
0.83,0.7478081841846871,-0.4520605335854502,0.045743604868911755,1.8937790919981694,-0.027947713104368797,0.7744353000785701,0.20850898379184787,0.0,0.0,0.0,0.0,0.0,0.0,0.0
0.84,0.7478081841846871,-0.4520605335854502,0.045743604868911755,1.8937790919981694,-0.027947713104368797,0.7744353000785701,0.20850898379184787,0.0,0.0,0.0,0.0,0.0,0.0,0.0
0.85,0.7478081841846871,-0.4520605335854502,0.045743604868911755,1.8937790919981694,-0.027947713104368797,0.7744353000785701,0.20850898379184787,0.0,0.0,0.0,0.0,0.0,0.0,0.0
0.86,0.7478081841846871,-0.4520605335854502,0.045743604868911755,1.8937790919981694,-0.027947713104368797,0.7744353000785701,0.20850898379184787,0.0,0.0,0.0,0.0,0.0,0.0,0.0
0.87,0.7478081841846871,-0.4520605335854502,0.045743604868911755,1.8937790919981694,-0.027947713104368797,0.7744353000785701,0.20850898379184787,0.0,0.0,0.0,0.0,0.0,0.0,0.0
0.88,0.7478081841846871,-0.4520605335854502,0.045743604868911755,1.8937790919981694,-0.027947713104368797,0.7744353000785701,0.20850898379184787,0.0,0.0,0.0,0.0,0.0,0.0,0.0
0.89,0.7478081841846871,-0.4520605335854502,0.045743604868911755,1.8937790919981694,-0.027947713104368797,0.7744353000785701,0.20850898379184787,0.0,0.0,0.0,0.0,0.0,0.0,0.0
0.9,0.7478081841846871,-0.4520605335854502,0.045743604868911755,1.8937790919981694,-0.027947713104368797,0.7744353000785701,0.20850898379184787,0.0,0.0,0.0,0.0,0.0,0.0,0.0
0.91,0.7478081841846871,-0.4520605335854502,0.045743604868911755,1.8937790919981694,-0.027947713104368797,0.7744353000785701,0.20850898379184787,0.0,0.0,0.0,0.0,0.0,0.0,0.0
0.92,0.7478081841846871,-0.4520605335854502,0.045743604868911755,1.8937790919981694,-0.027947713104368797,0.7744353000785701,0.20850898379184787,0.0,0.0,0.0,0.0,0.0,0.0,0.0
0.93,0.7478081841846871,-0.4520605335854502,0.045743604868911755,1.8937790919981694,-0.027947713104368797,0.7744353000785701,0.20850898379184787,0.0,0.0,0.0,0.0,0.0,0.0,0.0
0.94,0.7478081841846871,-0.4520605335854502,0.045743604868911755,1.8937790919981694,-0.027947713104368797,0.7744353000785701,0.20850898379184787,0.0,0.0,0.0,0.0,0.0,0.0,0.0
0.95,0.7478081841846871,-0.4520605335854502,0.045743604868911755,1.8937790919981694,-0.027947713104368797,0.7744353000785701,0.20850898379184787,0.0,0.0,0.0,0.0,0.0,0.0,0.0
0.96,0.7478081841846871,-0.4520605335854502,0.045743604868911755,1.8937790919981694,-0.027947713104368797,0.7744353000785701,0.20850898379184787,0.0,0.0,0.0,0.0,0.0,0.0,0.0
0.97,0.7478081841846871,-0.4520605335854502,0.045743604868911755,1.8937790919981694,-0.027947713104368797,0.7744353000785701,0.20850898379184787,0.0,0.0,0.0,0.0,0.0,0.0,0.0
0.98,0.7478081841846871,-0.4520605335854502,0.045743604868911755,1.8937790919981694,-0.027947713104368797,0.7744353000785701,0.20850898379184787,0.0,0.0,0.0,0.0,0.0,0.0,0.0
0.99,0.7478081841846871,-0.4520605335854502,0.045743604868911755,1.8937790919981694,-0.027947713104368797,0.7744353000785701,0.20850898379184787,0.0,0.0,0.0,0.0,0.0,0.0,0.0
1.0,0.7478081841846871,-0.4520605335854502,0.045743604868911755,1.8937790919981694,-0.027947713104368797,0.7744353000785701,0.20850898379184787,0.0,0.0,0.0,0.0,0.0,0.0,0.0
1.01,0.7478081841846871,-0.4520605335854502,0.045743604868911755,1.8937790919981694,-0.027947713104368797,0.7744353000785701,0.20850898379184787,0.0,0.0,0.0,0.0,0.0,0.0,0.0
1.02,0.7478081841846871,-0.4520605335854502,0.045743604868911755,1.8937790919981694,-0.027947713104368797,0.7744353000785701,0.20850898379184787,0.0,0.0,0.0,0.0,0.0,0.0,0.0
1.03,0.7478081841846871,-0.4520605335854502,0.045743604868911755,1.8937790919981694,-0.027947713104368797,0.7744353000785701,0.20850898379184787,0.0,0.0,0.0,0.0,0.0,0.0,0.0
1.04,0.7478081841846871,-0.4520605335854502,0.045743604868911755,1.8937790919981694,-0.027947713104368797,0.7744353000785701,0.20850898379184787,0.0,0.0,0.0,0.0,0.0,0.0,0.0
1.05,0.7478081841846871,-0.4520605335854502,0.045743604868911755,1.8937790919981694,-0.027947713104368797,0.7744353000785701,0.20850898379184787,0.0,0.0,0.0,0.0,0.0,0.0,0.0
1.06,0.7478081841846871,-0.4520605335854502,0.045743604868911755,1.8937790919981694,-0.027947713104368797,0.7744353000785701,0.20850898379184787,0.0,0.0,0.0,0.0,0.0,0.0,0.0
1.07,0.7478081841846871,-0.4520605335854502,0.045743604868911755,1.8937790919981694,-0.027947713104368797,0.7744353000785701,0.20850898379184787,0.0,0.0,0.0,0.0,0.0,0.0,0.0
1.08,0.7478081841846871,-0.4520605335854502,0.045743604868911755,1.8937790919981694,-0.027947713104368797,0.7744353000785701,0.20850898379184787,0.0,0.0,0.0,0.0,0.0,0.0,0.0
1.09,0.7478081841846871,-0.4520605335854502,0.045743604868911755,1.8937790919981694,-0.027947713104368797,0.7744353000785701,0.20850898379184787,0.0,0.0,0.0,0.0,0.0,0.0,0.0
1.1,0.7478081841846871,-0.4520605335854502,0.045743604868911755,1.8937790919981694,-0.027947713104368797,0.7744353000785701,0.20850898379184787,0.0,0.0,0.0,0.0,0.0,0.0,0.0
1.11,0.7478081841846871,-0.4520605335854502,0.045743604868911755,1.8937790919981694,-0.027947713104368797,0.7744353000785701,0.20850898379184787,0.0,0.0,0.0,0.0,0.0,0.0,0.0
1.12,0.7478081841846871,-0.4520605335854502,0.045743604868911755,1.8937790919981694,-0.027947713104368797,0.7744353000785701,0.20850898379184787,0.0,0.0,0.0,0.0,0.0,0.0,0.0
1.13,0.7478081841846871,-0.4520605335854502,0.045743604868911755,1.8937790919981694,-0.027947713104368797,0.7744353000785701,0.20850898379184787,0.0,0.0,0.0,0.0,0.0,0.0,0.0
1.14,0.7478081841846871,-0.4520605335854502,0.045743604868911755,1.8937790919981694,-0.027947713104368797,0.7744353000785701,0.20850898379184787,0.0,0.0,0.0,0.0,0.0,0.0,0.0
1.15,0.7478081841846871,-0.4520605335854502,0.045743604868911755,1.8937790919981694,-0.027947713104368797,0.7744353000785701,0.20850898379184787,0.0,0.0,0.0,0.0,0.0,0.0,0.0
1.16,0.7478081841846871,-0.4520605335854502,0.045743604868911755,1.8937790919981694,-0.027947713104368797,0.7744353000785701,0.20850898379184787,0.0,0.0,0.0,0.0,0.0,0.0,0.0
1.17,0.7478081841846871,-0.4520605335854502,0.045743604868911755,1.8937790919981694,-0.027947713104368797,0.7744353000785701,0.20850898379184787,0.0,0.0,0.0,0.0,0.0,0.0,0.0
1.18,0.7478081841846871,-0.4520605335854502,0.045743604868911755,1.8937790919981694,-0.027947713104368797,0.7744353000785701,0.20850898379184787,0.0,0.0,0.0,0.0,0.0,0.0,0.0
1.19,0.7478081841846871,-0.4520605335854502,0.045743604868911755,1.8937790919981694,-0.027947713104368797,0.7744353000785701,0.20850898379184787,0.0,0.0,0.0,0.0,0.0,0.0,0.0
1.2,0.7478081841846871,-0.4520605335854502,0.045743604868911755,1.8937790919981694,-0.027947713104368797,0.7744353000785701,0.20850898379184787,0.0,0.0,0.0,0.0,0.0,0.0,0.0
1.21,0.7478081841846871,-0.4520605335854502,0.045743604868911755,1.8937790919981694,-0.027947713104368797,0.7744353000785701,0.20850898379184787,0.0,0.0,0.0,0.0,0.0,0.0,0.0
1.22,0.7478081841846871,-0.4520605335854502,0.045743604868911755,1.8937790919981694,-0.027947713104368797,0.7744353000785701,0.20850898379184787,0.0,0.0,0.0,0.0,0.0,0.0,0.0
1.23,0.7478081841846871,-0.4520605335854502,0.045743604868911755,1.8937790919981694,-0.027947713104368797,0.7744353000785701,0.20850898379184787,0.0,0.0,0.0,0.0,0.0,0.0,0.0
1.24,0.7478081841846871,-0.4520605335854502,0.045743604868911755,1.8937790919981694,-0.027947713104368797,0.7744353000785701,0.20850898379184787,0.0,0.0,0.0,0.0,0.0,0.0,0.0
1.25,0.7478081841846871,-0.4520605335854502,0.045743604868911755,1.8937790919981694,-0.027947713104368797,0.7744353000785701,0.20850898379184787,0.0,0.0,0.0,0.0,0.0,0.0,0.0
1.26,0.7478081841846871,-0.4520605335854502,0.045743604868911755,1.8937790919981694,-0.027947713104368797,0.7744353000785701,0.20850898379184787,0.0,0.0,0.0,0.0,0.0,0.0,0.0
1.27,0.7478081841846871,-0.4520605335854502,0.045743604868911755,1.8937790919981694,-0.027947713104368797,0.7744353000785701,0.20850898379184787,0.0,0.0,0.0,0.0,0.0,0.0,0.0
1.28,0.7478081841846871,-0.4520605335854502,0.045743604868911755,1.8937790919981694,-0.027947713104368797,0.7744353000785701,0.20850898379184787,0.0,0.0,0.0,0.0,0.0,0.0,0.0
1.29,0.7478081841846871,-0.4520605335854502,0.045743604868911755,1.8937790919981694,-0.027947713104368797,0.7744353000785701,0.20850898379184787,0.0,0.0,0.0,0.0,0.0,0.0,0.0
1.3,0.7478081841846871,-0.4520605335854502,0.045743604868911755,1.8937790919981694,-0.027947713104368797,0.7744353000785701,0.20850898379184787,0.0,0.0,0.0,0.0,0.0,0.0,0.0
1.31,0.7478081841846871,-0.4520605335854502,0.045743604868911755,1.8937790919981694,-0.027947713104368797,0.7744353000785701,0.20850898379184787,0.0,0.0,0.0,0.0,0.0,0.0,0.0
1.32,0.7478081841846871,-0.4520605335854502,0.045743604868911755,1.8937790919981694,-0.027947713104368797,0.7744353000785701,0.20850898379184787,0.0,0.0,0.0,0.0,0.0,0.0,0.0
1.33,0.7478081841846871,-0.4520605335854502,0.045743604868911755,1.8937790919981694,-0.027947713104368797,0.7744353000785701,0.20850898379184787,0.0,0.0,0.0,0.0,0.0,0.0,0.0
1.34,0.7478081841846871,-0.4520605335854502,0.045743604868911755,1.8937790919981694,-0.027947713104368797,0.7744353000785701,0.20850898379184787,0.0,0.0,0.0,0.0,0.0,0.0,0.0
1.35,0.7478081841846871,-0.4520605335854502,0.045743604868911755,1.8937790919981694,-0.027947713104368797,0.7744353000785701,0.20850898379184787,0.0,0.0,0.0,0.0,0.0,0.0,0.0
1.36,0.7478081841846871,-0.4520605335854502,0.045743604868911755,1.8937790919981694,-0.027947713104368797,0.7744353000785701,0.20850898379184787,0.0,0.0,0.0,0.0,0.0,0.0,0.0
1.37,0.7478081841846871,-0.4520605335854502,0.045743604868911755,1.8937790919981694,-0.027947713104368797,0.7744353000785701,0.20850898379184787,0.0,0.0,0.0,0.0,0.0,0.0,0.0
1.38,0.7478081841846871,-0.4520605335854502,0.045743604868911755,1.8937790919981694,-0.027947713104368797,0.7744353000785701,0.20850898379184787,0.0,0.0,0.0,0.0,0.0,0.0,0.0
1.39,0.7478081841846871,-0.4520605335854502,0.045743604868911755,1.8937790919981694,-0.027947713104368797,0.7744353000785701,0.20850898379184787,0.0,0.0,0.0,0.0,0.0,0.0,0.0
1.4,0.7478081841846871,-0.4520605335854502,0.045743604868911755,1.8937790919981694,-0.027947713104368797,0.7744353000785701,0.20850898379184787,0.0,0.0,0.0,0.0,0.0,0.0,0.0
1.41,0.7478081841846871,-0.4520605335854502,0.045743604868911755,1.8937790919981694,-0.027947713104368797,0.7744353000785701,0.20850898379184787,0.0,0.0,0.0,0.0,0.0,0.0,0.0
1.42,0.7478081841846871,-0.4520605335854502,0.045743604868911755,1.8937790919981694,-0.027947713104368797,0.7744353000785701,0.20850898379184787,0.0,0.0,0.0,0.0,0.0,0.0,0.0
1.43,0.7478081841846871,-0.4520605335854502,0.045743604868911755,1.8937790919981694,-0.027947713104368797,0.7744353000785701,0.20850898379184787,0.0,0.0,0.0,0.0,0.0,0.0,0.0
1.44,0.7478081841846871,-0.4520605335854502,0.045743604868911755,1.8937790919981694,-0.027947713104368797,0.7744353000785701,0.20850898379184787,0.0,0.0,0.0,0.0,0.0,0.0,0.0
1.45,0.7478081841846871,-0.4520605335854502,0.045743604868911755,1.8937790919981694,-0.027947713104368797,0.7744353000785701,0.20850898379184787,0.0,0.0,0.0,0.0,0.0,0.0,0.0
1.46,0.7478081841846871,-0.4520605335854502,0.045743604868911755,1.8937790919981694,-0.027947713104368797,0.7744353000785701,0.20850898379184787,0.0,0.0,0.0,0.0,0.0,0.0,0.0
1.47,0.7478081841846871,-0.4520605335854502,0.045743604868911755,1.8937790919981694,-0.027947713104368797,0.7744353000785701,0.20850898379184787,0.0,0.0,0.0,0.0,0.0,0.0,0.0
1.48,0.7478081841846871,-0.4520605335854502,0.045743604868911755,1.8937790919981694,-0.027947713104368797,0.7744353000785701,0.20850898379184787,0.0,0.0,0.0,0.0,0.0,0.0,0.0
1.49,0.7478081841846871,-0.4520605335854502,0.045743604868911755,1.8937790919981694,-0.027947713104368797,0.7744353000785701,0.20850898379184787,0.0,0.0,0.0,0.0,0.0,0.0,0.0
1.5,0.7478081841846871,-0.4520605335854502,0.045743604868911755,1.8937790919981694,-0.027947713104368797,0.7744353000785701,0.20850898379184787,0.0,0.0,0.0,0.0,0.0,0.0,0.0
1.51,0.7478081841846871,-0.4520605335854502,0.045743604868911755,1.8937790919981694,-0.027947713104368797,0.7744353000785701,0.20850898379184787,0.0,0.0,0.0,0.0,0.0,0.0,0.0
1.52,0.7478081841846871,-0.4520605335854502,0.045743604868911755,1.8937790919981694,-0.027947713104368797,0.7744353000785701,0.20850898379184787,0.0,0.0,0.0,0.0,0.0,0.0,0.0
1.53,0.7478081841846871,-0.4520605335854502,0.045743604868911755,1.8937790919981694,-0.027947713104368797,0.7744353000785701,0.20850898379184787,0.0,0.0,0.0,0.0,0.0,0.0,0.0
1.54,0.7478081841846871,-0.4520605335854502,0.045743604868911755,1.8937790919981694,-0.027947713104368797,0.7744353000785701,0.20850898379184787,0.0,0.0,0.0,0.0,0.0,0.0,0.0
1.55,0.7478081841846871,-0.4520605335854502,0.045743604868911755,1.8937790919981694,-0.027947713104368797,0.7744353000785701,0.20850898379184787,0.0,0.0,0.0,0.0,0.0,0.0,0.0
1.56,0.7478081841846871,-0.4520605335854502,0.045743604868911755,1.8937790919981694,-0.027947713104368797,0.7744353000785701,0.20850898379184787,0.0,0.0,0.0,0.0,0.0,0.0,0.0
1.57,0.7478081841846871,-0.4520605335854502,0.045743604868911755,1.8937790919981694,-0.027947713104368797,0.7744353000785701,0.20850898379184787,0.0,0.0,0.0,0.0,0.0,0.0,0.0
1.58,0.7478081841846871,-0.4520605335854502,0.045743604868911755,1.8937790919981694,-0.027947713104368797,0.7744353000785701,0.20850898379184787,0.0,0.0,0.0,0.0,0.0,0.0,0.0
1.59,0.7478081841846871,-0.4520605335854502,0.045743604868911755,1.8937790919981694,-0.027947713104368797,0.7744353000785701,0.20850898379184787,0.0,0.0,0.0,0.0,0.0,0.0,0.0
1.6,0.7478081841846871,-0.4520605335854502,0.045743604868911755,1.8937790919981694,-0.027947713104368797,0.7744353000785701,0.20850898379184787,0.0,0.0,0.0,0.0,0.0,0.0,0.0
1.61,0.7478081841846871,-0.4520605335854502,0.045743604868911755,1.8937790919981694,-0.027947713104368797,0.7744353000785701,0.20850898379184787,0.0,0.0,0.0,0.0,0.0,0.0,0.0
1.62,0.7478081841846871,-0.4520605335854502,0.045743604868911755,1.8937790919981694,-0.027947713104368797,0.7744353000785701,0.20850898379184787,0.0,0.0,0.0,0.0,0.0,0.0,0.0
1.63,0.7478081841846871,-0.4520605335854502,0.045743604868911755,1.8937790919981694,-0.027947713104368797,0.7744353000785701,0.20850898379184787,0.0,0.0,0.0,0.0,0.0,0.0,0.0
1.64,0.7478081841846871,-0.4520605335854502,0.045743604868911755,1.8937790919981694,-0.027947713104368797,0.7744353000785701,0.20850898379184787,0.0,0.0,0.0,0.0,0.0,0.0,0.0
1.65,0.7478081841846871,-0.4520605335854502,0.045743604868911755,1.8937790919981694,-0.027947713104368797,0.7744353000785701,0.20850898379184787,0.0,0.0,0.0,0.0,0.0,0.0,0.0
1.66,0.7478081841846871,-0.4520605335854502,0.045743604868911755,1.8937790919981694,-0.027947713104368797,0.7744353000785701,0.20850898379184787,0.0,0.0,0.0,0.0,0.0,0.0,0.0
1.67,0.7478081841846871,-0.4520605335854502,0.045743604868911755,1.8937790919981694,-0.027947713104368797,0.7744353000785701,0.20850898379184787,0.0,0.0,0.0,0.0,0.0,0.0,0.0
1.68,0.7478081841846871,-0.4520605335854502,0.045743604868911755,1.8937790919981694,-0.027947713104368797,0.7744353000785701,0.20850898379184787,0.0,0.0,0.0,0.0,0.0,0.0,0.0
1.69,0.7478081841846871,-0.4520605335854502,0.045743604868911755,1.8937790919981694,-0.027947713104368797,0.7744353000785701,0.20850898379184787,0.0,0.0,0.0,0.0,0.0,0.0,0.0
1.7,0.7478081841846871,-0.4520605335854502,0.045743604868911755,1.8937790919981694,-0.027947713104368797,0.7744353000785701,0.20850898379184787,0.0,0.0,0.0,0.0,0.0,0.0,0.0
1.71,0.7478081841846871,-0.4520605335854502,0.045743604868911755,1.8937790919981694,-0.027947713104368797,0.7744353000785701,0.20850898379184787,0.0,0.0,0.0,0.0,0.0,0.0,0.0
1.72,0.7478081841846871,-0.4520605335854502,0.045743604868911755,1.8937790919981694,-0.027947713104368797,0.7744353000785701,0.20850898379184787,0.0,0.0,0.0,0.0,0.0,0.0,0.0
1.73,0.7478081841846871,-0.4520605335854502,0.045743604868911755,1.8937790919981694,-0.027947713104368797,0.7744353000785701,0.20850898379184787,0.0,0.0,0.0,0.0,0.0,0.0,0.0
1.74,0.7478081841846871,-0.4520605335854502,0.045743604868911755,1.8937790919981694,-0.027947713104368797,0.7744353000785701,0.20850898379184787,0.0,0.0,0.0,0.0,0.0,0.0,0.0
1.75,0.7478081841846871,-0.4520605335854502,0.045743604868911755,1.8937790919981694,-0.027947713104368797,0.7744353000785701,0.20850898379184787,0.0,0.0,0.0,0.0,0.0,0.0,0.0
1.76,0.7478081841846871,-0.4520605335854502,0.045743604868911755,1.8937790919981694,-0.027947713104368797,0.7744353000785701,0.20850898379184787,0.0,0.0,0.0,0.0,0.0,0.0,0.0
1.77,0.7478081841846871,-0.4520605335854502,0.045743604868911755,1.8937790919981694,-0.027947713104368797,0.7744353000785701,0.20850898379184787,0.0,0.0,0.0,0.0,0.0,0.0,0.0
1.78,0.7478081841846871,-0.4520605335854502,0.045743604868911755,1.8937790919981694,-0.027947713104368797,0.7744353000785701,0.20850898379184787,0.0,0.0,0.0,0.0,0.0,0.0,0.0
1.79,0.7478081841846871,-0.4520605335854502,0.045743604868911755,1.8937790919981694,-0.027947713104368797,0.7744353000785701,0.20850898379184787,0.0,0.0,0.0,0.0,0.0,0.0,0.0
1.8,0.7478081841846871,-0.4520605335854502,0.045743604868911755,1.8937790919981694,-0.027947713104368797,0.7744353000785701,0.20850898379184787,0.0,0.0,0.0,0.0,0.0,0.0,0.0
1.81,0.7478081841846871,-0.4520605335854502,0.045743604868911755,1.8937790919981694,-0.027947713104368797,0.7744353000785701,0.20850898379184787,0.0,0.0,0.0,0.0,0.0,0.0,0.0
1.82,0.7478081841846871,-0.4520605335854502,0.045743604868911755,1.8937790919981694,-0.027947713104368797,0.7744353000785701,0.20850898379184787,0.0,0.0,0.0,0.0,0.0,0.0,0.0
1.83,0.7478081841846871,-0.4520605335854502,0.045743604868911755,1.8937790919981694,-0.027947713104368797,0.7744353000785701,0.20850898379184787,0.0,0.0,0.0,0.0,0.0,0.0,0.0
1.84,0.7478081841846871,-0.4520605335854502,0.045743604868911755,1.8937790919981694,-0.027947713104368797,0.7744353000785701,0.20850898379184787,0.0,0.0,0.0,0.0,0.0,0.0,0.0
1.85,0.7478081841846871,-0.4520605335854502,0.045743604868911755,1.8937790919981694,-0.027947713104368797,0.7744353000785701,0.20850898379184787,0.0,0.0,0.0,0.0,0.0,0.0,0.0
1.86,0.7478081841846871,-0.4520605335854502,0.045743604868911755,1.8937790919981694,-0.027947713104368797,0.7744353000785701,0.20850898379184787,0.0,0.0,0.0,0.0,0.0,0.0,0.0
1.87,0.7478081841846871,-0.4520605335854502,0.045743604868911755,1.8937790919981694,-0.027947713104368797,0.7744353000785701,0.20850898379184787,0.0,0.0,0.0,0.0,0.0,0.0,0.0
1.88,0.7478081841846871,-0.4520605335854502,0.045743604868911755,1.8937790919981694,-0.027947713104368797,0.7744353000785701,0.20850898379184787,0.0,0.0,0.0,0.0,0.0,0.0,0.0
1.89,0.7478081841846871,-0.4520605335854502,0.045743604868911755,1.8937790919981694,-0.027947713104368797,0.7744353000785701,0.20850898379184787,0.0,0.0,0.0,0.0,0.0,0.0,0.0
1.9,0.7478081841846871,-0.4520605335854502,0.045743604868911755,1.8937790919981694,-0.027947713104368797,0.7744353000785701,0.20850898379184787,0.0,0.0,0.0,0.0,0.0,0.0,0.0
1.91,0.7478081841846871,-0.4520605335854502,0.045743604868911755,1.8937790919981694,-0.027947713104368797,0.7744353000785701,0.20850898379184787,0.0,0.0,0.0,0.0,0.0,0.0,0.0
1.92,0.7478081841846871,-0.4520605335854502,0.045743604868911755,1.8937790919981694,-0.027947713104368797,0.7744353000785701,0.20850898379184787,0.0,0.0,0.0,0.0,0.0,0.0,0.0
1.93,0.7478081841846871,-0.4520605335854502,0.045743604868911755,1.8937790919981694,-0.027947713104368797,0.7744353000785701,0.20850898379184787,0.0,0.0,0.0,0.0,0.0,0.0,0.0
1.94,0.7478081841846871,-0.4520605335854502,0.045743604868911755,1.8937790919981694,-0.027947713104368797,0.7744353000785701,0.20850898379184787,0.0,0.0,0.0,0.0,0.0,0.0,0.0
1.95,0.7478081841846871,-0.4520605335854502,0.045743604868911755,1.8937790919981694,-0.027947713104368797,0.7744353000785701,0.20850898379184787,0.0,0.0,0.0,0.0,0.0,0.0,0.0
1.96,0.7478081841846871,-0.4520605335854502,0.045743604868911755,1.8937790919981694,-0.027947713104368797,0.7744353000785701,0.20850898379184787,0.0,0.0,0.0,0.0,0.0,0.0,0.0
1.97,0.7478081841846871,-0.4520605335854502,0.045743604868911755,1.8937790919981694,-0.027947713104368797,0.7744353000785701,0.20850898379184787,0.0,0.0,0.0,0.0,0.0,0.0,0.0
1.98,0.7478081841846871,-0.4520605335854502,0.045743604868911755,1.8937790919981694,-0.027947713104368797,0.7744353000785701,0.20850898379184787,0.0,0.0,0.0,0.0,0.0,0.0,0.0
1.99,0.7478081841846871,-0.4520605335854502,0.045743604868911755,1.8937790919981694,-0.027947713104368797,0.7744353000785701,0.20850898379184787,0.0,0.0,0.0,0.0,0.0,0.0,0.0
2.0,0.7478081841846871,-0.4520605335854502,0.045743604868911755,1.8937790919981694,-0.027947713104368797,0.7744353000785701,0.20850898379184787,0.0,0.0,0.0,0.0,0.0,0.0,0.0
2.01,0.7478081841846871,-0.4520605298275465,0.045743604868911755,1.8937790919981694,-0.027947713104368797,0.7744353000785701,0.20850898379184787,0.0,1.1273384716547303e-06,0.0,0.0,0.0,0.0,0.0
2.02,0.7478081841846871,-0.4520605035261358,0.045743604868911755,1.8937790919981694,-0.027947713104368797,0.7744353000785701,0.20850898379184787,0.0,4.508375201273039e-06,0.0,0.0,0.0,0.0,0.0
2.03,0.7478081841846871,-0.45206043215728264,0.045743604868911755,1.8937790919981694,-0.027947713104368797,0.7744353000785701,0.20850898379184787,0.0,1.0140174704163584e-05,0.0,0.0,0.0,0.0,0.0
2.04,0.7478081841846871,-0.4520602932361841,0.045743604868911755,1.8937790919981694,-0.027947713104368797,0.7744353000785701,0.20850898379184787,0.0,1.8017846410044345e-05,0.0,0.0,0.0,0.0,0.0
2.05,0.7478081841846871,-0.45206006433670665,0.045743604868911755,1.8937790919981694,-0.027947713104368797,0.7744353000785701,0.20850898379184787,0.0,2.8134547518336054e-05,0.0,0.0,0.0,0.0,0.0
2.06,0.7478081841846871,-0.45205972311088993,0.045743604868911755,1.8937790919981694,-0.027947713104368797,0.7744353000785701,0.20850898379184787,0.0,4.048148699356245e-05,0.0,0.0,0.0,0.0,0.0
2.07,0.7478081841846871,-0.45205924730840413,0.045743604868911755,1.8937790919981694,-0.027947713104368797,0.7744353000785701,0.20850898379184787,0.0,5.504793069883093e-05,0.0,0.0,0.0,0.0,0.0
2.08,0.7478081841846871,-0.45205861479595066,0.045743604868911755,1.8937790919981694,-0.027947713104368797,0.7744353000785701,0.20850898379184787,0.0,7.182120766481883e-05,0.0,0.0,0.0,0.0,0.0
2.09,0.7478081841846871,-0.45205780357659453,0.045743604868911755,1.8937790919981694,-0.027947713104368797,0.7744353000785701,0.20850898379184787,0.0,9.078671749108584e-05,0.0,0.0,0.0,0.0,0.0
2.1,0.7478081841846871,-0.4520567918090166,0.045743604868911755,1.8937790919981694,-0.027947713104368797,0.7744353000785701,0.20850898379184787,0.0,0.00011192793887599952,0.0,0.0,0.0,0.0,0.0
2.11,0.7478081841846871,-0.4520555578266758,0.045743604868911755,1.8937790919981694,-0.027947713104368797,0.7744353000785701,0.20850898379184787,0.0,0.00013522643927094718,0.0,0.0,0.0,0.0,0.0
2.12,0.7478081841846871,-0.45205408015686804,0.045743604868911755,1.8937790919981694,-0.027947713104368797,0.7744353000785701,0.20850898379184787,0.0,0.00016066188565399024,0.0,0.0,0.0,0.0,0.0
2.13,0.7478081841846871,-0.452052337539673,0.045743604868911755,1.8937790919981694,-0.027947713104368797,0.7744353000785701,0.20850898379184787,0.0,0.0001882120564174951,0.0,0.0,0.0,0.0,0.0
2.14,0.7478081841846871,-0.45205030894677556,0.045743604868911755,1.8937790919981694,-0.027947713104368797,0.7744353000785701,0.20850898379184787,0.0,0.00021785285436377416,0.0,0.0,0.0,0.0,0.0
2.15,0.7478081841846871,-0.45204797360015225,0.045743604868911755,1.8937790919981694,-0.027947713104368797,0.7744353000785701,0.20850898379184787,0.0,0.0002495583208021443,0.0,0.0,0.0,0.0,0.0
2.16,0.7478081841846871,-0.4520453109906112,0.045743604868911755,1.8937790919981694,-0.027947713104368797,0.7744353000785701,0.20850898379184787,0.0,0.00028330065074032285,0.0,0.0,0.0,0.0,0.0
2.17,0.7478081841846871,-0.4520423008961744,0.045743604868911755,1.8937790919981694,-0.027947713104368797,0.7744353000785701,0.20850898379184787,0.0,0.000319050209162454,0.0,0.0,0.0,0.0,0.0
2.18,0.7478081841846871,-0.45203892340029256,0.045743604868911755,1.8937790919981694,-0.027947713104368797,0.7744353000785701,0.20850898379184787,0.0,0.0003567755483855889,0.0,0.0,0.0,0.0,0.0
2.19,0.7478081841846871,-0.45203515890987994,0.045743604868911755,1.8937790919981694,-0.027947713104368797,0.7744353000785701,0.20850898379184787,0.0,0.0003964434264858077,0.0,0.0,0.0,0.0,0.0
2.2,0.7478081841846871,-0.45203098817316056,0.045743604868911755,1.8937790919981694,-0.027947713104368797,0.7744353000785701,0.20850898379184787,0.0,0.00043801882678472844,0.0,0.0,0.0,0.0,0.0
2.21,0.7478081841846871,-0.452026392297314,0.045743604868911755,1.8937790919981694,-0.027947713104368797,0.7744353000785701,0.20850898379184787,0.0,0.00048146497838650465,0.0,0.0,0.0,0.0,0.0
2.22,0.7478081841846871,-0.45202135276591027,0.045743604868911755,1.8937790919981694,-0.027947713104368797,0.7744353000785701,0.20850898379184787,0.0,0.0005267433777549899,0.0,0.0,0.0,0.0,0.0
2.23,0.7478081841846871,-0.4520158514561242,0.045743604868911755,1.8937790919981694,-0.027947713104368797,0.7744353000785701,0.20850898379184787,0.0,0.0005738138113201089,0.0,0.0,0.0,0.0,0.0
2.24,0.7478081841846871,-0.4520098706557185,0.045743604868911755,1.8937790919981694,-0.027947713104368797,0.7744353000785701,0.20850898379184787,0.0,0.0006226343791020656,0.0,0.0,0.0,0.0,0.0
2.25,0.7478081841846871,-0.4520033930797855,0.045743604868911755,1.8937790919981694,-0.027947713104368797,0.7744353000785701,0.20850898379184787,0.0,0.0006731615193413813,0.0,0.0,0.0,0.0,0.0
2.26,0.7478081841846871,-0.45199640188723766,0.045743604868911755,1.8937790919981694,-0.027947713104368797,0.7744353000785701,0.20850898379184787,0.0,0.0007253500341223716,0.0,0.0,0.0,0.0,0.0
2.27,0.7478081841846871,-0.451988880697037,0.045743604868911755,1.8937790919981694,-0.027947713104368797,0.7744353000785701,0.20850898379184787,0.0,0.0007791531159770438,0.0,0.0,0.0,0.0,0.0
2.28,0.7478081841846871,-0.45198081360415343,0.045743604868911755,1.8937790919981694,-0.027947713104368797,0.7744353000785701,0.20850898379184787,0.0,0.0008345223754559772,0.0,0.0,0.0,0.0,0.0
2.29,0.7478081841846871,-0.45197218519524285,0.045743604868911755,1.8937790919981694,-0.027947713104368797,0.7744353000785701,0.20850898379184787,0.0,0.0008914078696522533,0.0,0.0,0.0,0.0,0.0
2.3,0.7478081841846871,-0.45196298056403506,0.045743604868911755,1.8937790919981694,-0.027947713104368797,0.7744353000785701,0.20850898379184787,0.0,0.0009497581316639336,0.0,0.0,0.0,0.0,0.0
2.31,0.7478081841846871,-0.4519531853264227,0.045743604868911755,1.8937790919981694,-0.027947713104368797,0.7744353000785701,0.20850898379184787,0.0,0.001009520200980239,0.0,0.0,0.0,0.0,0.0
2.32,0.7478081841846871,-0.4519427856352416,0.045743604868911755,1.8937790919981694,-0.027947713104368797,0.7744353000785701,0.20850898379184787,0.0,0.001070639654775959,0.0,0.0,0.0,0.0,0.0
2.33,0.7478081841846871,-0.4519317681947335,0.045743604868911755,1.8937790919981694,-0.027947713104368797,0.7744353000785701,0.20850898379184787,0.0,0.0011330606400983074,0.0,0.0,0.0,0.0,0.0
2.34,0.7478081841846871,-0.45192012027468315,0.045743604868911755,1.8937790919981694,-0.027947713104368797,0.7744353000785701,0.20850898379184787,0.0,0.001196725906929825,0.0,0.0,0.0,0.0,0.0
2.35,0.7478081841846871,-0.4519078297242195,0.045743604868911755,1.8937790919981694,-0.027947713104368797,0.7744353000785701,0.20850898379184787,0.0,0.0012615768421106466,0.0,0.0,0.0,0.0,0.0
2.36,0.7478081841846871,-0.4518948849852745,0.045743604868911755,1.8937790919981694,-0.027947713104368797,0.7744353000785701,0.20850898379184787,0.0,0.0013275535041028326,0.0,0.0,0.0,0.0,0.0
2.37,0.7478081841846871,-0.45188127510568954,0.045743604868911755,1.8937790919981694,-0.027947713104368797,0.7744353000785701,0.20850898379184787,0.0,0.0013945946585792069,0.0,0.0,0.0,0.0,0.0
2.38,0.7478081841846871,-0.4518669897519616,0.045743604868911755,1.8937790919981694,-0.027947713104368797,0.7744353000785701,0.20850898379184787,0.0,0.001462637814818545,0.0,0.0,0.0,0.0,0.0
2.39,0.7478081841846871,-0.4518520192216225,0.045743604868911755,1.8937790919981694,-0.027947713104368797,0.7744353000785701,0.20850898379184787,0.0,0.0015316192628887077,0.0,0.0,0.0,0.0,0.0
2.4,0.7478081841846871,-0.4518363544552414,0.045743604868911755,1.8937790919981694,-0.027947713104368797,0.7744353000785701,0.20850898379184787,0.0,0.0016014741115987358,0.0,0.0,0.0,0.0,0.0
2.41,0.7478081841846871,-0.45181998704804494,0.045743604868911755,1.8937790919981694,-0.027947713104368797,0.7744353000785701,0.20850898379184787,0.0,0.0016721363272006985,0.0,0.0,0.0,0.0,0.0
2.42,0.7478081841846871,-0.45180290926114586,0.045743604868911755,1.8937790919981694,-0.027947713104368797,0.7744353000785701,0.20850898379184787,0.0,0.001743538772821518,0.0,0.0,0.0,0.0,0.0
2.43,0.7478081841846871,-0.45178511403237437,0.045743604868911755,1.8937790919981694,-0.027947713104368797,0.7744353000785701,0.20850898379184787,0.0,0.0018156132486047889,0.0,0.0,0.0,0.0,0.0
2.44,0.7478081841846871,-0.4517665949867043,0.045743604868911755,1.8937790919981694,-0.027947713104368797,0.7744353000785701,0.20850898379184787,0.0,0.0018882905325420657,0.0,0.0,0.0,0.0,0.0
2.45,0.7478081841846871,-0.45174734644626763,0.045743604868911755,1.8937790919981694,-0.027947713104368797,0.7744353000785701,0.20850898379184787,0.0,0.001961500421972904,0.0,0.0,0.0,0.0,0.0
2.46,0.7478081841846871,-0.4517273634399509,0.045743604868911755,1.8937790919981694,-0.027947713104368797,0.7744353000785701,0.20850898379184787,0.0,0.002035171775732404,0.0,0.0,0.0,0.0,0.0
2.47,0.7478081841846871,-0.4517066417125668,0.045743604868911755,1.8937790919981694,-0.027947713104368797,0.7744353000785701,0.20850898379184787,0.0,0.0021092325569248686,0.0,0.0,0.0,0.0,0.0
2.48,0.7478081841846871,-0.4516851777335953,0.045743604868911755,1.8937790919981694,-0.027947713104368797,0.7744353000785701,0.20850898379184787,0.0,0.002183609876301624,0.0,0.0,0.0,0.0,0.0
2.49,0.7478081841846871,-0.45166296870548744,0.045743604868911755,1.8937790919981694,-0.027947713104368797,0.7744353000785701,0.20850898379184787,0.0,0.0022582300362209862,0.0,0.0,0.0,0.0,0.0
2.5,0.7478081841846871,-0.4516400125715276,0.045743604868911755,1.8937790919981694,-0.027947713104368797,0.7744353000785701,0.20850898379184787,0.0,0.002333018575167773,0.0,0.0,0.0,0.0,0.0
2.51,0.7478081841846871,-0.4516163080232469,0.045743604868911755,1.8937790919981694,-0.027947713104368797,0.7744353000785701,0.20850898379184787,0.0,0.002407900312809733,0.0,0.0,0.0,0.0,0.0
2.52,0.7478081841846871,-0.4515918545073846,0.045743604868911755,1.8937790919981694,-0.027947713104368797,0.7744353000785701,0.20850898379184787,0.0,0.002482799395567734,0.0,0.0,0.0,0.0,0.0
2.53,0.7478081841846871,-0.4515666522323899,0.045743604868911755,1.8937790919981694,-0.027947713104368797,0.7744353000785701,0.20850898379184787,0.0,0.0025576393426764237,0.0,0.0,0.0,0.0,0.0
2.54,0.7478081841846871,-0.451540702174462,0.045743604868911755,1.8937790919981694,-0.027947713104368797,0.7744353000785701,0.20850898379184787,0.0,0.0026323430927118023,0.0,0.0,0.0,0.0,0.0
2.55,0.7478081841846871,-0.45151400608312225,0.045743604868911755,1.8937790919981694,-0.027947713104368797,0.7744353000785701,0.20850898379184787,0.0,0.0027068330505617554,0.0,0.0,0.0,0.0,0.0
2.56,0.7478081841846871,-0.451486566486314,0.045743604868911755,1.8937790919981694,-0.027947713104368797,0.7744353000785701,0.20850898379184787,0.0,0.0027810311348155673,0.0,0.0,0.0,0.0,0.0
2.57,0.7478081841846871,-0.45145838669502764,0.045743604868911755,1.8937790919981694,-0.027947713104368797,0.7744353000785701,0.20850898379184787,0.0,0.002854858825547965,0.0,0.0,0.0,0.0,0.0
2.58,0.7478081841846871,-0.45142947080744444,0.045743604868911755,1.8937790919981694,-0.027947713104368797,0.7744353000785701,0.20850898379184787,0.0,0.002928237212473243,0.0,0.0,0.0,0.0,0.0
2.59,0.7478081841846871,-0.4513998237125988,0.045743604868911755,1.8937790919981694,-0.027947713104368797,0.7744353000785701,0.20850898379184787,0.0,0.003001087043444611,0.0,0.0,0.0,0.0,0.0
2.6,0.7478081841846871,-0.45136945109355225,0.045743604868911755,1.8937790919981694,-0.027947713104368797,0.7744353000785701,0.20850898379184787,0.0,0.0030733287732738856,0.0,0.0,0.0,0.0,0.0
2.61,0.7478081841846871,-0.4513383594300792,0.045743604868911755,1.8937790919981694,-0.027947713104368797,0.7744353000785701,0.20850898379184787,0.0,0.0031448826128462936,0.0,0.0,0.0,0.0,0.0
2.62,0.7478081841846871,-0.45130655600085895,0.045743604868911755,1.8937790919981694,-0.027947713104368797,0.7744353000785701,0.20850898379184787,0.0,0.003215668578505144,0.0,0.0,0.0,0.0,0.0
2.63,0.7478081841846871,-0.4512740488851735,0.045743604868911755,1.8937790919981694,-0.027947713104368797,0.7744353000785701,0.20850898379184787,0.0,0.0032856065416807996,0.0,0.0,0.0,0.0,0.0
2.64,0.7478081841846871,-0.4512408469641074,0.045743604868911755,1.8937790919981694,-0.027947713104368797,0.7744353000785701,0.20850898379184787,0.0,0.003354616278738391,0.0,0.0,0.0,0.0,0.0
2.65,0.7478081841846871,-0.45120695992124854,0.045743604868911755,1.8937790919981694,-0.027947713104368797,0.7744353000785701,0.20850898379184787,0.0,0.003422617521018415,0.0,0.0,0.0,0.0,0.0
2.66,0.7478081841846871,-0.45117239824288735,0.045743604868911755,1.8937790919981694,-0.027947713104368797,0.7744353000785701,0.20850898379184787,0.0,0.0034895300050443983,0.0,0.0,0.0,0.0,0.0
2.67,0.7478081841846871,-0.4511371732177134,0.045743604868911755,1.8937790919981694,-0.027947713104368797,0.7744353000785701,0.20850898379184787,0.0,0.0035552735228715267,0.0,0.0,0.0,0.0,0.0
2.68,0.7478081841846871,-0.4511012969360078,0.045743604868911755,1.8937790919981694,-0.027947713104368797,0.7744353000785701,0.20850898379184787,0.0,0.003619767972550217,0.0,0.0,0.0,0.0,0.0
2.69,0.7478081841846871,-0.4510647822883306,0.045743604868911755,1.8937790919981694,-0.027947713104368797,0.7744353000785701,0.20850898379184787,0.0,0.0036829334086783123,0.0,0.0,0.0,0.0,0.0
2.7,0.7478081841846871,-0.4510276429637022,0.045743604868911755,1.8937790919981694,-0.027947713104368797,0.7744353000785701,0.20850898379184787,0.0,0.0037446900930157515,0.0,0.0,0.0,0.0,0.0
2.71,0.7478081841846871,-0.45098989344727863,0.045743604868911755,1.8937790919981694,-0.027947713104368797,0.7744353000785701,0.20850898379184787,0.0,0.003804958545135236,0.0,0.0,0.0,0.0,0.0
2.72,0.7478081841846871,-0.45095154901752,0.045743604868911755,1.8937790919981694,-0.027947713104368797,0.7744353000785701,0.20850898379184787,0.0,0.0038636595930826123,0.0,0.0,0.0,0.0,0.0
2.73,0.7478081841846871,-0.4509126257428525,0.045743604868911755,1.8937790919981694,-0.027947713104368797,0.7744353000785701,0.20850898379184787,0.0,0.0039207144240204425,0.0,0.0,0.0,0.0,0.0
2.74,0.7478081841846871,-0.45087314047782445,0.045743604868911755,1.8937790919981694,-0.027947713104368797,0.7744353000785701,0.20850898379184787,0.0,0.003976044634828382,0.0,0.0,0.0,0.0,0.0
2.75,0.7478081841846871,-0.45083311085875605,0.045743604868911755,1.8937790919981694,-0.027947713104368797,0.7744353000785701,0.20850898379184787,0.0,0.00402957228263383,0.0,0.0,0.0,0.0,0.0
2.76,0.7478081841846871,-0.4507925552988848,0.045743604868911755,1.8937790919981694,-0.027947713104368797,0.7744353000785701,0.20850898379184787,0.0,0.00408121993524642,0.0,0.0,0.0,0.0,0.0
2.77,0.7478081841846871,-0.450751492983007,0.045743604868911755,1.8937790919981694,-0.027947713104368797,0.7744353000785701,0.20850898379184787,0.0,0.004130910721469879,0.0,0.0,0.0,0.0,0.0
2.78,0.7478081841846871,-0.45070994386161695,0.045743604868911755,1.8937790919981694,-0.027947713104368797,0.7744353000785701,0.20850898379184787,0.0,0.004178568381264795,0.0,0.0,0.0,0.0,0.0
2.79,0.7478081841846871,-0.4506679286445451,0.045743604868911755,1.8937790919981694,-0.027947713104368797,0.7744353000785701,0.20850898379184787,0.0,0.004224117315735954,0.0,0.0,0.0,0.0,0.0
2.8,0.7478081841846871,-0.4506254687940977,0.045743604868911755,1.8937790919981694,-0.027947713104368797,0.7744353000785701,0.20850898379184787,0.0,0.004267482636917834,0.0,0.0,0.0,0.0,0.0
2.81,0.7478081841846871,-0.4505825865176993,0.045743604868911755,1.8937790919981694,-0.027947713104368797,0.7744353000785701,0.20850898379184787,0.0,0.004308590217332026,0.0,0.0,0.0,0.0,0.0
2.82,0.7478081841846871,-0.45053930476004134,0.045743604868911755,1.8937790919981694,-0.027947713104368797,0.7744353000785701,0.20850898379184787,0.0,0.004347366739290336,0.0,0.0,0.0,0.0,0.0
2.83,0.7478081841846871,-0.4504956471947388,0.045743604868911755,1.8937790919981694,-0.027947713104368797,0.7744353000785701,0.20850898379184787,0.0,0.004383739743917486,0.0,0.0,0.0,0.0,0.0
2.84,0.7478081841846871,-0.4504516382154981,0.045743604868911755,1.8937790919981694,-0.027947713104368797,0.7744353000785701,0.20850898379184787,0.0,0.00441763767986736,0.0,0.0,0.0,0.0,0.0
2.85,0.7478081841846871,-0.4504073029268,0.045743604868911755,1.8937790919981694,-0.027947713104368797,0.7744353000785701,0.20850898379184787,0.0,0.004448989951706921,0.0,0.0,0.0,0.0,0.0
2.86,0.7478081841846871,-0.4503626671340995,0.045743604868911755,1.8937790919981694,-0.027947713104368797,0.7744353000785701,0.20850898379184787,0.0,0.004477726967942009,0.0,0.0,0.0,0.0,0.0
2.87,0.7478081841846871,-0.45031775733354834,0.045743604868911755,1.8937790919981694,-0.027947713104368797,0.7744353000785701,0.20850898379184787,0.0,0.004503780188659384,0.0,0.0,0.0,0.0,0.0
2.88,0.7478081841846871,-0.45027260070124236,0.045743604868911755,1.8937790919981694,-0.027947713104368797,0.7744353000785701,0.20850898379184787,0.0,0.0045270821727595185,0.0,0.0,0.0,0.0,0.0
2.89,0.7478081841846871,-0.45022722508199925,0.045743604868911755,1.8937790919981694,-0.027947713104368797,0.7744353000785701,0.20850898379184787,0.0,0.004547566624754845,0.0,0.0,0.0,0.0,0.0
2.9,0.7478081841846871,-0.45018165897767026,0.045743604868911755,1.8937790919981694,-0.027947713104368797,0.7744353000785701,0.20850898379184787,0.0,0.004565168441108265,0.0,0.0,0.0,0.0,0.0
2.91,0.7478081841846871,-0.45013593153499093,0.045743604868911755,1.8937790919981694,-0.027947713104368797,0.7744353000785701,0.20850898379184787,0.0,0.004579823756087008,0.0,0.0,0.0,0.0,0.0
2.92,0.7478081841846871,-0.45009007253297595,0.045743604868911755,1.8937790919981694,-0.027947713104368797,0.7744353000785701,0.20850898379184787,0.0,0.004591469987107044,0.0,0.0,0.0,0.0,0.0
2.93,0.7478081841846871,-0.4500441123698632,0.045743604868911755,1.8937790919981694,-0.027947713104368797,0.7744353000785701,0.20850898379184787,0.0,0.004600045879543523,0.0,0.0,0.0,0.0,0.0
2.94,0.7478081841846871,-0.4499980820496124,0.045743604868911755,1.8937790919981694,-0.027947713104368797,0.7744353000785701,0.20850898379184787,0.0,0.0046054915509829136,0.0,0.0,0.0,0.0,0.0
2.95,0.7478081841846871,-0.44995201316796407,0.045743604868911755,1.8937790919981694,-0.027947713104368797,0.7744353000785701,0.20850898379184787,0.0,0.004607748534892754,0.0,0.0,0.0,0.0,0.0
2.96,0.7478081841846871,-0.4499059378980651,0.045743604868911755,1.8937790919981694,-0.027947713104368797,0.7744353000785701,0.20850898379184787,0.0,0.004606759823685171,0.0,0.0,0.0,0.0,0.0
2.97,0.7478081841846871,-0.44985988897566626,0.045743604868911755,1.8937790919981694,-0.027947713104368797,0.7744353000785701,0.20850898379184787,0.0,0.004602469911150595,0.0,0.0,0.0,0.0,0.0
2.98,0.7478081841846871,-0.44981389968389934,0.045743604868911755,1.8937790919981694,-0.027947713104368797,0.7744353000785701,0.20850898379184787,0.0,0.004594824834238358,0.0,0.0,0.0,0.0,0.0
2.99,0.7478081841846871,-0.44976800383763926,0.045743604868911755,1.8937790919981694,-0.027947713104368797,0.7744353000785701,0.20850898379184787,0.0,0.0045837722141611565,0.0,0.0,0.0,0.0,0.0
3.0,0.7478081841846871,-0.4497222357674587,0.045743604868911755,1.8937790919981694,-0.027947713104368797,0.7744353000785701,0.20850898379184787,0.0,0.004569261296800627,0.0,0.0,0.0,0.0,0.0
3.01,0.7478081841846871,-0.44967663030318267,0.045743604868911755,1.8937790919981694,-0.027947713104368797,0.7744353000785701,0.20850898379184787,0.0,0.00455124299239164,0.0,0.0,0.0,0.0,0.0
3.02,0.7478081841846871,-0.4496312227570494,0.045743604868911755,1.8937790919981694,-0.027947713104368797,0.7744353000785701,0.20850898379184787,0.0,0.004529669914463153,0.0,0.0,0.0,0.0,0.0
3.03,0.7478081841846871,-0.4495860489064861,0.045743604868911755,1.8937790919981694,-0.027947713104368797,0.7744353000785701,0.20850898379184787,0.0,0.0045044964180139015,0.0,0.0,0.0,0.0,0.0
3.04,0.7478081841846871,-0.44954114497650643,0.045743604868911755,1.8937790919981694,-0.027947713104368797,0.7744353000785701,0.20850898379184787,0.0,0.004475678636901406,0.0,0.0,0.0,0.0,0.0
3.05,0.7478081841846871,-0.44949654762173835,0.045743604868911755,1.8937790919981694,-0.027947713104368797,0.7744353000785701,0.20850898379184787,0.0,0.004443174520423283,0.0,0.0,0.0,0.0,0.0
3.06,0.7478081841846871,-0.44945229390809044,0.045743604868911755,1.8937790919981694,-0.027947713104368797,0.7744353000785701,0.20850898379184787,0.0,0.004406943869070018,0.0,0.0,0.0,0.0,0.0
3.07,0.7478081841846871,-0.4494084212940646,0.045743604868911755,1.8937790919981694,-0.027947713104368797,0.7744353000785701,0.20850898379184787,0.0,0.004366948369428931,0.0,0.0,0.0,0.0,0.0
3.08,0.7478081841846871,-0.4493649676117242,0.045743604868911755,1.8937790919981694,-0.027947713104368797,0.7744353000785701,0.20850898379184787,0.0,0.004323151628219266,0.0,0.0,0.0,0.0,0.0
3.09,0.7478081841846871,-0.4493219710473261,0.045743604868911755,1.8937790919981694,-0.027947713104368797,0.7744353000785701,0.20850898379184787,0.0,0.004275519205438859,0.0,0.0,0.0,0.0,0.0
3.1,0.7478081841846871,-0.44927947012162633,0.045743604868911755,1.8937790919981694,-0.027947713104368797,0.7744353000785701,0.20850898379184787,0.0,0.00422401864660311,0.0,0.0,0.0,0.0,0.0
3.11,0.7478081841846871,-0.4492375036698672,0.045743604868911755,1.8937790919981694,-0.027947713104368797,0.7744353000785701,0.20850898379184787,0.0,0.004168619514057565,0.0,0.0,0.0,0.0,0.0
3.12,0.7478081841846871,-0.4491961108214565,0.045743604868911755,1.8937790919981694,-0.027947713104368797,0.7744353000785701,0.20850898379184787,0.0,0.004109293417345606,0.0,0.0,0.0,0.0,0.0
3.13,0.7478081841846871,-0.44915533097934757,0.045743604868911755,1.8937790919981694,-0.027947713104368797,0.7744353000785701,0.20850898379184787,0.0,0.004046014042613435,0.0,0.0,0.0,0.0,0.0
3.14,0.7478081841846871,-0.44911520379913067,0.045743604868911755,1.8937790919981694,-0.027947713104368797,0.7744353000785701,0.20850898379184787,0.0,0.003978757181034695,0.0,0.0,0.0,0.0,0.0
3.15,0.7478081841846871,-0.4490757691678442,0.045743604868911755,1.8937790919981694,-0.027947713104368797,0.7744353000785701,0.20850898379184787,0.0,0.003907500756237807,0.0,0.0,0.0,0.0,0.0
3.16,0.7478081841846871,-0.4490370671825177,0.045743604868911755,1.8937790919981694,-0.027947713104368797,0.7744353000785701,0.20850898379184787,0.0,0.0038322248507192606,0.0,0.0,0.0,0.0,0.0
3.17,0.7478081841846871,-0.4489991381284551,0.045743604868911755,1.8937790919981694,-0.027947713104368797,0.7744353000785701,0.20850898379184787,0.0,0.003752911731226846,0.0,0.0,0.0,0.0,0.0
3.18,0.7478081841846871,-0.4489620224572699,0.045743604868911755,1.8937790919981694,-0.027947713104368797,0.7744353000785701,0.20850898379184787,0.0,0.00366954587309701,0.0,0.0,0.0,0.0,0.0
3.19,0.7478081841846871,-0.44892576076468177,0.045743604868911755,1.8937790919981694,-0.027947713104368797,0.7744353000785701,0.20850898379184787,0.0,0.003582113983531272,0.0,0.0,0.0,0.0,0.0
3.2,0.7478081841846871,-0.44889039376808604,0.045743604868911755,1.8937790919981694,-0.027947713104368797,0.7744353000785701,0.20850898379184787,0.0,0.0034906050237968373,0.0,0.0,0.0,0.0,0.0
3.21,0.7478081841846871,-0.4488559622839066,0.045743604868911755,1.8937790919981694,-0.027947713104368797,0.7744353000785701,0.20850898379184787,0.0,0.003395010230337324,0.0,0.0,0.0,0.0,0.0
3.22,0.7478081841846871,-0.44882250720474337,0.045743604868911755,1.8937790919981694,-0.027947713104368797,0.7744353000785701,0.20850898379184787,0.0,0.0032953231347797574,0.0,0.0,0.0,0.0,0.0
3.23,0.7478081841846871,-0.44879006947632477,0.045743604868911755,1.8937790919981694,-0.027947713104368797,0.7744353000785701,0.20850898379184787,0.0,0.0031915395828247383,0.0,0.0,0.0,0.0,0.0
3.24,0.7478081841846871,-0.4487586900742774,0.045743604868911755,1.8937790919981694,-0.027947713104368797,0.7744353000785701,0.20850898379184787,0.0,0.0030836577520069646,0.0,0.0,0.0,0.0,0.0
3.25,0.7478081841846871,-0.44872840998072355,0.045743604868911755,1.8937790919981694,-0.027947713104368797,0.7744353000785701,0.20850898379184787,0.0,0.0029716781683140456,0.0,0.0,0.0,0.0,0.0
3.26,0.7478081841846871,-0.4486992701607186,0.045743604868911755,1.8937790919981694,-0.027947713104368797,0.7744353000785701,0.20850898379184787,0.0,0.0028556037216518693,0.0,0.0,0.0,0.0,0.0
3.27,0.7478081841846871,-0.44867131153853906,0.045743604868911755,1.8937790919981694,-0.027947713104368797,0.7744353000785701,0.20850898379184787,0.0,0.0027354396801454765,0.0,0.0,0.0,0.0,0.0
3.28,0.7478081841846871,-0.448644574973834,0.045743604868911755,1.8937790919981694,-0.027947713104368797,0.7744353000785701,0.20850898379184787,0.0,0.002611193703264862,0.0,0.0,0.0,0.0,0.0
3.29,0.7478081841846871,-0.44861910123765075,0.045743604868911755,1.8937790919981694,-0.027947713104368797,0.7744353000785701,0.20850898379184787,0.0,0.0024828758537655963,0.0,0.0,0.0,0.0,0.0
3.3,0.7478081841846871,-0.4485949309883474,0.045743604868911755,1.8937790919981694,-0.027947713104368797,0.7744353000785701,0.20850898379184787,0.0,0.0023504986084349655,0.0,0.0,0.0,0.0,0.0
3.31,0.7478081841846871,-0.44857210474740383,0.045743604868911755,1.8937790919981694,-0.027947713104368797,0.7744353000785701,0.20850898379184787,0.0,0.0022140768676344996,0.0,0.0,0.0,0.0,0.0
3.32,0.7478081841846871,-0.4485506628751431,0.045743604868911755,1.8937790919981694,-0.027947713104368797,0.7744353000785701,0.20850898379184787,0.0,0.0020736279636307583,0.0,0.0,0.0,0.0,0.0
3.33,0.7478081841846871,-0.44853064554637595,0.045743604868911755,1.8937790919981694,-0.027947713104368797,0.7744353000785701,0.20850898379184787,0.0,0.0019291716677063988,0.0,0.0,0.0,0.0,0.0
3.34,0.7478081841846871,-0.4485120927259803,0.045743604868911755,1.8937790919981694,-0.027947713104368797,0.7744353000785701,0.20850898379184787,0.0,0.0017807301960444527,0.0,0.0,0.0,0.0,0.0
3.35,0.7478081841846871,-0.44849504414442765,0.045743604868911755,1.8937790919981694,-0.027947713104368797,0.7744353000785701,0.20850898379184787,0.0,0.0016283282143790686,0.0,0.0,0.0,0.0,0.0
3.36,0.7478081841846871,-0.4484795392732699,0.045743604868911755,1.8937790919981694,-0.027947713104368797,0.7744353000785701,0.20850898379184787,0.0,0.0014719928414067781,0.0,0.0,0.0,0.0,0.0
3.37,0.7478081841846871,-0.44846561730059736,0.045743604868911755,1.8937790919981694,-0.027947713104368797,0.7744353000785701,0.20850898379184787,0.0,0.0013117536509526624,0.0,0.0,0.0,0.0,0.0
3.38,0.7478081841846871,-0.4484533171064824,0.045743604868911755,1.8937790919981694,-0.027947713104368797,0.7744353000785701,0.20850898379184787,0.0,0.0011476426728867257,0.0,0.0,0.0,0.0,0.0
3.39,0.7478081841846871,-0.44844267723841913,0.045743604868911755,1.8937790919981694,-0.027947713104368797,0.7744353000785701,0.20850898379184787,0.0,0.000979694392785928,0.0,0.0,0.0,0.0,0.0
3.4,0.7478081841846871,-0.44843373588677354,0.045743604868911755,1.8937790919981694,-0.027947713104368797,0.7744353000785701,0.20850898379184787,0.0,0.0008079457503384768,0.0,0.0,0.0,0.0,0.0
3.41,0.7478081841846871,-0.44842653086025563,0.045743604868911755,1.8937790919981694,-0.027947713104368797,0.7744353000785701,0.20850898379184787,0.0,0.0006324361364869694,0.0,0.0,0.0,0.0,0.0
3.42,0.7478081841846871,-0.44842109956142623,0.045743604868911755,1.8937790919981694,-0.027947713104368797,0.7744353000785701,0.20850898379184787,0.0,0.0004532073893081251,0.0,0.0,0.0,0.0,0.0
3.43,0.7478081841846871,-0.4484174789622517,0.045743604868911755,1.8937790919981694,-0.027947713104368797,0.7744353000785701,0.20850898379184787,0.0,0.00027030378862697785,0.0,0.0,0.0,0.0,0.0
3.44,0.7478081841846871,-0.44841570557971866,0.045743604868911755,1.8937790919981694,-0.027947713104368797,0.7744353000785701,0.20850898379184787,0.0,8.377204936447436e-05,0.0,0.0,0.0,0.0,0.0
3.45,0.7478081841846871,-0.44841581545152137,0.045743604868911755,1.8937790919981694,-0.027947713104368797,0.7744353000785701,0.20850898379184787,-0.0,-0.00010633868638252315,-0.0,-0.0,-0.0,-0.0,-0.0
3.46,0.7478081841846871,-0.44841784411183516,0.045743604868911755,1.8937790919981694,-0.027947713104368797,0.7744353000785701,0.20850898379184787,-0.0,-0.00029997685852863835,-0.0,-0.0,-0.0,-0.0,-0.0
3.47,0.7478081841846871,-0.44842182656718743,0.045743604868911755,1.8937790919981694,-0.027947713104368797,0.7744353000785701,0.20850898379184787,-0.0,-0.0004970884994545372,-0.0,-0.0,-0.0,-0.0,-0.0
3.48,0.7478081841846871,-0.44842779727244014,0.045743604868911755,1.8937790919981694,-0.027947713104368797,0.7744353000785701,0.20850898379184787,-0.0,-0.0006976172457272738,-0.0,-0.0,-0.0,-0.0,-0.0
3.49,0.7478081841846871,-0.44843579010689544,0.045743604868911755,1.8937790919981694,-0.027947713104368797,0.7744353000785701,0.20850898379184787,-0.0,-0.0009015043510849695,-0.0,-0.0,-0.0,-0.0,-0.0
3.5,0.7478081841846871,-0.4484458383505375,0.045743604868911755,1.8937790919981694,-0.027947713104368797,0.7744353000785701,0.20850898379184787,-0.0,-0.00110868870068326,-0.0,-0.0,-0.0,-0.0,-0.0
3.51,0.7478081841846871,-0.44845797466042314,0.045743604868911755,1.8937790919981694,-0.027947713104368797,0.7744353000785701,0.20850898379184787,-0.0,-0.0013191068266007755,-0.0,-0.0,-0.0,-0.0,-0.0
3.52,0.7478081841846871,-0.44847223104723405,0.045743604868911755,1.8937790919981694,-0.027947713104368797,0.7744353000785701,0.20850898379184787,-0.0,-0.0015326929245999593,-0.0,-0.0,-0.0,-0.0,-0.0
3.53,0.7478081841846871,-0.4484886388520024,0.045743604868911755,1.8937790919981694,-0.027947713104368797,0.7744353000785701,0.20850898379184787,-0.0,-0.0017493788721391287,-0.0,-0.0,-0.0,-0.0,-0.0
3.54,0.7478081841846871,-0.4485072287230232,0.045743604868911755,1.8937790919981694,-0.027947713104368797,0.7744353000785701,0.20850898379184787,-0.0,-0.0019690942476311424,-0.0,-0.0,-0.0,-0.0,-0.0
3.55,0.7478081841846871,-0.4485280305929652,0.045743604868911755,1.8937790919981694,-0.027947713104368797,0.7744353000785701,0.20850898379184787,-0.0,-0.0021917663509430905,-0.0,-0.0,-0.0,-0.0,-0.0
3.56,0.7478081841846871,-0.4485510736561932,0.045743604868911755,1.8937790919981694,-0.027947713104368797,0.7744353000785701,0.20850898379184787,-0.0,-0.0024173202251313317,-0.0,-0.0,-0.0,-0.0,-0.0
3.57,0.7478081841846871,-0.44857638634631364,0.045743604868911755,1.8937790919981694,-0.027947713104368797,0.7744353000785701,0.20850898379184787,-0.0,-0.002645678679404998,-0.0,-0.0,-0.0,-0.0,-0.0
3.58,0.7478081841846871,-0.4486039963139561,0.045743604868911755,1.8937790919981694,-0.027947713104368797,0.7744353000785701,0.20850898379184787,-0.0,-0.0028767623133111675,-0.0,-0.0,-0.0,-0.0,-0.0
3.59,0.7478081841846871,-0.44863393040480265,0.045743604868911755,1.8937790919981694,-0.027947713104368797,0.7744353000785701,0.20850898379184787,-0.0,-0.003110489542133622,-0.0,-0.0,-0.0,-0.0,-0.0
3.6,0.7478081841846871,-0.44866621463787726,0.045743604868911755,1.8937790919981694,-0.027947713104368797,0.7744353000785701,0.20850898379184787,-0.0,-0.0033467766234971533,-0.0,-0.0,-0.0,-0.0,-0.0
3.61,0.7478081841846871,-0.4487008741841071,0.045743604868911755,1.8937790919981694,-0.027947713104368797,0.7744353000785701,0.20850898379184787,-0.0,-0.0035855376851681737,-0.0,-0.0,-0.0,-0.0,-0.0
3.62,0.7478081841846871,-0.44873793334516804,0.045743604868911755,1.8937790919981694,-0.027947713104368797,0.7744353000785701,0.20850898379184787,-0.0,-0.0038266847540424187,-0.0,-0.0,-0.0,-0.0,-0.0
3.63,0.7478081841846871,-0.44877741553262585,0.045743604868911755,1.8937790919981694,-0.027947713104368797,0.7744353000785701,0.20850898379184787,-0.0,-0.004070127786309382,-0.0,-0.0,-0.0,-0.0,-0.0
3.64,0.7478081841846871,-0.4488193432473846,0.045743604868911755,1.8937790919981694,-0.027947713104368797,0.7744353000785701,0.20850898379184787,-0.0,-0.004315774698783035,-0.0,-0.0,-0.0,-0.0,-0.0
3.65,0.7478081841846871,-0.44886373805945456,0.045743604868911755,1.8937790919981694,-0.027947713104368797,0.7744353000785701,0.20850898379184787,-0.0,-0.004563531401387281,-0.0,-0.0,-0.0,-0.0,-0.0
3.66,0.7478081841846871,-0.44891062058805037,0.045743604868911755,1.8937790919981694,-0.027947713104368797,0.7744353000785701,0.20850898379184787,-0.0,-0.004813301830784653,-0.0,-0.0,-0.0,-0.0,-0.0
3.67,0.7478081841846871,-0.4489600104820315,0.045743604868911755,1.8937790919981694,-0.027947713104368797,0.7744353000785701,0.20850898379184787,-0.0,-0.00506498798513556,-0.0,-0.0,-0.0,-0.0,-0.0
3.68,0.7478081841846871,-0.44901192640069537,0.045743604868911755,1.8937790919981694,-0.027947713104368797,0.7744353000785701,0.20850898379184787,-0.0,-0.0053184899599753865,-0.0,-0.0,-0.0,-0.0,-0.0
3.69,0.7478081841846871,-0.44906638599493537,0.045743604868911755,1.8937790919981694,-0.027947713104368797,0.7744353000785701,0.20850898379184787,-0.0,-0.005573705985195604,-0.0,-0.0,-0.0,-0.0,-0.0
3.7,0.7478081841846871,-0.4491234058887737,0.045743604868911755,1.8937790919981694,-0.027947713104368797,0.7744353000785701,0.20850898379184787,-0.0,-0.0058305324631152304,-0.0,-0.0,-0.0,-0.0,-0.0
3.71,0.7478081841846871,-0.44918300166128056,0.045743604868911755,1.8937790919981694,-0.027947713104368797,0.7744353000785701,0.20850898379184787,-0.0,-0.006088864007627633,-0.0,-0.0,-0.0,-0.0,-0.0
3.72,0.7478081841846871,-0.4492451878288901,0.045743604868911755,1.8937790919981694,-0.027947713104368797,0.7744353000785701,0.20850898379184787,-0.0,-0.006348593484407866,-0.0,-0.0,-0.0,-0.0,-0.0
3.73,0.7478081841846871,-0.4493099778281236,0.045743604868911755,1.8937790919981694,-0.027947713104368797,0.7744353000785701,0.20850898379184787,-0.0,-0.0066096120521644975,-0.0,-0.0,-0.0,-0.0,-0.0
3.74,0.7478081841846871,-0.44937738399873023,0.045743604868911755,1.8937790919981694,-0.027947713104368797,0.7744353000785701,0.20850898379184787,-0.0,-0.006871809204920103,-0.0,-0.0,-0.0,-0.0,-0.0
3.75,0.7478081841846871,-0.44944741756725604,0.045743604868911755,1.8937790919981694,-0.027947713104368797,0.7744353000785701,0.20850898379184787,-0.0,-0.007135072815303305,-0.0,-0.0,-0.0,-0.0,-0.0
3.76,0.7478081841846871,-0.44952008863105036,0.045743604868911755,1.8937790919981694,-0.027947713104368797,0.7744353000785701,0.20850898379184787,-0.0,-0.0073992891788354585,-0.0,-0.0,-0.0,-0.0,-0.0
3.77,0.7478081841846871,-0.4495954061427206,0.045743604868911755,1.8937790919981694,-0.027947713104368797,0.7744353000785701,0.20850898379184787,-0.0,-0.00766434305919393,-0.0,-0.0,-0.0,-0.0,-0.0
3.78,0.7478081841846871,-0.4496733778950437,0.045743604868911755,1.8937790919981694,-0.027947713104368797,0.7744353000785701,0.20850898379184787,-0.0,-0.007930117734433839,-0.0,-0.0,-0.0,-0.0,-0.0
3.79,0.7478081841846871,-0.44975401050634534,0.045743604868911755,1.8937790919981694,-0.027947713104368797,0.7744353000785701,0.20850898379184787,-0.0,-0.008196495044149642,-0.0,-0.0,-0.0,-0.0,-0.0
3.8,0.7478081841846871,-0.4498373094063547,0.045743604868911755,1.8937790919981694,-0.027947713104368797,0.7744353000785701,0.20850898379184787,-0.0,-0.008463355437556996,-0.0,-0.0,-0.0,-0.0,-0.0
3.81,0.7478081841846871,-0.449923278822545,0.045743604868911755,1.8937790919981694,-0.027947713104368797,0.7744353000785701,0.20850898379184787,-0.0,-0.008730578022475588,-0.0,-0.0,-0.0,-0.0,-0.0
3.82,0.7478081841846871,-0.4500119217669681,0.045743604868911755,1.8937790919981694,-0.027947713104368797,0.7744353000785701,0.20850898379184787,-0.0,-0.008998040615192333,-0.0,-0.0,-0.0,-0.0,-0.0
3.83,0.7478081841846871,-0.4501032400235919,0.045743604868911755,1.8937790919981694,-0.027947713104368797,0.7744353000785701,0.20850898379184787,-0.0,-0.009265619791184738,-0.0,-0.0,-0.0,-0.0,-0.0
3.84,0.7478081841846871,-0.4501972341361498,0.045743604868911755,1.8937790919981694,-0.027947713104368797,0.7744353000785701,0.20850898379184787,-0.0,-0.009533190936682869,-0.0,-0.0,-0.0,-0.0,-0.0
3.85,0.7478081841846871,-0.45029390339650893,0.045743604868911755,1.8937790919981694,-0.027947713104368797,0.7744353000785701,0.20850898379184787,-0.0,-0.009800628301048928,-0.0,-0.0,-0.0,-0.0,-0.0
3.86,0.7478081841846871,-0.450393245833567,0.045743604868911755,1.8937790919981694,-0.027947713104368797,0.7744353000785701,0.20850898379184787,-0.0,-0.010067805049951844,-0.0,-0.0,-0.0,-0.0,-0.0
3.87,0.7478081841846871,-0.4504952582026845,0.045743604868911755,1.8937790919981694,-0.027947713104368797,0.7744353000785701,0.20850898379184787,-0.0,-0.010334593319315147,-0.0,-0.0,-0.0,-0.0,-0.0
3.88,0.7478081841846871,-0.45059993597565995,0.045743604868911755,1.8937790919981694,-0.027947713104368797,0.7744353000785701,0.20850898379184787,-0.0,-0.010600864270014724,-0.0,-0.0,-0.0,-0.0,-0.0
3.89,0.7478081841846871,-0.45070727333125604,0.045743604868911755,1.8937790919981694,-0.027947713104368797,0.7744353000785701,0.20850898379184787,-0.0,-0.010866488143303762,-0.0,-0.0,-0.0,-0.0,-0.0
3.9,0.7478081841846871,-0.4508172631462835,0.045743604868911755,1.8937790919981694,-0.027947713104368797,0.7744353000785701,0.20850898379184787,-0.0,-0.011131334316940798,-0.0,-0.0,-0.0,-0.0,-0.0
3.91,0.7478081841846871,-0.4509298969872495,0.045743604868911755,1.8937790919981694,-0.027947713104368797,0.7744353000785701,0.20850898379184787,-0.0,-0.011395271361997339,-0.0,-0.0,-0.0,-0.0,-0.0
3.92,0.7478081841846871,-0.4510451651025778,0.045743604868911755,1.8937790919981694,-0.027947713104368797,0.7744353000785701,0.20850898379184787,-0.0,-0.011658167100320284,-0.0,-0.0,-0.0,-0.0,-0.0
3.93,0.7478081841846871,-0.45116305641540616,0.045743604868911755,1.8937790919981694,-0.027947713104368797,0.7744353000785701,0.20850898379184787,-0.0,-0.01191988866262481,-0.0,-0.0,-0.0,-0.0,-0.0
3.94,0.7478081841846871,-0.45128355851696816,0.045743604868911755,1.8937790919981694,-0.027947713104368797,0.7744353000785701,0.20850898379184787,-0.0,-0.012180302547192233,-0.0,-0.0,-0.0,-0.0,-0.0
3.95,0.7478081841846871,-0.451406657660565,0.045743604868911755,1.8937790919981694,-0.027947713104368797,0.7744353000785701,0.20850898379184787,-0.0,-0.012439274679147813,-0.0,-0.0,-0.0,-0.0,-0.0
3.96,0.7478081841846871,-0.45153233875613213,0.045743604868911755,1.8937790919981694,-0.027947713104368797,0.7744353000785701,0.20850898379184787,-0.0,-0.012696670470292458,-0.0,-0.0,-0.0,-0.0,-0.0
3.97,0.7478081841846871,-0.4516605853654078,0.045743604868911755,1.8937790919981694,-0.027947713104368797,0.7744353000785701,0.20850898379184787,-0.0,-0.012952354879462485,-0.0,-0.0,-0.0,-0.0,-0.0
3.98,0.7478081841846871,-0.45179137969770733,0.045743604868911755,1.8937790919981694,-0.027947713104368797,0.7744353000785701,0.20850898379184787,-0.0,-0.013206192473390796,-0.0,-0.0,-0.0,-0.0,-0.0
3.99,0.7478081841846871,-0.45192470260630796,0.045743604868911755,1.8937790919981694,-0.027947713104368797,0.7744353000785701,0.20850898379184787,-0.0,-0.013458047488043088,-0.0,-0.0,-0.0,-0.0,-0.0
4.0,0.7478081841846871,-0.4520605335854502,0.045743604868911755,1.8937790919981694,-0.027947713104368797,0.7744353000785701,0.20850898379184787,-0.0,-0.01370778389040188,-0.0,-0.0,-0.0,-0.0,-0.0
4.01,0.7478081841846871,-0.45219885076795835,0.045743604868911755,1.8937790919981694,-0.027947713104368797,0.7744353000785701,0.20850898379184787,-0.0,-0.013955265440671355,-0.0,-0.0,-0.0,-0.0,-0.0
4.02,0.7478081841846871,-0.4523396309234857,0.045743604868911755,1.8937790919981694,-0.027947713104368797,0.7744353000785701,0.20850898379184787,-0.0,-0.014200355754875223,-0.0,-0.0,-0.0,-0.0,-0.0
4.03,0.7478081841846871,-0.45248284945738704,0.045743604868911755,1.8937790919981694,-0.027947713104368797,0.7744353000785701,0.20850898379184787,-0.0,-0.014442918367820176,-0.0,-0.0,-0.0,-0.0,-0.0
4.04,0.7478081841846871,-0.4526284804102225,0.045743604868911755,1.8937790919981694,-0.027947713104368797,0.7744353000785701,0.20850898379184787,-0.0,-0.014682816796396702,-0.0,-0.0,-0.0,-0.0,-0.0
4.05,0.7478081841846871,-0.4527764964578968,0.045743604868911755,1.8937790919981694,-0.027947713104368797,0.7744353000785701,0.20850898379184787,-0.0,-0.014919914603189269,-0.0,-0.0,-0.0,-0.0,-0.0
4.06,0.7478081841846871,-0.45292686891243494,0.045743604868911755,1.8937790919981694,-0.027947713104368797,0.7744353000785701,0.20850898379184787,-0.0,-0.015154075460367225,-0.0,-0.0,-0.0,-0.0,-0.0
4.07,0.7478081841846871,-0.4530795677233987,0.045743604868911755,1.8937790919981694,-0.027947713104368797,0.7744353000785701,0.20850898379184787,-0.0,-0.015385163213827983,-0.0,-0.0,-0.0,-0.0,-0.0
4.08,0.7478081841846871,-0.45323456147994545,0.045743604868911755,1.8937790919981694,-0.027947713104368797,0.7744353000785701,0.20850898379184787,-0.0,-0.015613041947563487,-0.0,-0.0,-0.0,-0.0,-0.0
4.09,0.7478081841846871,-0.4533918174135322,0.045743604868911755,1.8937790919981694,-0.027947713104368797,0.7744353000785701,0.20850898379184787,-0.0,-0.015837576048221304,-0.0,-0.0,-0.0,-0.0,-0.0
4.1,0.7478081841846871,-0.45355130140126504,0.045743604868911755,1.8937790919981694,-0.027947713104368797,0.7744353000785701,0.20850898379184787,-0.0,-0.01605863026983079,-0.0,-0.0,-0.0,-0.0,-0.0
4.11,0.7478081841846871,-0.4537129779698976,0.045743604868911755,1.8937790919981694,-0.027947713104368797,0.7744353000785701,0.20850898379184787,-0.0,-0.016276069798665325,-0.0,-0.0,-0.0,-0.0,-0.0
4.12,0.7478081841846871,-0.4538768103004783,0.045743604868911755,1.8937790919981694,-0.027947713104368797,0.7744353000785701,0.20850898379184787,-0.0,-0.016489760318211012,-0.0,-0.0,-0.0,-0.0,-0.0
4.13,0.7478081841846871,-0.454042760233647,0.045743604868911755,1.8937790919981694,-0.027947713104368797,0.7744353000785701,0.20850898379184787,-0.0,-0.016699568074212544,-0.0,-0.0,-0.0,-0.0,-0.0
4.14,0.7478081841846871,-0.45421078827558403,0.045743604868911755,1.8937790919981694,-0.027947713104368797,0.7744353000785701,0.20850898379184787,-0.0,-0.016905359939766183,-0.0,-0.0,-0.0,-0.0,-0.0
4.15,0.7478081841846871,-0.45438085360460856,0.045743604868911755,1.8937790919981694,-0.027947713104368797,0.7744353000785701,0.20850898379184787,-0.0,-0.017107003480430493,-0.0,-0.0,-0.0,-0.0,-0.0
4.16,0.7478081841846871,-0.4545529140784287,0.045743604868911755,1.8937790919981694,-0.027947713104368797,0.7744353000785701,0.20850898379184787,-0.0,-0.017304367019324616,-0.0,-0.0,-0.0,-0.0,-0.0
4.17,0.7478081841846871,-0.454726926242043,0.045743604868911755,1.8937790919981694,-0.027947713104368797,0.7744353000785701,0.20850898379184787,-0.0,-0.017497319702184586,-0.0,-0.0,-0.0,-0.0,-0.0
4.18,0.7478081841846871,-0.4549028453362909,0.045743604868911755,1.8937790919981694,-0.027947713104368797,0.7744353000785701,0.20850898379184787,-0.0,-0.01768573156234735,-0.0,-0.0,-0.0,-0.0,-0.0
4.19,0.7478081841846871,-0.45508062530705395,0.045743604868911755,1.8937790919981694,-0.027947713104368797,0.7744353000785701,0.20850898379184787,-0.0,-0.017869473585632626,-0.0,-0.0,-0.0,-0.0,-0.0
4.2,0.7478081841846871,-0.4552602188151039,0.045743604868911755,1.8937790919981694,-0.027947713104368797,0.7744353000785701,0.20850898379184787,-0.0,-0.018048417775092616,-0.0,-0.0,-0.0,-0.0,-0.0
4.21,0.7478081841846871,-0.4554415772465986,0.045743604868911755,1.8937790919981694,-0.027947713104368797,0.7744353000785701,0.20850898379184787,-0.0,-0.018222437215599487,-0.0,-0.0,-0.0,-0.0,-0.0
4.22,0.7478081841846871,-0.45562465072422187,0.045743604868911755,1.8937790919981694,-0.027947713104368797,0.7744353000785701,0.20850898379184787,-0.0,-0.018391406138240484,-0.0,-0.0,-0.0,-0.0,-0.0
4.23,0.7478081841846871,-0.4558093881189672,0.045743604868911755,1.8937790919981694,-0.027947713104368797,0.7744353000785701,0.20850898379184787,-0.0,-0.018555199984490706,-0.0,-0.0,-0.0,-0.0,-0.0
4.24,0.7478081841846871,-0.455995737062561,0.045743604868911755,1.8937790919981694,-0.027947713104368797,0.7744353000785701,0.20850898379184787,-0.0,-0.018713695470133497,-0.0,-0.0,-0.0,-0.0,-0.0
4.25,0.7478081841846871,-0.4561836439605245,0.045743604868911755,1.8937790919981694,-0.027947713104368797,0.7744353000785701,0.20850898379184787,-0.0,-0.018866770648898558,-0.0,-0.0,-0.0,-0.0,-0.0
4.26,0.7478081841846871,-0.45637305400587,0.045743604868911755,1.8937790919981694,-0.027947713104368797,0.7744353000785701,0.20850898379184787,-0.0,-0.019014304975787655,-0.0,-0.0,-0.0,-0.0,-0.0
4.27,0.7478081841846871,-0.4565639111934286,0.045743604868911755,1.8937790919981694,-0.027947713104368797,0.7744353000785701,0.20850898379184787,-0.0,-0.019156179370058243,-0.0,-0.0,-0.0,-0.0,-0.0
4.28,0.7478081841846871,-0.4567561583348063,0.045743604868911755,1.8937790919981694,-0.027947713104368797,0.7744353000785701,0.20850898379184787,-0.0,-0.019292276277835165,-0.0,-0.0,-0.0,-0.0,-0.0
4.29,0.7478081841846871,-0.4569497370739642,0.045743604868911755,1.8937790919981694,-0.027947713104368797,0.7744353000785701,0.20850898379184787,-0.0,-0.01942247973432067,-0.0,-0.0,-0.0,-0.0,-0.0
4.3,0.7478081841846871,-0.45714458790341833,0.045743604868911755,1.8937790919981694,-0.027947713104368797,0.7744353000785701,0.20850898379184787,-0.0,-0.019546675425573288,-0.0,-0.0,-0.0,-0.0,-0.0
4.31,0.7478081841846871,-0.45734065018105535,0.045743604868911755,1.8937790919981694,-0.027947713104368797,0.7744353000785701,0.20850898379184787,-0.0,-0.01966475074982596,-0.0,-0.0,-0.0,-0.0,-0.0
4.32,0.7478081841846871,-0.45753786214755865,0.045743604868911755,1.8937790919981694,-0.027947713104368797,0.7744353000785701,0.20850898379184787,-0.0,-0.019776594878314246,-0.0,-0.0,-0.0,-0.0,-0.0
4.33,0.7478081841846871,-0.45773616094444053,0.045743604868911755,1.8937790919981694,-0.027947713104368797,0.7744353000785701,0.20850898379184787,-0.0,-0.0198820988155852,-0.0,-0.0,-0.0,-0.0,-0.0
4.34,0.7478081841846871,-0.45793548263267475,0.045743604868911755,1.8937790919981694,-0.027947713104368797,0.7744353000785701,0.20850898379184787,-0.0,-0.019981155459258226,-0.0,-0.0,-0.0,-0.0,-0.0
4.35,0.7478081841846871,-0.4581357622119232,0.045743604868911755,1.8937790919981694,-0.027947713104368797,0.7744353000785701,0.20850898379184787,-0.0,-0.020073659659208647,-0.0,-0.0,-0.0,-0.0,-0.0
4.36,0.7478081841846871,-0.45833693364035233,0.045743604868911755,1.8937790919981694,-0.027947713104368797,0.7744353000785701,0.20850898379184787,-0.0,-0.020159508276145727,-0.0,-0.0,-0.0,-0.0,-0.0
4.37,0.7478081841846871,-0.4585389298550315,0.045743604868911755,1.8937790919981694,-0.027947713104368797,0.7744353000785701,0.20850898379184787,-0.0,-0.020238600239556384,-0.0,-0.0,-0.0,-0.0,-0.0
4.38,0.7478081841846871,-0.45874168279290767,0.045743604868911755,1.8937790919981694,-0.027947713104368797,0.7744353000785701,0.20850898379184787,-0.0,-0.020310836604986487,-0.0,-0.0,-0.0,-0.0,-0.0
4.39,0.7478081841846871,-0.45894512341234983,0.045743604868911755,1.8937790919981694,-0.027947713104368797,0.7744353000785701,0.20850898379184787,-0.0,-0.02037612061063171,-0.0,-0.0,-0.0,-0.0,-0.0
4.4,0.7478081841846871,-0.4591491817152552,0.045743604868911755,1.8937790919981694,-0.027947713104368797,0.7744353000785701,0.20850898379184787,-0.0,-0.0204343577332101,-0.0,-0.0,-0.0,-0.0,-0.0
4.41,0.7478081841846871,-0.45935378676971084,0.045743604868911755,1.8937790919981694,-0.027947713104368797,0.7744353000785701,0.20850898379184787,-0.0,-0.02048545574308882,-0.0,-0.0,-0.0,-0.0,-0.0
4.42,0.7478081841846871,-0.4595588667332024,0.045743604868911755,1.8937790919981694,-0.027947713104368797,0.7744353000785701,0.20850898379184787,-0.0,-0.020529324758637935,-0.0,-0.0,-0.0,-0.0,-0.0
4.43,0.7478081841846871,-0.45976434887636286,0.045743604868911755,1.8937790919981694,-0.027947713104368797,0.7744353000785701,0.20850898379184787,-0.0,-0.020565877299784062,-0.0,-0.0,-0.0,-0.0,-0.0
4.44,0.7478081841846871,-0.4599701596072523,0.045743604868911755,1.8937790919981694,-0.027947713104368797,0.7744353000785701,0.20850898379184787,-0.0,-0.020595028340737297,-0.0,-0.0,-0.0,-0.0,-0.0
4.45,0.7478081841846871,-0.4601762244961607,0.045743604868911755,1.8937790919981694,-0.027947713104368797,0.7744353000785701,0.20850898379184787,-0.0,-0.020616695361864997,-0.0,-0.0,-0.0,-0.0,-0.0
4.46,0.7478081841846871,-0.4603824683009255,0.045743604868911755,1.8937790919981694,-0.027947713104368797,0.7744353000785701,0.20850898379184787,-0.0,-0.020630798400686344,-0.0,-0.0,-0.0,-0.0,-0.0
4.47,0.7478081841846871,-0.4605888149927541,0.045743604868911755,1.8937790919981694,-0.027947713104368797,0.7744353000785701,0.20850898379184787,-0.0,-0.020637260101961926,-0.0,-0.0,-0.0,-0.0,-0.0
4.48,0.7478081841846871,-0.46079518778254297,0.045743604868911755,1.8937790919981694,-0.027947713104368797,0.7744353000785701,0.20850898379184787,-0.0,-0.02063600576685286,-0.0,-0.0,-0.0,-0.0,-0.0
4.49,0.7478081841846871,-0.46100150914768334,0.045743604868911755,1.8937790919981694,-0.027947713104368797,0.7744353000785701,0.20850898379184787,-0.0,-0.02062696340112458,-0.0,-0.0,-0.0,-0.0,-0.0
4.5,0.7478081841846871,-0.4612077008593444,0.045743604868911755,1.8937790919981694,-0.027947713104368797,0.7744353000785701,0.20850898379184787,-0.0,-0.02061006376237029,-0.0,-0.0,-0.0,-0.0,-0.0
4.51,0.7478081841846871,-0.46141368401022353,0.045743604868911755,1.8937790919981694,-0.027947713104368797,0.7744353000785701,0.20850898379184787,-0.0,-0.02058524040623008,-0.0,-0.0,-0.0,-0.0,-0.0
4.52,0.7478081841846871,-0.4616193790427532,0.045743604868911755,1.8937790919981694,-0.027947713104368797,0.7744353000785701,0.20850898379184787,-0.0,-0.020552429731581487,-0.0,-0.0,-0.0,-0.0,-0.0
4.53,0.7478081841846871,-0.46182470577775536,0.045743604868911755,1.8937790919981694,-0.027947713104368797,0.7744353000785701,0.20850898379184787,-0.0,-0.020511571024678193,-0.0,-0.0,-0.0,-0.0,-0.0
4.54,0.7478081841846871,-0.46202958344353123,0.045743604868911755,1.8937790919981694,-0.027947713104368797,0.7744353000785701,0.20850898379184787,-0.0,-0.02046260650221352,-0.0,-0.0,-0.0,-0.0,-0.0
4.55,0.7478081841846871,-0.4622339307053766,0.045743604868911755,1.8937790919981694,-0.027947713104368797,0.7744353000785701,0.20850898379184787,-0.0,-0.02040548135328611,-0.0,-0.0,-0.0,-0.0,-0.0
4.56,0.7478081841846871,-0.4624376656955107,0.045743604868911755,1.8937790919981694,-0.027947713104368797,0.7744353000785701,0.20850898379184787,-0.0,-0.020340143780245613,-0.0,-0.0,-0.0,-0.0,-0.0
4.57,0.7478081841846871,-0.4626407060434086,0.045743604868911755,1.8937790919981694,-0.027947713104368797,0.7744353000785701,0.20850898379184787,-0.0,-0.02026654503839627,-0.0,-0.0,-0.0,-0.0,-0.0
4.58,0.7478081841846871,-0.46284296890652427,0.045743604868911755,1.8937790919981694,-0.027947713104368797,0.7744353000785701,0.20850898379184787,-0.0,-0.02018463947453728,-0.0,-0.0,-0.0,-0.0,-0.0
4.59,0.7478081841846871,-0.4630443710013932,0.045743604868911755,1.8937790919981694,-0.027947713104368797,0.7744353000785701,0.20850898379184787,-0.0,-0.020094384564318838,-0.0,-0.0,-0.0,-0.0,-0.0
4.6,0.7478081841846871,-0.4632448286351027,0.045743604868911755,1.8937790919981694,-0.027947713104368797,0.7744353000785701,0.20850898379184787,-0.0,-0.019995740948393508,-0.0,-0.0,-0.0,-0.0,-0.0
4.61,0.7478081841846871,-0.463444257737118,0.045743604868911755,1.8937790919981694,-0.027947713104368797,0.7744353000785701,0.20850898379184787,-0.0,-0.01988867246734288,-0.0,-0.0,-0.0,-0.0,-0.0
4.62,0.7478081841846871,-0.46364257389145025,0.045743604868911755,1.8937790919981694,-0.027947713104368797,0.7744353000785701,0.20850898379184787,-0.0,-0.019773146195360095,-0.0,-0.0,-0.0,-0.0,-0.0
4.63,0.7478081841846871,-0.46383969236915645,0.045743604868911755,1.8937790919981694,-0.027947713104368797,0.7744353000785701,0.20850898379184787,-0.0,-0.019649132472669143,-0.0,-0.0,-0.0,-0.0,-0.0
4.64,0.7478081841846871,-0.4640355281611562,0.045743604868911755,1.8937790919981694,-0.027947713104368797,0.7744353000785701,0.20850898379184787,-0.0,-0.019516604936662695,-0.0,-0.0,-0.0,-0.0,-0.0
4.65,0.7478081841846871,-0.4642299960113538,0.045743604868911755,1.8937790919981694,-0.027947713104368797,0.7744353000785701,0.20850898379184787,-0.0,-0.019375540551740265,-0.0,-0.0,-0.0,-0.0,-0.0
4.66,0.7478081841846871,-0.46442301045005185,0.045743604868911755,1.8937790919981694,-0.027947713104368797,0.7744353000785701,0.20850898379184787,-0.0,-0.019225919637829464,-0.0,-0.0,-0.0,-0.0,-0.0
4.67,0.7478081841846871,-0.4646144858276438,0.045743604868911755,1.8937790919981694,-0.027947713104368797,0.7744353000785701,0.20850898379184787,-0.0,-0.019067725897573377,-0.0,-0.0,-0.0,-0.0,-0.0
4.68,0.7478081841846871,-0.4648043363485713,0.045743604868911755,1.8937790919981694,-0.027947713104368797,0.7744353000785701,0.20850898379184787,-0.0,-0.018900946442167808,-0.0,-0.0,-0.0,-0.0,-0.0
4.69,0.7478081841846871,-0.4649924761055334,0.045743604868911755,1.8937790919981694,-0.027947713104368797,0.7744353000785701,0.20850898379184787,-0.0,-0.018725571815832474,-0.0,-0.0,-0.0,-0.0,-0.0
4.7,0.7478081841846871,-0.4651788191139329,0.045743604868911755,1.8937790919981694,-0.027947713104368797,0.7744353000785701,0.20850898379184787,-0.0,-0.01854159601890124,-0.0,-0.0,-0.0,-0.0,-0.0
4.71,0.7478081841846871,-0.46536327934654786,0.045743604868911755,1.8937790919981694,-0.027947713104368797,0.7744353000785701,0.20850898379184787,-0.0,-0.018349016529516222,-0.0,-0.0,-0.0,-0.0,-0.0
4.72,0.7478081841846871,-0.4655457707684117,0.045743604868911755,1.8937790919981694,-0.027947713104368797,0.7744353000785701,0.20850898379184787,-0.0,-0.018147834323912343,-0.0,-0.0,-0.0,-0.0,-0.0
4.73,0.7478081841846871,-0.46572620737188997,0.045743604868911755,1.8937790919981694,-0.027947713104368797,0.7744353000785701,0.20850898379184787,-0.0,-0.01793805389527826,-0.0,-0.0,-0.0,-0.0,-0.0
4.74,0.7478081841846871,-0.4659045032119379,0.045743604868911755,1.8937790919981694,-0.027947713104368797,0.7744353000785701,0.20850898379184787,-0.0,-0.017719683271181313,-0.0,-0.0,-0.0,-0.0,-0.0
4.75,0.7478081841846871,-0.4660805724415256,0.045743604868911755,1.8937790919981694,-0.027947713104368797,0.7744353000785701,0.20850898379184787,-0.0,-0.01749273402954364,-0.0,-0.0,-0.0,-0.0,-0.0
4.76,0.7478081841846871,-0.4662543293472154,0.045743604868911755,1.8937790919981694,-0.027947713104368797,0.7744353000785701,0.20850898379184787,-0.0,-0.017257221313158256,-0.0,-0.0,-0.0,-0.0,-0.0
4.77,0.7478081841846871,-0.46642568838487647,0.045743604868911755,1.8937790919981694,-0.027947713104368797,0.7744353000785701,0.20850898379184787,-0.0,-0.017013163842733877,-0.0,-0.0,-0.0,-0.0,-0.0
4.78,0.7478081841846871,-0.4665945642155239,0.045743604868911755,1.8937790919981694,-0.027947713104368797,0.7744353000785701,0.20850898379184787,-0.0,-0.01676058392845784,-0.0,-0.0,-0.0,-0.0,-0.0
4.79,0.7478081841846871,-0.46676087174126435,0.045743604868911755,1.8937790919981694,-0.027947713104368797,0.7744353000785701,0.20850898379184787,-0.0,-0.016499507480067607,-0.0,-0.0,-0.0,-0.0,-0.0
4.8,0.7478081841846871,-0.46692452614133606,0.045743604868911755,1.8937790919981694,-0.027947713104368797,0.7744353000785701,0.20850898379184787,-0.0,-0.016229964015421306,-0.0,-0.0,-0.0,-0.0,-0.0
4.81,0.7478081841846871,-0.4670854429082264,0.045743604868911755,1.8937790919981694,-0.027947713104368797,0.7744353000785701,0.20850898379184787,-0.0,-0.01595198666755913,-0.0,-0.0,-0.0,-0.0,-0.0
4.82,0.7478081841846871,-0.467243537883853,0.045743604868911755,1.8937790919981694,-0.027947713104368797,0.7744353000785701,0.20850898379184787,-0.0,-0.015665612190247237,-0.0,-0.0,-0.0,-0.0,-0.0
4.83,0.7478081841846871,-0.46739872729579185,0.045743604868911755,1.8937790919981694,-0.027947713104368797,0.7744353000785701,0.20850898379184787,-0.0,-0.015370880961997438,-0.0,-0.0,-0.0,-0.0,-0.0
4.84,0.7478081841846871,-0.4675509277935391,0.045743604868911755,1.8937790919981694,-0.027947713104368797,0.7744353000785701,0.20850898379184787,-0.0,-0.015067836988555149,-0.0,-0.0,-0.0,-0.0,-0.0
4.85,0.7478081841846871,-0.46770005648478896,0.045743604868911755,1.8937790919981694,-0.027947713104368797,0.7744353000785701,0.20850898379184787,-0.0,-0.014756527903850713,-0.0,-0.0,-0.0,-0.0,-0.0
4.86,0.7478081841846871,-0.4678460309717141,0.045743604868911755,1.8937790919981694,-0.027947713104368797,0.7744353000785701,0.20850898379184787,-0.0,-0.01443700496940785,-0.0,-0.0,-0.0,-0.0,-0.0
4.87,0.7478081841846871,-0.46798876938723216,0.045743604868911755,1.8937790919981694,-0.027947713104368797,0.7744353000785701,0.20850898379184787,-0.0,-0.014109323072205155,-0.0,-0.0,-0.0,-0.0,-0.0
4.88,0.7478081841846871,-0.468128190431243,0.045743604868911755,1.8937790919981694,-0.027947713104368797,0.7744353000785701,0.20850898379184787,-0.0,-0.013773540720986174,-0.0,-0.0,-0.0,-0.0,-0.0
4.89,0.7478081841846871,-0.4682642134068216,0.045743604868911755,1.8937790919981694,-0.027947713104368797,0.7744353000785701,0.20850898379184787,-0.0,-0.013429720041015192,-0.0,-0.0,-0.0,-0.0,-0.0
4.9,0.7478081841846871,-0.4683967582563506,0.045743604868911755,1.8937790919981694,-0.027947713104368797,0.7744353000785701,0.20850898379184787,-0.0,-0.01307792676727559,-0.0,-0.0,-0.0,-0.0,-0.0
4.91,0.7478081841846871,-0.46852574559757665,0.045743604868911755,1.8937790919981694,-0.027947713104368797,0.7744353000785701,0.20850898379184787,-0.0,-0.012718230236109426,-0.0,-0.0,-0.0,-0.0,-0.0
4.92,0.7478081841846871,-0.4686510967595761,0.045743604868911755,1.8937790919981694,-0.027947713104368797,0.7744353000785701,0.20850898379184787,-0.0,-0.012350703375295813,-0.0,-0.0,-0.0,-0.0,-0.0
4.93,0.7478081841846871,-0.4687727338186132,0.045743604868911755,1.8937790919981694,-0.027947713104368797,0.7744353000785701,0.20850898379184787,-0.0,-0.011975422692568821,-0.0,-0.0,-0.0,-0.0,-0.0
4.94,0.7478081841846871,-0.46889057963387526,0.045743604868911755,1.8937790919981694,-0.027947713104368797,0.7744353000785701,0.20850898379184787,-0.0,-0.011592468262573772,-0.0,-0.0,-0.0,-0.0,-0.0
4.95,0.7478081841846871,-0.46900455788307066,0.045743604868911755,1.8937790919981694,-0.027947713104368797,0.7744353000785701,0.20850898379184787,-0.0,-0.011201923712263334,-0.0,-0.0,-0.0,-0.0,-0.0
4.96,0.7478081841846871,-0.4691145930978722,0.045743604868911755,1.8937790919981694,-0.027947713104368797,0.7744353000785701,0.20850898379184787,-0.0,-0.01080387620473435,-0.0,-0.0,-0.0,-0.0,-0.0
4.97,0.7478081841846871,-0.46922061069919085,0.045743604868911755,1.8937790919981694,-0.027947713104368797,0.7744353000785701,0.20850898379184787,-0.0,-0.010398416421507815,-0.0,-0.0,-0.0,-0.0,-0.0
4.98,0.7478081841846871,-0.46932253703226573,0.045743604868911755,1.8937790919981694,-0.027947713104368797,0.7744353000785701,0.20850898379184787,-0.0,-0.009985638543254413,-0.0,-0.0,-0.0,-0.0,-0.0
4.99,0.7478081841846871,-0.46942029940155183,0.045743604868911755,1.8937790919981694,-0.027947713104368797,0.7744353000785701,0.20850898379184787,-0.0,-0.009565640228969611,-0.0,-0.0,-0.0,-0.0,-0.0
5.0,0.7478081841846871,-0.4695138261053935,0.045743604868911755,1.8937790919981694,-0.027947713104368797,0.7744353000785701,0.20850898379184787,-0.0,-0.009138522593601263,-0.0,-0.0,-0.0,-0.0,-0.0
5.01,0.7478081841846871,-0.469603046470465,0.045743604868911755,1.8937790919981694,-0.027947713104368797,0.7744353000785701,0.20850898379184787,-0.0,-0.00870439018413599,-0.0,-0.0,-0.0,-0.0,-0.0
5.02,0.7478081841846871,-0.4696878908859656,0.045743604868911755,1.8937790919981694,-0.027947713104368797,0.7744353000785701,0.20850898379184787,-0.0,-0.008263350954148626,-0.0,-0.0,-0.0,-0.0,-0.0
5.03,0.7478081841846871,-0.4697682908375512,0.045743604868911755,1.8937790919981694,-0.027947713104368797,0.7744353000785701,0.20850898379184787,-0.0,-0.00781551623682118,-0.0,-0.0,-0.0,-0.0,-0.0
5.04,0.7478081841846871,-0.46984417894098945,0.045743604868911755,1.8937790919981694,-0.027947713104368797,0.7744353000785701,0.20850898379184787,-0.0,-0.007361000716438821,-0.0,-0.0,-0.0,-0.0,-0.0
5.05,0.7478081841846871,-0.4699154889755221,0.045743604868911755,1.8937790919981694,-0.027947713104368797,0.7744353000785701,0.20850898379184787,-0.0,-0.00689992239836875,-0.0,-0.0,-0.0,-0.0,-0.0
5.06,0.7478081841846871,-0.4699821559169191,0.045743604868911755,1.8937790919981694,-0.027947713104368797,0.7744353000785701,0.20850898379184787,-0.0,-0.006432402577532106,-0.0,-0.0,-0.0,-0.0,-0.0
5.07,0.7478081841846871,-0.47004411597021034,0.045743604868911755,1.8937790919981694,-0.027947713104368797,0.7744353000785701,0.20850898379184787,-0.0,-0.005958565805376089,-0.0,-0.0,-0.0,-0.0,-0.0
5.08,0.7478081841846871,-0.4701013066020797,0.045743604868911755,1.8937790919981694,-0.027947713104368797,0.7744353000785701,0.20850898379184787,-0.0,-0.005478539855356819,-0.0,-0.0,-0.0,-0.0,-0.0
5.09,0.7478081841846871,-0.4701536665729063,0.045743604868911755,1.8937790919981694,-0.027947713104368797,0.7744353000785701,0.20850898379184787,-0.0,-0.004992455686942321,-0.0,-0.0,-0.0,-0.0,-0.0
5.1,0.7478081841846871,-0.47020113596843843,0.045743604868911755,1.8937790919981694,-0.027947713104368797,0.7744353000785701,0.20850898379184787,-0.0,-0.004500447408147184,-0.0,-0.0,-0.0,-0.0,-0.0
5.11,0.7478081841846871,-0.4702436562310857,0.045743604868911755,1.8937790919981694,-0.027947713104368797,0.7744353000785701,0.20850898379184787,-0.0,-0.004002652236609629,-0.0,-0.0,-0.0,-0.0,-0.0
5.12,0.7478081841846871,-0.4702811701908147,0.045743604868911755,1.8937790919981694,-0.027947713104368797,0.7744353000785701,0.20850898379184787,-0.0,-0.003499210459224091,-0.0,-0.0,-0.0,-0.0,-0.0
5.13,0.7478081841846871,-0.4703136220956336,0.045743604868911755,1.8937790919981694,-0.027947713104368797,0.7744353000785701,0.20850898379184787,-0.0,-0.0029902653903404867,-0.0,-0.0,-0.0,-0.0,-0.0
5.14,0.7478081841846871,-0.47034095764165185,0.045743604868911755,1.8937790919981694,-0.027947713104368797,0.7744353000785701,0.20850898379184787,-0.0,-0.0024759633285455704,-0.0,-0.0,-0.0,-0.0,-0.0
5.15,0.7478081841846871,-0.47036312400270064,0.045743604868911755,1.8937790919981694,-0.027947713104368797,0.7744353000785701,0.20850898379184787,-0.0,-0.001956453512038744,-0.0,-0.0,-0.0,-0.0,-0.0
5.16,0.7478081841846871,-0.4703800698595,0.045743604868911755,1.8937790919981694,-0.027947713104368797,0.7744353000785701,0.20850898379184787,-0.0,-0.0014318880726180976,-0.0,-0.0,-0.0,-0.0,-0.0
5.17,0.7478081841846871,-0.4703917454283591,0.045743604868911755,1.8937790919981694,-0.027947713104368797,0.7744353000785701,0.20850898379184787,-0.0,-0.0009024219882912253,-0.0,-0.0,-0.0,-0.0,-0.0
5.18,0.7478081841846871,-0.47039810248939573,0.045743604868911755,1.8937790919981694,-0.027947713104368797,0.7744353000785701,0.20850898379184787,-0.0,-0.00036821303452747435,-0.0,-0.0,-0.0,-0.0,-0.0
5.19,0.7478081841846871,-0.4703990944142614,0.045743604868911755,1.8937790919981694,-0.027947713104368797,0.7744353000785701,0.20850898379184787,0.0,0.00017057826583254798,0.0,0.0,0.0,0.0,0.0
5.2,0.7478081841846871,-0.4703946761933594,0.045743604868911755,1.8937790919981694,-0.027947713104368797,0.7744353000785701,0.20850898379184787,0.0,0.0007137886939919518,0.0,0.0,0.0,0.0,0.0
5.21,0.7478081841846871,-0.47038480446254133,0.045743604868911755,1.8937790919981694,-0.027947713104368797,0.7744353000785701,0.20850898379184787,0.0,0.0012612523879210404,0.0,0.0,0.0,0.0,0.0
5.22,0.7478081841846871,-0.470369437529271,0.045743604868911755,1.8937790919981694,-0.027947713104368797,0.7744353000785701,0.20850898379184787,0.0,0.00181280089636872,0.0,0.0,0.0,0.0,0.0
5.23,0.7478081841846871,-0.4703485353982409,0.045743604868911755,1.8937790919981694,-0.027947713104368797,0.7744353000785701,0.20850898379184787,0.0,0.0023682632341446457,0.0,0.0,0.0,0.0,0.0
5.24,0.7478081841846871,-0.47032205979643016,0.045743604868911755,1.8937790919981694,-0.027947713104368797,0.7744353000785701,0.20850898379184787,0.0,0.002927465938651484,0.0,0.0,0.0,0.0,0.0
5.25,0.7478081841846871,-0.4702899741975906,0.045743604868911755,1.8937790919981694,-0.027947713104368797,0.7744353000785701,0.20850898379184787,0.0,0.0034902331276478902,0.0,0.0,0.0,0.0,0.0
5.26,0.7478081841846871,-0.4702522438461496,0.045743604868911755,1.8937790919981694,-0.027947713104368797,0.7744353000785701,0.20850898379184787,0.0,0.004056386558220795,0.0,0.0,0.0,0.0,0.0
5.27,0.7478081841846871,-0.47020883578051687,0.045743604868911755,1.8937790919981694,-0.027947713104368797,0.7744353000785701,0.20850898379184787,0.0,0.004625745686946401,0.0,0.0,0.0,0.0,0.0
5.28,0.7478081841846871,-0.47015971885578367,0.045743604868911755,1.8937790919981694,-0.027947713104368797,0.7744353000785701,0.20850898379184787,0.0,0.005198127731217386,0.0,0.0,0.0,0.0,0.0
5.29,0.7478081841846871,-0.4701048637658036,0.045743604868911755,1.8937790919981694,-0.027947713104368797,0.7744353000785701,0.20850898379184787,0.0,0.005773347731714548,0.0,0.0,0.0,0.0,0.0
5.3,0.7478081841846871,-0.4700442430646425,0.045743604868911755,1.8937790919981694,-0.027947713104368797,0.7744353000785701,0.20850898379184787,0.0,0.006351218615999806,0.0,0.0,0.0,0.0,0.0
5.31,0.7478081841846871,-0.4699778311873869,0.045743604868911755,1.8937790919981694,-0.027947713104368797,0.7744353000785701,0.20850898379184787,0.0,0.0069315512632068125,0.0,0.0,0.0,0.0,0.0
5.32,0.7478081841846871,-0.46990560447030083,0.045743604868911755,1.8937790919981694,-0.027947713104368797,0.7744353000785701,0.20850898379184787,0.0,0.007514154569805872,0.0,0.0,0.0,0.0,0.0
5.33,0.7478081841846871,-0.4698275411703187,0.045743604868911755,1.8937790919981694,-0.027947713104368797,0.7744353000785701,0.20850898379184787,0.0,0.008098835516417508,0.0,0.0,0.0,0.0,0.0
5.34,0.7478081841846871,-0.46974362148386606,0.045743604868911755,1.8937790919981694,-0.027947713104368797,0.7744353000785701,0.20850898379184787,0.0,0.008685399235651751,0.0,0.0,0.0,0.0,0.0
5.35,0.7478081841846871,-0.4696538275649956,0.045743604868911755,1.8937790919981694,-0.027947713104368797,0.7744353000785701,0.20850898379184787,0.0,0.009273649080945275,0.0,0.0,0.0,0.0,0.0
5.36,0.7478081841846871,-0.46955814354283126,0.045743604868911755,1.8937790919981694,-0.027947713104368797,0.7744353000785701,0.20850898379184787,0.0,0.009863386696372364,0.0,0.0,0.0,0.0,0.0
5.37,0.7478081841846871,-0.4694565555383087,0.045743604868911755,1.8937790919981694,-0.027947713104368797,0.7744353000785701,0.20850898379184787,0.0,0.01045441208740221,0.0,0.0,0.0,0.0,0.0
5.38,0.7478081841846871,-0.46934905168020336,0.045743604868911755,1.8937790919981694,-0.027947713104368797,0.7744353000785701,0.20850898379184787,0.0,0.011046523692576358,0.0,0.0,0.0,0.0,0.0
5.39,0.7478081841846871,-0.4692356221204382,0.045743604868911755,1.8937790919981694,-0.027947713104368797,0.7744353000785701,0.20850898379184787,0.0,0.011639518456078404,0.0,0.0,0.0,0.0,0.0
5.4,0.7478081841846871,-0.46911625904866017,0.045743604868911755,1.8937790919981694,-0.027947713104368797,0.7744353000785701,0.20850898379184787,0.0,0.012233191901168804,0.0,0.0,0.0,0.0,0.0
5.41,0.7478081841846871,-0.4689909567060795,0.045743604868911755,1.8937790919981694,-0.027947713104368797,0.7744353000785701,0.20850898379184787,0.0,0.012827338204455653,0.0,0.0,0.0,0.0,0.0
5.42,0.7478081841846871,-0.46885971139856075,0.045743604868911755,1.8937790919981694,-0.027947713104368797,0.7744353000785701,0.20850898379184787,0.0,0.01342175027097453,0.0,0.0,0.0,0.0,0.0
5.43,0.7478081841846871,-0.4687225215089605,0.045743604868911755,1.8937790919981694,-0.027947713104368797,0.7744353000785701,0.20850898379184787,0.0,0.014016219810046361,0.0,0.0,0.0,0.0,0.0
5.44,0.7478081841846871,-0.46857938750870154,0.045743604868911755,1.8937790919981694,-0.027947713104368797,0.7744353000785701,0.20850898379184787,0.0,0.014610537411885541,0.0,0.0,0.0,0.0,0.0
5.45,0.7478081841846871,-0.4684303119685783,0.045743604868911755,1.8937790919981694,-0.027947713104368797,0.7744353000785701,0.20850898379184787,0.0,0.01520449262492765,0.0,0.0,0.0,0.0,0.0
5.46,0.7478081841846871,-0.468275299568785,0.045743604868911755,1.8937790919981694,-0.027947713104368797,0.7744353000785701,0.20850898379184787,0.0,0.015797874033847196,0.0,0.0,0.0,0.0,0.0
5.47,0.7478081841846871,-0.4681143571081603,0.045743604868911755,1.8937790919981694,-0.027947713104368797,0.7744353000785701,0.20850898379184787,0.0,0.016390469338234383,0.0,0.0,0.0,0.0,0.0
5.48,0.7478081841846871,-0.4679474935126421,0.045743604868911755,1.8937790919981694,-0.027947713104368797,0.7744353000785701,0.20850898379184787,0.0,0.01698206543190059,0.0,0.0,0.0,0.0,0.0
5.49,0.7478081841846871,-0.4677747198429265,0.045743604868911755,1.8937790919981694,-0.027947713104368797,0.7744353000785701,0.20850898379184787,0.0,0.017572448482780518,0.0,0.0,0.0,0.0,0.0
5.5,0.7478081841846871,-0.4675960493013246,0.045743604868911755,1.8937790919981694,-0.027947713104368797,0.7744353000785701,0.20850898379184787,0.0,0.018161404013401255,0.0,0.0,0.0,0.0,0.0
5.51,0.7478081841846871,-0.46741149723781195,0.045743604868911755,1.8937790919981694,-0.027947713104368797,0.7744353000785701,0.20850898379184787,0.0,0.01874871698188416,0.0,0.0,0.0,0.0,0.0
5.52,0.7478081841846871,-0.46722108115526545,0.045743604868911755,1.8937790919981694,-0.027947713104368797,0.7744353000785701,0.20850898379184787,0.0,0.019334171863449486,0.0,0.0,0.0,0.0,0.0
5.53,0.7478081841846871,-0.46702482071388296,0.045743604868911755,1.8937790919981694,-0.027947713104368797,0.7744353000785701,0.20850898379184787,0.0,0.01991755273239047,0.0,0.0,0.0,0.0,0.0
5.54,0.7478081841846871,-0.46682273773478095,0.045743604868911755,1.8937790919981694,-0.027947713104368797,0.7744353000785701,0.20850898379184787,0.0,0.020498643344483796,0.0,0.0,0.0,0.0,0.0
5.55,0.7478081841846871,-0.4666148562027656,0.045743604868911755,1.8937790919981694,-0.027947713104368797,0.7744353000785701,0.20850898379184787,0.0,0.021077227219805355,0.0,0.0,0.0,0.0,0.0
5.56,0.7478081841846871,-0.46640120226827453,0.045743604868911755,1.8937790919981694,-0.027947713104368797,0.7744353000785701,0.20850898379184787,0.0,0.0216530877259158,0.0,0.0,0.0,0.0,0.0
5.57,0.7478081841846871,-0.4661818042484844,0.045743604868911755,1.8937790919981694,-0.027947713104368797,0.7744353000785701,0.20850898379184787,0.0,0.022226008161384495,0.0,0.0,0.0,0.0,0.0
5.58,0.7478081841846871,-0.46595669262758194,0.045743604868911755,1.8937790919981694,-0.027947713104368797,0.7744353000785701,0.20850898379184787,0.0,0.022795771839617222,0.0,0.0,0.0,0.0,0.0
5.59,0.7478081841846871,-0.4657259000561954,0.045743604868911755,1.8937790919981694,-0.027947713104368797,0.7744353000785701,0.20850898379184787,0.0,0.02336216217295468,0.0,0.0,0.0,0.0,0.0
5.6,0.7478081841846871,-0.46548946134998354,0.045743604868911755,1.8937790919981694,-0.027947713104368797,0.7744353000785701,0.20850898379184787,0.0,0.0239249627570069,0.0,0.0,0.0,0.0,0.0
5.61,0.7478081841846871,-0.46524741348738063,0.045743604868911755,1.8937790919981694,-0.027947713104368797,0.7744353000785701,0.20850898379184787,0.0,0.02448395745519067,0.0,0.0,0.0,0.0,0.0
5.62,0.7478081841846871,-0.4649997956064948,0.045743604868911755,1.8937790919981694,-0.027947713104368797,0.7744353000785701,0.20850898379184787,0.0,0.025038930483434217,0.0,0.0,0.0,0.0,0.0
5.63,0.7478081841846871,-0.46474664900115886,0.045743604868911755,1.8937790919981694,-0.027947713104368797,0.7744353000785701,0.20850898379184787,0.0,0.02558966649501673,0.0,0.0,0.0,0.0,0.0
5.64,0.7478081841846871,-0.46448801711613225,0.045743604868911755,1.8937790919981694,-0.027947713104368797,0.7744353000785701,0.20850898379184787,0.0,0.026135950665506114,0.0,0.0,0.0,0.0,0.0
5.65,0.7478081841846871,-0.4642239455414531,0.045743604868911755,1.8937790919981694,-0.027947713104368797,0.7744353000785701,0.20850898379184787,0.0,0.026677568777761923,0.0,0.0,0.0,0.0,0.0
5.66,0.7478081841846871,-0.4639544820059402,0.045743604868911755,1.8937790919981694,-0.027947713104368797,0.7744353000785701,0.20850898379184787,0.0,0.027214307306967875,0.0,0.0,0.0,0.0,0.0
5.67,0.7478081841846871,-0.4636796763698446,0.045743604868911755,1.8937790919981694,-0.027947713104368797,0.7744353000785701,0.20850898379184787,0.0,0.02774595350565973,0.0,0.0,0.0,0.0,0.0
5.68,0.7478081841846871,-0.4633995806166511,0.045743604868911755,1.8937790919981694,-0.027947713104368797,0.7744353000785701,0.20850898379184787,0.0,0.028272295488713056,0.0,0.0,0.0,0.0,0.0
5.69,0.7478081841846871,-0.46311424884403,0.045743604868911755,1.8937790919981694,-0.027947713104368797,0.7744353000785701,0.20850898379184787,0.0,0.028793122318256724,0.0,0.0,0.0,0.0,0.0
5.7,0.7478081841846871,-0.4628237372539411,0.045743604868911755,1.8937790919981694,-0.027947713104368797,0.7744353000785701,0.20850898379184787,0.0,0.029308224088475866,0.0,0.0,0.0,0.0,0.0
5.71,0.7478081841846871,-0.4625281041418888,0.045743604868911755,1.8937790919981694,-0.027947713104368797,0.7744353000785701,0.20850898379184787,0.0,0.02981739201027142,0.0,0.0,0.0,0.0,0.0
5.72,0.7478081841846871,-0.46222740988533295,0.045743604868911755,1.8937790919981694,-0.027947713104368797,0.7744353000785701,0.20850898379184787,0.0,0.03032041849573892,0.0,0.0,0.0,0.0,0.0
5.73,0.7478081841846871,-0.4619217169312554,0.045743604868911755,1.8937790919981694,-0.027947713104368797,0.7744353000785701,0.20850898379184787,0.0,0.030817097242433165,0.0,0.0,0.0,0.0,0.0
5.74,0.7478081841846871,-0.4616110897828849,0.045743604868911755,1.8937790919981694,-0.027947713104368797,0.7744353000785701,0.20850898379184787,0.0,0.03130722331738311,0.0,0.0,0.0,0.0,0.0
5.75,0.7478081841846871,-0.46129559498558353,0.045743604868911755,1.8937790919981694,-0.027947713104368797,0.7744353000785701,0.20850898379184787,0.0,0.03179059324082239,0.0,0.0,0.0,0.0,0.0
5.76,0.7478081841846871,-0.4609753011118973,0.045743604868911755,1.8937790919981694,-0.027947713104368797,0.7744353000785701,0.20850898379184787,0.0,0.03226700506960028,0.0,0.0,0.0,0.0,0.0
5.77,0.7478081841846871,-0.46065027874577447,0.045743604868911755,1.8937790919981694,-0.027947713104368797,0.7744353000785701,0.20850898379184787,0.0,0.032736258480238326,0.0,0.0,0.0,0.0,0.0
5.78,0.7478081841846871,-0.4603206004659551,0.045743604868911755,1.8937790919981694,-0.027947713104368797,0.7744353000785701,0.20850898379184787,0.0,0.0331981548515982,0.0,0.0,0.0,0.0,0.0
5.79,0.7478081841846871,-0.45998634082853596,0.045743604868911755,1.8937790919981694,-0.027947713104368797,0.7744353000785701,0.20850898379184787,0.0,0.03365249734712576,0.0,0.0,0.0,0.0,0.0
5.8,0.7478081841846871,-0.45964757634871567,0.045743604868911755,1.8937790919981694,-0.027947713104368797,0.7744353000785701,0.20850898379184787,0.0,0.03409909099663715,0.0,0.0,0.0,0.0,0.0
5.81,0.7478081841846871,-0.45930438548172375,0.045743604868911755,1.8937790919981694,-0.027947713104368797,0.7744353000785701,0.20850898379184787,0.0,0.03453774277761215,0.0,0.0,0.0,0.0,0.0
5.82,0.7478081841846871,-0.45895684860293984,0.045743604868911755,1.8937790919981694,-0.027947713104368797,0.7744353000785701,0.20850898379184787,0.0,0.034968261695960866,0.0,0.0,0.0,0.0,0.0
5.83,0.7478081841846871,-0.4586050479872079,0.045743604868911755,1.8937790919981694,-0.027947713104368797,0.7744353000785701,0.20850898379184787,0.0,0.035390458866229144,0.0,0.0,0.0,0.0,0.0
5.84,0.7478081841846871,-0.45824906778735147,0.045743604868911755,1.8937790919981694,-0.027947713104368797,0.7744353000785701,0.20850898379184787,0.0,0.0358041475912097,0.0,0.0,0.0,0.0,0.0
5.85,0.7478081841846871,-0.45788899401189526,0.045743604868911755,1.8937790919981694,-0.027947713104368797,0.7744353000785701,0.20850898379184787,0.0,0.03620914344092404,0.0,0.0,0.0,0.0,0.0
5.86,0.7478081841846871,-0.4575249145020012,0.045743604868911755,1.8937790919981694,-0.027947713104368797,0.7744353000785701,0.20850898379184787,0.0,0.03660526433094235,0.0,0.0,0.0,0.0,0.0
5.87,0.7478081841846871,-0.45715691890762405,0.045743604868911755,1.8937790919981694,-0.027947713104368797,0.7744353000785701,0.20850898379184787,0.0,0.036992330600007846,0.0,0.0,0.0,0.0,0.0
5.88,0.7478081841846871,-0.45678509866289446,0.045743604868911755,1.8937790919981694,-0.027947713104368797,0.7744353000785701,0.20850898379184787,0.0,0.03737016508693251,0.0,0.0,0.0,0.0,0.0
5.89,0.7478081841846871,-0.45640954696073716,0.045743604868911755,1.8937790919981694,-0.027947713104368797,0.7744353000785701,0.20850898379184787,0.0,0.03773859320673092,0.0,0.0,0.0,0.0,0.0
5.9,0.7478081841846871,-0.45603035872673126,0.045743604868911755,1.8937790919981694,-0.027947713104368797,0.7744353000785701,0.20850898379184787,0.0,0.038097443025960416,0.0,0.0,0.0,0.0,0.0
5.91,0.7478081841846871,-0.4556476305922222,0.045743604868911755,1.8937790919981694,-0.027947713104368797,0.7744353000785701,0.20850898379184787,0.0,0.038446545337233795,0.0,0.0,0.0,0.0,0.0
5.92,0.7478081841846871,-0.4552614608666912,0.045743604868911755,1.8937790919981694,-0.027947713104368797,0.7744353000785701,0.20850898379184787,0.0,0.038785733732874424,0.0,0.0,0.0,0.0,0.0
5.93,0.7478081841846871,-0.45487194950939464,0.045743604868911755,1.8937790919981694,-0.027947713104368797,0.7744353000785701,0.20850898379184787,0.0,0.03911484467767992,0.0,0.0,0.0,0.0,0.0
5.94,0.7478081841846871,-0.4544791981002784,0.045743604868911755,1.8937790919981694,-0.027947713104368797,0.7744353000785701,0.20850898379184787,0.0,0.03943371758076459,0.0,0.0,0.0,0.0,0.0
5.95,0.7478081841846871,-0.45408330981018014,0.045743604868911755,1.8937790919981694,-0.027947713104368797,0.7744353000785701,0.20850898379184787,0.0,0.03974219486644822,0.0,0.0,0.0,0.0,0.0
5.96,0.7478081841846871,-0.45368438937032646,0.045743604868911755,1.8937790919981694,-0.027947713104368797,0.7744353000785701,0.20850898379184787,0.0,0.04004012204416154,0.0,0.0,0.0,0.0,0.0
5.97,0.7478081841846871,-0.45328254304113674,0.045743604868911755,1.8937790919981694,-0.027947713104368797,0.7744353000785701,0.20850898379184787,0.0,0.040327347777336806,0.0,0.0,0.0,0.0,0.0
5.98,0.7478081841846871,-0.4528778785803427,0.045743604868911755,1.8937790919981694,-0.027947713104368797,0.7744353000785701,0.20850898379184787,0.0,0.04060372395125428,0.0,0.0,0.0,0.0,0.0
5.99,0.7478081841846871,-0.4524705052104355,0.045743604868911755,1.8937790919981694,-0.027947713104368797,0.7744353000785701,0.20850898379184787,0.0,0.04086910573981421,0.0,0.0,0.0,0.0,0.0
6.0,0.7478081841846871,-0.4520605335854502,0.045743604868911755,1.8937790919981694,-0.027947713104368797,0.7744353000785701,0.20850898379184787,0.0,0.04112335167120565,0.0,0.0,0.0,0.0,0.0
6.01,0.7478081841846871,-0.45164807575709887,0.045743604868911755,1.8937790919981694,-0.027947713104368797,0.7744353000785701,0.20850898379184787,0.0,0.0413663236924425,0.0,0.0,0.0,0.0,0.0
6.02,0.7478081841846871,-0.45123324514026497,0.045743604868911755,1.8937790919981694,-0.027947713104368797,0.7744353000785701,0.20850898379184787,0.0,0.04159788723273868,0.0,0.0,0.0,0.0,0.0
6.03,0.7478081841846871,-0.45081615647786916,0.045743604868911755,1.8937790919981694,-0.027947713104368797,0.7744353000785701,0.20850898379184787,0.0,0.04181791126569451,0.0,0.0,0.0,0.0,0.0
6.04,0.7478081841846871,-0.45039692580511964,0.045743604868911755,1.8937790919981694,-0.027947713104368797,0.7744353000785701,0.20850898379184787,0.0,0.04202626837026577,0.0,0.0,0.0,0.0,0.0
6.05,0.7478081841846871,-0.4499756704131588,0.045743604868911755,1.8937790919981694,-0.027947713104368797,0.7744353000785701,0.20850898379184787,0.0,0.04222283479048969,0.0,0.0,0.0,0.0,0.0
6.06,0.7478081841846871,-0.44955250881211917,0.045743604868911755,1.8937790919981694,-0.027947713104368797,0.7744353000785701,0.20850898379184787,0.0,0.04240749049393956,0.0,0.0,0.0,0.0,0.0
6.07,0.7478081841846871,-0.44912756069360127,0.045743604868911755,1.8937790919981694,-0.027947713104368797,0.7744353000785701,0.20850898379184787,0.0,0.042580119228883107,0.0,0.0,0.0,0.0,0.0
6.08,0.7478081841846871,-0.4487009468925862,0.045743604868911755,1.8937790919981694,-0.027947713104368797,0.7744353000785701,0.20850898379184787,0.0,0.04274060858011763,0.0,0.0,0.0,0.0,0.0
6.09,0.7478081841846871,-0.44827278934879683,0.045743604868911755,1.8937790919981694,-0.027947713104368797,0.7744353000785701,0.20850898379184787,0.0,0.04288885002345779,0.0,0.0,0.0,0.0,0.0
6.1,0.7478081841846871,-0.4478432110675209,0.045743604868911755,1.8937790919981694,-0.027947713104368797,0.7744353000785701,0.20850898379184787,0.0,0.04302473897885039,0.0,0.0,0.0,0.0,0.0
6.11,0.7478081841846871,-0.4474123360799099,0.045743604868911755,1.8937790919981694,-0.027947713104368797,0.7744353000785701,0.20850898379184787,0.0,0.04314817486209251,0.0,0.0,0.0,0.0,0.0
6.12,0.7478081841846871,-0.44698028940276807,0.045743604868911755,1.8937790919981694,-0.027947713104368797,0.7744353000785701,0.20850898379184787,0.0,0.04325906113512877,0.0,0.0,0.0,0.0,0.0
6.13,0.7478081841846871,-0.4465471969978452,0.045743604868911755,1.8937790919981694,-0.027947713104368797,0.7744353000785701,0.20850898379184787,0.0,0.04335730535490524,0.0,0.0,0.0,0.0,0.0
6.14,0.7478081841846871,-0.44611318573064845,0.045743604868911755,1.8937790919981694,-0.027947713104368797,0.7744353000785701,0.20850898379184787,0.0,0.04344281922075668,0.0,0.0,0.0,0.0,0.0
6.15,0.7478081841846871,-0.445678383328788,0.045743604868911755,1.8937790919981694,-0.027947713104368797,0.7744353000785701,0.20850898379184787,0.0,0.04351551862030561,0.0,0.0,0.0,0.0,0.0
6.16,0.7478081841846871,-0.44524291833987073,0.045743604868911755,1.8937790919981694,-0.027947713104368797,0.7744353000785701,0.20850898379184787,0.0,0.04357532367385145,0.0,0.0,0.0,0.0,0.0
6.17,0.7478081841846871,-0.4448069200889579,0.045743604868911755,1.8937790919981694,-0.027947713104368797,0.7744353000785701,0.20850898379184787,0.0,0.04362215877722901,0.0,0.0,0.0,0.0,0.0
6.18,0.7478081841846871,-0.4443705186356019,0.045743604868911755,1.8937790919981694,-0.027947713104368797,0.7744353000785701,0.20850898379184787,0.0,0.04365595264311587,0.0,0.0,0.0,0.0,0.0
6.19,0.7478081841846871,-0.443933844730478,0.045743604868911755,1.8937790919981694,-0.027947713104368797,0.7744353000785701,0.20850898379184787,0.0,0.04367663834076922,0.0,0.0,0.0,0.0,0.0
6.2,0.7478081841846871,-0.44349702977162636,0.045743604868911755,1.8937790919981694,-0.027947713104368797,0.7744353000785701,0.20850898379184787,0.0,0.04368415333417278,0.0,0.0,0.0,0.0,0.0
6.21,0.7478081841846871,-0.4430602057603208,0.045743604868911755,1.8937790919981694,-0.027947713104368797,0.7744353000785701,0.20850898379184787,0.0,0.043678439518575626,0.0,0.0,0.0,0.0,0.0
6.22,0.7478081841846871,-0.44262350525658006,0.045743604868911755,1.8937790919981694,-0.027947713104368797,0.7744353000785701,0.20850898379184787,0.0,0.04365944325540484,0.0,0.0,0.0,0.0,0.0
6.23,0.7478081841846871,-0.4421870613343385,0.045743604868911755,1.8937790919981694,-0.027947713104368797,0.7744353000785701,0.20850898379184787,0.0,0.043627115405535107,0.0,0.0,0.0,0.0,0.0
6.24,0.7478081841846871,-0.44175100753629204,0.045743604868911755,1.8937790919981694,-0.027947713104368797,0.7744353000785701,0.20850898379184787,0.0,0.04358141136089832,0.0,0.0,0.0,0.0,0.0
6.25,0.7478081841846871,-0.4413154778284366,0.045743604868911755,1.8937790919981694,-0.027947713104368797,0.7744353000785701,0.20850898379184787,0.0,0.043522291074417664,0.0,0.0,0.0,0.0,0.0
6.26,0.7478081841846871,-0.44088060655431555,0.045743604868911755,1.8937790919981694,-0.027947713104368797,0.7744353000785701,0.20850898379184787,0.0,0.04344971908825066,0.0,0.0,0.0,0.0,0.0
6.27,0.7478081841846871,-0.4404465283889931,0.045743604868911755,1.8937790919981694,-0.027947713104368797,0.7744353000785701,0.20850898379184787,0.0,0.0433636645603269,0.0,0.0,0.0,0.0,0.0
6.28,0.7478081841846871,-0.4400133782927713,0.045743604868911755,1.8937790919981694,-0.027947713104368797,0.7744353000785701,0.20850898379184787,0.0,0.04326410128916623,0.0,0.0,0.0,0.0,0.0
6.29,0.7478081841846871,-0.4395812914646672,0.045743604868911755,1.8937790919981694,-0.027947713104368797,0.7744353000785701,0.20850898379184787,0.0,0.04315100773696448,0.0,0.0,0.0,0.0,0.0
6.3,0.7478081841846871,-0.43915040329566757,0.045743604868911755,1.8937790919981694,-0.027947713104368797,0.7744353000785701,0.20850898379184787,0.0,0.04302436705093392,0.0,0.0,0.0,0.0,0.0
6.31,0.7478081841846871,-0.43872084932178,0.045743604868911755,1.8937790919981694,-0.027947713104368797,0.7744353000785701,0.20850898379184787,0.0,0.04288416708288706,0.0,0.0,0.0,0.0,0.0
6.32,0.7478081841846871,-0.43829276517689564,0.045743604868911755,1.8937790919981694,-0.027947713104368797,0.7744353000785701,0.20850898379184787,0.0,0.04273040040705194,0.0,0.0,0.0,0.0,0.0
6.33,0.7478081841846871,-0.43786628654548404,0.045743604868911755,1.8937790919981694,-0.027947713104368797,0.7744353000785701,0.20850898379184787,0.0,0.04256306433610937,0.0,0.0,0.0,0.0,0.0
6.34,0.7478081841846871,-0.4374415491151354,0.045743604868911755,1.8937790919981694,-0.027947713104368797,0.7744353000785701,0.20850898379184787,0.0,0.042382160935441456,0.0,0.0,0.0,0.0,0.0
6.35,0.7478081841846871,-0.43701868852896986,0.045743604868911755,1.8937790919981694,-0.027947713104368797,0.7744353000785701,0.20850898379184787,0.0,0.04218769703558329,0.0,0.0,0.0,0.0,0.0
6.36,0.7478081841846871,-0.43659784033793153,0.045743604868911755,1.8937790919981694,-0.027947713104368797,0.7744353000785701,0.20850898379184787,0.0,0.04197968424286882,0.0,0.0,0.0,0.0,0.0
6.37,0.7478081841846871,-0.4361791399529845,0.045743604868911755,1.8937790919981694,-0.027947713104368797,0.7744353000785701,0.20850898379184787,0.0,0.041758138948263746,0.0,0.0,0.0,0.0,0.0
6.38,0.7478081841846871,-0.4357627225972302,0.045743604868911755,1.8937790919981694,-0.027947713104368797,0.7744353000785701,0.20850898379184787,0.0,0.0415230823343783,0.0,0.0,0.0,0.0,0.0
6.39,0.7478081841846871,-0.4353487232579632,0.045743604868911755,1.8937790919981694,-0.027947713104368797,0.7744353000785701,0.20850898379184787,0.0,0.0412745403806542,0.0,0.0,0.0,0.0,0.0
6.4,0.7478081841846871,-0.4349372766386847,0.045743604868911755,1.8937790919981694,-0.027947713104368797,0.7744353000785701,0.20850898379184787,0.0,0.041012543866719854,0.0,0.0,0.0,0.0,0.0
6.41,0.7478081841846871,-0.43452851711109186,0.045743604868911755,1.8937790919981694,-0.027947713104368797,0.7744353000785701,0.20850898379184787,0.0,0.04073712837390988,0.0,0.0,0.0,0.0,0.0
6.42,0.7478081841846871,-0.4341225786670603,0.045743604868911755,1.8937790919981694,-0.027947713104368797,0.7744353000785701,0.20850898379184787,0.0,0.040448334284944,0.0,0.0,0.0,0.0,0.0
6.43,0.7478081841846871,-0.4337195948706398,0.045743604868911755,1.8937790919981694,-0.027947713104368797,0.7744353000785701,0.20850898379184787,0.0,0.04014620678176356,0.0,0.0,0.0,0.0,0.0
6.44,0.7478081841846871,-0.4333196988100807,0.045743604868911755,1.8937790919981694,-0.027947713104368797,0.7744353000785701,0.20850898379184787,0.0,0.039830795841521785,0.0,0.0,0.0,0.0,0.0
6.45,0.7478081841846871,-0.4329230230499092,0.045743604868911755,1.8937790919981694,-0.027947713104368797,0.7744353000785701,0.20850898379184787,0.0,0.03950215623072729,0.0,0.0,0.0,0.0,0.0
6.46,0.7478081841846871,-0.4325296995830711,0.045743604868911755,1.8937790919981694,-0.027947713104368797,0.7744353000785701,0.20850898379184787,0.0,0.039160347497539015,0.0,0.0,0.0,0.0,0.0
6.47,0.7478081841846871,-0.4321398597831613,0.045743604868911755,1.8937790919981694,-0.027947713104368797,0.7744353000785701,0.20850898379184787,0.0,0.03880543396221326,0.0,0.0,0.0,0.0,0.0
6.48,0.7478081841846871,-0.4317536343567583,0.045743604868911755,1.8937790919981694,-0.027947713104368797,0.7744353000785701,0.20850898379184787,0.0,0.038437484705702414,0.0,0.0,0.0,0.0,0.0
6.49,0.7478081841846871,-0.4313711532958823,0.045743604868911755,1.8937790919981694,-0.027947713104368797,0.7744353000785701,0.20850898379184787,0.0,0.03805657355640797,0.0,0.0,0.0,0.0,0.0
6.5,0.7478081841846871,-0.4309925458305942,0.045743604868911755,1.8937790919981694,-0.027947713104368797,0.7744353000785701,0.20850898379184787,0.0,0.037662779075088304,0.0,0.0,0.0,0.0,0.0
6.51,0.7478081841846871,-0.4306179403817552,0.045743604868911755,1.8937790919981694,-0.027947713104368797,0.7744353000785701,0.20850898379184787,0.0,0.037256184537925646,0.0,0.0,0.0,0.0,0.0
6.52,0.7478081841846871,-0.4302474645139653,0.045743604868911755,1.8937790919981694,-0.027947713104368797,0.7744353000785701,0.20850898379184787,0.0,0.036836877917754814,0.0,0.0,0.0,0.0,0.0
6.53,0.7478081841846871,-0.4298812448886976,0.045743604868911755,1.8937790919981694,-0.027947713104368797,0.7744353000785701,0.20850898379184787,0.0,0.036404951863458074,0.0,0.0,0.0,0.0,0.0
6.54,0.7478081841846871,-0.4295194072176493,0.045743604868911755,1.8937790919981694,-0.027947713104368797,0.7744353000785701,0.20850898379184787,0.0,0.035960503677532084,0.0,0.0,0.0,0.0,0.0
6.55,0.7478081841846871,-0.4291620762163244,0.045743604868911755,1.8937790919981694,-0.027947713104368797,0.7744353000785701,0.20850898379184787,0.0,0.035503635291831245,0.0,0.0,0.0,0.0,0.0
6.56,0.7478081841846871,-0.42880937555786985,0.045743604868911755,1.8937790919981694,-0.027947713104368797,0.7744353000785701,0.20850898379184787,0.0,0.035034453241495636,0.0,0.0,0.0,0.0,0.0
6.57,0.7478081841846871,-0.4284614278271799,0.045743604868911755,1.8937790919981694,-0.027947713104368797,0.7744353000785701,0.20850898379184787,0.0,0.034553068637069626,0.0,0.0,0.0,0.0,0.0
6.58,0.7478081841846871,-0.42811835447528945,0.045743604868911755,1.8937790919981694,-0.027947713104368797,0.7744353000785701,0.20850898379184787,0.0,0.034059597134819944,0.0,0.0,0.0,0.0,0.0
6.59,0.7478081841846871,-0.42778027577407246,0.045743604868911755,1.8937790919981694,-0.027947713104368797,0.7744353000785701,0.20850898379184787,0.0,0.03355415890526147,0.0,0.0,0.0,0.0,0.0
6.6,0.7478081841846871,-0.4274473107712643,0.045743604868911755,1.8937790919981694,-0.027947713104368797,0.7744353000785701,0.20850898379184787,0.0,0.0330368785999008,0.0,0.0,0.0,0.0,0.0
6.61,0.7478081841846871,-0.42711957724582544,0.045743604868911755,1.8937790919981694,-0.027947713104368797,0.7744353000785701,0.20850898379184787,0.0,0.032507885316207234,0.0,0.0,0.0,0.0,0.0
6.62,0.7478081841846871,-0.42679719166366475,0.045743604868911755,1.8937790919981694,-0.027947713104368797,0.7744353000785701,0.20850898379184787,0.0,0.03196731256082319,0.0,0.0,0.0,0.0,0.0
6.63,0.7478081841846871,-0.42648026913373827,0.045743604868911755,1.8937790919981694,-0.027947713104368797,0.7744353000785701,0.20850898379184787,0.0,0.03141529821102403,0.0,0.0,0.0,0.0,0.0
6.64,0.7478081841846871,-0.4261689233645434,0.045743604868911755,1.8937790919981694,-0.027947713104368797,0.7744353000785701,0.20850898379184787,0.0,0.03085198447444186,0.0,0.0,0.0,0.0,0.0
6.65,0.7478081841846871,-0.4258632666210237,0.045743604868911755,1.8937790919981694,-0.027947713104368797,0.7744353000785701,0.20850898379184787,0.0,0.030277517847064624,0.0,0.0,0.0,0.0,0.0
6.66,0.7478081841846871,-0.42556340968190254,0.045743604868911755,1.8937790919981694,-0.027947713104368797,0.7744353000785701,0.20850898379184787,0.0,0.02969204906952568,0.0,0.0,0.0,0.0,0.0
6.67,0.7478081841846871,-0.42526946179746217,0.045743604868911755,1.8937790919981694,-0.027947713104368797,0.7744353000785701,0.20850898379184787,0.0,0.029095733081697307,0.0,0.0,0.0,0.0,0.0
6.68,0.7478081841846871,-0.42498153064778543,0.045743604868911755,1.8937790919981694,-0.027947713104368797,0.7744353000785701,0.20850898379184787,0.0,0.02848872897560445,0.0,0.0,0.0,0.0,0.0
6.69,0.7478081841846871,-0.42469972230147657,0.045743604868911755,1.8937790919981694,-0.027947713104368797,0.7744353000785701,0.20850898379184787,0.0,0.027871199946673815,0.0,0.0,0.0,0.0,0.0
6.7,0.7478081841846871,-0.4244241411748779,0.045743604868911755,1.8937790919981694,-0.027947713104368797,0.7744353000785701,0.20850898379184787,0.0,0.027243313243336016,0.0,0.0,0.0,0.0,0.0
6.71,0.7478081841846871,-0.4241548899917985,0.045743604868911755,1.8937790919981694,-0.027947713104368797,0.7744353000785701,0.20850898379184787,0.0,0.02660524011499638,0.0,0.0,0.0,0.0,0.0
6.72,0.7478081841846871,-0.4238920697437713,0.045743604868911755,1.8937790919981694,-0.027947713104368797,0.7744353000785701,0.20850898379184787,0.0,0.0259571557583946,0.0,0.0,0.0,0.0,0.0
6.73,0.7478081841846871,-0.4236357796508548,0.045743604868911755,1.8937790919981694,-0.027947713104368797,0.7744353000785701,0.20850898379184787,0.0,0.02529923926237016,0.0,0.0,0.0,0.0,0.0
6.74,0.7478081841846871,-0.42338611712299457,0.045743604868911755,1.8937790919981694,-0.027947713104368797,0.7744353000785701,0.20850898379184787,0.0,0.024631673551053997,0.0,0.0,0.0,0.0,0.0
6.75,0.7478081841846871,-0.4231431777219609,0.045743604868911755,1.8937790919981694,-0.027947713104368797,0.7744353000785701,0.20850898379184787,0.0,0.023954645325505584,0.0,0.0,0.0,0.0,0.0
6.76,0.7478081841846871,-0.42290705512387783,0.045743604868911755,1.8937790919981694,-0.027947713104368797,0.7744353000785701,0.20850898379184787,0.0,0.023268345003816714,0.0,0.0,0.0,0.0,0.0
6.77,0.7478081841846871,-0.4226778410823585,0.045743604868911755,1.8937790919981694,-0.027947713104368797,0.7744353000785701,0.20850898379184787,0.0,0.022572966659703278,0.0,0.0,0.0,0.0,0.0
6.78,0.7478081841846871,-0.4224556253922624,0.045743604868911755,1.8937790919981694,-0.027947713104368797,0.7744353000785701,0.20850898379184787,0.0,0.02186870795960634,0.0,0.0,0.0,0.0,0.0
6.79,0.7478081841846871,-0.4222404958540884,0.045743604868911755,1.8937790919981694,-0.027947713104368797,0.7744353000785701,0.20850898379184787,0.0,0.021155770098325987,0.0,0.0,0.0,0.0,0.0
6.8,0.7478081841846871,-0.42203253823901926,0.045743604868911755,1.8937790919981694,-0.027947713104368797,0.7744353000785701,0.20850898379184787,0.0,0.020434357733210107,0.0,0.0,0.0,0.0,0.0
6.81,0.7478081841846871,-0.4218318362546311,0.045743604868911755,1.8937790919981694,-0.027947713104368797,0.7744353000785701,0.20850898379184787,0.0,0.01970467891692296,0.0,0.0,0.0,0.0,0.0
6.82,0.7478081841846871,-0.4216384715112821,0.045743604868911755,1.8937790919981694,-0.027947713104368797,0.7744353000785701,0.20850898379184787,0.0,0.01896694502881679,0.0,0.0,0.0,0.0,0.0
6.83,0.7478081841846871,-0.42145252348919465,0.045743604868911755,1.8937790919981694,-0.027947713104368797,0.7744353000785701,0.20850898379184787,0.0,0.01822137070493307,0.0,0.0,0.0,0.0,0.0
6.84,0.7478081841846871,-0.42127406950624396,0.045743604868911755,1.8937790919981694,-0.027947713104368797,0.7744353000785701,0.20850898379184787,0.0,0.017468173766656325,0.0,0.0,0.0,0.0,0.0
6.85,0.7478081841846871,-0.4211031846864669,0.045743604868911755,1.8937790919981694,-0.027947713104368797,0.7744353000785701,0.20850898379184787,0.0,0.01670757514804979,0.0,0.0,0.0,0.0,0.0
6.86,0.7478081841846871,-0.42093994192930406,0.045743604868911755,1.8937790919981694,-0.027947713104368797,0.7744353000785701,0.20850898379184787,0.0,0.015939798821896996,0.0,0.0,0.0,0.0,0.0
6.87,0.7478081841846871,-0.4207844118795873,0.045743604868911755,1.8937790919981694,-0.027947713104368797,0.7744353000785701,0.20850898379184787,0.0,0.015165071724478119,0.0,0.0,0.0,0.0,0.0
6.88,0.7478081841846871,-0.4206366628982865,0.045743604868911755,1.8937790919981694,-0.027947713104368797,0.7744353000785701,0.20850898379184787,0.0,0.014383623679107707,0.0,0.0,0.0,0.0,0.0
6.89,0.7478081841846871,-0.42049676103402617,0.045743604868911755,1.8937790919981694,-0.027947713104368797,0.7744353000785701,0.20850898379184787,0.0,0.013595687318463142,0.0,0.0,0.0,0.0,0.0
6.9,0.7478081841846871,-0.42036476999538536,0.045743604868911755,1.8937790919981694,-0.027947713104368797,0.7744353000785701,0.20850898379184787,0.0,0.012801498005731535,0.0,0.0,0.0,0.0,0.0
6.91,0.7478081841846871,-0.4202407511239917,0.045743604868911755,1.8937790919981694,-0.027947713104368797,0.7744353000785701,0.20850898379184787,0.0,0.01200129375460598,0.0,0.0,0.0,0.0,0.0
6.92,0.7478081841846871,-0.4201247633684207,0.045743604868911755,1.8937790919981694,-0.027947713104368797,0.7744353000785701,0.20850898379184787,0.0,0.011195315148158276,0.0,0.0,0.0,0.0,0.0
6.93,0.7478081841846871,-0.4200168632589126,0.045743604868911755,1.8937790919981694,-0.027947713104368797,0.7744353000785701,0.20850898379184787,0.0,0.010383805256621676,0.0,0.0,0.0,0.0,0.0
6.94,0.7478081841846871,-0.4199171048829159,0.045743604868911755,1.8937790919981694,-0.027947713104368797,0.7744353000785701,0.20850898379184787,0.0,0.009567009554111699,0.0,0.0,0.0,0.0,0.0
6.95,0.7478081841846871,-0.41982553986146953,0.045743604868911755,1.8937790919981694,-0.027947713104368797,0.7744353000785701,0.20850898379184787,0.0,0.008745175834317885,0.0,0.0,0.0,0.0,0.0
6.96,0.7478081841846871,-0.41974221732643263,0.045743604868911755,1.8937790919981694,-0.027947713104368797,0.7744353000785701,0.20850898379184787,0.0,0.007918554125196951,0.0,0.0,0.0,0.0,0.0
6.97,0.7478081841846871,-0.41966718389857255,0.045743604868911755,1.8937790919981694,-0.027947713104368797,0.7744353000785701,0.20850898379184787,0.0,0.00708739660270055,0.0,0.0,0.0,0.0,0.0
6.98,0.7478081841846871,-0.41960048366652,0.045743604868911755,1.8937790919981694,-0.027947713104368797,0.7744353000785701,0.20850898379184787,0.0,0.006251957503568959,0.0,0.0,0.0,0.0,0.0
6.99,0.7478081841846871,-0.4195421581666012,0.045743604868911755,1.8937790919981694,-0.027947713104368797,0.7744353000785701,0.20850898379184787,0.0,0.005412493037225277,0.0,0.0,0.0,0.0,0.0
7.0,0.7478081841846871,-0.4194922463635551,0.045743604868911755,1.8937790919981694,-0.027947713104368797,0.7744353000785701,0.20850898379184787,0.0,0.004569261296800643,0.0,0.0,0.0,0.0,0.0
7.01,0.7478081841846871,-0.4194507846321446,0.045743604868911755,1.8937790919981694,-0.027947713104368797,0.7744353000785701,0.20850898379184787,0.0,0.0037225221693275557,0.0,0.0,0.0,0.0,0.0
7.02,0.7478081841846871,-0.41941780673967005,0.045743604868911755,1.8937790919981694,-0.027947713104368797,0.7744353000785701,0.20850898379184787,0.0,0.0028725372451325875,0.0,0.0,0.0,0.0,0.0
7.03,0.7478081841846871,-0.4193933438293924,0.045743604868911755,1.8937790919981694,-0.027947713104368797,0.7744353000785701,0.20850898379184787,0.0,0.0020195697264639777,0.0,0.0,0.0,0.0,0.0
7.04,0.7478081841846871,-0.419377424404874,0.045743604868911755,1.8937790919981694,-0.027947713104368797,0.7744353000785701,0.20850898379184787,0.0,0.0011638843353896612,0.0,0.0,0.0,0.0,0.0
7.05,0.7478081841846871,-0.4193700743152438,0.045743604868911755,1.8937790919981694,-0.027947713104368797,0.7744353000785701,0.20850898379184787,0.0,0.0003057472209981854,0.0,0.0,0.0,0.0,0.0
7.06,0.7478081841846871,-0.419371316741394,0.045743604868911755,1.8937790919981694,-0.027947713104368797,0.7744353000785701,0.20850898379184787,-0.0,-0.0005545741340587375,-0.0,-0.0,-0.0,-0.0,-0.0
7.07,0.7478081841846871,-0.419381172183114,0.045743604868911755,1.8937790919981694,-0.027947713104368797,0.7744353000785701,0.20850898379184787,-0.0,-0.0014168110076491925,-0.0,-0.0,-0.0,-0.0,-0.0
7.08,0.7478081841846871,-0.4193996584471689,0.045743604868911755,1.8937790919981694,-0.027947713104368797,0.7744353000785701,0.20850898379184787,-0.0,-0.002280693532831937,-0.0,-0.0,-0.0,-0.0,-0.0
7.09,0.7478081841846871,-0.4194267906363268,0.045743604868911755,1.8937790919981694,-0.027947713104368797,0.7744353000785701,0.20850898379184787,-0.0,-0.0031459507930800784,-0.0,-0.0,-0.0,-0.0,-0.0
7.1,0.7478081841846871,-0.41946258113934143,0.045743604868911755,1.8937790919981694,-0.027947713104368797,0.7744353000785701,0.20850898379184787,-0.0,-0.0040123109180201216,-0.0,-0.0,-0.0,-0.0,-0.0
7.11,0.7478081841846871,-0.4195070396218941,0.045743604868911755,1.8937790919981694,-0.027947713104368797,0.7744353000785701,0.20850898379184787,-0.0,-0.004879501179650658,-0.0,-0.0,-0.0,-0.0,-0.0
7.12,0.7478081841846871,-0.4195601730185006,0.045743604868911755,1.8937790919981694,-0.027947713104368797,0.7744353000785701,0.20850898379184787,-0.0,-0.0057472480890026,-0.0,-0.0,-0.0,-0.0,-0.0
7.13,0.7478081841846871,-0.4196219855253866,0.045743604868911755,1.8937790919981694,-0.027947713104368797,0.7744353000785701,0.20850898379184787,-0.0,-0.0066152774932052676,-0.0,-0.0,-0.0,-0.0,-0.0
7.14,0.7478081841846871,-0.41969247859433517,0.045743604868911755,1.8937790919981694,-0.027947713104368797,0.7744353000785701,0.20850898379184787,-0.0,-0.007483314672920208,-0.0,-0.0,-0.0,-0.0,-0.0
7.15,0.7478081841846871,-0.4197716509275111,0.045743604868911755,1.8937790919981694,-0.027947713104368797,0.7744353000785701,0.20850898379184787,-0.0,-0.008351084440105084,-0.0,-0.0,-0.0,-0.0,-0.0
7.16,0.7478081841846871,-0.4198594984732635,0.045743604868911755,1.8937790919981694,-0.027947713104368797,0.7744353000785701,0.20850898379184787,-0.0,-0.009218311236069681,-0.0,-0.0,-0.0,-0.0,-0.0
7.17,0.7478081841846871,-0.419956014422911,0.045743604868911755,1.8937790919981694,-0.027947713104368797,0.7744353000785701,0.20850898379184787,-0.0,-0.010084719229788664,-0.0,-0.0,-0.0,-0.0,-0.0
7.18,0.7478081841846871,-0.4200611892085107,0.045743604868911755,1.8937790919981694,-0.027947713104368797,0.7744353000785701,0.20850898379184787,-0.0,-0.01095003241642946,-0.0,-0.0,-0.0,-0.0,-0.0
7.19,0.7478081841846871,-0.42017501050161354,0.045743604868911755,1.8937790919981694,-0.027947713104368797,0.7744353000785701,0.20850898379184787,-0.0,-0.011813974716059642,-0.0,-0.0,-0.0,-0.0,-0.0
7.2,0.7478081841846871,-0.4202974632130076,0.045743604868911755,1.8937790919981694,-0.027947713104368797,0.7744353000785701,0.20850898379184787,-0.0,-0.012676270072495402,-0.0,-0.0,-0.0,-0.0,-0.0
7.21,0.7478081841846871,-0.4204285294934499,0.045743604868911755,1.8937790919981694,-0.027947713104368797,0.7744353000785701,0.20850898379184787,-0.0,-0.013536642552252728,-0.0,-0.0,-0.0,-0.0,-0.0
7.22,0.7478081841846871,-0.42056818873538887,0.045743604868911755,1.8937790919981694,-0.027947713104368797,0.7744353000785701,0.20850898379184787,-0.0,-0.014394816443561755,-0.0,-0.0,-0.0,-0.0,-0.0
7.23,0.7478081841846871,-0.4207164175756763,0.045743604868911755,1.8937790919981694,-0.027947713104368797,0.7744353000785701,0.20850898379184787,-0.0,-0.015250516355408635,-0.0,-0.0,-0.0,-0.0,-0.0
7.24,0.7478081841846871,-0.4208731898992704,0.045743604868911755,1.8937790919981694,-0.027947713104368797,0.7744353000785701,0.20850898379184787,-0.0,-0.01610346731656326,-0.0,-0.0,-0.0,-0.0,-0.0
7.25,0.7478081841846871,-0.4210384768439284,0.045743604868911755,1.8937790919981694,-0.027947713104368797,0.7744353000785701,0.20850898379184787,-0.0,-0.016953394874557687,-0.0,-0.0,-0.0,-0.0,-0.0
7.26,0.7478081841846871,-0.4212122468058887,0.045743604868911755,1.8937790919981694,-0.027947713104368797,0.7744353000785701,0.20850898379184787,-0.0,-0.017800025194573715,-0.0,-0.0,-0.0,-0.0,-0.0
7.27,0.7478081841846871,-0.42139446544654136,0.045743604868911755,1.8937790919981694,-0.027947713104368797,0.7744353000785701,0.20850898379184787,-0.0,-0.018643085158204155,-0.0,-0.0,-0.0,-0.0,-0.0
7.28,0.7478081841846871,-0.42158509570008534,0.045743604868911755,1.8937790919981694,-0.027947713104368797,0.7744353000785701,0.20850898379184787,-0.0,-0.019482302462047154,-0.0,-0.0,-0.0,-0.0,-0.0
7.29,0.7478081841846871,-0.4217840977821706,0.045743604868911755,1.8937790919981694,-0.027947713104368797,0.7744353000785701,0.20850898379184787,-0.0,-0.02031740571609552,-0.0,-0.0,-0.0,-0.0,-0.0
7.3,0.7478081841846871,-0.4219914291995231,0.045743604868911755,1.8937790919981694,-0.027947713104368797,0.7744353000785701,0.20850898379184787,-0.0,-0.02114812454188523,-0.0,-0.0,-0.0,-0.0,-0.0
7.31,0.7478081841846871,-0.4222070447605498,0.045743604868911755,1.8937790919981694,-0.027947713104368797,0.7744353000785701,0.20850898379184787,-0.0,-0.021974189670360997,-0.0,-0.0,-0.0,-0.0,-0.0
7.32,0.7478081841846871,-0.42243089658692073,0.045743604868911755,1.8937790919981694,-0.027947713104368797,0.7744353000785701,0.20850898379184787,-0.0,-0.02279533303942346,-0.0,-0.0,-0.0,-0.0,-0.0
7.33,0.7478081841846871,-0.4226629341261247,0.045743604868911755,1.8937790919981694,-0.027947713104368797,0.7744353000785701,0.20850898379184787,-0.0,-0.023611287891119343,-0.0,-0.0,-0.0,-0.0,-0.0
7.34,0.7478081841846871,-0.4229031041649955,0.045743604868911755,1.8937790919981694,-0.027947713104368797,0.7744353000785701,0.20850898379184787,-0.0,-0.024421788868436847,-0.0,-0.0,-0.0,-0.0,-0.0
7.35,0.7478081841846871,-0.4231513508442028,0.045743604868911755,1.8937790919981694,-0.027947713104368797,0.7744353000785701,0.20850898379184787,-0.0,-0.025226572111667116,-0.0,-0.0,-0.0,-0.0,-0.0
7.36,0.7478081841846871,-0.42340761567370583,0.045743604868911755,1.8937790919981694,-0.027947713104368797,0.7744353000785701,0.20850898379184787,-0.0,-0.026025375354296665,-0.0,-0.0,-0.0,-0.0,-0.0
7.37,0.7478081841846871,-0.4236718375491621,0.045743604868911755,1.8937790919981694,-0.027947713104368797,0.7744353000785701,0.20850898379184787,-0.0,-0.02681793801839049,-0.0,-0.0,-0.0,-0.0,-0.0
7.38,0.7478081841846871,-0.42394395276928815,0.045743604868911755,1.8937790919981694,-0.027947713104368797,0.7744353000785701,0.20850898379184787,-0.0,-0.027604001309431296,-0.0,-0.0,-0.0,-0.0,-0.0
7.39,0.7478081841846871,-0.42422389505416536,0.045743604868911755,1.8937790919981694,-0.027947713104368797,0.7744353000785701,0.20850898379184787,-0.0,-0.028383308310574975,-0.0,-0.0,-0.0,-0.0,-0.0
7.4,0.7478081841846871,-0.42451159556448553,0.045743604868911755,1.8937790919981694,-0.027947713104368797,0.7744353000785701,0.20850898379184787,-0.0,-0.029155604076288394,-0.0,-0.0,-0.0,-0.0,-0.0
7.41,0.7478081841846871,-0.4248069829217293,0.045743604868911755,1.8937790919981694,-0.027947713104368797,0.7744353000785701,0.20850898379184787,-0.0,-0.0299206357253299,-0.0,-0.0,-0.0,-0.0,-0.0
7.42,0.7478081841846871,-0.4251099832292712,0.045743604868911755,1.8937790919981694,-0.027947713104368797,0.7744353000785701,0.20850898379184787,-0.0,-0.03067815253303856,-0.0,-0.0,-0.0,-0.0,-0.0
7.43,0.7478081841846871,-0.42542052009440395,0.045743604868911755,1.8937790919981694,-0.027947713104368797,0.7744353000785701,0.20850898379184787,-0.0,-0.03142790602289461,-0.0,-0.0,-0.0,-0.0,-0.0
7.44,0.7478081841846871,-0.42573851465127444,0.045743604868911755,1.8937790919981694,-0.027947713104368797,0.7744353000785701,0.20850898379184787,-0.0,-0.032169650057315625,-0.0,-0.0,-0.0,-0.0,-0.0
7.45,0.7478081841846871,-0.4260638855847236,0.045743604868911755,1.8937790919981694,-0.027947713104368797,0.7744353000785701,0.20850898379184787,-0.0,-0.032903140927651994,-0.0,-0.0,-0.0,-0.0,-0.0
7.46,0.7478081841846871,-0.4263965491550224,0.045743604868911755,1.8937790919981694,-0.027947713104368797,0.7744353000785701,0.20850898379184787,-0.0,-0.03362813744334887,-0.0,-0.0,-0.0,-0.0,-0.0
7.47,0.7478081841846871,-0.42673641922349514,0.045743604868911755,1.8937790919981694,-0.027947713104368797,0.7744353000785701,0.20850898379184787,-0.0,-0.03434440102023618,-0.0,-0.0,-0.0,-0.0,-0.0
7.48,0.7478081841846871,-0.42708340727902083,0.045743604868911755,1.8937790919981694,-0.027947713104368797,0.7744353000785701,0.20850898379184787,-0.0,-0.03505169576791434,-0.0,-0.0,-0.0,-0.0,-0.0
7.49,0.7478081841846871,-0.4274374224654037,0.045743604868911755,1.8937790919981694,-0.027947713104368797,0.7744353000785701,0.20850898379184787,-0.0,-0.03574978857620087,-0.0,-0.0,-0.0,-0.0,-0.0
7.5,0.7478081841846871,-0.42779837160960404,0.045743604868911755,1.8937790919981694,-0.027947713104368797,0.7744353000785701,0.20850898379184787,-0.0,-0.03643844920060373,-0.0,-0.0,-0.0,-0.0,-0.0
7.51,0.7478081841846871,-0.428166159250818,0.045743604868911755,1.8937790919981694,-0.027947713104368797,0.7744353000785701,0.20850898379184787,-0.0,-0.03711745034678774,-0.0,-0.0,-0.0,-0.0,-0.0
7.52,0.7478081841846871,-0.428540687670397,0.045743604868911755,1.8937790919981694,-0.027947713104368797,0.7744353000785701,0.20850898379184787,-0.0,-0.03778656775400071,-0.0,-0.0,-0.0,-0.0,-0.0
7.53,0.7478081841846871,-0.42892185692259677,0.045743604868911755,1.8937790919981694,-0.027947713104368797,0.7744353000785701,0.20850898379184787,-0.0,-0.038445580277427484,-0.0,-0.0,-0.0,-0.0,-0.0
7.54,0.7478081841846871,-0.4293095648661434,0.045743604868911755,1.8937790919981694,-0.027947713104368797,0.7744353000785701,0.20850898379184787,-0.0,-0.03909426996943776,-0.0,-0.0,-0.0,-0.0,-0.0
7.55,0.7478081841846871,-0.4297037071966068,0.045743604868911755,1.8937790919981694,-0.027947713104368797,0.7744353000785701,0.20850898379184787,-0.0,-0.03973242215969745,-0.0,-0.0,-0.0,-0.0,-0.0
7.56,0.7478081841846871,-0.4301041774795696,0.045743604868911755,1.8937790919981694,-0.027947713104368797,0.7744353000785701,0.20850898379184787,-0.0,-0.040359825534110993,-0.0,-0.0,-0.0,-0.0,-0.0
7.57,0.7478081841846871,-0.4305108671845791,0.045743604868911755,1.8937790919981694,-0.027947713104368797,0.7744353000785701,0.20850898379184787,-0.0,-0.04097627221256379,-0.0,-0.0,-0.0,-0.0,-0.0
7.58,0.7478081841846871,-0.4309236657198705,0.045743604868911755,1.8937790919981694,-0.027947713104368797,0.7744353000785701,0.20850898379184787,-0.0,-0.04158155782543364,-0.0,-0.0,-0.0,-0.0,-0.0
7.59,0.7478081841846871,-0.4313424604678495,0.045743604868911755,1.8937790919981694,-0.027947713104368797,0.7744353000785701,0.20850898379184787,-0.0,-0.04217548158884275,-0.0,-0.0,-0.0,-0.0,-0.0
7.6,0.7478081841846871,-0.4317671368213205,0.045743604868911755,1.8937790919981694,-0.027947713104368797,0.7744353000785701,0.20850898379184787,-0.0,-0.042757846378618285,-0.0,-0.0,-0.0,-0.0,-0.0
7.61,0.7478081841846871,-0.43219757822044774,0.045743604868911755,1.8937790919981694,-0.027947713104368797,0.7744353000785701,0.20850898379184787,-0.0,-0.04332845880293368,-0.0,-0.0,-0.0,-0.0,-0.0
7.62,0.7478081841846871,-0.43263366619043664,0.045743604868911755,1.8937790919981694,-0.027947713104368797,0.7744353000785701,0.20850898379184787,-0.0,-0.043887129273602145,-0.0,-0.0,-0.0,-0.0,-0.0
7.63,0.7478081841846871,-0.4330752803799208,0.045743604868911755,1.8937790919981694,-0.027947713104368797,0.7744353000785701,0.20850898379184787,-0.0,-0.04443367207599393,-0.0,-0.0,-0.0,-0.0,-0.0
7.64,0.7478081841846871,-0.43352229860004154,0.045743604868911755,1.8937790919981694,-0.027947713104368797,0.7744353000785701,0.20850898379184787,-0.0,-0.044967905437549006,-0.0,-0.0,-0.0,-0.0,-0.0
7.65,0.7478081841846871,-0.4339745968642049,0.045743604868911755,1.8937790919981694,-0.027947713104368797,0.7744353000785701,0.20850898379184787,-0.0,-0.045489651594859924,-0.0,-0.0,-0.0,-0.0,-0.0
7.66,0.7478081841846871,-0.4344320494285026,0.045743604868911755,1.8937790919981694,-0.027947713104368797,0.7744353000785701,0.20850898379184787,-0.0,-0.04599873685929624,-0.0,-0.0,-0.0,-0.0,-0.0
7.67,0.7478081841846871,-0.434894528832782,0.045743604868911755,1.8937790919981694,-0.027947713104368797,0.7744353000785701,0.20850898379184787,-0.0,-0.04649499168114661,-0.0,-0.0,-0.0,-0.0,-0.0
7.68,0.7478081841846871,-0.4353619059423494,0.045743604868911755,1.8937790919981694,-0.027947713104368797,0.7744353000785701,0.20850898379184787,-0.0,-0.04697825071225134,-0.0,-0.0,-0.0,-0.0,-0.0
7.69,0.7478081841846871,-0.43583404999029257,0.045743604868911755,1.8937790919981694,-0.027947713104368797,0.7744353000785701,0.20850898379184787,-0.0,-0.04744835286710241,-0.0,-0.0,-0.0,-0.0,-0.0
7.7,0.7478081841846871,-0.4363108286204062,0.045743604868911755,1.8937790919981694,-0.027947713104368797,0.7744353000785701,0.20850898379184787,-0.0,-0.04790514138238524,-0.0,-0.0,-0.0,-0.0,-0.0
7.71,0.7478081841846871,-0.4367921079307049,0.045743604868911755,1.8937790919981694,-0.027947713104368797,0.7744353000785701,0.20850898379184787,-0.0,-0.04834846387493984,-0.0,-0.0,-0.0,-0.0,-0.0
7.72,0.7478081841846871,-0.437277752517508,0.045743604868911755,1.8937790919981694,-0.027947713104368797,0.7744353000785701,0.20850898379184787,-0.0,-0.048778172398118075,-0.0,-0.0,-0.0,-0.0,-0.0
7.73,0.7478081841846871,-0.43776762552007975,0.045743604868911755,1.8937790919981694,-0.027947713104368797,0.7744353000785701,0.20850898379184787,-0.0,-0.04919412349651439,-0.0,-0.0,-0.0,-0.0,-0.0
7.74,0.7478081841846871,-0.4382615886658081,0.045743604868911755,1.8937790919981694,-0.027947713104368797,0.7744353000785701,0.20850898379184787,-0.0,-0.04959617825904839,-0.0,-0.0,-0.0,-0.0,-0.0
7.75,0.7478081841846871,-0.43875950231590716,0.045743604868911755,1.8937790919981694,-0.027947713104368797,0.7744353000785701,0.20850898379184787,-0.0,-0.049984202370379566,-0.0,-0.0,-0.0,-0.0,-0.0
7.76,0.7478081841846871,-0.43926122551162394,0.045743604868911755,1.8937790919981694,-0.027947713104368797,0.7744353000785701,0.20850898379184787,-0.0,-0.05035806616063173,-0.0,-0.0,-0.0,-0.0,-0.0
7.77,0.7478081841846871,-0.43976661602093486,0.045743604868911755,1.8937790919981694,-0.027947713104368797,0.7744353000785701,0.20850898379184787,-0.0,-0.0507176446534089,-0.0,-0.0,-0.0,-0.0,-0.0
7.78,0.7478081841846871,-0.4402755303857135,0.045743604868911755,1.8937790919981694,-0.027947713104368797,0.7744353000785701,0.20850898379184787,-0.0,-0.05106281761208369,-0.0,-0.0,-0.0,-0.0,-0.0
7.79,0.7478081841846871,-0.44078782396935207,0.045743604868911755,1.8937790919981694,-0.027947713104368797,0.7744353000785701,0.20850898379184787,-0.0,-0.05139346958433873,-0.0,-0.0,-0.0,-0.0,-0.0
7.8,0.7478081841846871,-0.4413033510048205,0.045743604868911755,1.8937790919981694,-0.027947713104368797,0.7744353000785701,0.20850898379184787,-0.0,-0.05170948994494504,-0.0,-0.0,-0.0,-0.0,-0.0
7.81,0.7478081841846871,-0.44182196464314305,0.045743604868911755,1.8937790919981694,-0.027947713104368797,0.7744353000785701,0.20850898379184787,-0.0,-0.05201077293675898,-0.0,-0.0,-0.0,-0.0,-0.0
7.82,0.7478081841846871,-0.4423435170022774,0.045743604868911755,1.8937790919981694,-0.027947713104368797,0.7744353000785701,0.20850898379184787,-0.0,-0.05229721770992263,-0.0,-0.0,-0.0,-0.0,-0.0
7.83,0.7478081841846871,-0.4428678592163754,0.045743604868911755,1.8937790919981694,-0.027947713104368797,0.7744353000785701,0.20850898379184787,-0.0,-0.052568728359251304,-0.0,-0.0,-0.0,-0.0,-0.0
7.84,0.7478081841846871,-0.44339484148540936,0.045743604868911755,1.8937790919981694,-0.027947713104368797,0.7744353000785701,0.20850898379184787,-0.0,-0.052825213959794004,-0.0,-0.0,-0.0,-0.0,-0.0
7.85,0.7478081841846871,-0.4439243131251446,0.045743604868911755,1.8937790919981694,-0.027947713104368797,0.7744353000785701,0.20850898379184787,-0.0,-0.05306658860055238,-0.0,-0.0,-0.0,-0.0,-0.0
7.86,0.7478081841846871,-0.4444561226174399,0.045743604868911755,1.8937790919981694,-0.027947713104368797,0.7744353000785701,0.20850898379184787,-0.0,-0.05329277141634477,-0.0,-0.0,-0.0,-0.0,-0.0
7.87,0.7478081841846871,-0.4449901176608566,0.045743604868911755,1.8937790919981694,-0.027947713104368797,0.7744353000785701,0.20850898379184787,-0.0,-0.0535036866178029,-0.0,-0.0,-0.0,-0.0,-0.0
7.88,0.7478081841846871,-0.4455261452215599,0.045743604868911755,1.8937790919981694,-0.027947713104368797,0.7744353000785701,0.20850898379184787,-0.0,-0.05369926351948952,-0.0,-0.0,-0.0,-0.0,-0.0
7.89,0.7478081841846871,-0.4460640515844902,0.045743604868911755,1.8937790919981694,-0.027947713104368797,0.7744353000785701,0.20850898379184787,-0.0,-0.05387943656612531,-0.0,-0.0,-0.0,-0.0,-0.0
7.9,0.7478081841846871,-0.44660368240478776,0.045743604868911755,1.8937790919981694,-0.027947713104368797,0.7744353000785701,0.20850898379184787,-0.0,-0.0540441453569152,-0.0,-0.0,-0.0,-0.0,-0.0
7.91,0.7478081841846871,-0.4471448827594518,0.045743604868911755,1.8937790919981694,-0.027947713104368797,0.7744353000785701,0.20850898379184787,-0.0,-0.05419333466796403,-0.0,-0.0,-0.0,-0.0,-0.0
7.92,0.7478081841846871,-0.44768749719921336,0.045743604868911755,1.8937790919981694,-0.027947713104368797,0.7744353000785701,0.20850898379184787,-0.0,-0.054326954472773095,-0.0,-0.0,-0.0,-0.0,-0.0
7.93,0.7478081841846871,-0.44823136980060324,0.045743604868911755,1.8937790919981694,-0.027947713104368797,0.7744353000785701,0.20850898379184787,-0.0,-0.054444959960809086,-0.0,-0.0,-0.0,-0.0,-0.0
7.94,0.7478081841846871,-0.44877634421819745,0.045743604868911755,1.8937790919981694,-0.027947713104368797,0.7744353000785701,0.20850898379184787,-0.0,-0.05454731155413826,-0.0,-0.0,-0.0,-0.0,-0.0
7.95,0.7478081841846871,-0.44932226373701706,0.045743604868911755,1.8937790919981694,-0.027947713104368797,0.7744353000785701,0.20850898379184787,-0.0,-0.054633974922119154,-0.0,-0.0,-0.0,-0.0,-0.0
7.96,0.7478081841846871,-0.44986897132506765,0.045743604868911755,1.8937790919981694,-0.027947713104368797,0.7744353000785701,0.20850898379184787,-0.0,-0.0547049209941482,-0.0,-0.0,-0.0,-0.0,-0.0
7.97,0.7478081841846871,-0.4504163096859943,0.045743604868911755,1.8937790919981694,-0.027947713104368797,0.7744353000785701,0.20850898379184787,-0.0,-0.054760125970452815,-0.0,-0.0,-0.0,-0.0,-0.0
7.98,0.7478081841846871,-0.4509641213118365,0.045743604868911755,1.8937790919981694,-0.027947713104368797,0.7744353000785701,0.20850898379184787,-0.0,-0.05479957133092822,-0.0,-0.0,-0.0,-0.0,-0.0
7.99,0.7478081841846871,-0.4515122485358603,0.045743604868911755,1.8937790919981694,-0.027947713104368797,0.7744353000785701,0.20850898379184787,-0.0,-0.05482324384201393,-0.0,-0.0,-0.0,-0.0,-0.0
8.0,0.7478081841846871,-0.4520605335854502,0.045743604868911755,1.8937790919981694,-0.027947713104368797,0.7744353000785701,0.20850898379184787,-0.0,-0.05483113556160755,-0.0,-0.0,-0.0,-0.0,-0.0
8.01,0.7478081841846871,-0.45260881863504004,0.045743604868911755,1.8937790919981694,-0.027947713104368797,0.7744353000785701,0.20850898379184787,-0.0,-0.05482324384201393,-0.0,-0.0,-0.0,-0.0,-0.0
8.02,0.7478081841846871,-0.45315694585906385,0.045743604868911755,1.8937790919981694,-0.027947713104368797,0.7744353000785701,0.20850898379184787,-0.0,-0.05479957133092822,-0.0,-0.0,-0.0,-0.0,-0.0
8.03,0.7478081841846871,-0.45370475748490596,0.045743604868911755,1.8937790919981694,-0.027947713104368797,0.7744353000785701,0.20850898379184787,-0.0,-0.05476012597045282,-0.0,-0.0,-0.0,-0.0,-0.0
8.04,0.7478081841846871,-0.45425209584583265,0.045743604868911755,1.8937790919981694,-0.027947713104368797,0.7744353000785701,0.20850898379184787,-0.0,-0.0547049209941482,-0.0,-0.0,-0.0,-0.0,-0.0
8.05,0.7478081841846871,-0.4547988034338833,0.045743604868911755,1.8937790919981694,-0.027947713104368797,0.7744353000785701,0.20850898379184787,-0.0,-0.054633974922119154,-0.0,-0.0,-0.0,-0.0,-0.0
8.06,0.7478081841846871,-0.45534472295270295,0.045743604868911755,1.8937790919981694,-0.027947713104368797,0.7744353000785701,0.20850898379184787,-0.0,-0.05454731155413825,-0.0,-0.0,-0.0,-0.0,-0.0
8.07,0.7478081841846871,-0.45588969737029705,0.045743604868911755,1.8937790919981694,-0.027947713104368797,0.7744353000785701,0.20850898379184787,-0.0,-0.05444495996080909,-0.0,-0.0,-0.0,-0.0,-0.0
8.08,0.7478081841846871,-0.456433569971687,0.045743604868911755,1.8937790919981694,-0.027947713104368797,0.7744353000785701,0.20850898379184787,-0.0,-0.0543269544727731,-0.0,-0.0,-0.0,-0.0,-0.0
8.09,0.7478081841846871,-0.4569761844114485,0.045743604868911755,1.8937790919981694,-0.027947713104368797,0.7744353000785701,0.20850898379184787,-0.0,-0.054193334667964034,-0.0,-0.0,-0.0,-0.0,-0.0
8.1,0.7478081841846871,-0.45751738476611253,0.045743604868911755,1.8937790919981694,-0.027947713104368797,0.7744353000785701,0.20850898379184787,-0.0,-0.05404414535691521,-0.0,-0.0,-0.0,-0.0,-0.0
8.11,0.7478081841846871,-0.45805701558641015,0.045743604868911755,1.8937790919981694,-0.027947713104368797,0.7744353000785701,0.20850898379184787,-0.0,-0.053879436566125316,-0.0,-0.0,-0.0,-0.0,-0.0
8.12,0.7478081841846871,-0.4585949219493403,0.045743604868911755,1.8937790919981694,-0.027947713104368797,0.7744353000785701,0.20850898379184787,-0.0,-0.05369926351948954,-0.0,-0.0,-0.0,-0.0,-0.0
8.13,0.7478081841846871,-0.45913094951004374,0.045743604868911755,1.8937790919981694,-0.027947713104368797,0.7744353000785701,0.20850898379184787,-0.0,-0.05350368661780289,-0.0,-0.0,-0.0,-0.0,-0.0
8.14,0.7478081841846871,-0.4596649445534605,0.045743604868911755,1.8937790919981694,-0.027947713104368797,0.7744353000785701,0.20850898379184787,-0.0,-0.05329277141634475,-0.0,-0.0,-0.0,-0.0,-0.0
8.15,0.7478081841846871,-0.4601967540457557,0.045743604868911755,1.8937790919981694,-0.027947713104368797,0.7744353000785701,0.20850898379184787,-0.0,-0.05306658860055238,-0.0,-0.0,-0.0,-0.0,-0.0
8.16,0.7478081841846871,-0.460726225685491,0.045743604868911755,1.8937790919981694,-0.027947713104368797,0.7744353000785701,0.20850898379184787,-0.0,-0.05282521395979401,-0.0,-0.0,-0.0,-0.0,-0.0
8.17,0.7478081841846871,-0.4612532079545249,0.045743604868911755,1.8937790919981694,-0.027947713104368797,0.7744353000785701,0.20850898379184787,-0.0,-0.05256872835925131,-0.0,-0.0,-0.0,-0.0,-0.0
8.18,0.7478081841846871,-0.46177755016862293,0.045743604868911755,1.8937790919981694,-0.027947713104368797,0.7744353000785701,0.20850898379184787,-0.0,-0.05229721770992264,-0.0,-0.0,-0.0,-0.0,-0.0
8.19,0.7478081841846871,-0.4622991025277572,0.045743604868911755,1.8937790919981694,-0.027947713104368797,0.7744353000785701,0.20850898379184787,-0.0,-0.052010772936759014,-0.0,-0.0,-0.0,-0.0,-0.0
8.2,0.7478081841846871,-0.46281771616607975,0.045743604868911755,1.8937790919981694,-0.027947713104368797,0.7744353000785701,0.20850898379184787,-0.0,-0.05170948994494509,-0.0,-0.0,-0.0,-0.0,-0.0
8.21,0.7478081841846871,-0.46333324320154823,0.045743604868911755,1.8937790919981694,-0.027947713104368797,0.7744353000785701,0.20850898379184787,-0.0,-0.05139346958433874,-0.0,-0.0,-0.0,-0.0,-0.0
8.22,0.7478081841846871,-0.4638455367851869,0.045743604868911755,1.8937790919981694,-0.027947713104368797,0.7744353000785701,0.20850898379184787,-0.0,-0.05106281761208367,-0.0,-0.0,-0.0,-0.0,-0.0
8.23,0.7478081841846871,-0.4643544511499655,0.045743604868911755,1.8937790919981694,-0.027947713104368797,0.7744353000785701,0.20850898379184787,-0.0,-0.05071764465340894,-0.0,-0.0,-0.0,-0.0,-0.0
8.24,0.7478081841846871,-0.4648598416592764,0.045743604868911755,1.8937790919981694,-0.027947713104368797,0.7744353000785701,0.20850898379184787,-0.0,-0.050358066160631744,-0.0,-0.0,-0.0,-0.0,-0.0
8.25,0.7478081841846871,-0.4653615648549932,0.045743604868911755,1.8937790919981694,-0.027947713104368797,0.7744353000785701,0.20850898379184787,-0.0,-0.04998420237037958,-0.0,-0.0,-0.0,-0.0,-0.0
8.26,0.7478081841846871,-0.4658594785050922,0.045743604868911755,1.8937790919981694,-0.027947713104368797,0.7744353000785701,0.20850898379184787,-0.0,-0.0495961782590484,-0.0,-0.0,-0.0,-0.0,-0.0
8.27,0.7478081841846871,-0.4663534416508206,0.045743604868911755,1.8937790919981694,-0.027947713104368797,0.7744353000785701,0.20850898379184787,-0.0,-0.04919412349651442,-0.0,-0.0,-0.0,-0.0,-0.0
8.28,0.7478081841846871,-0.4668433146533923,0.045743604868911755,1.8937790919981694,-0.027947713104368797,0.7744353000785701,0.20850898379184787,-0.0,-0.048778172398118144,-0.0,-0.0,-0.0,-0.0,-0.0
8.29,0.7478081841846871,-0.46732895924019535,0.045743604868911755,1.8937790919981694,-0.027947713104368797,0.7744353000785701,0.20850898379184787,-0.0,-0.048348463874939906,-0.0,-0.0,-0.0,-0.0,-0.0
8.3,0.7478081841846871,-0.46781023855049414,0.045743604868911755,1.8937790919981694,-0.027947713104368797,0.7744353000785701,0.20850898379184787,-0.0,-0.047905141382385205,-0.0,-0.0,-0.0,-0.0,-0.0
8.31,0.7478081841846871,-0.4682870171806077,0.045743604868911755,1.8937790919981694,-0.027947713104368797,0.7744353000785701,0.20850898379184787,-0.0,-0.04744835286710243,-0.0,-0.0,-0.0,-0.0,-0.0
8.32,0.7478081841846871,-0.46875916122855094,0.045743604868911755,1.8937790919981694,-0.027947713104368797,0.7744353000785701,0.20850898379184787,-0.0,-0.04697825071225137,-0.0,-0.0,-0.0,-0.0,-0.0
8.33,0.7478081841846871,-0.46922653833811834,0.045743604868911755,1.8937790919981694,-0.027947713104368797,0.7744353000785701,0.20850898379184787,-0.0,-0.046494991681146625,-0.0,-0.0,-0.0,-0.0,-0.0
8.34,0.7478081841846871,-0.46968901774239774,0.045743604868911755,1.8937790919981694,-0.027947713104368797,0.7744353000785701,0.20850898379184787,-0.0,-0.045998736859296264,-0.0,-0.0,-0.0,-0.0,-0.0
8.35,0.7478081841846871,-0.47014647030669543,0.045743604868911755,1.8937790919981694,-0.027947713104368797,0.7744353000785701,0.20850898379184787,-0.0,-0.045489651594859945,-0.0,-0.0,-0.0,-0.0,-0.0
8.36,0.7478081841846871,-0.4705987685708587,0.045743604868911755,1.8937790919981694,-0.027947713104368797,0.7744353000785701,0.20850898379184787,-0.0,-0.04496790543754909,-0.0,-0.0,-0.0,-0.0,-0.0
8.37,0.7478081841846871,-0.47104578679097947,0.045743604868911755,1.8937790919981694,-0.027947713104368797,0.7744353000785701,0.20850898379184787,-0.0,-0.04443367207599397,-0.0,-0.0,-0.0,-0.0,-0.0
8.38,0.7478081841846871,-0.47148740098046377,0.045743604868911755,1.8937790919981694,-0.027947713104368797,0.7744353000785701,0.20850898379184787,-0.0,-0.04388712927360211,-0.0,-0.0,-0.0,-0.0,-0.0
8.39,0.7478081841846871,-0.4719234889504526,0.045743604868911755,1.8937790919981694,-0.027947713104368797,0.7744353000785701,0.20850898379184787,-0.0,-0.04332845880293363,-0.0,-0.0,-0.0,-0.0,-0.0
8.4,0.7478081841846871,-0.4723539303495798,0.045743604868911755,1.8937790919981694,-0.027947713104368797,0.7744353000785701,0.20850898379184787,-0.0,-0.04275784637861832,-0.0,-0.0,-0.0,-0.0,-0.0
8.41,0.7478081841846871,-0.4727786067030508,0.045743604868911755,1.8937790919981694,-0.027947713104368797,0.7744353000785701,0.20850898379184787,-0.0,-0.04217548158884278,-0.0,-0.0,-0.0,-0.0,-0.0
8.42,0.7478081841846871,-0.47319740145102984,0.045743604868911755,1.8937790919981694,-0.027947713104368797,0.7744353000785701,0.20850898379184787,-0.0,-0.041581557825433664,-0.0,-0.0,-0.0,-0.0,-0.0
8.43,0.7478081841846871,-0.47361019998632126,0.045743604868911755,1.8937790919981694,-0.027947713104368797,0.7744353000785701,0.20850898379184787,-0.0,-0.040976272212563836,-0.0,-0.0,-0.0,-0.0,-0.0
8.44,0.7478081841846871,-0.4740168896913307,0.045743604868911755,1.8937790919981694,-0.027947713104368797,0.7744353000785701,0.20850898379184787,-0.0,-0.040359825534111084,-0.0,-0.0,-0.0,-0.0,-0.0
8.45,0.7478081841846871,-0.4744173599742935,0.045743604868911755,1.8937790919981694,-0.027947713104368797,0.7744353000785701,0.20850898379184787,-0.0,-0.039732422159697536,-0.0,-0.0,-0.0,-0.0,-0.0
8.46,0.7478081841846871,-0.474811502304757,0.045743604868911755,1.8937790919981694,-0.027947713104368797,0.7744353000785701,0.20850898379184787,-0.0,-0.039094269969437725,-0.0,-0.0,-0.0,-0.0,-0.0
8.47,0.7478081841846871,-0.4751992102483035,0.045743604868911755,1.8937790919981694,-0.027947713104368797,0.7744353000785701,0.20850898379184787,-0.0,-0.03844558027742752,-0.0,-0.0,-0.0,-0.0,-0.0
8.48,0.7478081841846871,-0.4755803795005033,0.045743604868911755,1.8937790919981694,-0.027947713104368797,0.7744353000785701,0.20850898379184787,-0.0,-0.03778656775400074,-0.0,-0.0,-0.0,-0.0,-0.0
8.49,0.7478081841846871,-0.4759549079200823,0.045743604868911755,1.8937790919981694,-0.027947713104368797,0.7744353000785701,0.20850898379184787,-0.0,-0.037117450346787775,-0.0,-0.0,-0.0,-0.0,-0.0
8.5,0.7478081841846871,-0.47632269556129625,0.045743604868911755,1.8937790919981694,-0.027947713104368797,0.7744353000785701,0.20850898379184787,-0.0,-0.03643844920060376,-0.0,-0.0,-0.0,-0.0,-0.0
8.51,0.7478081841846871,-0.4766836447054966,0.045743604868911755,1.8937790919981694,-0.027947713104368797,0.7744353000785701,0.20850898379184787,-0.0,-0.03574978857620089,-0.0,-0.0,-0.0,-0.0,-0.0
8.52,0.7478081841846871,-0.47703765989187946,0.045743604868911755,1.8937790919981694,-0.027947713104368797,0.7744353000785701,0.20850898379184787,-0.0,-0.035051695767914386,-0.0,-0.0,-0.0,-0.0,-0.0
8.53,0.7478081841846871,-0.47738464794740515,0.045743604868911755,1.8937790919981694,-0.027947713104368797,0.7744353000785701,0.20850898379184787,-0.0,-0.03434440102023621,-0.0,-0.0,-0.0,-0.0,-0.0
8.54,0.7478081841846871,-0.4777245180158779,0.045743604868911755,1.8937790919981694,-0.027947713104368797,0.7744353000785701,0.20850898379184787,-0.0,-0.03362813744334898,-0.0,-0.0,-0.0,-0.0,-0.0
8.55,0.7478081841846871,-0.4780571815861768,0.045743604868911755,1.8937790919981694,-0.027947713104368797,0.7744353000785701,0.20850898379184787,-0.0,-0.03290314092765195,-0.0,-0.0,-0.0,-0.0,-0.0
8.56,0.7478081841846871,-0.4783825525196259,0.045743604868911755,1.8937790919981694,-0.027947713104368797,0.7744353000785701,0.20850898379184787,-0.0,-0.032169650057315584,-0.0,-0.0,-0.0,-0.0,-0.0
8.57,0.7478081841846871,-0.4787005470764964,0.045743604868911755,1.8937790919981694,-0.027947713104368797,0.7744353000785701,0.20850898379184787,-0.0,-0.03142790602289464,-0.0,-0.0,-0.0,-0.0,-0.0
8.58,0.7478081841846871,-0.4790110839416291,0.045743604868911755,1.8937790919981694,-0.027947713104368797,0.7744353000785701,0.20850898379184787,-0.0,-0.030678152533038596,-0.0,-0.0,-0.0,-0.0,-0.0
8.59,0.7478081841846871,-0.47931408424917105,0.045743604868911755,1.8937790919981694,-0.027947713104368797,0.7744353000785701,0.20850898379184787,-0.0,-0.029920635725329936,-0.0,-0.0,-0.0,-0.0,-0.0
8.6,0.7478081841846871,-0.4796094716064148,0.045743604868911755,1.8937790919981694,-0.027947713104368797,0.7744353000785701,0.20850898379184787,-0.0,-0.029155604076288425,-0.0,-0.0,-0.0,-0.0,-0.0
8.61,0.7478081841846871,-0.47989717211673494,0.045743604868911755,1.8937790919981694,-0.027947713104368797,0.7744353000785701,0.20850898379184787,-0.0,-0.0283833083105751,-0.0,-0.0,-0.0,-0.0,-0.0
8.62,0.7478081841846871,-0.48017711440161215,0.045743604868911755,1.8937790919981694,-0.027947713104368797,0.7744353000785701,0.20850898379184787,-0.0,-0.027604001309431424,-0.0,-0.0,-0.0,-0.0,-0.0
8.63,0.7478081841846871,-0.4804492296217382,0.045743604868911755,1.8937790919981694,-0.027947713104368797,0.7744353000785701,0.20850898379184787,-0.0,-0.02681793801839053,-0.0,-0.0,-0.0,-0.0,-0.0
8.64,0.7478081841846871,-0.4807134514971945,0.045743604868911755,1.8937790919981694,-0.027947713104368797,0.7744353000785701,0.20850898379184787,-0.0,-0.026025375354296613,-0.0,-0.0,-0.0,-0.0,-0.0
8.65,0.7478081841846871,-0.48096971632669755,0.045743604868911755,1.8937790919981694,-0.027947713104368797,0.7744353000785701,0.20850898379184787,-0.0,-0.025226572111667143,-0.0,-0.0,-0.0,-0.0,-0.0
8.66,0.7478081841846871,-0.48121796300590486,0.045743604868911755,1.8937790919981694,-0.027947713104368797,0.7744353000785701,0.20850898379184787,-0.0,-0.024421788868436888,-0.0,-0.0,-0.0,-0.0,-0.0
8.67,0.7478081841846871,-0.48145813304477564,0.045743604868911755,1.8937790919981694,-0.027947713104368797,0.7744353000785701,0.20850898379184787,-0.0,-0.02361128789111938,-0.0,-0.0,-0.0,-0.0,-0.0
8.68,0.7478081841846871,-0.4816901705839796,0.045743604868911755,1.8937790919981694,-0.027947713104368797,0.7744353000785701,0.20850898379184787,-0.0,-0.022795333039423493,-0.0,-0.0,-0.0,-0.0,-0.0
8.69,0.7478081841846871,-0.48191402241035053,0.045743604868911755,1.8937790919981694,-0.027947713104368797,0.7744353000785701,0.20850898379184787,-0.0,-0.021974189670361036,-0.0,-0.0,-0.0,-0.0,-0.0
8.7,0.7478081841846871,-0.4821296379713772,0.045743604868911755,1.8937790919981694,-0.027947713104368797,0.7744353000785701,0.20850898379184787,-0.0,-0.021148124541885364,-0.0,-0.0,-0.0,-0.0,-0.0
8.71,0.7478081841846871,-0.4823369693887298,0.045743604868911755,1.8937790919981694,-0.027947713104368797,0.7744353000785701,0.20850898379184787,-0.0,-0.020317405716095464,-0.0,-0.0,-0.0,-0.0,-0.0
8.72,0.7478081841846871,-0.482535971470815,0.045743604868911755,1.8937790919981694,-0.027947713104368797,0.7744353000785701,0.20850898379184787,-0.0,-0.0194823024620471,-0.0,-0.0,-0.0,-0.0,-0.0
8.73,0.7478081841846871,-0.482726601724359,0.045743604868911755,1.8937790919981694,-0.027947713104368797,0.7744353000785701,0.20850898379184787,-0.0,-0.018643085158204193,-0.0,-0.0,-0.0,-0.0,-0.0
8.74,0.7478081841846871,-0.48290882036501165,0.045743604868911755,1.8937790919981694,-0.027947713104368797,0.7744353000785701,0.20850898379184787,-0.0,-0.017800025194573754,-0.0,-0.0,-0.0,-0.0,-0.0
8.75,0.7478081841846871,-0.48308259032697193,0.045743604868911755,1.8937790919981694,-0.027947713104368797,0.7744353000785701,0.20850898379184787,-0.0,-0.016953394874557725,-0.0,-0.0,-0.0,-0.0,-0.0
8.76,0.7478081841846871,-0.48324787727162993,0.045743604868911755,1.8937790919981694,-0.027947713104368797,0.7744353000785701,0.20850898379184787,-0.0,-0.0161034673165633,-0.0,-0.0,-0.0,-0.0,-0.0
8.77,0.7478081841846871,-0.48340464959522406,0.045743604868911755,1.8937790919981694,-0.027947713104368797,0.7744353000785701,0.20850898379184787,-0.0,-0.015250516355408672,-0.0,-0.0,-0.0,-0.0,-0.0
8.78,0.7478081841846871,-0.4835528784355115,0.045743604868911755,1.8937790919981694,-0.027947713104368797,0.7744353000785701,0.20850898379184787,-0.0,-0.01439481644356189,-0.0,-0.0,-0.0,-0.0,-0.0
8.79,0.7478081841846871,-0.4836925376774504,0.045743604868911755,1.8937790919981694,-0.027947713104368797,0.7744353000785701,0.20850898379184787,-0.0,-0.01353664255225277,-0.0,-0.0,-0.0,-0.0,-0.0
8.8,0.7478081841846871,-0.48382360395789276,0.045743604868911755,1.8937790919981694,-0.027947713104368797,0.7744353000785701,0.20850898379184787,-0.0,-0.012676270072495348,-0.0,-0.0,-0.0,-0.0,-0.0
8.81,0.7478081841846871,-0.4839460566692868,0.045743604868911755,1.8937790919981694,-0.027947713104368797,0.7744353000785701,0.20850898379184787,-0.0,-0.011813974716059588,-0.0,-0.0,-0.0,-0.0,-0.0
8.82,0.7478081841846871,-0.48405987796238964,0.045743604868911755,1.8937790919981694,-0.027947713104368797,0.7744353000785701,0.20850898379184787,-0.0,-0.0109500324164295,-0.0,-0.0,-0.0,-0.0,-0.0
8.83,0.7478081841846871,-0.4841650527479894,0.045743604868911755,1.8937790919981694,-0.027947713104368797,0.7744353000785701,0.20850898379184787,-0.0,-0.010084719229788708,-0.0,-0.0,-0.0,-0.0,-0.0
8.84,0.7478081841846871,-0.48426156869763687,0.045743604868911755,1.8937790919981694,-0.027947713104368797,0.7744353000785701,0.20850898379184787,-0.0,-0.009218311236069721,-0.0,-0.0,-0.0,-0.0,-0.0
8.85,0.7478081841846871,-0.48434941624338923,0.045743604868911755,1.8937790919981694,-0.027947713104368797,0.7744353000785701,0.20850898379184787,-0.0,-0.008351084440105124,-0.0,-0.0,-0.0,-0.0,-0.0
8.86,0.7478081841846871,-0.4844285885765651,0.045743604868911755,1.8937790919981694,-0.027947713104368797,0.7744353000785701,0.20850898379184787,-0.0,-0.007483314672920344,-0.0,-0.0,-0.0,-0.0,-0.0
8.87,0.7478081841846871,-0.48449908164551375,0.045743604868911755,1.8937790919981694,-0.027947713104368797,0.7744353000785701,0.20850898379184787,-0.0,-0.0066152774932054055,-0.0,-0.0,-0.0,-0.0,-0.0
8.88,0.7478081841846871,-0.4845608941523997,0.045743604868911755,1.8937790919981694,-0.027947713104368797,0.7744353000785701,0.20850898379184787,-0.0,-0.005747248089002543,-0.0,-0.0,-0.0,-0.0,-0.0
8.89,0.7478081841846871,-0.48461402754900623,0.045743604868911755,1.8937790919981694,-0.027947713104368797,0.7744353000785701,0.20850898379184787,-0.0,-0.004879501179650697,-0.0,-0.0,-0.0,-0.0,-0.0
8.9,0.7478081841846871,-0.4846584860315589,0.045743604868911755,1.8937790919981694,-0.027947713104368797,0.7744353000785701,0.20850898379184787,-0.0,-0.004012310918020161,-0.0,-0.0,-0.0,-0.0,-0.0
8.91,0.7478081841846871,-0.48469427653457353,0.045743604868911755,1.8937790919981694,-0.027947713104368797,0.7744353000785701,0.20850898379184787,-0.0,-0.00314595079308012,-0.0,-0.0,-0.0,-0.0,-0.0
8.92,0.7478081841846871,-0.48472140872373143,0.045743604868911755,1.8937790919981694,-0.027947713104368797,0.7744353000785701,0.20850898379184787,-0.0,-0.002280693532831927,-0.0,-0.0,-0.0,-0.0,-0.0
8.93,0.7478081841846871,-0.48473989498778636,0.045743604868911755,1.8937790919981694,-0.027947713104368797,0.7744353000785701,0.20850898379184787,-0.0,-0.0014168110076492324,-0.0,-0.0,-0.0,-0.0,-0.0
8.94,0.7478081841846871,-0.48474975042950635,0.045743604868911755,1.8937790919981694,-0.027947713104368797,0.7744353000785701,0.20850898379184787,-0.0,-0.0005545741340588726,-0.0,-0.0,-0.0,-0.0,-0.0
8.95,0.7478081841846871,-0.4847509928556565,0.045743604868911755,1.8937790919981694,-0.027947713104368797,0.7744353000785701,0.20850898379184787,0.0,0.0003057472209980953,0.0,0.0,0.0,0.0,0.0
8.96,0.7478081841846871,-0.48474364276602633,0.045743604868911755,1.8937790919981694,-0.027947713104368797,0.7744353000785701,0.20850898379184787,0.0,0.0011638843353897169,0.0,0.0,0.0,0.0,0.0
8.97,0.7478081841846871,-0.48472772334150793,0.045743604868911755,1.8937790919981694,-0.027947713104368797,0.7744353000785701,0.20850898379184787,0.0,0.002019569726464035,0.0,0.0,0.0,0.0,0.0
8.98,0.7478081841846871,-0.4847032604312303,0.045743604868911755,1.8937790919981694,-0.027947713104368797,0.7744353000785701,0.20850898379184787,0.0,0.002872537245132498,0.0,0.0,0.0,0.0,0.0
8.99,0.7478081841846871,-0.48467028253875577,0.045743604868911755,1.8937790919981694,-0.027947713104368797,0.7744353000785701,0.20850898379184787,0.0,0.0037225221693275618,0.0,0.0,0.0,0.0,0.0
9.0,0.7478081841846871,-0.48462882080734526,0.045743604868911755,1.8937790919981694,-0.027947713104368797,0.7744353000785701,0.20850898379184787,0.0,0.004569261296800604,0.0,0.0,0.0,0.0,0.0
9.01,0.7478081841846871,-0.4845789090042992,0.045743604868911755,1.8937790919981694,-0.027947713104368797,0.7744353000785701,0.20850898379184787,0.0,0.005412493037225187,0.0,0.0,0.0,0.0,0.0
9.02,0.7478081841846871,-0.4845205835043804,0.045743604868911755,1.8937790919981694,-0.027947713104368797,0.7744353000785701,0.20850898379184787,0.0,0.0062519575035689685,0.0,0.0,0.0,0.0,0.0
9.03,0.7478081841846871,-0.4844538832723278,0.045743604868911755,1.8937790919981694,-0.027947713104368797,0.7744353000785701,0.20850898379184787,0.0,0.007087396602700418,0.0,0.0,0.0,0.0,0.0
9.04,0.7478081841846871,-0.4843788498444677,0.045743604868911755,1.8937790919981694,-0.027947713104368797,0.7744353000785701,0.20850898379184787,0.0,0.00791855412519682,0.0,0.0,0.0,0.0,0.0
9.05,0.7478081841846871,-0.4842955273094308,0.045743604868911755,1.8937790919981694,-0.027947713104368797,0.7744353000785701,0.20850898379184787,0.0,0.008745175834317892,0.0,0.0,0.0,0.0,0.0
9.06,0.7478081841846871,-0.4842039622879844,0.045743604868911755,1.8937790919981694,-0.027947713104368797,0.7744353000785701,0.20850898379184787,0.0,0.009567009554111758,0.0,0.0,0.0,0.0,0.0
9.07,0.7478081841846871,-0.4841042039119878,0.045743604868911755,1.8937790919981694,-0.027947713104368797,0.7744353000785701,0.20850898379184787,0.0,0.01038380525662164,0.0,0.0,0.0,0.0,0.0
9.08,0.7478081841846871,-0.48399630380247965,0.045743604868911755,1.8937790919981694,-0.027947713104368797,0.7744353000785701,0.20850898379184787,0.0,0.011195315148158197,0.0,0.0,0.0,0.0,0.0
9.09,0.7478081841846871,-0.4838803160469087,0.045743604868911755,1.8937790919981694,-0.027947713104368797,0.7744353000785701,0.20850898379184787,0.0,0.012001293754605942,0.0,0.0,0.0,0.0,0.0
9.1,0.7478081841846871,-0.483756297175515,0.045743604868911755,1.8937790919981694,-0.027947713104368797,0.7744353000785701,0.20850898379184787,0.0,0.0128014980057315,0.0,0.0,0.0,0.0,0.0
9.11,0.7478081841846871,-0.4836243061368742,0.045743604868911755,1.8937790919981694,-0.027947713104368797,0.7744353000785701,0.20850898379184787,0.0,0.013595687318463058,0.0,0.0,0.0,0.0,0.0
9.12,0.7478081841846871,-0.48348440427261385,0.045743604868911755,1.8937790919981694,-0.027947713104368797,0.7744353000785701,0.20850898379184787,0.0,0.014383623679107628,0.0,0.0,0.0,0.0,0.0
9.13,0.7478081841846871,-0.48333665529131303,0.045743604868911755,1.8937790919981694,-0.027947713104368797,0.7744353000785701,0.20850898379184787,0.0,0.015165071724478169,0.0,0.0,0.0,0.0,0.0
9.14,0.7478081841846871,-0.4831811252415963,0.045743604868911755,1.8937790919981694,-0.027947713104368797,0.7744353000785701,0.20850898379184787,0.0,0.015939798821897,0.0,0.0,0.0,0.0,0.0
9.15,0.7478081841846871,-0.48301788248443345,0.045743604868911755,1.8937790919981694,-0.027947713104368797,0.7744353000785701,0.20850898379184787,0.0,0.016707575148049797,0.0,0.0,0.0,0.0,0.0
9.16,0.7478081841846871,-0.48284699766465644,0.045743604868911755,1.8937790919981694,-0.027947713104368797,0.7744353000785701,0.20850898379184787,0.0,0.017468173766656294,0.0,0.0,0.0,0.0,0.0
9.17,0.7478081841846871,-0.48266854368170575,0.045743604868911755,1.8937790919981694,-0.027947713104368797,0.7744353000785701,0.20850898379184787,0.0,0.018221370704932995,0.0,0.0,0.0,0.0,0.0
9.18,0.7478081841846871,-0.48248259565961826,0.045743604868911755,1.8937790919981694,-0.027947713104368797,0.7744353000785701,0.20850898379184787,0.0,0.018966945028816806,0.0,0.0,0.0,0.0,0.0
9.19,0.7478081841846871,-0.4822892309162693,0.045743604868911755,1.8937790919981694,-0.027947713104368797,0.7744353000785701,0.20850898379184787,0.0,0.019704678916922843,0.0,0.0,0.0,0.0,0.0
9.2,0.7478081841846871,-0.4820885289318811,0.045743604868911755,1.8937790919981694,-0.027947713104368797,0.7744353000785701,0.20850898379184787,0.0,0.020434357733209996,0.0,0.0,0.0,0.0,0.0
9.21,0.7478081841846871,-0.48188057131681195,0.045743604868911755,1.8937790919981694,-0.027947713104368797,0.7744353000785701,0.20850898379184787,0.0,0.02115577009832599,0.0,0.0,0.0,0.0,0.0
9.22,0.7478081841846871,-0.4816654417786379,0.045743604868911755,1.8937790919981694,-0.027947713104368797,0.7744353000785701,0.20850898379184787,0.0,0.02186870795960639,0.0,0.0,0.0,0.0,0.0
9.23,0.7478081841846871,-0.48144322608854184,0.045743604868911755,1.8937790919981694,-0.027947713104368797,0.7744353000785701,0.20850898379184787,0.0,0.022572966659703247,0.0,0.0,0.0,0.0,0.0
9.24,0.7478081841846871,-0.4812140120470226,0.045743604868911755,1.8937790919981694,-0.027947713104368797,0.7744353000785701,0.20850898379184787,0.0,0.023268345003816644,0.0,0.0,0.0,0.0,0.0
9.25,0.7478081841846871,-0.4809778894489395,0.045743604868911755,1.8937790919981694,-0.027947713104368797,0.7744353000785701,0.20850898379184787,0.0,0.023954645325505553,0.0,0.0,0.0,0.0,0.0
9.26,0.7478081841846871,-0.4807349500479058,0.045743604868911755,1.8937790919981694,-0.027947713104368797,0.7744353000785701,0.20850898379184787,0.0,0.02463167355105397,0.0,0.0,0.0,0.0,0.0
9.27,0.7478081841846871,-0.48048528752004555,0.045743604868911755,1.8937790919981694,-0.027947713104368797,0.7744353000785701,0.20850898379184787,0.0,0.025299239262370092,0.0,0.0,0.0,0.0,0.0
9.28,0.7478081841846871,-0.48022899742712905,0.045743604868911755,1.8937790919981694,-0.027947713104368797,0.7744353000785701,0.20850898379184787,0.0,0.02595715575839453,0.0,0.0,0.0,0.0,0.0
9.29,0.7478081841846871,-0.4799661771791019,0.045743604868911755,1.8937790919981694,-0.027947713104368797,0.7744353000785701,0.20850898379184787,0.0,0.02660524011499628,0.0,0.0,0.0,0.0,0.0
9.3,0.7478081841846871,-0.4796969259960224,0.045743604868911755,1.8937790919981694,-0.027947713104368797,0.7744353000785701,0.20850898379184787,0.0,0.02724331324333602,0.0,0.0,0.0,0.0,0.0
9.31,0.7478081841846871,-0.4794213448694238,0.045743604868911755,1.8937790919981694,-0.027947713104368797,0.7744353000785701,0.20850898379184787,0.0,0.027871199946673815,0.0,0.0,0.0,0.0,0.0
9.32,0.7478081841846871,-0.4791395365231149,0.045743604868911755,1.8937790919981694,-0.027947713104368797,0.7744353000785701,0.20850898379184787,0.0,0.028488728975604418,0.0,0.0,0.0,0.0,0.0
9.33,0.7478081841846871,-0.4788516053734382,0.045743604868911755,1.8937790919981694,-0.027947713104368797,0.7744353000785701,0.20850898379184787,0.0,0.029095733081697276,0.0,0.0,0.0,0.0,0.0
9.34,0.7478081841846871,-0.4785576574889978,0.045743604868911755,1.8937790919981694,-0.027947713104368797,0.7744353000785701,0.20850898379184787,0.0,0.02969204906952569,0.0,0.0,0.0,0.0,0.0
9.35,0.7478081841846871,-0.47825780054987665,0.045743604868911755,1.8937790919981694,-0.027947713104368797,0.7744353000785701,0.20850898379184787,0.0,0.030277517847064596,0.0,0.0,0.0,0.0,0.0
9.36,0.7478081841846871,-0.47795214380635703,0.045743604868911755,1.8937790919981694,-0.027947713104368797,0.7744353000785701,0.20850898379184787,0.0,0.03085198447444176,0.0,0.0,0.0,0.0,0.0
9.37,0.7478081841846871,-0.47764079803716214,0.045743604868911755,1.8937790919981694,-0.027947713104368797,0.7744353000785701,0.20850898379184787,0.0,0.03141529821102398,0.0,0.0,0.0,0.0,0.0
9.38,0.7478081841846871,-0.4773238755072356,0.045743604868911755,1.8937790919981694,-0.027947713104368797,0.7744353000785701,0.20850898379184787,0.0,0.03196731256082322,0.0,0.0,0.0,0.0,0.0
9.39,0.7478081841846871,-0.47700148992507485,0.045743604868911755,1.8937790919981694,-0.027947713104368797,0.7744353000785701,0.20850898379184787,0.0,0.03250788531620726,0.0,0.0,0.0,0.0,0.0
9.4,0.7478081841846871,-0.4766737563996361,0.045743604868911755,1.8937790919981694,-0.027947713104368797,0.7744353000785701,0.20850898379184787,0.0,0.033036878599900746,0.0,0.0,0.0,0.0,0.0
9.41,0.7478081841846871,-0.4763407913968279,0.045743604868911755,1.8937790919981694,-0.027947713104368797,0.7744353000785701,0.20850898379184787,0.0,0.03355415890526148,0.0,0.0,0.0,0.0,0.0
9.42,0.7478081841846871,-0.4760027126956109,0.045743604868911755,1.8937790919981694,-0.027947713104368797,0.7744353000785701,0.20850898379184787,0.0,0.03405959713481993,0.0,0.0,0.0,0.0,0.0
9.43,0.7478081841846871,-0.47565963934372046,0.045743604868911755,1.8937790919981694,-0.027947713104368797,0.7744353000785701,0.20850898379184787,0.0,0.03455306863706958,0.0,0.0,0.0,0.0,0.0
9.44,0.7478081841846871,-0.47531169161303055,0.045743604868911755,1.8937790919981694,-0.027947713104368797,0.7744353000785701,0.20850898379184787,0.0,0.035034453241495594,0.0,0.0,0.0,0.0,0.0
9.45,0.7478081841846871,-0.47495899095457594,0.045743604868911755,1.8937790919981694,-0.027947713104368797,0.7744353000785701,0.20850898379184787,0.0,0.035503635291831176,0.0,0.0,0.0,0.0,0.0
9.46,0.7478081841846871,-0.47460165995325104,0.045743604868911755,1.8937790919981694,-0.027947713104368797,0.7744353000785701,0.20850898379184787,0.0,0.0359605036775321,0.0,0.0,0.0,0.0,0.0
9.47,0.7478081841846871,-0.47423982228220274,0.045743604868911755,1.8937790919981694,-0.027947713104368797,0.7744353000785701,0.20850898379184787,0.0,0.03640495186345807,0.0,0.0,0.0,0.0,0.0
9.48,0.7478081841846871,-0.47387360265693507,0.045743604868911755,1.8937790919981694,-0.027947713104368797,0.7744353000785701,0.20850898379184787,0.0,0.0368368779177548,0.0,0.0,0.0,0.0,0.0
9.49,0.7478081841846871,-0.47350312678914513,0.045743604868911755,1.8937790919981694,-0.027947713104368797,0.7744353000785701,0.20850898379184787,0.0,0.03725618453792563,0.0,0.0,0.0,0.0,0.0
9.5,0.7478081841846871,-0.4731285213403062,0.045743604868911755,1.8937790919981694,-0.027947713104368797,0.7744353000785701,0.20850898379184787,0.0,0.037662779075088255,0.0,0.0,0.0,0.0,0.0
9.51,0.7478081841846871,-0.4727499138750181,0.045743604868911755,1.8937790919981694,-0.027947713104368797,0.7744353000785701,0.20850898379184787,0.0,0.03805657355640796,0.0,0.0,0.0,0.0,0.0
9.52,0.7478081841846871,-0.4723674328141421,0.045743604868911755,1.8937790919981694,-0.027947713104368797,0.7744353000785701,0.20850898379184787,0.0,0.0384374847057024,0.0,0.0,0.0,0.0,0.0
9.53,0.7478081841846871,-0.47198120738773913,0.045743604868911755,1.8937790919981694,-0.027947713104368797,0.7744353000785701,0.20850898379184787,0.0,0.03880543396221322,0.0,0.0,0.0,0.0,0.0
9.54,0.7478081841846871,-0.4715913675878293,0.045743604868911755,1.8937790919981694,-0.027947713104368797,0.7744353000785701,0.20850898379184787,0.0,0.03916034749753899,0.0,0.0,0.0,0.0,0.0
9.55,0.7478081841846871,-0.4711980441209911,0.045743604868911755,1.8937790919981694,-0.027947713104368797,0.7744353000785701,0.20850898379184787,0.0,0.039502156230727295,0.0,0.0,0.0,0.0,0.0
9.56,0.7478081841846871,-0.47080136836081965,0.045743604868911755,1.8937790919981694,-0.027947713104368797,0.7744353000785701,0.20850898379184787,0.0,0.03983079584152179,0.0,0.0,0.0,0.0,0.0
9.57,0.7478081841846871,-0.47040147230026047,0.045743604868911755,1.8937790919981694,-0.027947713104368797,0.7744353000785701,0.20850898379184787,0.0,0.04014620678176355,0.0,0.0,0.0,0.0,0.0
9.58,0.7478081841846871,-0.4699984885038401,0.045743604868911755,1.8937790919981694,-0.027947713104368797,0.7744353000785701,0.20850898379184787,0.0,0.040448334284943994,0.0,0.0,0.0,0.0,0.0
9.59,0.7478081841846871,-0.46959255005980854,0.045743604868911755,1.8937790919981694,-0.027947713104368797,0.7744353000785701,0.20850898379184787,0.0,0.040737128373909845,0.0,0.0,0.0,0.0,0.0
9.6,0.7478081841846871,-0.46918379053221565,0.045743604868911755,1.8937790919981694,-0.027947713104368797,0.7744353000785701,0.20850898379184787,0.0,0.041012543866719875,0.0,0.0,0.0,0.0,0.0
9.61,0.7478081841846871,-0.46877234391293726,0.045743604868911755,1.8937790919981694,-0.027947713104368797,0.7744353000785701,0.20850898379184787,0.0,0.04127454038065417,0.0,0.0,0.0,0.0,0.0
9.62,0.7478081841846871,-0.4683583445736702,0.045743604868911755,1.8937790919981694,-0.027947713104368797,0.7744353000785701,0.20850898379184787,0.0,0.041523082334378264,0.0,0.0,0.0,0.0,0.0
9.63,0.7478081841846871,-0.46794192721791583,0.045743604868911755,1.8937790919981694,-0.027947713104368797,0.7744353000785701,0.20850898379184787,0.0,0.041758138948263746,0.0,0.0,0.0,0.0,0.0
9.64,0.7478081841846871,-0.46752322683296876,0.045743604868911755,1.8937790919981694,-0.027947713104368797,0.7744353000785701,0.20850898379184787,0.0,0.041979684242868846,0.0,0.0,0.0,0.0,0.0
9.65,0.7478081841846871,-0.4671023786419305,0.045743604868911755,1.8937790919981694,-0.027947713104368797,0.7744353000785701,0.20850898379184787,0.0,0.04218769703558328,0.0,0.0,0.0,0.0,0.0
9.66,0.7478081841846871,-0.466679518055765,0.045743604868911755,1.8937790919981694,-0.027947713104368797,0.7744353000785701,0.20850898379184787,0.0,0.042382160935441435,0.0,0.0,0.0,0.0,0.0
9.67,0.7478081841846871,-0.4662547806254163,0.045743604868911755,1.8937790919981694,-0.027947713104368797,0.7744353000785701,0.20850898379184787,0.0,0.04256306433610937,0.0,0.0,0.0,0.0,0.0
9.68,0.7478081841846871,-0.4658283019940047,0.045743604868911755,1.8937790919981694,-0.027947713104368797,0.7744353000785701,0.20850898379184787,0.0,0.04273040040705194,0.0,0.0,0.0,0.0,0.0
9.69,0.7478081841846871,-0.4654002178491204,0.045743604868911755,1.8937790919981694,-0.027947713104368797,0.7744353000785701,0.20850898379184787,0.0,0.04288416708288705,0.0,0.0,0.0,0.0,0.0
9.7,0.7478081841846871,-0.46497066387523284,0.045743604868911755,1.8937790919981694,-0.027947713104368797,0.7744353000785701,0.20850898379184787,0.0,0.04302436705093391,0.0,0.0,0.0,0.0,0.0
9.71,0.7478081841846871,-0.4645397757062331,0.045743604868911755,1.8937790919981694,-0.027947713104368797,0.7744353000785701,0.20850898379184787,0.0,0.04315100773696449,0.0,0.0,0.0,0.0,0.0
9.72,0.7478081841846871,-0.464107688878129,0.045743604868911755,1.8937790919981694,-0.027947713104368797,0.7744353000785701,0.20850898379184787,0.0,0.04326410128916623,0.0,0.0,0.0,0.0,0.0
9.73,0.7478081841846871,-0.46367453878190723,0.045743604868911755,1.8937790919981694,-0.027947713104368797,0.7744353000785701,0.20850898379184787,0.0,0.0433636645603269,0.0,0.0,0.0,0.0,0.0
9.74,0.7478081841846871,-0.4632404606165848,0.045743604868911755,1.8937790919981694,-0.027947713104368797,0.7744353000785701,0.20850898379184787,0.0,0.04344971908825067,0.0,0.0,0.0,0.0,0.0
9.75,0.7478081841846871,-0.46280558934246374,0.045743604868911755,1.8937790919981694,-0.027947713104368797,0.7744353000785701,0.20850898379184787,0.0,0.043522291074417664,0.0,0.0,0.0,0.0,0.0
9.76,0.7478081841846871,-0.4623700596346083,0.045743604868911755,1.8937790919981694,-0.027947713104368797,0.7744353000785701,0.20850898379184787,0.0,0.04358141136089832,0.0,0.0,0.0,0.0,0.0
9.77,0.7478081841846871,-0.46193400583656186,0.045743604868911755,1.8937790919981694,-0.027947713104368797,0.7744353000785701,0.20850898379184787,0.0,0.0436271154055351,0.0,0.0,0.0,0.0,0.0
9.78,0.7478081841846871,-0.46149756191432034,0.045743604868911755,1.8937790919981694,-0.027947713104368797,0.7744353000785701,0.20850898379184787,0.0,0.04365944325540483,0.0,0.0,0.0,0.0,0.0
9.79,0.7478081841846871,-0.46106086141057956,0.045743604868911755,1.8937790919981694,-0.027947713104368797,0.7744353000785701,0.20850898379184787,0.0,0.04367843951857562,0.0,0.0,0.0,0.0,0.0
9.8,0.7478081841846871,-0.46062403739927393,0.045743604868911755,1.8937790919981694,-0.027947713104368797,0.7744353000785701,0.20850898379184787,0.0,0.04368415333417277,0.0,0.0,0.0,0.0,0.0
9.81,0.7478081841846871,-0.4601872224404223,0.045743604868911755,1.8937790919981694,-0.027947713104368797,0.7744353000785701,0.20850898379184787,0.0,0.043676638340769215,0.0,0.0,0.0,0.0,0.0
9.82,0.7478081841846871,-0.4597505485352985,0.045743604868911755,1.8937790919981694,-0.027947713104368797,0.7744353000785701,0.20850898379184787,0.0,0.04365595264311586,0.0,0.0,0.0,0.0,0.0
9.83,0.7478081841846871,-0.45931414708194246,0.045743604868911755,1.8937790919981694,-0.027947713104368797,0.7744353000785701,0.20850898379184787,0.0,0.04362215877722901,0.0,0.0,0.0,0.0,0.0
9.84,0.7478081841846871,-0.4588781488310296,0.045743604868911755,1.8937790919981694,-0.027947713104368797,0.7744353000785701,0.20850898379184787,0.0,0.04357532367385147,0.0,0.0,0.0,0.0,0.0
9.85,0.7478081841846871,-0.4584426838421124,0.045743604868911755,1.8937790919981694,-0.027947713104368797,0.7744353000785701,0.20850898379184787,0.0,0.043515518620305636,0.0,0.0,0.0,0.0,0.0
9.86,0.7478081841846871,-0.45800788144025195,0.045743604868911755,1.8937790919981694,-0.027947713104368797,0.7744353000785701,0.20850898379184787,0.0,0.04344281922075669,0.0,0.0,0.0,0.0,0.0
9.87,0.7478081841846871,-0.45757387017305523,0.045743604868911755,1.8937790919981694,-0.027947713104368797,0.7744353000785701,0.20850898379184787,0.0,0.04335730535490526,0.0,0.0,0.0,0.0,0.0
9.88,0.7478081841846871,-0.4571407777681323,0.045743604868911755,1.8937790919981694,-0.027947713104368797,0.7744353000785701,0.20850898379184787,0.0,0.043259061135128785,0.0,0.0,0.0,0.0,0.0
9.89,0.7478081841846871,-0.45670873109099047,0.045743604868911755,1.8937790919981694,-0.027947713104368797,0.7744353000785701,0.20850898379184787,0.0,0.04314817486209252,0.0,0.0,0.0,0.0,0.0
9.9,0.7478081841846871,-0.45627785610337945,0.045743604868911755,1.8937790919981694,-0.027947713104368797,0.7744353000785701,0.20850898379184787,0.0,0.0430247389788504,0.0,0.0,0.0,0.0,0.0
9.91,0.7478081841846871,-0.4558482778221035,0.045743604868911755,1.8937790919981694,-0.027947713104368797,0.7744353000785701,0.20850898379184787,0.0,0.04288885002345779,0.0,0.0,0.0,0.0,0.0
9.92,0.7478081841846871,-0.45542012027831413,0.045743604868911755,1.8937790919981694,-0.027947713104368797,0.7744353000785701,0.20850898379184787,0.0,0.04274060858011762,0.0,0.0,0.0,0.0,0.0
9.93,0.7478081841846871,-0.4549935064772991,0.045743604868911755,1.8937790919981694,-0.027947713104368797,0.7744353000785701,0.20850898379184787,0.0,0.042580119228883107,0.0,0.0,0.0,0.0,0.0
9.94,0.7478081841846871,-0.45456855835878124,0.045743604868911755,1.8937790919981694,-0.027947713104368797,0.7744353000785701,0.20850898379184787,0.0,0.0424074904939396,0.0,0.0,0.0,0.0,0.0
9.95,0.7478081841846871,-0.4541453967577416,0.045743604868911755,1.8937790919981694,-0.027947713104368797,0.7744353000785701,0.20850898379184787,0.0,0.042222834790489695,0.0,0.0,0.0,0.0,0.0
9.96,0.7478081841846871,-0.4537241413657807,0.045743604868911755,1.8937790919981694,-0.027947713104368797,0.7744353000785701,0.20850898379184787,0.0,0.042026268370265754,0.0,0.0,0.0,0.0,0.0
9.97,0.7478081841846871,-0.4533049106930312,0.045743604868911755,1.8937790919981694,-0.027947713104368797,0.7744353000785701,0.20850898379184787,0.0,0.041817911265694487,0.0,0.0,0.0,0.0,0.0
9.98,0.7478081841846871,-0.4528878220306354,0.045743604868911755,1.8937790919981694,-0.027947713104368797,0.7744353000785701,0.20850898379184787,0.0,0.0415978872327387,0.0,0.0,0.0,0.0,0.0
9.99,0.7478081841846871,-0.4524729914138015,0.045743604868911755,1.8937790919981694,-0.027947713104368797,0.7744353000785701,0.20850898379184787,0.0,0.0413663236924425,0.0,0.0,0.0,0.0,0.0
10.0,0.7478081841846871,-0.4520605335854502,0.045743604868911755,1.8937790919981694,-0.027947713104368797,0.7744353000785701,0.20850898379184787,0.0,0.04112335167120568,0.0,0.0,0.0,0.0,0.0
10.01,0.7478081841846871,-0.4516505619604649,0.045743604868911755,1.8937790919981694,-0.027947713104368797,0.7744353000785701,0.20850898379184787,0.0,0.04086910573981424,0.0,0.0,0.0,0.0,0.0
10.02,0.7478081841846871,-0.4512431885905577,0.045743604868911755,1.8937790919981694,-0.027947713104368797,0.7744353000785701,0.20850898379184787,0.0,0.04060372395125428,0.0,0.0,0.0,0.0,0.0
10.03,0.7478081841846871,-0.45083852412976366,0.045743604868911755,1.8937790919981694,-0.027947713104368797,0.7744353000785701,0.20850898379184787,0.0,0.04032734777733683,0.0,0.0,0.0,0.0,0.0
10.04,0.7478081841846871,-0.45043667780057395,0.045743604868911755,1.8937790919981694,-0.027947713104368797,0.7744353000785701,0.20850898379184787,0.0,0.04004012204416159,0.0,0.0,0.0,0.0,0.0
10.05,0.7478081841846871,-0.4500377573607202,0.045743604868911755,1.8937790919981694,-0.027947713104368797,0.7744353000785701,0.20850898379184787,0.0,0.039742194866448234,0.0,0.0,0.0,0.0,0.0
10.06,0.7478081841846871,-0.4496418690706219,0.045743604868911755,1.8937790919981694,-0.027947713104368797,0.7744353000785701,0.20850898379184787,0.0,0.03943371758076456,0.0,0.0,0.0,0.0,0.0
10.07,0.7478081841846871,-0.4492491176615057,0.045743604868911755,1.8937790919981694,-0.027947713104368797,0.7744353000785701,0.20850898379184787,0.0,0.039114844677679936,0.0,0.0,0.0,0.0,0.0
10.08,0.7478081841846871,-0.4488596063042091,0.045743604868911755,1.8937790919981694,-0.027947713104368797,0.7744353000785701,0.20850898379184787,0.0,0.03878573373287446,0.0,0.0,0.0,0.0,0.0
10.09,0.7478081841846871,-0.44847343657867816,0.045743604868911755,1.8937790919981694,-0.027947713104368797,0.7744353000785701,0.20850898379184787,0.0,0.0384465453372338,0.0,0.0,0.0,0.0,0.0
10.1,0.7478081841846871,-0.4480907084441691,0.045743604868911755,1.8937790919981694,-0.027947713104368797,0.7744353000785701,0.20850898379184787,0.0,0.03809744302596042,0.0,0.0,0.0,0.0,0.0
10.11,0.7478081841846871,-0.44771152021016325,0.045743604868911755,1.8937790919981694,-0.027947713104368797,0.7744353000785701,0.20850898379184787,0.0,0.03773859320673097,0.0,0.0,0.0,0.0,0.0
10.12,0.7478081841846871,-0.44733596850800594,0.045743604868911755,1.8937790919981694,-0.027947713104368797,0.7744353000785701,0.20850898379184787,0.0,0.03737016508693254,0.0,0.0,0.0,0.0,0.0
10.13,0.7478081841846871,-0.4469641482632763,0.045743604868911755,1.8937790919981694,-0.027947713104368797,0.7744353000785701,0.20850898379184787,0.0,0.03699233060000781,0.0,0.0,0.0,0.0,0.0
10.14,0.7478081841846871,-0.4465961526688991,0.045743604868911755,1.8937790919981694,-0.027947713104368797,0.7744353000785701,0.20850898379184787,0.0,0.036605264330942335,0.0,0.0,0.0,0.0,0.0
10.15,0.7478081841846871,-0.4462320731590051,0.045743604868911755,1.8937790919981694,-0.027947713104368797,0.7744353000785701,0.20850898379184787,0.0,0.03620914344092404,0.0,0.0,0.0,0.0,0.0
10.16,0.7478081841846871,-0.4458719993835489,0.045743604868911755,1.8937790919981694,-0.027947713104368797,0.7744353000785701,0.20850898379184787,0.0,0.03580414759120974,0.0,0.0,0.0,0.0,0.0
10.17,0.7478081841846871,-0.44551601918369244,0.045743604868911755,1.8937790919981694,-0.027947713104368797,0.7744353000785701,0.20850898379184787,0.0,0.0353904588662292,0.0,0.0,0.0,0.0,0.0
10.18,0.7478081841846871,-0.4451642185679605,0.045743604868911755,1.8937790919981694,-0.027947713104368797,0.7744353000785701,0.20850898379184787,0.0,0.034968261695960866,0.0,0.0,0.0,0.0,0.0
10.19,0.7478081841846871,-0.44481668168917665,0.045743604868911755,1.8937790919981694,-0.027947713104368797,0.7744353000785701,0.20850898379184787,0.0,0.03453774277761222,0.0,0.0,0.0,0.0,0.0
10.2,0.7478081841846871,-0.44447349082218474,0.045743604868911755,1.8937790919981694,-0.027947713104368797,0.7744353000785701,0.20850898379184787,0.0,0.03409909099663724,0.0,0.0,0.0,0.0,0.0
10.21,0.7478081841846871,-0.4441347263423644,0.045743604868911755,1.8937790919981694,-0.027947713104368797,0.7744353000785701,0.20850898379184787,0.0,0.03365249734712576,0.0,0.0,0.0,0.0,0.0
10.22,0.7478081841846871,-0.4438004667049453,0.045743604868911755,1.8937790919981694,-0.027947713104368797,0.7744353000785701,0.20850898379184787,0.0,0.03319815485159817,0.0,0.0,0.0,0.0,0.0
10.23,0.7478081841846871,-0.4434707884251259,0.045743604868911755,1.8937790919981694,-0.027947713104368797,0.7744353000785701,0.20850898379184787,0.0,0.03273625848023834,0.0,0.0,0.0,0.0,0.0
10.24,0.7478081841846871,-0.4431457660590031,0.045743604868911755,1.8937790919981694,-0.027947713104368797,0.7744353000785701,0.20850898379184787,0.0,0.03226700506960032,0.0,0.0,0.0,0.0,0.0
10.25,0.7478081841846871,-0.44282547218531687,0.045743604868911755,1.8937790919981694,-0.027947713104368797,0.7744353000785701,0.20850898379184787,0.0,0.0317905932408224,0.0,0.0,0.0,0.0,0.0
10.26,0.7478081841846871,-0.4425099773880155,0.045743604868911755,1.8937790919981694,-0.027947713104368797,0.7744353000785701,0.20850898379184787,0.0,0.03130722331738313,0.0,0.0,0.0,0.0,0.0
10.27,0.7478081841846871,-0.442199350239645,0.045743604868911755,1.8937790919981694,-0.027947713104368797,0.7744353000785701,0.20850898379184787,0.0,0.0308170972424332,0.0,0.0,0.0,0.0,0.0
10.28,0.7478081841846871,-0.44189365728556745,0.045743604868911755,1.8937790919981694,-0.027947713104368797,0.7744353000785701,0.20850898379184787,0.0,0.030320418495738986,0.0,0.0,0.0,0.0,0.0
10.29,0.7478081841846871,-0.44159296302901163,0.045743604868911755,1.8937790919981694,-0.027947713104368797,0.7744353000785701,0.20850898379184787,0.0,0.029817392010271514,0.0,0.0,0.0,0.0,0.0
10.3,0.7478081841846871,-0.44129732991695925,0.045743604868911755,1.8937790919981694,-0.027947713104368797,0.7744353000785701,0.20850898379184787,0.0,0.029308224088475842,0.0,0.0,0.0,0.0,0.0
10.31,0.7478081841846871,-0.44100681832687033,0.045743604868911755,1.8937790919981694,-0.027947713104368797,0.7744353000785701,0.20850898379184787,0.0,0.028793122318256707,0.0,0.0,0.0,0.0,0.0
10.32,0.7478081841846871,-0.44072148655424925,0.045743604868911755,1.8937790919981694,-0.027947713104368797,0.7744353000785701,0.20850898379184787,0.0,0.028272295488713094,0.0,0.0,0.0,0.0,0.0
10.33,0.7478081841846871,-0.44044139080105577,0.045743604868911755,1.8937790919981694,-0.027947713104368797,0.7744353000785701,0.20850898379184787,0.0,0.02774595350565976,0.0,0.0,0.0,0.0,0.0
10.34,0.7478081841846871,-0.44016658516496016,0.045743604868911755,1.8937790919981694,-0.027947713104368797,0.7744353000785701,0.20850898379184787,0.0,0.02721430730696787,0.0,0.0,0.0,0.0,0.0
10.35,0.7478081841846871,-0.4398971216294473,0.045743604868911755,1.8937790919981694,-0.027947713104368797,0.7744353000785701,0.20850898379184787,0.0,0.026677568777761954,0.0,0.0,0.0,0.0,0.0
10.36,0.7478081841846871,-0.43963305005476816,0.045743604868911755,1.8937790919981694,-0.027947713104368797,0.7744353000785701,0.20850898379184787,0.0,0.0261359506655062,0.0,0.0,0.0,0.0,0.0
10.37,0.7478081841846871,-0.43937441816974154,0.045743604868911755,1.8937790919981694,-0.027947713104368797,0.7744353000785701,0.20850898379184787,0.0,0.02558966649501678,0.0,0.0,0.0,0.0,0.0
10.38,0.7478081841846871,-0.43912127156440556,0.045743604868911755,1.8937790919981694,-0.027947713104368797,0.7744353000785701,0.20850898379184787,0.0,0.025038930483434176,0.0,0.0,0.0,0.0,0.0
10.39,0.7478081841846871,-0.4388736536835197,0.045743604868911755,1.8937790919981694,-0.027947713104368797,0.7744353000785701,0.20850898379184787,0.0,0.024483957455190636,0.0,0.0,0.0,0.0,0.0
10.4,0.7478081841846871,-0.4386316058209168,0.045743604868911755,1.8937790919981694,-0.027947713104368797,0.7744353000785701,0.20850898379184787,0.0,0.02392496275700695,0.0,0.0,0.0,0.0,0.0
10.41,0.7478081841846871,-0.43839516711470494,0.045743604868911755,1.8937790919981694,-0.027947713104368797,0.7744353000785701,0.20850898379184787,0.0,0.023362162172954663,0.0,0.0,0.0,0.0,0.0
10.42,0.7478081841846871,-0.4381643745433184,0.045743604868911755,1.8937790919981694,-0.027947713104368797,0.7744353000785701,0.20850898379184787,0.0,0.022795771839617243,0.0,0.0,0.0,0.0,0.0
10.43,0.7478081841846871,-0.437939262922416,0.045743604868911755,1.8937790919981694,-0.027947713104368797,0.7744353000785701,0.20850898379184787,0.0,0.02222600816138455,0.0,0.0,0.0,0.0,0.0
10.44,0.7478081841846871,-0.4377198649026258,0.045743604868911755,1.8937790919981694,-0.027947713104368797,0.7744353000785701,0.20850898379184787,0.0,0.02165308772591586,0.0,0.0,0.0,0.0,0.0
10.45,0.7478081841846871,-0.4375062109681348,0.045743604868911755,1.8937790919981694,-0.027947713104368797,0.7744353000785701,0.20850898379184787,0.0,0.021077227219805456,0.0,0.0,0.0,0.0,0.0
10.46,0.7478081841846871,-0.4372983294361194,0.045743604868911755,1.8937790919981694,-0.027947713104368797,0.7744353000785701,0.20850898379184787,0.0,0.02049864334448379,0.0,0.0,0.0,0.0,0.0
10.47,0.7478081841846871,-0.4370962464570174,0.045743604868911755,1.8937790919981694,-0.027947713104368797,0.7744353000785701,0.20850898379184787,0.0,0.019917552732390466,0.0,0.0,0.0,0.0,0.0
10.48,0.7478081841846871,-0.4368999860156349,0.045743604868911755,1.8937790919981694,-0.027947713104368797,0.7744353000785701,0.20850898379184787,0.0,0.019334171863449524,0.0,0.0,0.0,0.0,0.0
10.49,0.7478081841846871,-0.4367095699330884,0.045743604868911755,1.8937790919981694,-0.027947713104368797,0.7744353000785701,0.20850898379184787,0.0,0.018748716981884198,0.0,0.0,0.0,0.0,0.0
10.5,0.7478081841846871,-0.43652501786957576,0.045743604868911755,1.8937790919981694,-0.027947713104368797,0.7744353000785701,0.20850898379184787,0.0,0.018161404013401248,0.0,0.0,0.0,0.0,0.0
10.51,0.7478081841846871,-0.43634634732797384,0.045743604868911755,1.8937790919981694,-0.027947713104368797,0.7744353000785701,0.20850898379184787,0.0,0.017572448482780553,0.0,0.0,0.0,0.0,0.0
10.52,0.7478081841846871,-0.4361735736582583,0.045743604868911755,1.8937790919981694,-0.027947713104368797,0.7744353000785701,0.20850898379184787,0.0,0.01698206543190062,0.0,0.0,0.0,0.0,0.0
10.53,0.7478081841846871,-0.43600671006274005,0.045743604868911755,1.8937790919981694,-0.027947713104368797,0.7744353000785701,0.20850898379184787,0.0,0.01639046933823444,0.0,0.0,0.0,0.0,0.0
10.54,0.7478081841846871,-0.43584576760211535,0.045743604868911755,1.8937790919981694,-0.027947713104368797,0.7744353000785701,0.20850898379184787,0.0,0.015797874033847248,0.0,0.0,0.0,0.0,0.0
10.55,0.7478081841846871,-0.43569075520232203,0.045743604868911755,1.8937790919981694,-0.027947713104368797,0.7744353000785701,0.20850898379184787,0.0,0.015204492624927603,0.0,0.0,0.0,0.0,0.0
10.56,0.7478081841846871,-0.4355416796621988,0.045743604868911755,1.8937790919981694,-0.027947713104368797,0.7744353000785701,0.20850898379184787,0.0,0.014610537411885541,0.0,0.0,0.0,0.0,0.0
10.57,0.7478081841846871,-0.43539854566193986,0.045743604868911755,1.8937790919981694,-0.027947713104368797,0.7744353000785701,0.20850898379184787,0.0,0.014016219810046348,0.0,0.0,0.0,0.0,0.0
10.58,0.7478081841846871,-0.4352613557723396,0.045743604868911755,1.8937790919981694,-0.027947713104368797,0.7744353000785701,0.20850898379184787,0.0,0.013421750270974558,0.0,0.0,0.0,0.0,0.0
10.59,0.7478081841846871,-0.43513011046482086,0.045743604868911755,1.8937790919981694,-0.027947713104368797,0.7744353000785701,0.20850898379184787,0.0,0.012827338204455706,0.0,0.0,0.0,0.0,0.0
10.6,0.7478081841846871,-0.4350048081222402,0.045743604868911755,1.8937790919981694,-0.027947713104368797,0.7744353000785701,0.20850898379184787,0.0,0.012233191901168807,0.0,0.0,0.0,0.0,0.0
10.61,0.7478081841846871,-0.4348854450504622,0.045743604868911755,1.8937790919981694,-0.027947713104368797,0.7744353000785701,0.20850898379184787,0.0,0.011639518456078494,0.0,0.0,0.0,0.0,0.0
10.62,0.7478081841846871,-0.434772015490697,0.045743604868911755,1.8937790919981694,-0.027947713104368797,0.7744353000785701,0.20850898379184787,0.0,0.011046523692576457,0.0,0.0,0.0,0.0,0.0
10.63,0.7478081841846871,-0.4346645116325917,0.045743604868911755,1.8937790919981694,-0.027947713104368797,0.7744353000785701,0.20850898379184787,0.0,0.010454412087402203,0.0,0.0,0.0,0.0,0.0
10.64,0.7478081841846871,-0.4345629236280691,0.045743604868911755,1.8937790919981694,-0.027947713104368797,0.7744353000785701,0.20850898379184787,0.0,0.009863386696372331,0.0,0.0,0.0,0.0,0.0
10.65,0.7478081841846871,-0.4344672396059048,0.045743604868911755,1.8937790919981694,-0.027947713104368797,0.7744353000785701,0.20850898379184787,0.0,0.009273649080945304,0.0,0.0,0.0,0.0,0.0
10.66,0.7478081841846871,-0.43437744568703435,0.045743604868911755,1.8937790919981694,-0.027947713104368797,0.7744353000785701,0.20850898379184787,0.0,0.008685399235651814,0.0,0.0,0.0,0.0,0.0
10.67,0.7478081841846871,-0.43429352600058163,0.045743604868911755,1.8937790919981694,-0.027947713104368797,0.7744353000785701,0.20850898379184787,0.0,0.00809883551641753,0.0,0.0,0.0,0.0,0.0
10.68,0.7478081841846871,-0.4342154627005995,0.045743604868911755,1.8937790919981694,-0.027947713104368797,0.7744353000785701,0.20850898379184787,0.0,0.007514154569805901,0.0,0.0,0.0,0.0,0.0
10.69,0.7478081841846871,-0.43414323598351345,0.045743604868911755,1.8937790919981694,-0.027947713104368797,0.7744353000785701,0.20850898379184787,0.0,0.006931551263206872,0.0,0.0,0.0,0.0,0.0
10.7,0.7478081841846871,-0.43407682410625786,0.045743604868911755,1.8937790919981694,-0.027947713104368797,0.7744353000785701,0.20850898379184787,0.0,0.00635121861599986,0.0,0.0,0.0,0.0,0.0
10.71,0.7478081841846871,-0.4340162034050967,0.045743604868911755,1.8937790919981694,-0.027947713104368797,0.7744353000785701,0.20850898379184787,0.0,0.005773347731714508,0.0,0.0,0.0,0.0,0.0
10.72,0.7478081841846871,-0.4339613483151167,0.045743604868911755,1.8937790919981694,-0.027947713104368797,0.7744353000785701,0.20850898379184787,0.0,0.005198127731217383,0.0,0.0,0.0,0.0,0.0
10.73,0.7478081841846871,-0.4339122313903835,0.045743604868911755,1.8937790919981694,-0.027947713104368797,0.7744353000785701,0.20850898379184787,0.0,0.004625745686946392,0.0,0.0,0.0,0.0,0.0
10.74,0.7478081841846871,-0.43386882332475074,0.045743604868911755,1.8937790919981694,-0.027947713104368797,0.7744353000785701,0.20850898379184787,0.0,0.004056386558220823,0.0,0.0,0.0,0.0,0.0
10.75,0.7478081841846871,-0.43383109297330974,0.045743604868911755,1.8937790919981694,-0.027947713104368797,0.7744353000785701,0.20850898379184787,0.0,0.003490233127647913,0.0,0.0,0.0,0.0,0.0
10.76,0.7478081841846871,-0.4337990073744702,0.045743604868911755,1.8937790919981694,-0.027947713104368797,0.7744353000785701,0.20850898379184787,0.0,0.002927465938651481,0.0,0.0,0.0,0.0,0.0
10.77,0.7478081841846871,-0.43377253177265945,0.045743604868911755,1.8937790919981694,-0.027947713104368797,0.7744353000785701,0.20850898379184787,0.0,0.0023682632341446765,0.0,0.0,0.0,0.0,0.0
10.78,0.7478081841846871,-0.43375162964162933,0.045743604868911755,1.8937790919981694,-0.027947713104368797,0.7744353000785701,0.20850898379184787,0.0,0.0018128008963688102,0.0,0.0,0.0,0.0,0.0
10.79,0.7478081841846871,-0.433736262708359,0.045743604868911755,1.8937790919981694,-0.027947713104368797,0.7744353000785701,0.20850898379184787,0.0,0.0012612523879210994,0.0,0.0,0.0,0.0,0.0
10.8,0.7478081841846871,-0.43372639097754095,0.045743604868911755,1.8937790919981694,-0.027947713104368797,0.7744353000785701,0.20850898379184787,0.0,0.000713788693991918,0.0,0.0,0.0,0.0,0.0
10.81,0.7478081841846871,-0.43372197275663893,0.045743604868911755,1.8937790919981694,-0.027947713104368797,0.7744353000785701,0.20850898379184787,0.0,0.00017057826583251407,0.0,0.0,0.0,0.0,0.0
10.82,0.7478081841846871,-0.4337229646815046,0.045743604868911755,1.8937790919981694,-0.027947713104368797,0.7744353000785701,0.20850898379184787,-0.0,-0.00036821303452741526,-0.0,-0.0,-0.0,-0.0,-0.0
10.83,0.7478081841846871,-0.43372932174254125,0.045743604868911755,1.8937790919981694,-0.027947713104368797,0.7744353000785701,0.20850898379184787,-0.0,-0.00090242198829123,-0.0,-0.0,-0.0,-0.0,-0.0
10.84,0.7478081841846871,-0.43374099731140037,0.045743604868911755,1.8937790919981694,-0.027947713104368797,0.7744353000785701,0.20850898379184787,-0.0,-0.0014318880726180714,-0.0,-0.0,-0.0,-0.0,-0.0
10.85,0.7478081841846871,-0.4337579431681997,0.045743604868911755,1.8937790919981694,-0.027947713104368797,0.7744353000785701,0.20850898379184787,-0.0,-0.0019564535120386905,-0.0,-0.0,-0.0,-0.0,-0.0
10.86,0.7478081841846871,-0.4337801095292485,0.045743604868911755,1.8937790919981694,-0.027947713104368797,0.7744353000785701,0.20850898379184787,-0.0,-0.00247596332854552,-0.0,-0.0,-0.0,-0.0,-0.0
10.87,0.7478081841846871,-0.43380744507526675,0.045743604868911755,1.8937790919981694,-0.027947713104368797,0.7744353000785701,0.20850898379184787,-0.0,-0.0029902653903404095,-0.0,-0.0,-0.0,-0.0,-0.0
10.88,0.7478081841846871,-0.4338398969800856,0.045743604868911755,1.8937790919981694,-0.027947713104368797,0.7744353000785701,0.20850898379184787,-0.0,-0.003499210459224096,-0.0,-0.0,-0.0,-0.0,-0.0
10.89,0.7478081841846871,-0.43387741093981463,0.045743604868911755,1.8937790919981694,-0.027947713104368797,0.7744353000785701,0.20850898379184787,-0.0,-0.004002652236609635,-0.0,-0.0,-0.0,-0.0,-0.0
10.9,0.7478081841846871,-0.4339199312024619,0.045743604868911755,1.8937790919981694,-0.027947713104368797,0.7744353000785701,0.20850898379184787,-0.0,-0.0045004474081471605,-0.0,-0.0,-0.0,-0.0,-0.0
10.91,0.7478081841846871,-0.43396740059799405,0.045743604868911755,1.8937790919981694,-0.027947713104368797,0.7744353000785701,0.20850898379184787,-0.0,-0.004992455686942298,-0.0,-0.0,-0.0,-0.0,-0.0
10.92,0.7478081841846871,-0.43401976056882063,0.045743604868911755,1.8937790919981694,-0.027947713104368797,0.7744353000785701,0.20850898379184787,-0.0,-0.005478539855356824,-0.0,-0.0,-0.0,-0.0,-0.0
10.93,0.7478081841846871,-0.43407695120069,0.045743604868911755,1.8937790919981694,-0.027947713104368797,0.7744353000785701,0.20850898379184787,-0.0,-0.005958565805376068,-0.0,-0.0,-0.0,-0.0,-0.0
10.94,0.7478081841846871,-0.43413891125398124,0.045743604868911755,1.8937790919981694,-0.027947713104368797,0.7744353000785701,0.20850898379184787,-0.0,-0.0064324025775320285,-0.0,-0.0,-0.0,-0.0,-0.0
10.95,0.7478081841846871,-0.43420557819537825,0.045743604868911755,1.8937790919981694,-0.027947713104368797,0.7744353000785701,0.20850898379184787,-0.0,-0.006899922398368701,-0.0,-0.0,-0.0,-0.0,-0.0
10.96,0.7478081841846871,-0.4342768882299109,0.045743604868911755,1.8937790919981694,-0.027947713104368797,0.7744353000785701,0.20850898379184787,-0.0,-0.007361000716438852,-0.0,-0.0,-0.0,-0.0,-0.0
10.97,0.7478081841846871,-0.4343527763333492,0.045743604868911755,1.8937790919981694,-0.027947713104368797,0.7744353000785701,0.20850898379184787,-0.0,-0.007815516236821212,-0.0,-0.0,-0.0,-0.0,-0.0
10.98,0.7478081841846871,-0.4344331762849348,0.045743604868911755,1.8937790919981694,-0.027947713104368797,0.7744353000785701,0.20850898379184787,-0.0,-0.008263350954148579,-0.0,-0.0,-0.0,-0.0,-0.0
10.99,0.7478081841846871,-0.4345180207004353,0.045743604868911755,1.8937790919981694,-0.027947713104368797,0.7744353000785701,0.20850898379184787,-0.0,-0.008704390184135994,-0.0,-0.0,-0.0,-0.0,-0.0
11.0,0.7478081841846871,-0.43460724106550686,0.045743604868911755,1.8937790919981694,-0.027947713104368797,0.7744353000785701,0.20850898379184787,-0.0,-0.00913852259360124,-0.0,-0.0,-0.0,-0.0,-0.0
11.01,0.7478081841846871,-0.4347007677693485,0.045743604868911755,1.8937790919981694,-0.027947713104368797,0.7744353000785701,0.20850898379184787,-0.0,-0.009565640228969566,-0.0,-0.0,-0.0,-0.0,-0.0
11.02,0.7478081841846871,-0.4347985301386346,0.045743604868911755,1.8937790919981694,-0.027947713104368797,0.7744353000785701,0.20850898379184787,-0.0,-0.009985638543254419,-0.0,-0.0,-0.0,-0.0,-0.0
11.03,0.7478081841846871,-0.43490045647170944,0.045743604868911755,1.8937790919981694,-0.027947713104368797,0.7744353000785701,0.20850898379184787,-0.0,-0.010398416421507751,-0.0,-0.0,-0.0,-0.0,-0.0
11.04,0.7478081841846871,-0.43500647407302817,0.045743604868911755,1.8937790919981694,-0.027947713104368797,0.7744353000785701,0.20850898379184787,-0.0,-0.010803876204734284,-0.0,-0.0,-0.0,-0.0,-0.0
11.05,0.7478081841846871,-0.4351165092878297,0.045743604868911755,1.8937790919981694,-0.027947713104368797,0.7744353000785701,0.20850898379184787,-0.0,-0.01120192371226334,-0.0,-0.0,-0.0,-0.0,-0.0
11.06,0.7478081841846871,-0.43523048753702515,0.045743604868911755,1.8937790919981694,-0.027947713104368797,0.7744353000785701,0.20850898379184787,-0.0,-0.011592468262573794,-0.0,-0.0,-0.0,-0.0,-0.0
11.07,0.7478081841846871,-0.4353483333522872,0.045743604868911755,1.8937790919981694,-0.027947713104368797,0.7744353000785701,0.20850898379184787,-0.0,-0.011975422692568802,-0.0,-0.0,-0.0,-0.0,-0.0
11.08,0.7478081841846871,-0.4354699704113242,0.045743604868911755,1.8937790919981694,-0.027947713104368797,0.7744353000785701,0.20850898379184787,-0.0,-0.012350703375295773,-0.0,-0.0,-0.0,-0.0,-0.0
11.09,0.7478081841846871,-0.4355953215733237,0.045743604868911755,1.8937790919981694,-0.027947713104368797,0.7744353000785701,0.20850898379184787,-0.0,-0.012718230236109409,-0.0,-0.0,-0.0,-0.0,-0.0
11.1,0.7478081841846871,-0.4357243089145498,0.045743604868911755,1.8937790919981694,-0.027947713104368797,0.7744353000785701,0.20850898379184787,-0.0,-0.013077926767275573,-0.0,-0.0,-0.0,-0.0,-0.0
11.11,0.7478081841846871,-0.43585685376407873,0.045743604868911755,1.8937790919981694,-0.027947713104368797,0.7744353000785701,0.20850898379184787,-0.0,-0.013429720041015157,-0.0,-0.0,-0.0,-0.0,-0.0
11.12,0.7478081841846871,-0.43599287673965736,0.045743604868911755,1.8937790919981694,-0.027947713104368797,0.7744353000785701,0.20850898379184787,-0.0,-0.013773540720986138,-0.0,-0.0,-0.0,-0.0,-0.0
11.13,0.7478081841846871,-0.4361322977836682,0.045743604868911755,1.8937790919981694,-0.027947713104368797,0.7744353000785701,0.20850898379184787,-0.0,-0.014109323072205181,-0.0,-0.0,-0.0,-0.0,-0.0
11.14,0.7478081841846871,-0.43627503619918623,0.045743604868911755,1.8937790919981694,-0.027947713104368797,0.7744353000785701,0.20850898379184787,-0.0,-0.014437004969407858,-0.0,-0.0,-0.0,-0.0,-0.0
11.15,0.7478081841846871,-0.4364210106861114,0.045743604868911755,1.8937790919981694,-0.027947713104368797,0.7744353000785701,0.20850898379184787,-0.0,-0.014756527903850718,-0.0,-0.0,-0.0,-0.0,-0.0
11.16,0.7478081841846871,-0.4365701393773612,0.045743604868911755,1.8937790919981694,-0.027947713104368797,0.7744353000785701,0.20850898379184787,-0.0,-0.015067836988555135,-0.0,-0.0,-0.0,-0.0,-0.0
11.17,0.7478081841846871,-0.4367223398751085,0.045743604868911755,1.8937790919981694,-0.027947713104368797,0.7744353000785701,0.20850898379184787,-0.0,-0.01537088096199741,-0.0,-0.0,-0.0,-0.0,-0.0
11.18,0.7478081841846871,-0.43687752928704743,0.045743604868911755,1.8937790919981694,-0.027947713104368797,0.7744353000785701,0.20850898379184787,-0.0,-0.01566561219024724,-0.0,-0.0,-0.0,-0.0,-0.0
11.19,0.7478081841846871,-0.43703562426267395,0.045743604868911755,1.8937790919981694,-0.027947713104368797,0.7744353000785701,0.20850898379184787,-0.0,-0.015951986667559086,-0.0,-0.0,-0.0,-0.0,-0.0
11.2,0.7478081841846871,-0.4371965410295643,0.045743604868911755,1.8937790919981694,-0.027947713104368797,0.7744353000785701,0.20850898379184787,-0.0,-0.016229964015421258,-0.0,-0.0,-0.0,-0.0,-0.0
11.21,0.7478081841846871,-0.437360195429636,0.045743604868911755,1.8937790919981694,-0.027947713104368797,0.7744353000785701,0.20850898379184787,-0.0,-0.016499507480067607,-0.0,-0.0,-0.0,-0.0,-0.0
11.22,0.7478081841846871,-0.43752650295537643,0.045743604868911755,1.8937790919981694,-0.027947713104368797,0.7744353000785701,0.20850898379184787,-0.0,-0.016760583928457858,-0.0,-0.0,-0.0,-0.0,-0.0
11.23,0.7478081841846871,-0.4376953787860239,0.045743604868911755,1.8937790919981694,-0.027947713104368797,0.7744353000785701,0.20850898379184787,-0.0,-0.017013163842733867,-0.0,-0.0,-0.0,-0.0,-0.0
11.24,0.7478081841846871,-0.43786673782368496,0.045743604868911755,1.8937790919981694,-0.027947713104368797,0.7744353000785701,0.20850898379184787,-0.0,-0.01725722131315823,-0.0,-0.0,-0.0,-0.0,-0.0
11.25,0.7478081841846871,-0.4380404947293747,0.045743604868911755,1.8937790919981694,-0.027947713104368797,0.7744353000785701,0.20850898379184787,-0.0,-0.017492734029543634,-0.0,-0.0,-0.0,-0.0,-0.0
11.26,0.7478081841846871,-0.43821656395896247,0.045743604868911755,1.8937790919981694,-0.027947713104368797,0.7744353000785701,0.20850898379184787,-0.0,-0.017719683271181307,-0.0,-0.0,-0.0,-0.0,-0.0
11.27,0.7478081841846871,-0.4383948597990104,0.045743604868911755,1.8937790919981694,-0.027947713104368797,0.7744353000785701,0.20850898379184787,-0.0,-0.017938053895278246,-0.0,-0.0,-0.0,-0.0,-0.0
11.28,0.7478081841846871,-0.4385752964024886,0.045743604868911755,1.8937790919981694,-0.027947713104368797,0.7744353000785701,0.20850898379184787,-0.0,-0.018147834323912315,-0.0,-0.0,-0.0,-0.0,-0.0
11.29,0.7478081841846871,-0.4387577878243525,0.045743604868911755,1.8937790919981694,-0.027947713104368797,0.7744353000785701,0.20850898379184787,-0.0,-0.018349016529516194,-0.0,-0.0,-0.0,-0.0,-0.0
11.3,0.7478081841846871,-0.43894224805696747,0.045743604868911755,1.8937790919981694,-0.027947713104368797,0.7744353000785701,0.20850898379184787,-0.0,-0.018541596018901242,-0.0,-0.0,-0.0,-0.0,-0.0
11.31,0.7478081841846871,-0.43912859106536695,0.045743604868911755,1.8937790919981694,-0.027947713104368797,0.7744353000785701,0.20850898379184787,-0.0,-0.018725571815832478,-0.0,-0.0,-0.0,-0.0,-0.0
11.32,0.7478081841846871,-0.439316730822329,0.045743604868911755,1.8937790919981694,-0.027947713104368797,0.7744353000785701,0.20850898379184787,-0.0,-0.0189009464421678,-0.0,-0.0,-0.0,-0.0,-0.0
11.33,0.7478081841846871,-0.43950658134325654,0.045743604868911755,1.8937790919981694,-0.027947713104368797,0.7744353000785701,0.20850898379184787,-0.0,-0.01906772589757337,-0.0,-0.0,-0.0,-0.0,-0.0
11.34,0.7478081841846871,-0.4396980567208485,0.045743604868911755,1.8937790919981694,-0.027947713104368797,0.7744353000785701,0.20850898379184787,-0.0,-0.01922591963782946,-0.0,-0.0,-0.0,-0.0,-0.0
11.35,0.7478081841846871,-0.43989107115954657,0.045743604868911755,1.8937790919981694,-0.027947713104368797,0.7744353000785701,0.20850898379184787,-0.0,-0.019375540551740258,-0.0,-0.0,-0.0,-0.0,-0.0
11.36,0.7478081841846871,-0.4400855390097441,0.045743604868911755,1.8937790919981694,-0.027947713104368797,0.7744353000785701,0.20850898379184787,-0.0,-0.019516604936662674,-0.0,-0.0,-0.0,-0.0,-0.0
11.37,0.7478081841846871,-0.4402813748017439,0.045743604868911755,1.8937790919981694,-0.027947713104368797,0.7744353000785701,0.20850898379184787,-0.0,-0.019649132472669136,-0.0,-0.0,-0.0,-0.0,-0.0
11.38,0.7478081841846871,-0.44047849327945016,0.045743604868911755,1.8937790919981694,-0.027947713104368797,0.7744353000785701,0.20850898379184787,-0.0,-0.019773146195360095,-0.0,-0.0,-0.0,-0.0,-0.0
11.39,0.7478081841846871,-0.4406768094337824,0.045743604868911755,1.8937790919981694,-0.027947713104368797,0.7744353000785701,0.20850898379184787,-0.0,-0.019888672467342876,-0.0,-0.0,-0.0,-0.0,-0.0
11.4,0.7478081841846871,-0.4408762385357976,0.045743604868911755,1.8937790919981694,-0.027947713104368797,0.7744353000785701,0.20850898379184787,-0.0,-0.019995740948393497,-0.0,-0.0,-0.0,-0.0,-0.0
11.41,0.7478081841846871,-0.4410766961695072,0.045743604868911755,1.8937790919981694,-0.027947713104368797,0.7744353000785701,0.20850898379184787,-0.0,-0.02009438456431884,-0.0,-0.0,-0.0,-0.0,-0.0
11.42,0.7478081841846871,-0.4412780982643761,0.045743604868911755,1.8937790919981694,-0.027947713104368797,0.7744353000785701,0.20850898379184787,-0.0,-0.02018463947453728,-0.0,-0.0,-0.0,-0.0,-0.0
11.43,0.7478081841846871,-0.44148036112749167,0.045743604868911755,1.8937790919981694,-0.027947713104368797,0.7744353000785701,0.20850898379184787,-0.0,-0.02026654503839627,-0.0,-0.0,-0.0,-0.0,-0.0
11.44,0.7478081841846871,-0.44168340147538965,0.045743604868911755,1.8937790919981694,-0.027947713104368797,0.7744353000785701,0.20850898379184787,-0.0,-0.02034014378024561,-0.0,-0.0,-0.0,-0.0,-0.0
11.45,0.7478081841846871,-0.44188713646552374,0.045743604868911755,1.8937790919981694,-0.027947713104368797,0.7744353000785701,0.20850898379184787,-0.0,-0.0204054813532861,-0.0,-0.0,-0.0,-0.0,-0.0
11.46,0.7478081841846871,-0.4420914837273691,0.045743604868911755,1.8937790919981694,-0.027947713104368797,0.7744353000785701,0.20850898379184787,-0.0,-0.020462606502213525,-0.0,-0.0,-0.0,-0.0,-0.0
11.47,0.7478081841846871,-0.442296361393145,0.045743604868911755,1.8937790919981694,-0.027947713104368797,0.7744353000785701,0.20850898379184787,-0.0,-0.020511571024678203,-0.0,-0.0,-0.0,-0.0,-0.0
11.48,0.7478081841846871,-0.44250168812814716,0.045743604868911755,1.8937790919981694,-0.027947713104368797,0.7744353000785701,0.20850898379184787,-0.0,-0.020552429731581494,-0.0,-0.0,-0.0,-0.0,-0.0
11.49,0.7478081841846871,-0.4427073831606768,0.045743604868911755,1.8937790919981694,-0.027947713104368797,0.7744353000785701,0.20850898379184787,-0.0,-0.02058524040623007,-0.0,-0.0,-0.0,-0.0,-0.0
11.5,0.7478081841846871,-0.44291336631155587,0.045743604868911755,1.8937790919981694,-0.027947713104368797,0.7744353000785701,0.20850898379184787,-0.0,-0.020610063762370286,-0.0,-0.0,-0.0,-0.0,-0.0
11.51,0.7478081841846871,-0.443119558023217,0.045743604868911755,1.8937790919981694,-0.027947713104368797,0.7744353000785701,0.20850898379184787,-0.0,-0.02062696340112457,-0.0,-0.0,-0.0,-0.0,-0.0
11.52,0.7478081841846871,-0.4433258793883574,0.045743604868911755,1.8937790919981694,-0.027947713104368797,0.7744353000785701,0.20850898379184787,-0.0,-0.020636005766852854,-0.0,-0.0,-0.0,-0.0,-0.0
11.53,0.7478081841846871,-0.44353225217814624,0.045743604868911755,1.8937790919981694,-0.027947713104368797,0.7744353000785701,0.20850898379184787,-0.0,-0.020637260101961926,-0.0,-0.0,-0.0,-0.0,-0.0
11.54,0.7478081841846871,-0.4437385988699748,0.045743604868911755,1.8937790919981694,-0.027947713104368797,0.7744353000785701,0.20850898379184787,-0.0,-0.020630798400686354,-0.0,-0.0,-0.0,-0.0,-0.0
11.55,0.7478081841846871,-0.44394484267473966,0.045743604868911755,1.8937790919981694,-0.027947713104368797,0.7744353000785701,0.20850898379184787,-0.0,-0.020616695361864987,-0.0,-0.0,-0.0,-0.0,-0.0
11.56,0.7478081841846871,-0.44415090756364806,0.045743604868911755,1.8937790919981694,-0.027947713104368797,0.7744353000785701,0.20850898379184787,-0.0,-0.020595028340737287,-0.0,-0.0,-0.0,-0.0,-0.0
11.57,0.7478081841846871,-0.4443567182945375,0.045743604868911755,1.8937790919981694,-0.027947713104368797,0.7744353000785701,0.20850898379184787,-0.0,-0.020565877299784072,-0.0,-0.0,-0.0,-0.0,-0.0
11.58,0.7478081841846871,-0.44456220043769795,0.045743604868911755,1.8937790919981694,-0.027947713104368797,0.7744353000785701,0.20850898379184787,-0.0,-0.020529324758637942,-0.0,-0.0,-0.0,-0.0,-0.0
11.59,0.7478081841846871,-0.4447672804011895,0.045743604868911755,1.8937790919981694,-0.027947713104368797,0.7744353000785701,0.20850898379184787,-0.0,-0.020485455743088823,-0.0,-0.0,-0.0,-0.0,-0.0
11.6,0.7478081841846871,-0.44497188545564514,0.045743604868911755,1.8937790919981694,-0.027947713104368797,0.7744353000785701,0.20850898379184787,-0.0,-0.0204343577332101,-0.0,-0.0,-0.0,-0.0,-0.0
11.61,0.7478081841846871,-0.44517594375855046,0.045743604868911755,1.8937790919981694,-0.027947713104368797,0.7744353000785701,0.20850898379184787,-0.0,-0.020376120610631727,-0.0,-0.0,-0.0,-0.0,-0.0
11.62,0.7478081841846871,-0.4453793843779926,0.045743604868911755,1.8937790919981694,-0.027947713104368797,0.7744353000785701,0.20850898379184787,-0.0,-0.0203108366049865,-0.0,-0.0,-0.0,-0.0,-0.0
11.63,0.7478081841846871,-0.4455821373158689,0.045743604868911755,1.8937790919981694,-0.027947713104368797,0.7744353000785701,0.20850898379184787,-0.0,-0.02023860023955639,-0.0,-0.0,-0.0,-0.0,-0.0
11.64,0.7478081841846871,-0.445784133530548,0.045743604868911755,1.8937790919981694,-0.027947713104368797,0.7744353000785701,0.20850898379184787,-0.0,-0.020159508276145724,-0.0,-0.0,-0.0,-0.0,-0.0
11.65,0.7478081841846871,-0.44598530495897715,0.045743604868911755,1.8937790919981694,-0.027947713104368797,0.7744353000785701,0.20850898379184787,-0.0,-0.020073659659208647,-0.0,-0.0,-0.0,-0.0,-0.0
11.66,0.7478081841846871,-0.4461855845382256,0.045743604868911755,1.8937790919981694,-0.027947713104368797,0.7744353000785701,0.20850898379184787,-0.0,-0.01998115545925823,-0.0,-0.0,-0.0,-0.0,-0.0
11.67,0.7478081841846871,-0.4463849062264598,0.045743604868911755,1.8937790919981694,-0.027947713104368797,0.7744353000785701,0.20850898379184787,-0.0,-0.0198820988155852,-0.0,-0.0,-0.0,-0.0,-0.0
11.68,0.7478081841846871,-0.4465832050233417,0.045743604868911755,1.8937790919981694,-0.027947713104368797,0.7744353000785701,0.20850898379184787,-0.0,-0.019776594878314242,-0.0,-0.0,-0.0,-0.0,-0.0
11.69,0.7478081841846871,-0.446780416989845,0.045743604868911755,1.8937790919981694,-0.027947713104368797,0.7744353000785701,0.20850898379184787,-0.0,-0.019664750749825977,-0.0,-0.0,-0.0,-0.0,-0.0
11.7,0.7478081841846871,-0.44697647926748196,0.045743604868911755,1.8937790919981694,-0.027947713104368797,0.7744353000785701,0.20850898379184787,-0.0,-0.019546675425573305,-0.0,-0.0,-0.0,-0.0,-0.0
11.71,0.7478081841846871,-0.44717133009693616,0.045743604868911755,1.8937790919981694,-0.027947713104368797,0.7744353000785701,0.20850898379184787,-0.0,-0.019422479734320656,-0.0,-0.0,-0.0,-0.0,-0.0
11.72,0.7478081841846871,-0.44736490883609403,0.045743604868911755,1.8937790919981694,-0.027947713104368797,0.7744353000785701,0.20850898379184787,-0.0,-0.019292276277835155,-0.0,-0.0,-0.0,-0.0,-0.0
11.73,0.7478081841846871,-0.44755715597747175,0.045743604868911755,1.8937790919981694,-0.027947713104368797,0.7744353000785701,0.20850898379184787,-0.0,-0.019156179370058243,-0.0,-0.0,-0.0,-0.0,-0.0
11.74,0.7478081841846871,-0.4477480131650303,0.045743604868911755,1.8937790919981694,-0.027947713104368797,0.7744353000785701,0.20850898379184787,-0.0,-0.019014304975787665,-0.0,-0.0,-0.0,-0.0,-0.0
11.75,0.7478081841846871,-0.4479374232103758,0.045743604868911755,1.8937790919981694,-0.027947713104368797,0.7744353000785701,0.20850898379184787,-0.0,-0.01886677064889858,-0.0,-0.0,-0.0,-0.0,-0.0
11.76,0.7478081841846871,-0.4481253301083393,0.045743604868911755,1.8937790919981694,-0.027947713104368797,0.7744353000785701,0.20850898379184787,-0.0,-0.018713695470133497,-0.0,-0.0,-0.0,-0.0,-0.0
11.77,0.7478081841846871,-0.44831167905193314,0.045743604868911755,1.8937790919981694,-0.027947713104368797,0.7744353000785701,0.20850898379184787,-0.0,-0.01855519998449071,-0.0,-0.0,-0.0,-0.0,-0.0
11.78,0.7478081841846871,-0.4484964164466784,0.045743604868911755,1.8937790919981694,-0.027947713104368797,0.7744353000785701,0.20850898379184787,-0.0,-0.018391406138240505,-0.0,-0.0,-0.0,-0.0,-0.0
11.79,0.7478081841846871,-0.44867948992430173,0.045743604868911755,1.8937790919981694,-0.027947713104368797,0.7744353000785701,0.20850898379184787,-0.0,-0.0182224372155995,-0.0,-0.0,-0.0,-0.0,-0.0
11.8,0.7478081841846871,-0.4488608483557964,0.045743604868911755,1.8937790919981694,-0.027947713104368797,0.7744353000785701,0.20850898379184787,-0.0,-0.018048417775092605,-0.0,-0.0,-0.0,-0.0,-0.0
11.81,0.7478081841846871,-0.4490404418638464,0.045743604868911755,1.8937790919981694,-0.027947713104368797,0.7744353000785701,0.20850898379184787,-0.0,-0.01786947358563262,-0.0,-0.0,-0.0,-0.0,-0.0
11.82,0.7478081841846871,-0.44921822183460947,0.045743604868911755,1.8937790919981694,-0.027947713104368797,0.7744353000785701,0.20850898379184787,-0.0,-0.017685731562347363,-0.0,-0.0,-0.0,-0.0,-0.0
11.83,0.7478081841846871,-0.4493941409288574,0.045743604868911755,1.8937790919981694,-0.027947713104368797,0.7744353000785701,0.20850898379184787,-0.0,-0.01749731970218458,-0.0,-0.0,-0.0,-0.0,-0.0
11.84,0.7478081841846871,-0.4495681530924716,0.045743604868911755,1.8937790919981694,-0.027947713104368797,0.7744353000785701,0.20850898379184787,-0.0,-0.01730436701932462,-0.0,-0.0,-0.0,-0.0,-0.0
11.85,0.7478081841846871,-0.4497402135662918,0.045743604868911755,1.8937790919981694,-0.027947713104368797,0.7744353000785701,0.20850898379184787,-0.0,-0.017107003480430507,-0.0,-0.0,-0.0,-0.0,-0.0
11.86,0.7478081841846871,-0.44991027889531626,0.045743604868911755,1.8937790919981694,-0.027947713104368797,0.7744353000785701,0.20850898379184787,-0.0,-0.01690535993976621,-0.0,-0.0,-0.0,-0.0,-0.0
11.87,0.7478081841846871,-0.4500783069372533,0.045743604868911755,1.8937790919981694,-0.027947713104368797,0.7744353000785701,0.20850898379184787,-0.0,-0.016699568074212582,-0.0,-0.0,-0.0,-0.0,-0.0
11.88,0.7478081841846871,-0.45024425687042213,0.045743604868911755,1.8937790919981694,-0.027947713104368797,0.7744353000785701,0.20850898379184787,-0.0,-0.016489760318211,-0.0,-0.0,-0.0,-0.0,-0.0
11.89,0.7478081841846871,-0.4504080892010027,0.045743604868911755,1.8937790919981694,-0.027947713104368797,0.7744353000785701,0.20850898379184787,-0.0,-0.016276069798665322,-0.0,-0.0,-0.0,-0.0,-0.0
11.9,0.7478081841846871,-0.4505697657696353,0.045743604868911755,1.8937790919981694,-0.027947713104368797,0.7744353000785701,0.20850898379184787,-0.0,-0.016058630269830797,-0.0,-0.0,-0.0,-0.0,-0.0
11.91,0.7478081841846871,-0.45072924975736817,0.045743604868911755,1.8937790919981694,-0.027947713104368797,0.7744353000785701,0.20850898379184787,-0.0,-0.015837576048221325,-0.0,-0.0,-0.0,-0.0,-0.0
11.92,0.7478081841846871,-0.4508865056909549,0.045743604868911755,1.8937790919981694,-0.027947713104368797,0.7744353000785701,0.20850898379184787,-0.0,-0.015613041947563484,-0.0,-0.0,-0.0,-0.0,-0.0
11.93,0.7478081841846871,-0.45104149944750166,0.045743604868911755,1.8937790919981694,-0.027947713104368797,0.7744353000785701,0.20850898379184787,-0.0,-0.015385163213827994,-0.0,-0.0,-0.0,-0.0,-0.0
11.94,0.7478081841846871,-0.4511941982584654,0.045743604868911755,1.8937790919981694,-0.027947713104368797,0.7744353000785701,0.20850898379184787,-0.0,-0.015154075460367265,-0.0,-0.0,-0.0,-0.0,-0.0
11.95,0.7478081841846871,-0.4513445707130035,0.045743604868911755,1.8937790919981694,-0.027947713104368797,0.7744353000785701,0.20850898379184787,-0.0,-0.014919914603189284,-0.0,-0.0,-0.0,-0.0,-0.0
11.96,0.7478081841846871,-0.4514925867606778,0.045743604868911755,1.8937790919981694,-0.027947713104368797,0.7744353000785701,0.20850898379184787,-0.0,-0.01468281679639668,-0.0,-0.0,-0.0,-0.0,-0.0
11.97,0.7478081841846871,-0.45163821771351337,0.045743604868911755,1.8937790919981694,-0.027947713104368797,0.7744353000785701,0.20850898379184787,-0.0,-0.014442918367820166,-0.0,-0.0,-0.0,-0.0,-0.0
11.98,0.7478081841846871,-0.4517814362474146,0.045743604868911755,1.8937790919981694,-0.027947713104368797,0.7744353000785701,0.20850898379184787,-0.0,-0.014200355754875243,-0.0,-0.0,-0.0,-0.0,-0.0
11.99,0.7478081841846871,-0.451922216402942,0.045743604868911755,1.8937790919981694,-0.027947713104368797,0.7744353000785701,0.20850898379184787,-0.0,-0.013955265440671353,-0.0,-0.0,-0.0,-0.0,-0.0
12.0,0.7478081841846871,-0.4520605335854502,0.045743604868911755,1.8937790919981694,-0.027947713104368797,0.7744353000785701,0.20850898379184787,-0.0,-0.013707783890401889,-0.0,-0.0,-0.0,-0.0,-0.0
12.01,0.7478081841846871,-0.4521963645645924,0.045743604868911755,1.8937790919981694,-0.027947713104368797,0.7744353000785701,0.20850898379184787,-0.0,-0.013458047488043095,-0.0,-0.0,-0.0,-0.0,-0.0
12.02,0.7478081841846871,-0.452329687473193,0.045743604868911755,1.8937790919981694,-0.027947713104368797,0.7744353000785701,0.20850898379184787,-0.0,-0.01320619247339081,-0.0,-0.0,-0.0,-0.0,-0.0
12.03,0.7478081841846871,-0.45246048180549253,0.045743604868911755,1.8937790919981694,-0.027947713104368797,0.7744353000785701,0.20850898379184787,-0.0,-0.012952354879462518,-0.0,-0.0,-0.0,-0.0,-0.0
12.04,0.7478081841846871,-0.4525887284147682,0.045743604868911755,1.8937790919981694,-0.027947713104368797,0.7744353000785701,0.20850898379184787,-0.0,-0.012696670470292515,-0.0,-0.0,-0.0,-0.0,-0.0
12.05,0.7478081841846871,-0.45271440951033537,0.045743604868911755,1.8937790919981694,-0.027947713104368797,0.7744353000785701,0.20850898379184787,-0.0,-0.012439274679147804,-0.0,-0.0,-0.0,-0.0,-0.0
12.06,0.7478081841846871,-0.4528375086539322,0.045743604868911755,1.8937790919981694,-0.027947713104368797,0.7744353000785701,0.20850898379184787,-0.0,-0.012180302547192233,-0.0,-0.0,-0.0,-0.0,-0.0
12.07,0.7478081841846871,-0.4529580107554942,0.045743604868911755,1.8937790919981694,-0.027947713104368797,0.7744353000785701,0.20850898379184787,-0.0,-0.011919888662624825,-0.0,-0.0,-0.0,-0.0,-0.0
12.08,0.7478081841846871,-0.45307590206832254,0.045743604868911755,1.8937790919981694,-0.027947713104368797,0.7744353000785701,0.20850898379184787,-0.0,-0.011658167100320317,-0.0,-0.0,-0.0,-0.0,-0.0
12.09,0.7478081841846871,-0.45319117018365085,0.045743604868911755,1.8937790919981694,-0.027947713104368797,0.7744353000785701,0.20850898379184787,-0.0,-0.011395271361997344,-0.0,-0.0,-0.0,-0.0,-0.0
12.1,0.7478081841846871,-0.45330380402461684,0.045743604868911755,1.8937790919981694,-0.027947713104368797,0.7744353000785701,0.20850898379184787,-0.0,-0.011131334316940824,-0.0,-0.0,-0.0,-0.0,-0.0
12.11,0.7478081841846871,-0.4534137938396443,0.045743604868911755,1.8937790919981694,-0.027947713104368797,0.7744353000785701,0.20850898379184787,-0.0,-0.010866488143303767,-0.0,-0.0,-0.0,-0.0,-0.0
12.12,0.7478081841846871,-0.4535211311952404,0.045743604868911755,1.8937790919981694,-0.027947713104368797,0.7744353000785701,0.20850898379184787,-0.0,-0.010600864270014752,-0.0,-0.0,-0.0,-0.0,-0.0
12.13,0.7478081841846871,-0.45362580896821586,0.045743604868911755,1.8937790919981694,-0.027947713104368797,0.7744353000785701,0.20850898379184787,-0.0,-0.010334593319315133,-0.0,-0.0,-0.0,-0.0,-0.0
12.14,0.7478081841846871,-0.45372782133733336,0.045743604868911755,1.8937790919981694,-0.027947713104368797,0.7744353000785701,0.20850898379184787,-0.0,-0.01006780504995185,-0.0,-0.0,-0.0,-0.0,-0.0
12.15,0.7478081841846871,-0.4538271637743914,0.045743604868911755,1.8937790919981694,-0.027947713104368797,0.7744353000785701,0.20850898379184787,-0.0,-0.009800628301048914,-0.0,-0.0,-0.0,-0.0,-0.0
12.16,0.7478081841846871,-0.45392383303475053,0.045743604868911755,1.8937790919981694,-0.027947713104368797,0.7744353000785701,0.20850898379184787,-0.0,-0.009533190936682878,-0.0,-0.0,-0.0,-0.0,-0.0
12.17,0.7478081841846871,-0.45401782714730843,0.045743604868911755,1.8937790919981694,-0.027947713104368797,0.7744353000785701,0.20850898379184787,-0.0,-0.009265619791184749,-0.0,-0.0,-0.0,-0.0,-0.0
12.18,0.7478081841846871,-0.45410914540393227,0.045743604868911755,1.8937790919981694,-0.027947713104368797,0.7744353000785701,0.20850898379184787,-0.0,-0.008998040615192354,-0.0,-0.0,-0.0,-0.0,-0.0
12.19,0.7478081841846871,-0.45419778834835534,0.045743604868911755,1.8937790919981694,-0.027947713104368797,0.7744353000785701,0.20850898379184787,-0.0,-0.008730578022475583,-0.0,-0.0,-0.0,-0.0,-0.0
12.2,0.7478081841846871,-0.4542837577645456,0.045743604868911755,1.8937790919981694,-0.027947713104368797,0.7744353000785701,0.20850898379184787,-0.0,-0.008463355437557052,-0.0,-0.0,-0.0,-0.0,-0.0
12.21,0.7478081841846871,-0.454367056664555,0.045743604868911755,1.8937790919981694,-0.027947713104368797,0.7744353000785701,0.20850898379184787,-0.0,-0.008196495044149614,-0.0,-0.0,-0.0,-0.0,-0.0
12.22,0.7478081841846871,-0.45444768927585666,0.045743604868911755,1.8937790919981694,-0.027947713104368797,0.7744353000785701,0.20850898379184787,-0.0,-0.007930117734433854,-0.0,-0.0,-0.0,-0.0,-0.0
12.23,0.7478081841846871,-0.45452566102817976,0.045743604868911755,1.8937790919981694,-0.027947713104368797,0.7744353000785701,0.20850898379184787,-0.0,-0.007664343059193938,-0.0,-0.0,-0.0,-0.0,-0.0
12.24,0.7478081841846871,-0.45460097853985,0.045743604868911755,1.8937790919981694,-0.027947713104368797,0.7744353000785701,0.20850898379184787,-0.0,-0.007399289178835454,-0.0,-0.0,-0.0,-0.0,-0.0
12.25,0.7478081841846871,-0.4546736496036443,0.045743604868911755,1.8937790919981694,-0.027947713104368797,0.7744353000785701,0.20850898379184787,-0.0,-0.007135072815303345,-0.0,-0.0,-0.0,-0.0,-0.0
12.26,0.7478081841846871,-0.45474368317217007,0.045743604868911755,1.8937790919981694,-0.027947713104368797,0.7744353000785701,0.20850898379184787,-0.0,-0.006871809204920114,-0.0,-0.0,-0.0,-0.0,-0.0
12.27,0.7478081841846871,-0.45481108934277675,0.045743604868911755,1.8937790919981694,-0.027947713104368797,0.7744353000785701,0.20850898379184787,-0.0,-0.006609612052164499,-0.0,-0.0,-0.0,-0.0,-0.0
12.28,0.7478081841846871,-0.4548758793420102,0.045743604868911755,1.8937790919981694,-0.027947713104368797,0.7744353000785701,0.20850898379184787,-0.0,-0.006348593484407915,-0.0,-0.0,-0.0,-0.0,-0.0
12.29,0.7478081841846871,-0.4549380655096198,0.045743604868911755,1.8937790919981694,-0.027947713104368797,0.7744353000785701,0.20850898379184787,-0.0,-0.006088864007627668,-0.0,-0.0,-0.0,-0.0,-0.0
12.3,0.7478081841846871,-0.4549976612821267,0.045743604868911755,1.8937790919981694,-0.027947713104368797,0.7744353000785701,0.20850898379184787,-0.0,-0.0058305324631151845,-0.0,-0.0,-0.0,-0.0,-0.0
12.31,0.7478081841846871,-0.455054681175965,0.045743604868911755,1.8937790919981694,-0.027947713104368797,0.7744353000785701,0.20850898379184787,-0.0,-0.005573705985195615,-0.0,-0.0,-0.0,-0.0,-0.0
12.32,0.7478081841846871,-0.455109140770205,0.045743604868911755,1.8937790919981694,-0.027947713104368797,0.7744353000785701,0.20850898379184787,-0.0,-0.00531848995997538,-0.0,-0.0,-0.0,-0.0,-0.0
12.33,0.7478081841846871,-0.45516105668886886,0.045743604868911755,1.8937790919981694,-0.027947713104368797,0.7744353000785701,0.20850898379184787,-0.0,-0.005064987985135554,-0.0,-0.0,-0.0,-0.0,-0.0
12.34,0.7478081841846871,-0.45521044658285,0.045743604868911755,1.8937790919981694,-0.027947713104368797,0.7744353000785701,0.20850898379184787,-0.0,-0.004813301830784676,-0.0,-0.0,-0.0,-0.0,-0.0
12.35,0.7478081841846871,-0.4552573291114458,0.045743604868911755,1.8937790919981694,-0.027947713104368797,0.7744353000785701,0.20850898379184787,-0.0,-0.004563531401387306,-0.0,-0.0,-0.0,-0.0,-0.0
12.36,0.7478081841846871,-0.45530172392351576,0.045743604868911755,1.8937790919981694,-0.027947713104368797,0.7744353000785701,0.20850898379184787,-0.0,-0.00431577469878304,-0.0,-0.0,-0.0,-0.0,-0.0
12.37,0.7478081841846871,-0.4553436516382745,0.045743604868911755,1.8937790919981694,-0.027947713104368797,0.7744353000785701,0.20850898379184787,-0.0,-0.00407012778630944,-0.0,-0.0,-0.0,-0.0,-0.0
12.38,0.7478081841846871,-0.4553831338257323,0.045743604868911755,1.8937790919981694,-0.027947713104368797,0.7744353000785701,0.20850898379184787,-0.0,-0.0038266847540423983,-0.0,-0.0,-0.0,-0.0,-0.0
12.39,0.7478081841846871,-0.45542019298679326,0.045743604868911755,1.8937790919981694,-0.027947713104368797,0.7744353000785701,0.20850898379184787,-0.0,-0.0035855376851681936,-0.0,-0.0,-0.0,-0.0,-0.0
12.4,0.7478081841846871,-0.4554548525330231,0.045743604868911755,1.8937790919981694,-0.027947713104368797,0.7744353000785701,0.20850898379184787,-0.0,-0.003346776623497169,-0.0,-0.0,-0.0,-0.0,-0.0
12.41,0.7478081841846871,-0.4554871367660977,0.045743604868911755,1.8937790919981694,-0.027947713104368797,0.7744353000785701,0.20850898379184787,-0.0,-0.003110489542133625,-0.0,-0.0,-0.0,-0.0,-0.0
12.42,0.7478081841846871,-0.45551707085694426,0.045743604868911755,1.8937790919981694,-0.027947713104368797,0.7744353000785701,0.20850898379184787,-0.0,-0.002876762313311149,-0.0,-0.0,-0.0,-0.0,-0.0
12.43,0.7478081841846871,-0.4555446808245867,0.045743604868911755,1.8937790919981694,-0.027947713104368797,0.7744353000785701,0.20850898379184787,-0.0,-0.002645678679405028,-0.0,-0.0,-0.0,-0.0,-0.0
12.44,0.7478081841846871,-0.45556999351470717,0.045743604868911755,1.8937790919981694,-0.027947713104368797,0.7744353000785701,0.20850898379184787,-0.0,-0.002417320225131344,-0.0,-0.0,-0.0,-0.0,-0.0
12.45,0.7478081841846871,-0.45559303657793515,0.045743604868911755,1.8937790919981694,-0.027947713104368797,0.7744353000785701,0.20850898379184787,-0.0,-0.002191766350943103,-0.0,-0.0,-0.0,-0.0,-0.0
12.46,0.7478081841846871,-0.4556138384478772,0.045743604868911755,1.8937790919981694,-0.027947713104368797,0.7744353000785701,0.20850898379184787,-0.0,-0.001969094247631134,-0.0,-0.0,-0.0,-0.0,-0.0
12.47,0.7478081841846871,-0.45563242831889794,0.045743604868911755,1.8937790919981694,-0.027947713104368797,0.7744353000785701,0.20850898379184787,-0.0,-0.0017493788721391122,-0.0,-0.0,-0.0,-0.0,-0.0
12.48,0.7478081841846871,-0.4556488361236663,0.045743604868911755,1.8937790919981694,-0.027947713104368797,0.7744353000785701,0.20850898379184787,-0.0,-0.0015326929245999797,-0.0,-0.0,-0.0,-0.0,-0.0
12.49,0.7478081841846871,-0.4556630925104772,0.045743604868911755,1.8937790919981694,-0.027947713104368797,0.7744353000785701,0.20850898379184787,-0.0,-0.0013191068266007872,-0.0,-0.0,-0.0,-0.0,-0.0
12.5,0.7478081841846871,-0.4556752288203629,0.045743604868911755,1.8937790919981694,-0.027947713104368797,0.7744353000785701,0.20850898379184787,-0.0,-0.001108688700683261,-0.0,-0.0,-0.0,-0.0,-0.0
12.51,0.7478081841846871,-0.4556852770640049,0.045743604868911755,1.8937790919981694,-0.027947713104368797,0.7744353000785701,0.20850898379184787,-0.0,-0.0009015043510849937,-0.0,-0.0,-0.0,-0.0,-0.0
12.52,0.7478081841846871,-0.4556932698984602,0.045743604868911755,1.8937790919981694,-0.027947713104368797,0.7744353000785701,0.20850898379184787,-0.0,-0.0006976172457272952,-0.0,-0.0,-0.0,-0.0,-0.0
12.53,0.7478081841846871,-0.4556992406037129,0.045743604868911755,1.8937790919981694,-0.027947713104368797,0.7744353000785701,0.20850898379184787,-0.0,-0.0004970884994545459,-0.0,-0.0,-0.0,-0.0,-0.0
12.54,0.7478081841846871,-0.4557032230590652,0.045743604868911755,1.8937790919981694,-0.027947713104368797,0.7744353000785701,0.20850898379184787,-0.0,-0.0002999768585286887,-0.0,-0.0,-0.0,-0.0,-0.0
12.55,0.7478081841846871,-0.455705251719379,0.045743604868911755,1.8937790919981694,-0.027947713104368797,0.7744353000785701,0.20850898379184787,-0.0,-0.00010633868638251443,-0.0,-0.0,-0.0,-0.0,-0.0
12.56,0.7478081841846871,-0.4557053615911817,0.045743604868911755,1.8937790919981694,-0.027947713104368797,0.7744353000785701,0.20850898379184787,0.0,8.377204936448987e-05,0.0,0.0,0.0,0.0,0.0
12.57,0.7478081841846871,-0.45570358820864865,0.045743604868911755,1.8937790919981694,-0.027947713104368797,0.7744353000785701,0.20850898379184787,0.0,0.0002703037886269624,0.0,0.0,0.0,0.0,0.0
12.58,0.7478081841846871,-0.4556999676094741,0.045743604868911755,1.8937790919981694,-0.027947713104368797,0.7744353000785701,0.20850898379184787,0.0,0.00045320738930811733,0.0,0.0,0.0,0.0,0.0
12.59,0.7478081841846871,-0.4556945363106447,0.045743604868911755,1.8937790919981694,-0.027947713104368797,0.7744353000785701,0.20850898379184787,0.0,0.0006324361364869771,0.0,0.0,0.0,0.0,0.0
12.6,0.7478081841846871,-0.4556873312841268,0.045743604868911755,1.8937790919981694,-0.027947713104368797,0.7744353000785701,0.20850898379184787,0.0,0.0008079457503384487,0.0,0.0,0.0,0.0,0.0
12.61,0.7478081841846871,-0.4556783899324812,0.045743604868911755,1.8937790919981694,-0.027947713104368797,0.7744353000785701,0.20850898379184787,0.0,0.000979694392785912,0.0,0.0,0.0,0.0,0.0
12.62,0.7478081841846871,-0.45566775006441795,0.045743604868911755,1.8937790919981694,-0.027947713104368797,0.7744353000785701,0.20850898379184787,0.0,0.0011476426728867124,0.0,0.0,0.0,0.0,0.0
12.63,0.7478081841846871,-0.455655449870303,0.045743604868911755,1.8937790919981694,-0.027947713104368797,0.7744353000785701,0.20850898379184787,0.0,0.0013117536509526656,0.0,0.0,0.0,0.0,0.0
12.64,0.7478081841846871,-0.45564152789763046,0.045743604868911755,1.8937790919981694,-0.027947713104368797,0.7744353000785701,0.20850898379184787,0.0,0.0014719928414067844,0.0,0.0,0.0,0.0,0.0
12.65,0.7478081841846871,-0.4556260230264727,0.045743604868911755,1.8937790919981694,-0.027947713104368797,0.7744353000785701,0.20850898379184787,0.0,0.0016283282143790823,0.0,0.0,0.0,0.0,0.0
12.66,0.7478081841846871,-0.45560897444492005,0.045743604868911755,1.8937790919981694,-0.027947713104368797,0.7744353000785701,0.20850898379184787,0.0,0.001780730196044439,0.0,0.0,0.0,0.0,0.0
12.67,0.7478081841846871,-0.4555904216245244,0.045743604868911755,1.8937790919981694,-0.027947713104368797,0.7744353000785701,0.20850898379184787,0.0,0.001929171667706396,0.0,0.0,0.0,0.0,0.0
12.68,0.7478081841846871,-0.45557040429575724,0.045743604868911755,1.8937790919981694,-0.027947713104368797,0.7744353000785701,0.20850898379184787,0.0,0.0020736279636307605,0.0,0.0,0.0,0.0,0.0
12.69,0.7478081841846871,-0.4555489624234965,0.045743604868911755,1.8937790919981694,-0.027947713104368797,0.7744353000785701,0.20850898379184787,0.0,0.002214076867634477,0.0,0.0,0.0,0.0,0.0
12.7,0.7478081841846871,-0.45552613618255294,0.045743604868911755,1.8937790919981694,-0.027947713104368797,0.7744353000785701,0.20850898379184787,0.0,0.0023504986084349477,0.0,0.0,0.0,0.0,0.0
12.71,0.7478081841846871,-0.4555019659332496,0.045743604868911755,1.8937790919981694,-0.027947713104368797,0.7744353000785701,0.20850898379184787,0.0,0.0024828758537655915,0.0,0.0,0.0,0.0,0.0
12.72,0.7478081841846871,-0.4554764921970664,0.045743604868911755,1.8937790919981694,-0.027947713104368797,0.7744353000785701,0.20850898379184787,0.0,0.002611193703264859,0.0,0.0,0.0,0.0,0.0
12.73,0.7478081841846871,-0.4554497556323613,0.045743604868911755,1.8937790919981694,-0.027947713104368797,0.7744353000785701,0.20850898379184787,0.0,0.0027354396801454834,0.0,0.0,0.0,0.0,0.0
12.74,0.7478081841846871,-0.45542179701018176,0.045743604868911755,1.8937790919981694,-0.027947713104368797,0.7744353000785701,0.20850898379184787,0.0,0.002855603721651852,0.0,0.0,0.0,0.0,0.0
12.75,0.7478081841846871,-0.4553926571901768,0.045743604868911755,1.8937790919981694,-0.027947713104368797,0.7744353000785701,0.20850898379184787,0.0,0.002971678168314037,0.0,0.0,0.0,0.0,0.0
12.76,0.7478081841846871,-0.45536237709662297,0.045743604868911755,1.8937790919981694,-0.027947713104368797,0.7744353000785701,0.20850898379184787,0.0,0.0030836577520069646,0.0,0.0,0.0,0.0,0.0
12.77,0.7478081841846871,-0.4553309976945756,0.045743604868911755,1.8937790919981694,-0.027947713104368797,0.7744353000785701,0.20850898379184787,0.0,0.0031915395828247192,0.0,0.0,0.0,0.0,0.0
12.78,0.7478081841846871,-0.455298559966157,0.045743604868911755,1.8937790919981694,-0.027947713104368797,0.7744353000785701,0.20850898379184787,0.0,0.0032953231347797422,0.0,0.0,0.0,0.0,0.0
12.79,0.7478081841846871,-0.45526510488699373,0.045743604868911755,1.8937790919981694,-0.027947713104368797,0.7744353000785701,0.20850898379184787,0.0,0.003395010230337313,0.0,0.0,0.0,0.0,0.0
12.8,0.7478081841846871,-0.45523067340281437,0.045743604868911755,1.8937790919981694,-0.027947713104368797,0.7744353000785701,0.20850898379184787,0.0,0.0034906050237968347,0.0,0.0,0.0,0.0,0.0
12.81,0.7478081841846871,-0.4551953064062186,0.045743604868911755,1.8937790919981694,-0.027947713104368797,0.7744353000785701,0.20850898379184787,0.0,0.0035821139835312712,0.0,0.0,0.0,0.0,0.0
12.82,0.7478081841846871,-0.45515904471363045,0.045743604868911755,1.8937790919981694,-0.027947713104368797,0.7744353000785701,0.20850898379184787,0.0,0.0036695458730970176,0.0,0.0,0.0,0.0,0.0
12.83,0.7478081841846871,-0.45512192904244525,0.045743604868911755,1.8937790919981694,-0.027947713104368797,0.7744353000785701,0.20850898379184787,0.0,0.0037529117312268333,0.0,0.0,0.0,0.0,0.0
12.84,0.7478081841846871,-0.45508399998838267,0.045743604868911755,1.8937790919981694,-0.027947713104368797,0.7744353000785701,0.20850898379184787,0.0,0.003832224850719257,0.0,0.0,0.0,0.0,0.0
12.85,0.7478081841846871,-0.45504529800305615,0.045743604868911755,1.8937790919981694,-0.027947713104368797,0.7744353000785701,0.20850898379184787,0.0,0.003907500756237804,0.0,0.0,0.0,0.0,0.0
12.86,0.7478081841846871,-0.45500586337176974,0.045743604868911755,1.8937790919981694,-0.027947713104368797,0.7744353000785701,0.20850898379184787,0.0,0.003978757181034683,0.0,0.0,0.0,0.0,0.0
12.87,0.7478081841846871,-0.4549657361915528,0.045743604868911755,1.8937790919981694,-0.027947713104368797,0.7744353000785701,0.20850898379184787,0.0,0.004046014042613424,0.0,0.0,0.0,0.0,0.0
12.88,0.7478081841846871,-0.45492495634944385,0.045743604868911755,1.8937790919981694,-0.027947713104368797,0.7744353000785701,0.20850898379184787,0.0,0.004109293417345615,0.0,0.0,0.0,0.0,0.0
12.89,0.7478081841846871,-0.45488356350103315,0.045743604868911755,1.8937790919981694,-0.027947713104368797,0.7744353000785701,0.20850898379184787,0.0,0.004168619514057563,0.0,0.0,0.0,0.0,0.0
12.9,0.7478081841846871,-0.454841597049274,0.045743604868911755,1.8937790919981694,-0.027947713104368797,0.7744353000785701,0.20850898379184787,0.0,0.004224018646603112,0.0,0.0,0.0,0.0,0.0
12.91,0.7478081841846871,-0.4547990961235743,0.045743604868911755,1.8937790919981694,-0.027947713104368797,0.7744353000785701,0.20850898379184787,0.0,0.0042755192054388606,0.0,0.0,0.0,0.0,0.0
12.92,0.7478081841846871,-0.45475609955917623,0.045743604868911755,1.8937790919981694,-0.027947713104368797,0.7744353000785701,0.20850898379184787,0.0,0.004323151628219262,0.0,0.0,0.0,0.0,0.0
12.93,0.7478081841846871,-0.45471264587683574,0.045743604868911755,1.8937790919981694,-0.027947713104368797,0.7744353000785701,0.20850898379184787,0.0,0.004366948369428925,0.0,0.0,0.0,0.0,0.0
12.94,0.7478081841846871,-0.4546687732628099,0.045743604868911755,1.8937790919981694,-0.027947713104368797,0.7744353000785701,0.20850898379184787,0.0,0.004406943869070019,0.0,0.0,0.0,0.0,0.0
12.95,0.7478081841846871,-0.454624519549162,0.045743604868911755,1.8937790919981694,-0.027947713104368797,0.7744353000785701,0.20850898379184787,0.0,0.004443174520423275,0.0,0.0,0.0,0.0,0.0
12.96,0.7478081841846871,-0.4545799221943939,0.045743604868911755,1.8937790919981694,-0.027947713104368797,0.7744353000785701,0.20850898379184787,0.0,0.004475678636901407,0.0,0.0,0.0,0.0,0.0
12.97,0.7478081841846871,-0.4545350182644142,0.045743604868911755,1.8937790919981694,-0.027947713104368797,0.7744353000785701,0.20850898379184787,0.0,0.004504496418013897,0.0,0.0,0.0,0.0,0.0
12.98,0.7478081841846871,-0.45448984441385093,0.045743604868911755,1.8937790919981694,-0.027947713104368797,0.7744353000785701,0.20850898379184787,0.0,0.004529669914463149,0.0,0.0,0.0,0.0,0.0
12.99,0.7478081841846871,-0.4544444368677177,0.045743604868911755,1.8937790919981694,-0.027947713104368797,0.7744353000785701,0.20850898379184787,0.0,0.004551242992391643,0.0,0.0,0.0,0.0,0.0
13.0,0.7478081841846871,-0.45439883140344167,0.045743604868911755,1.8937790919981694,-0.027947713104368797,0.7744353000785701,0.20850898379184787,0.0,0.004569261296800624,0.0,0.0,0.0,0.0,0.0
13.01,0.7478081841846871,-0.4543530633332611,0.045743604868911755,1.8937790919981694,-0.027947713104368797,0.7744353000785701,0.20850898379184787,0.0,0.004583772214161157,0.0,0.0,0.0,0.0,0.0
13.02,0.7478081841846871,-0.454307167487001,0.045743604868911755,1.8937790919981694,-0.027947713104368797,0.7744353000785701,0.20850898379184787,0.0,0.004594824834238358,0.0,0.0,0.0,0.0,0.0
13.03,0.7478081841846871,-0.4542611781952341,0.045743604868911755,1.8937790919981694,-0.027947713104368797,0.7744353000785701,0.20850898379184787,0.0,0.004602469911150593,0.0,0.0,0.0,0.0,0.0
13.04,0.7478081841846871,-0.45421512927283525,0.045743604868911755,1.8937790919981694,-0.027947713104368797,0.7744353000785701,0.20850898379184787,0.0,0.0046067598236851715,0.0,0.0,0.0,0.0,0.0
13.05,0.7478081841846871,-0.4541690540029363,0.045743604868911755,1.8937790919981694,-0.027947713104368797,0.7744353000785701,0.20850898379184787,0.0,0.004607748534892754,0.0,0.0,0.0,0.0,0.0
13.06,0.7478081841846871,-0.45412298512128796,0.045743604868911755,1.8937790919981694,-0.027947713104368797,0.7744353000785701,0.20850898379184787,0.0,0.004605491550982916,0.0,0.0,0.0,0.0,0.0
13.07,0.7478081841846871,-0.45407695480103716,0.045743604868911755,1.8937790919981694,-0.027947713104368797,0.7744353000785701,0.20850898379184787,0.0,0.004600045879543523,0.0,0.0,0.0,0.0,0.0
13.08,0.7478081841846871,-0.4540309946379244,0.045743604868911755,1.8937790919981694,-0.027947713104368797,0.7744353000785701,0.20850898379184787,0.0,0.004591469987107041,0.0,0.0,0.0,0.0,0.0
13.09,0.7478081841846871,-0.4539851356359094,0.045743604868911755,1.8937790919981694,-0.027947713104368797,0.7744353000785701,0.20850898379184787,0.0,0.004579823756087011,0.0,0.0,0.0,0.0,0.0
13.1,0.7478081841846871,-0.4539394081932301,0.045743604868911755,1.8937790919981694,-0.027947713104368797,0.7744353000785701,0.20850898379184787,0.0,0.004565168441108264,0.0,0.0,0.0,0.0,0.0
13.11,0.7478081841846871,-0.4538938420889011,0.045743604868911755,1.8937790919981694,-0.027947713104368797,0.7744353000785701,0.20850898379184787,0.0,0.004547566624754849,0.0,0.0,0.0,0.0,0.0
13.12,0.7478081841846871,-0.45384846646965804,0.045743604868911755,1.8937790919981694,-0.027947713104368797,0.7744353000785701,0.20850898379184787,0.0,0.004527082172759522,0.0,0.0,0.0,0.0,0.0
13.13,0.7478081841846871,-0.453803309837352,0.045743604868911755,1.8937790919981694,-0.027947713104368797,0.7744353000785701,0.20850898379184787,0.0,0.004503780188659379,0.0,0.0,0.0,0.0,0.0
13.14,0.7478081841846871,-0.45375840003680085,0.045743604868911755,1.8937790919981694,-0.027947713104368797,0.7744353000785701,0.20850898379184787,0.0,0.00447772696794201,0.0,0.0,0.0,0.0,0.0
13.15,0.7478081841846871,-0.45371376424410037,0.045743604868911755,1.8937790919981694,-0.027947713104368797,0.7744353000785701,0.20850898379184787,0.0,0.00444898995170692,0.0,0.0,0.0,0.0,0.0
13.16,0.7478081841846871,-0.45366942895540224,0.045743604868911755,1.8937790919981694,-0.027947713104368797,0.7744353000785701,0.20850898379184787,0.0,0.004417637679867363,0.0,0.0,0.0,0.0,0.0
13.17,0.7478081841846871,-0.45362541997616157,0.045743604868911755,1.8937790919981694,-0.027947713104368797,0.7744353000785701,0.20850898379184787,0.0,0.004383739743917485,0.0,0.0,0.0,0.0,0.0
13.18,0.7478081841846871,-0.453581762410859,0.045743604868911755,1.8937790919981694,-0.027947713104368797,0.7744353000785701,0.20850898379184787,0.0,0.004347366739290345,0.0,0.0,0.0,0.0,0.0
13.19,0.7478081841846871,-0.45353848065320107,0.045743604868911755,1.8937790919981694,-0.027947713104368797,0.7744353000785701,0.20850898379184787,0.0,0.004308590217332029,0.0,0.0,0.0,0.0,0.0
13.2,0.7478081841846871,-0.45349559837680264,0.045743604868911755,1.8937790919981694,-0.027947713104368797,0.7744353000785701,0.20850898379184787,0.0,0.004267482636917833,0.0,0.0,0.0,0.0,0.0
13.21,0.7478081841846871,-0.45345313852635527,0.045743604868911755,1.8937790919981694,-0.027947713104368797,0.7744353000785701,0.20850898379184787,0.0,0.004224117315735957,0.0,0.0,0.0,0.0,0.0
13.22,0.7478081841846871,-0.4534111233092834,0.045743604868911755,1.8937790919981694,-0.027947713104368797,0.7744353000785701,0.20850898379184787,0.0,0.004178568381264793,0.0,0.0,0.0,0.0,0.0
13.23,0.7478081841846871,-0.45336957418789336,0.045743604868911755,1.8937790919981694,-0.027947713104368797,0.7744353000785701,0.20850898379184787,0.0,0.004130910721469871,0.0,0.0,0.0,0.0,0.0
13.24,0.7478081841846871,-0.45332851187201556,0.045743604868911755,1.8937790919981694,-0.027947713104368797,0.7744353000785701,0.20850898379184787,0.0,0.004081219935246424,0.0,0.0,0.0,0.0,0.0
13.25,0.7478081841846871,-0.4532879563121443,0.045743604868911755,1.8937790919981694,-0.027947713104368797,0.7744353000785701,0.20850898379184787,0.0,0.004029572282633826,0.0,0.0,0.0,0.0,0.0
13.26,0.7478081841846871,-0.4532479266930759,0.045743604868911755,1.8937790919981694,-0.027947713104368797,0.7744353000785701,0.20850898379184787,0.0,0.003976044634828382,0.0,0.0,0.0,0.0,0.0
13.27,0.7478081841846871,-0.45320844142804784,0.045743604868911755,1.8937790919981694,-0.027947713104368797,0.7744353000785701,0.20850898379184787,0.0,0.003920714424020447,0.0,0.0,0.0,0.0,0.0
13.28,0.7478081841846871,-0.45316951815338036,0.045743604868911755,1.8937790919981694,-0.027947713104368797,0.7744353000785701,0.20850898379184787,0.0,0.0038636595930826205,0.0,0.0,0.0,0.0,0.0
13.29,0.7478081841846871,-0.4531311737236217,0.045743604868911755,1.8937790919981694,-0.027947713104368797,0.7744353000785701,0.20850898379184787,0.0,0.0038049585451352384,0.0,0.0,0.0,0.0,0.0
13.3,0.7478081841846871,-0.4530934242071981,0.045743604868911755,1.8937790919981694,-0.027947713104368797,0.7744353000785701,0.20850898379184787,0.0,0.0037446900930157468,0.0,0.0,0.0,0.0,0.0
13.31,0.7478081841846871,-0.45305628488256977,0.045743604868911755,1.8937790919981694,-0.027947713104368797,0.7744353000785701,0.20850898379184787,0.0,0.003682933408678312,0.0,0.0,0.0,0.0,0.0
13.32,0.7478081841846871,-0.45301977023489254,0.045743604868911755,1.8937790919981694,-0.027947713104368797,0.7744353000785701,0.20850898379184787,0.0,0.0036197679725502195,0.0,0.0,0.0,0.0,0.0
13.33,0.7478081841846871,-0.45298389395318694,0.045743604868911755,1.8937790919981694,-0.027947713104368797,0.7744353000785701,0.20850898379184787,0.0,0.0035552735228715354,0.0,0.0,0.0,0.0,0.0
13.34,0.7478081841846871,-0.452948668928013,0.045743604868911755,1.8937790919981694,-0.027947713104368797,0.7744353000785701,0.20850898379184787,0.0,0.0034895300050443987,0.0,0.0,0.0,0.0,0.0
13.35,0.7478081841846871,-0.4529141072496518,0.045743604868911755,1.8937790919981694,-0.027947713104368797,0.7744353000785701,0.20850898379184787,0.0,0.0034226175210184317,0.0,0.0,0.0,0.0,0.0
13.36,0.7478081841846871,-0.45288022020679297,0.045743604868911755,1.8937790919981694,-0.027947713104368797,0.7744353000785701,0.20850898379184787,0.0,0.0033546162787384004,0.0,0.0,0.0,0.0,0.0
13.37,0.7478081841846871,-0.4528470182857269,0.045743604868911755,1.8937790919981694,-0.027947713104368797,0.7744353000785701,0.20850898379184787,0.0,0.0032856065416808026,0.0,0.0,0.0,0.0,0.0
13.38,0.7478081841846871,-0.4528145111700414,0.045743604868911755,1.8937790919981694,-0.027947713104368797,0.7744353000785701,0.20850898379184787,0.0,0.0032156685785051493,0.0,0.0,0.0,0.0,0.0
13.39,0.7478081841846871,-0.45278270774082113,0.045743604868911755,1.8937790919981694,-0.027947713104368797,0.7744353000785701,0.20850898379184787,0.0,0.0031448826128462927,0.0,0.0,0.0,0.0,0.0
13.4,0.7478081841846871,-0.4527516160773481,0.045743604868911755,1.8937790919981694,-0.027947713104368797,0.7744353000785701,0.20850898379184787,0.0,0.0030733287732738765,0.0,0.0,0.0,0.0,0.0
13.41,0.7478081841846871,-0.45272124345830156,0.045743604868911755,1.8937790919981694,-0.027947713104368797,0.7744353000785701,0.20850898379184787,0.0,0.00300108704344462,0.0,0.0,0.0,0.0,0.0
13.42,0.7478081841846871,-0.4526915963634559,0.045743604868911755,1.8937790919981694,-0.027947713104368797,0.7744353000785701,0.20850898379184787,0.0,0.002928237212473243,0.0,0.0,0.0,0.0,0.0
13.43,0.7478081841846871,-0.4526626804758727,0.045743604868911755,1.8937790919981694,-0.027947713104368797,0.7744353000785701,0.20850898379184787,0.0,0.0028548588255479703,0.0,0.0,0.0,0.0,0.0
13.44,0.7478081841846871,-0.4526345006845863,0.045743604868911755,1.8937790919981694,-0.027947713104368797,0.7744353000785701,0.20850898379184787,0.0,0.002781031134815577,0.0,0.0,0.0,0.0,0.0
13.45,0.7478081841846871,-0.4526070610877781,0.045743604868911755,1.8937790919981694,-0.027947713104368797,0.7744353000785701,0.20850898379184787,0.0,0.0027068330505617697,0.0,0.0,0.0,0.0,0.0
13.46,0.7478081841846871,-0.45258036499643833,0.045743604868911755,1.8937790919981694,-0.027947713104368797,0.7744353000785701,0.20850898379184787,0.0,0.0026323430927117945,0.0,0.0,0.0,0.0,0.0
13.47,0.7478081841846871,-0.45255441493851045,0.045743604868911755,1.8937790919981694,-0.027947713104368797,0.7744353000785701,0.20850898379184787,0.0,0.0025576393426764246,0.0,0.0,0.0,0.0,0.0
13.48,0.7478081841846871,-0.45252921266351576,0.045743604868911755,1.8937790919981694,-0.027947713104368797,0.7744353000785701,0.20850898379184787,0.0,0.0024827993955677356,0.0,0.0,0.0,0.0,0.0
13.49,0.7478081841846871,-0.4525047591476534,0.045743604868911755,1.8937790919981694,-0.027947713104368797,0.7744353000785701,0.20850898379184787,0.0,0.0024079003128097297,0.0,0.0,0.0,0.0,0.0
13.5,0.7478081841846871,-0.4524810545993728,0.045743604868911755,1.8937790919981694,-0.027947713104368797,0.7744353000785701,0.20850898379184787,0.0,0.0023330185751677846,0.0,0.0,0.0,0.0,0.0
13.51,0.7478081841846871,-0.4524580984654129,0.045743604868911755,1.8937790919981694,-0.027947713104368797,0.7744353000785701,0.20850898379184787,0.0,0.002258230036220988,0.0,0.0,0.0,0.0,0.0
13.52,0.7478081841846871,-0.45243588943730506,0.045743604868911755,1.8937790919981694,-0.027947713104368797,0.7744353000785701,0.20850898379184787,0.0,0.0021836098763016215,0.0,0.0,0.0,0.0,0.0
13.53,0.7478081841846871,-0.45241442545833355,0.045743604868911755,1.8937790919981694,-0.027947713104368797,0.7744353000785701,0.20850898379184787,0.0,0.00210923255692488,0.0,0.0,0.0,0.0,0.0
13.54,0.7478081841846871,-0.45239370373094945,0.045743604868911755,1.8937790919981694,-0.027947713104368797,0.7744353000785701,0.20850898379184787,0.0,0.0020351717757324107,0.0,0.0,0.0,0.0,0.0
13.55,0.7478081841846871,-0.4523737207246327,0.045743604868911755,1.8937790919981694,-0.027947713104368797,0.7744353000785701,0.20850898379184787,0.0,0.001961500421972911,0.0,0.0,0.0,0.0,0.0
13.56,0.7478081841846871,-0.45235447218419605,0.045743604868911755,1.8937790919981694,-0.027947713104368797,0.7744353000785701,0.20850898379184787,0.0,0.0018882905325420679,0.0,0.0,0.0,0.0,0.0
13.57,0.7478081841846871,-0.4523359531385259,0.045743604868911755,1.8937790919981694,-0.027947713104368797,0.7744353000785701,0.20850898379184787,0.0,0.0018156132486047826,0.0,0.0,0.0,0.0,0.0
13.58,0.7478081841846871,-0.4523181579097545,0.045743604868911755,1.8937790919981694,-0.027947713104368797,0.7744353000785701,0.20850898379184787,0.0,0.001743538772821529,0.0,0.0,0.0,0.0,0.0
13.59,0.7478081841846871,-0.4523010801228554,0.045743604868911755,1.8937790919981694,-0.027947713104368797,0.7744353000785701,0.20850898379184787,0.0,0.0016721363272007017,0.0,0.0,0.0,0.0,0.0
13.6,0.7478081841846871,-0.45228471271565895,0.045743604868911755,1.8937790919981694,-0.027947713104368797,0.7744353000785701,0.20850898379184787,0.0,0.0016014741115987425,0.0,0.0,0.0,0.0,0.0
13.61,0.7478081841846871,-0.45226904794927786,0.045743604868911755,1.8937790919981694,-0.027947713104368797,0.7744353000785701,0.20850898379184787,0.0,0.0015316192628887066,0.0,0.0,0.0,0.0,0.0
13.62,0.7478081841846871,-0.45225407741893875,0.045743604868911755,1.8937790919981694,-0.027947713104368797,0.7744353000785701,0.20850898379184787,0.0,0.0014626378148185604,0.0,0.0,0.0,0.0,0.0
13.63,0.7478081841846871,-0.4522397920652108,0.045743604868911755,1.8937790919981694,-0.027947713104368797,0.7744353000785701,0.20850898379184787,0.0,0.0013945946585792017,0.0,0.0,0.0,0.0,0.0
13.64,0.7478081841846871,-0.4522261821856258,0.045743604868911755,1.8937790919981694,-0.027947713104368797,0.7744353000785701,0.20850898379184787,0.0,0.0013275535041028354,0.0,0.0,0.0,0.0,0.0
13.65,0.7478081841846871,-0.45221323744668085,0.045743604868911755,1.8937790919981694,-0.027947713104368797,0.7744353000785701,0.20850898379184787,0.0,0.00126157684211065,0.0,0.0,0.0,0.0,0.0
13.66,0.7478081841846871,-0.4522009468962172,0.045743604868911755,1.8937790919981694,-0.027947713104368797,0.7744353000785701,0.20850898379184787,0.0,0.001196725906929824,0.0,0.0,0.0,0.0,0.0
13.67,0.7478081841846871,-0.45218929897616683,0.045743604868911755,1.8937790919981694,-0.027947713104368797,0.7744353000785701,0.20850898379184787,0.0,0.0011330606400983187,0.0,0.0,0.0,0.0,0.0
13.68,0.7478081841846871,-0.45217828153565875,0.045743604868911755,1.8937790919981694,-0.027947713104368797,0.7744353000785701,0.20850898379184787,0.0,0.0010706396547759658,0.0,0.0,0.0,0.0,0.0
13.69,0.7478081841846871,-0.45216788184447765,0.045743604868911755,1.8937790919981694,-0.027947713104368797,0.7744353000785701,0.20850898379184787,0.0,0.0010095202009802388,0.0,0.0,0.0,0.0,0.0
13.7,0.7478081841846871,-0.4521580866068653,0.045743604868911755,1.8937790919981694,-0.027947713104368797,0.7744353000785701,0.20850898379184787,0.0,0.0009497581316639475,0.0,0.0,0.0,0.0,0.0
13.71,0.7478081841846871,-0.4521488819756575,0.045743604868911755,1.8937790919981694,-0.027947713104368797,0.7744353000785701,0.20850898379184787,0.0,0.0008914078696522497,0.0,0.0,0.0,0.0,0.0
13.72,0.7478081841846871,-0.4521402535667469,0.045743604868911755,1.8937790919981694,-0.027947713104368797,0.7744353000785701,0.20850898379184787,0.0,0.0008345223754559698,0.0,0.0,0.0,0.0,0.0
13.73,0.7478081841846871,-0.45213218647386333,0.045743604868911755,1.8937790919981694,-0.027947713104368797,0.7744353000785701,0.20850898379184787,0.0,0.000779153115977047,0.0,0.0,0.0,0.0,0.0
13.74,0.7478081841846871,-0.4521246652836627,0.045743604868911755,1.8937790919981694,-0.027947713104368797,0.7744353000785701,0.20850898379184787,0.0,0.0007253500341223712,0.0,0.0,0.0,0.0,0.0
13.75,0.7478081841846871,-0.45211767409111486,0.045743604868911755,1.8937790919981694,-0.027947713104368797,0.7744353000785701,0.20850898379184787,0.0,0.0006731615193413815,0.0,0.0,0.0,0.0,0.0
13.76,0.7478081841846871,-0.45211119651518183,0.045743604868911755,1.8937790919981694,-0.027947713104368797,0.7744353000785701,0.20850898379184787,0.0,0.0006226343791020695,0.0,0.0,0.0,0.0,0.0
13.77,0.7478081841846871,-0.45210521571477613,0.045743604868911755,1.8937790919981694,-0.027947713104368797,0.7744353000785701,0.20850898379184787,0.0,0.000573813811320115,0.0,0.0,0.0,0.0,0.0
13.78,0.7478081841846871,-0.4520997144049901,0.045743604868911755,1.8937790919981694,-0.027947713104368797,0.7744353000785701,0.20850898379184787,0.0,0.0005267433777549906,0.0,0.0,0.0,0.0,0.0
13.79,0.7478081841846871,-0.45209467487358634,0.045743604868911755,1.8937790919981694,-0.027947713104368797,0.7744353000785701,0.20850898379184787,0.0,0.00048146497838651576,0.0,0.0,0.0,0.0,0.0
13.8,0.7478081841846871,-0.4520900789977398,0.045743604868911755,1.8937790919981694,-0.027947713104368797,0.7744353000785701,0.20850898379184787,0.0,0.00043801882678472654,0.0,0.0,0.0,0.0,0.0
13.81,0.7478081841846871,-0.4520859082610204,0.045743604868911755,1.8937790919981694,-0.027947713104368797,0.7744353000785701,0.20850898379184787,0.0,0.0003964434264858108,0.0,0.0,0.0,0.0,0.0
13.82,0.7478081841846871,-0.4520821437706078,0.045743604868911755,1.8937790919981694,-0.027947713104368797,0.7744353000785701,0.20850898379184787,0.0,0.000356775548385592,0.0,0.0,0.0,0.0,0.0
13.83,0.7478081841846871,-0.45207876627472593,0.045743604868911755,1.8937790919981694,-0.027947713104368797,0.7744353000785701,0.20850898379184787,0.0,0.00031905020916245464,0.0,0.0,0.0,0.0,0.0
13.84,0.7478081841846871,-0.45207575618028917,0.045743604868911755,1.8937790919981694,-0.027947713104368797,0.7744353000785701,0.20850898379184787,0.0,0.0002833006507403195,0.0,0.0,0.0,0.0,0.0
13.85,0.7478081841846871,-0.4520730935707481,0.045743604868911755,1.8937790919981694,-0.027947713104368797,0.7744353000785701,0.20850898379184787,0.0,0.00024955832080214883,0.0,0.0,0.0,0.0,0.0
13.86,0.7478081841846871,-0.4520707582241248,0.045743604868911755,1.8937790919981694,-0.027947713104368797,0.7744353000785701,0.20850898379184787,0.0,0.00021785285436377508,0.0,0.0,0.0,0.0,0.0
13.87,0.7478081841846871,-0.45206872963122735,0.045743604868911755,1.8937790919981694,-0.027947713104368797,0.7744353000785701,0.20850898379184787,0.0,0.00018821205641749727,0.0,0.0,0.0,0.0,0.0
13.88,0.7478081841846871,-0.4520669870140323,0.045743604868911755,1.8937790919981694,-0.027947713104368797,0.7744353000785701,0.20850898379184787,0.0,0.00016066188565398945,0.0,0.0,0.0,0.0,0.0
13.89,0.7478081841846871,-0.45206550934422457,0.045743604868911755,1.8937790919981694,-0.027947713104368797,0.7744353000785701,0.20850898379184787,0.0,0.00013522643927094482,0.0,0.0,0.0,0.0,0.0
13.9,0.7478081841846871,-0.45206427536188376,0.045743604868911755,1.8937790919981694,-0.027947713104368797,0.7744353000785701,0.20850898379184787,0.0,0.00011192793887600163,0.0,0.0,0.0,0.0,0.0
13.91,0.7478081841846871,-0.4520632635943058,0.045743604868911755,1.8937790919981694,-0.027947713104368797,0.7744353000785701,0.20850898379184787,0.0,9.078671749108641e-05,0.0,0.0,0.0,0.0,0.0
13.92,0.7478081841846871,-0.4520624523749497,0.045743604868911755,1.8937790919981694,-0.027947713104368797,0.7744353000785701,0.20850898379184787,0.0,7.18212076648194e-05,0.0,0.0,0.0,0.0,0.0
13.93,0.7478081841846871,-0.4520618198624962,0.045743604868911755,1.8937790919981694,-0.027947713104368797,0.7744353000785701,0.20850898379184787,0.0,5.5047930698833367e-05,0.0,0.0,0.0,0.0,0.0
13.94,0.7478081841846871,-0.4520613440600104,0.045743604868911755,1.8937790919981694,-0.027947713104368797,0.7744353000785701,0.20850898379184787,0.0,4.048148699356459e-05,0.0,0.0,0.0,0.0,0.0
13.95,0.7478081841846871,-0.4520610028341937,0.045743604868911755,1.8937790919981694,-0.027947713104368797,0.7744353000785701,0.20850898379184787,0.0,2.81345475183371e-05,0.0,0.0,0.0,0.0,0.0
13.96,0.7478081841846871,-0.4520607739347163,0.045743604868911755,1.8937790919981694,-0.027947713104368797,0.7744353000785701,0.20850898379184787,0.0,1.801784641004419e-05,0.0,0.0,0.0,0.0,0.0
13.97,0.7478081841846871,-0.4520606350136177,0.045743604868911755,1.8937790919981694,-0.027947713104368797,0.7744353000785701,0.20850898379184787,0.0,1.0140174704163792e-05,0.0,0.0,0.0,0.0,0.0
13.98,0.7478081841846871,-0.45206056364476455,0.045743604868911755,1.8937790919981694,-0.027947713104368797,0.7744353000785701,0.20850898379184787,0.0,4.508375201272681e-06,0.0,0.0,0.0,0.0,0.0
13.99,0.7478081841846871,-0.45206053734335383,0.045743604868911755,1.8937790919981694,-0.027947713104368797,0.7744353000785701,0.20850898379184787,0.0,1.1273384716550833e-06,0.0,0.0,0.0,0.0,0.0
14.0,0.7478081841846871,-0.4520605335854502,0.045743604868911755,1.8937790919981694,-0.027947713104368797,0.7744353000785701,0.20850898379184787,0.0,2.467005958589381e-33,0.0,0.0,0.0,0.0,0.0
14.01,0.7478081841846871,-0.4520605335854502,0.045743604868911755,1.8937790919981694,-0.027947713104368797,0.7744353000785701,0.20850898379184787,0.0,2.467005958589381e-33,0.0,0.0,0.0,0.0,0.0
14.02,0.7478081841846871,-0.4520605335854502,0.045743604868911755,1.8937790919981694,-0.027947713104368797,0.7744353000785701,0.20850898379184787,0.0,2.467005958589381e-33,0.0,0.0,0.0,0.0,0.0
14.03,0.7478081841846871,-0.4520605335854502,0.045743604868911755,1.8937790919981694,-0.027947713104368797,0.7744353000785701,0.20850898379184787,0.0,2.467005958589381e-33,0.0,0.0,0.0,0.0,0.0
14.04,0.7478081841846871,-0.4520605335854502,0.045743604868911755,1.8937790919981694,-0.027947713104368797,0.7744353000785701,0.20850898379184787,0.0,2.467005958589381e-33,0.0,0.0,0.0,0.0,0.0
14.05,0.7478081841846871,-0.4520605335854502,0.045743604868911755,1.8937790919981694,-0.027947713104368797,0.7744353000785701,0.20850898379184787,0.0,2.467005958589381e-33,0.0,0.0,0.0,0.0,0.0
14.06,0.7478081841846871,-0.4520605335854502,0.045743604868911755,1.8937790919981694,-0.027947713104368797,0.7744353000785701,0.20850898379184787,0.0,2.467005958589381e-33,0.0,0.0,0.0,0.0,0.0
14.07,0.7478081841846871,-0.4520605335854502,0.045743604868911755,1.8937790919981694,-0.027947713104368797,0.7744353000785701,0.20850898379184787,0.0,2.467005958589381e-33,0.0,0.0,0.0,0.0,0.0
14.08,0.7478081841846871,-0.4520605335854502,0.045743604868911755,1.8937790919981694,-0.027947713104368797,0.7744353000785701,0.20850898379184787,0.0,2.467005958589381e-33,0.0,0.0,0.0,0.0,0.0
14.09,0.7478081841846871,-0.4520605335854502,0.045743604868911755,1.8937790919981694,-0.027947713104368797,0.7744353000785701,0.20850898379184787,0.0,2.467005958589381e-33,0.0,0.0,0.0,0.0,0.0
14.1,0.7478081841846871,-0.4520605335854502,0.045743604868911755,1.8937790919981694,-0.027947713104368797,0.7744353000785701,0.20850898379184787,0.0,2.467005958589381e-33,0.0,0.0,0.0,0.0,0.0
14.11,0.7478081841846871,-0.4520605335854502,0.045743604868911755,1.8937790919981694,-0.027947713104368797,0.7744353000785701,0.20850898379184787,0.0,2.467005958589381e-33,0.0,0.0,0.0,0.0,0.0
14.12,0.7478081841846871,-0.4520605335854502,0.045743604868911755,1.8937790919981694,-0.027947713104368797,0.7744353000785701,0.20850898379184787,0.0,2.467005958589381e-33,0.0,0.0,0.0,0.0,0.0
14.13,0.7478081841846871,-0.4520605335854502,0.045743604868911755,1.8937790919981694,-0.027947713104368797,0.7744353000785701,0.20850898379184787,0.0,2.467005958589381e-33,0.0,0.0,0.0,0.0,0.0
14.14,0.7478081841846871,-0.4520605335854502,0.045743604868911755,1.8937790919981694,-0.027947713104368797,0.7744353000785701,0.20850898379184787,0.0,2.467005958589381e-33,0.0,0.0,0.0,0.0,0.0
14.15,0.7478081841846871,-0.4520605335854502,0.045743604868911755,1.8937790919981694,-0.027947713104368797,0.7744353000785701,0.20850898379184787,0.0,2.467005958589381e-33,0.0,0.0,0.0,0.0,0.0
14.16,0.7478081841846871,-0.4520605335854502,0.045743604868911755,1.8937790919981694,-0.027947713104368797,0.7744353000785701,0.20850898379184787,0.0,2.467005958589381e-33,0.0,0.0,0.0,0.0,0.0
14.17,0.7478081841846871,-0.4520605335854502,0.045743604868911755,1.8937790919981694,-0.027947713104368797,0.7744353000785701,0.20850898379184787,0.0,2.467005958589381e-33,0.0,0.0,0.0,0.0,0.0
14.18,0.7478081841846871,-0.4520605335854502,0.045743604868911755,1.8937790919981694,-0.027947713104368797,0.7744353000785701,0.20850898379184787,0.0,2.467005958589381e-33,0.0,0.0,0.0,0.0,0.0
14.19,0.7478081841846871,-0.4520605335854502,0.045743604868911755,1.8937790919981694,-0.027947713104368797,0.7744353000785701,0.20850898379184787,0.0,2.467005958589381e-33,0.0,0.0,0.0,0.0,0.0
14.2,0.7478081841846871,-0.4520605335854502,0.045743604868911755,1.8937790919981694,-0.027947713104368797,0.7744353000785701,0.20850898379184787,0.0,2.467005958589381e-33,0.0,0.0,0.0,0.0,0.0
14.21,0.7478081841846871,-0.4520605335854502,0.045743604868911755,1.8937790919981694,-0.027947713104368797,0.7744353000785701,0.20850898379184787,0.0,2.467005958589381e-33,0.0,0.0,0.0,0.0,0.0
14.22,0.7478081841846871,-0.4520605335854502,0.045743604868911755,1.8937790919981694,-0.027947713104368797,0.7744353000785701,0.20850898379184787,0.0,2.467005958589381e-33,0.0,0.0,0.0,0.0,0.0
14.23,0.7478081841846871,-0.4520605335854502,0.045743604868911755,1.8937790919981694,-0.027947713104368797,0.7744353000785701,0.20850898379184787,0.0,2.467005958589381e-33,0.0,0.0,0.0,0.0,0.0
14.24,0.7478081841846871,-0.4520605335854502,0.045743604868911755,1.8937790919981694,-0.027947713104368797,0.7744353000785701,0.20850898379184787,0.0,2.467005958589381e-33,0.0,0.0,0.0,0.0,0.0
14.25,0.7478081841846871,-0.4520605335854502,0.045743604868911755,1.8937790919981694,-0.027947713104368797,0.7744353000785701,0.20850898379184787,0.0,2.467005958589381e-33,0.0,0.0,0.0,0.0,0.0
14.26,0.7478081841846871,-0.4520605335854502,0.045743604868911755,1.8937790919981694,-0.027947713104368797,0.7744353000785701,0.20850898379184787,0.0,2.467005958589381e-33,0.0,0.0,0.0,0.0,0.0
14.27,0.7478081841846871,-0.4520605335854502,0.045743604868911755,1.8937790919981694,-0.027947713104368797,0.7744353000785701,0.20850898379184787,0.0,2.467005958589381e-33,0.0,0.0,0.0,0.0,0.0
14.28,0.7478081841846871,-0.4520605335854502,0.045743604868911755,1.8937790919981694,-0.027947713104368797,0.7744353000785701,0.20850898379184787,0.0,2.467005958589381e-33,0.0,0.0,0.0,0.0,0.0
14.29,0.7478081841846871,-0.4520605335854502,0.045743604868911755,1.8937790919981694,-0.027947713104368797,0.7744353000785701,0.20850898379184787,0.0,2.467005958589381e-33,0.0,0.0,0.0,0.0,0.0
14.3,0.7478081841846871,-0.4520605335854502,0.045743604868911755,1.8937790919981694,-0.027947713104368797,0.7744353000785701,0.20850898379184787,0.0,2.467005958589381e-33,0.0,0.0,0.0,0.0,0.0
14.31,0.7478081841846871,-0.4520605335854502,0.045743604868911755,1.8937790919981694,-0.027947713104368797,0.7744353000785701,0.20850898379184787,0.0,2.467005958589381e-33,0.0,0.0,0.0,0.0,0.0
14.32,0.7478081841846871,-0.4520605335854502,0.045743604868911755,1.8937790919981694,-0.027947713104368797,0.7744353000785701,0.20850898379184787,0.0,2.467005958589381e-33,0.0,0.0,0.0,0.0,0.0
14.33,0.7478081841846871,-0.4520605335854502,0.045743604868911755,1.8937790919981694,-0.027947713104368797,0.7744353000785701,0.20850898379184787,0.0,2.467005958589381e-33,0.0,0.0,0.0,0.0,0.0
14.34,0.7478081841846871,-0.4520605335854502,0.045743604868911755,1.8937790919981694,-0.027947713104368797,0.7744353000785701,0.20850898379184787,0.0,2.467005958589381e-33,0.0,0.0,0.0,0.0,0.0
14.35,0.7478081841846871,-0.4520605335854502,0.045743604868911755,1.8937790919981694,-0.027947713104368797,0.7744353000785701,0.20850898379184787,0.0,2.467005958589381e-33,0.0,0.0,0.0,0.0,0.0
14.36,0.7478081841846871,-0.4520605335854502,0.045743604868911755,1.8937790919981694,-0.027947713104368797,0.7744353000785701,0.20850898379184787,0.0,2.467005958589381e-33,0.0,0.0,0.0,0.0,0.0
14.37,0.7478081841846871,-0.4520605335854502,0.045743604868911755,1.8937790919981694,-0.027947713104368797,0.7744353000785701,0.20850898379184787,0.0,2.467005958589381e-33,0.0,0.0,0.0,0.0,0.0
14.38,0.7478081841846871,-0.4520605335854502,0.045743604868911755,1.8937790919981694,-0.027947713104368797,0.7744353000785701,0.20850898379184787,0.0,2.467005958589381e-33,0.0,0.0,0.0,0.0,0.0
14.39,0.7478081841846871,-0.4520605335854502,0.045743604868911755,1.8937790919981694,-0.027947713104368797,0.7744353000785701,0.20850898379184787,0.0,2.467005958589381e-33,0.0,0.0,0.0,0.0,0.0
14.4,0.7478081841846871,-0.4520605335854502,0.045743604868911755,1.8937790919981694,-0.027947713104368797,0.7744353000785701,0.20850898379184787,0.0,2.467005958589381e-33,0.0,0.0,0.0,0.0,0.0
14.41,0.7478081841846871,-0.4520605335854502,0.045743604868911755,1.8937790919981694,-0.027947713104368797,0.7744353000785701,0.20850898379184787,0.0,2.467005958589381e-33,0.0,0.0,0.0,0.0,0.0
14.42,0.7478081841846871,-0.4520605335854502,0.045743604868911755,1.8937790919981694,-0.027947713104368797,0.7744353000785701,0.20850898379184787,0.0,2.467005958589381e-33,0.0,0.0,0.0,0.0,0.0
14.43,0.7478081841846871,-0.4520605335854502,0.045743604868911755,1.8937790919981694,-0.027947713104368797,0.7744353000785701,0.20850898379184787,0.0,2.467005958589381e-33,0.0,0.0,0.0,0.0,0.0
14.44,0.7478081841846871,-0.4520605335854502,0.045743604868911755,1.8937790919981694,-0.027947713104368797,0.7744353000785701,0.20850898379184787,0.0,2.467005958589381e-33,0.0,0.0,0.0,0.0,0.0
14.45,0.7478081841846871,-0.4520605335854502,0.045743604868911755,1.8937790919981694,-0.027947713104368797,0.7744353000785701,0.20850898379184787,0.0,2.467005958589381e-33,0.0,0.0,0.0,0.0,0.0
14.46,0.7478081841846871,-0.4520605335854502,0.045743604868911755,1.8937790919981694,-0.027947713104368797,0.7744353000785701,0.20850898379184787,0.0,2.467005958589381e-33,0.0,0.0,0.0,0.0,0.0
14.47,0.7478081841846871,-0.4520605335854502,0.045743604868911755,1.8937790919981694,-0.027947713104368797,0.7744353000785701,0.20850898379184787,0.0,2.467005958589381e-33,0.0,0.0,0.0,0.0,0.0
14.48,0.7478081841846871,-0.4520605335854502,0.045743604868911755,1.8937790919981694,-0.027947713104368797,0.7744353000785701,0.20850898379184787,0.0,2.467005958589381e-33,0.0,0.0,0.0,0.0,0.0
14.49,0.7478081841846871,-0.4520605335854502,0.045743604868911755,1.8937790919981694,-0.027947713104368797,0.7744353000785701,0.20850898379184787,0.0,2.467005958589381e-33,0.0,0.0,0.0,0.0,0.0
14.5,0.7478081841846871,-0.4520605335854502,0.045743604868911755,1.8937790919981694,-0.027947713104368797,0.7744353000785701,0.20850898379184787,0.0,2.467005958589381e-33,0.0,0.0,0.0,0.0,0.0
14.51,0.7478081841846871,-0.4520605335854502,0.045743604868911755,1.8937790919981694,-0.027947713104368797,0.7744353000785701,0.20850898379184787,0.0,2.467005958589381e-33,0.0,0.0,0.0,0.0,0.0
14.52,0.7478081841846871,-0.4520605335854502,0.045743604868911755,1.8937790919981694,-0.027947713104368797,0.7744353000785701,0.20850898379184787,0.0,2.467005958589381e-33,0.0,0.0,0.0,0.0,0.0
14.53,0.7478081841846871,-0.4520605335854502,0.045743604868911755,1.8937790919981694,-0.027947713104368797,0.7744353000785701,0.20850898379184787,0.0,2.467005958589381e-33,0.0,0.0,0.0,0.0,0.0
14.54,0.7478081841846871,-0.4520605335854502,0.045743604868911755,1.8937790919981694,-0.027947713104368797,0.7744353000785701,0.20850898379184787,0.0,2.467005958589381e-33,0.0,0.0,0.0,0.0,0.0
14.55,0.7478081841846871,-0.4520605335854502,0.045743604868911755,1.8937790919981694,-0.027947713104368797,0.7744353000785701,0.20850898379184787,0.0,2.467005958589381e-33,0.0,0.0,0.0,0.0,0.0
14.56,0.7478081841846871,-0.4520605335854502,0.045743604868911755,1.8937790919981694,-0.027947713104368797,0.7744353000785701,0.20850898379184787,0.0,2.467005958589381e-33,0.0,0.0,0.0,0.0,0.0
14.57,0.7478081841846871,-0.4520605335854502,0.045743604868911755,1.8937790919981694,-0.027947713104368797,0.7744353000785701,0.20850898379184787,0.0,2.467005958589381e-33,0.0,0.0,0.0,0.0,0.0
14.58,0.7478081841846871,-0.4520605335854502,0.045743604868911755,1.8937790919981694,-0.027947713104368797,0.7744353000785701,0.20850898379184787,0.0,2.467005958589381e-33,0.0,0.0,0.0,0.0,0.0
14.59,0.7478081841846871,-0.4520605335854502,0.045743604868911755,1.8937790919981694,-0.027947713104368797,0.7744353000785701,0.20850898379184787,0.0,2.467005958589381e-33,0.0,0.0,0.0,0.0,0.0
14.6,0.7478081841846871,-0.4520605335854502,0.045743604868911755,1.8937790919981694,-0.027947713104368797,0.7744353000785701,0.20850898379184787,0.0,2.467005958589381e-33,0.0,0.0,0.0,0.0,0.0
14.61,0.7478081841846871,-0.4520605335854502,0.045743604868911755,1.8937790919981694,-0.027947713104368797,0.7744353000785701,0.20850898379184787,0.0,2.467005958589381e-33,0.0,0.0,0.0,0.0,0.0
14.62,0.7478081841846871,-0.4520605335854502,0.045743604868911755,1.8937790919981694,-0.027947713104368797,0.7744353000785701,0.20850898379184787,0.0,2.467005958589381e-33,0.0,0.0,0.0,0.0,0.0
14.63,0.7478081841846871,-0.4520605335854502,0.045743604868911755,1.8937790919981694,-0.027947713104368797,0.7744353000785701,0.20850898379184787,0.0,2.467005958589381e-33,0.0,0.0,0.0,0.0,0.0
14.64,0.7478081841846871,-0.4520605335854502,0.045743604868911755,1.8937790919981694,-0.027947713104368797,0.7744353000785701,0.20850898379184787,0.0,2.467005958589381e-33,0.0,0.0,0.0,0.0,0.0
14.65,0.7478081841846871,-0.4520605335854502,0.045743604868911755,1.8937790919981694,-0.027947713104368797,0.7744353000785701,0.20850898379184787,0.0,2.467005958589381e-33,0.0,0.0,0.0,0.0,0.0
14.66,0.7478081841846871,-0.4520605335854502,0.045743604868911755,1.8937790919981694,-0.027947713104368797,0.7744353000785701,0.20850898379184787,0.0,2.467005958589381e-33,0.0,0.0,0.0,0.0,0.0
14.67,0.7478081841846871,-0.4520605335854502,0.045743604868911755,1.8937790919981694,-0.027947713104368797,0.7744353000785701,0.20850898379184787,0.0,2.467005958589381e-33,0.0,0.0,0.0,0.0,0.0
14.68,0.7478081841846871,-0.4520605335854502,0.045743604868911755,1.8937790919981694,-0.027947713104368797,0.7744353000785701,0.20850898379184787,0.0,2.467005958589381e-33,0.0,0.0,0.0,0.0,0.0
14.69,0.7478081841846871,-0.4520605335854502,0.045743604868911755,1.8937790919981694,-0.027947713104368797,0.7744353000785701,0.20850898379184787,0.0,2.467005958589381e-33,0.0,0.0,0.0,0.0,0.0
14.7,0.7478081841846871,-0.4520605335854502,0.045743604868911755,1.8937790919981694,-0.027947713104368797,0.7744353000785701,0.20850898379184787,0.0,2.467005958589381e-33,0.0,0.0,0.0,0.0,0.0
14.71,0.7478081841846871,-0.4520605335854502,0.045743604868911755,1.8937790919981694,-0.027947713104368797,0.7744353000785701,0.20850898379184787,0.0,2.467005958589381e-33,0.0,0.0,0.0,0.0,0.0
14.72,0.7478081841846871,-0.4520605335854502,0.045743604868911755,1.8937790919981694,-0.027947713104368797,0.7744353000785701,0.20850898379184787,0.0,2.467005958589381e-33,0.0,0.0,0.0,0.0,0.0
14.73,0.7478081841846871,-0.4520605335854502,0.045743604868911755,1.8937790919981694,-0.027947713104368797,0.7744353000785701,0.20850898379184787,0.0,2.467005958589381e-33,0.0,0.0,0.0,0.0,0.0
14.74,0.7478081841846871,-0.4520605335854502,0.045743604868911755,1.8937790919981694,-0.027947713104368797,0.7744353000785701,0.20850898379184787,0.0,2.467005958589381e-33,0.0,0.0,0.0,0.0,0.0
14.75,0.7478081841846871,-0.4520605335854502,0.045743604868911755,1.8937790919981694,-0.027947713104368797,0.7744353000785701,0.20850898379184787,0.0,2.467005958589381e-33,0.0,0.0,0.0,0.0,0.0
14.76,0.7478081841846871,-0.4520605335854502,0.045743604868911755,1.8937790919981694,-0.027947713104368797,0.7744353000785701,0.20850898379184787,0.0,2.467005958589381e-33,0.0,0.0,0.0,0.0,0.0
14.77,0.7478081841846871,-0.4520605335854502,0.045743604868911755,1.8937790919981694,-0.027947713104368797,0.7744353000785701,0.20850898379184787,0.0,2.467005958589381e-33,0.0,0.0,0.0,0.0,0.0
14.78,0.7478081841846871,-0.4520605335854502,0.045743604868911755,1.8937790919981694,-0.027947713104368797,0.7744353000785701,0.20850898379184787,0.0,2.467005958589381e-33,0.0,0.0,0.0,0.0,0.0
14.79,0.7478081841846871,-0.4520605335854502,0.045743604868911755,1.8937790919981694,-0.027947713104368797,0.7744353000785701,0.20850898379184787,0.0,2.467005958589381e-33,0.0,0.0,0.0,0.0,0.0
14.8,0.7478081841846871,-0.4520605335854502,0.045743604868911755,1.8937790919981694,-0.027947713104368797,0.7744353000785701,0.20850898379184787,0.0,2.467005958589381e-33,0.0,0.0,0.0,0.0,0.0
14.81,0.7478081841846871,-0.4520605335854502,0.045743604868911755,1.8937790919981694,-0.027947713104368797,0.7744353000785701,0.20850898379184787,0.0,2.467005958589381e-33,0.0,0.0,0.0,0.0,0.0
14.82,0.7478081841846871,-0.4520605335854502,0.045743604868911755,1.8937790919981694,-0.027947713104368797,0.7744353000785701,0.20850898379184787,0.0,2.467005958589381e-33,0.0,0.0,0.0,0.0,0.0
14.83,0.7478081841846871,-0.4520605335854502,0.045743604868911755,1.8937790919981694,-0.027947713104368797,0.7744353000785701,0.20850898379184787,0.0,2.467005958589381e-33,0.0,0.0,0.0,0.0,0.0
14.84,0.7478081841846871,-0.4520605335854502,0.045743604868911755,1.8937790919981694,-0.027947713104368797,0.7744353000785701,0.20850898379184787,0.0,2.467005958589381e-33,0.0,0.0,0.0,0.0,0.0
14.85,0.7478081841846871,-0.4520605335854502,0.045743604868911755,1.8937790919981694,-0.027947713104368797,0.7744353000785701,0.20850898379184787,0.0,2.467005958589381e-33,0.0,0.0,0.0,0.0,0.0
14.86,0.7478081841846871,-0.4520605335854502,0.045743604868911755,1.8937790919981694,-0.027947713104368797,0.7744353000785701,0.20850898379184787,0.0,2.467005958589381e-33,0.0,0.0,0.0,0.0,0.0
14.87,0.7478081841846871,-0.4520605335854502,0.045743604868911755,1.8937790919981694,-0.027947713104368797,0.7744353000785701,0.20850898379184787,0.0,2.467005958589381e-33,0.0,0.0,0.0,0.0,0.0
14.88,0.7478081841846871,-0.4520605335854502,0.045743604868911755,1.8937790919981694,-0.027947713104368797,0.7744353000785701,0.20850898379184787,0.0,2.467005958589381e-33,0.0,0.0,0.0,0.0,0.0
14.89,0.7478081841846871,-0.4520605335854502,0.045743604868911755,1.8937790919981694,-0.027947713104368797,0.7744353000785701,0.20850898379184787,0.0,2.467005958589381e-33,0.0,0.0,0.0,0.0,0.0
14.9,0.7478081841846871,-0.4520605335854502,0.045743604868911755,1.8937790919981694,-0.027947713104368797,0.7744353000785701,0.20850898379184787,0.0,2.467005958589381e-33,0.0,0.0,0.0,0.0,0.0
14.91,0.7478081841846871,-0.4520605335854502,0.045743604868911755,1.8937790919981694,-0.027947713104368797,0.7744353000785701,0.20850898379184787,0.0,2.467005958589381e-33,0.0,0.0,0.0,0.0,0.0
14.92,0.7478081841846871,-0.4520605335854502,0.045743604868911755,1.8937790919981694,-0.027947713104368797,0.7744353000785701,0.20850898379184787,0.0,2.467005958589381e-33,0.0,0.0,0.0,0.0,0.0
14.93,0.7478081841846871,-0.4520605335854502,0.045743604868911755,1.8937790919981694,-0.027947713104368797,0.7744353000785701,0.20850898379184787,0.0,2.467005958589381e-33,0.0,0.0,0.0,0.0,0.0
14.94,0.7478081841846871,-0.4520605335854502,0.045743604868911755,1.8937790919981694,-0.027947713104368797,0.7744353000785701,0.20850898379184787,0.0,2.467005958589381e-33,0.0,0.0,0.0,0.0,0.0
14.95,0.7478081841846871,-0.4520605335854502,0.045743604868911755,1.8937790919981694,-0.027947713104368797,0.7744353000785701,0.20850898379184787,0.0,2.467005958589381e-33,0.0,0.0,0.0,0.0,0.0
14.96,0.7478081841846871,-0.4520605335854502,0.045743604868911755,1.8937790919981694,-0.027947713104368797,0.7744353000785701,0.20850898379184787,0.0,2.467005958589381e-33,0.0,0.0,0.0,0.0,0.0
14.97,0.7478081841846871,-0.4520605335854502,0.045743604868911755,1.8937790919981694,-0.027947713104368797,0.7744353000785701,0.20850898379184787,0.0,2.467005958589381e-33,0.0,0.0,0.0,0.0,0.0
14.98,0.7478081841846871,-0.4520605335854502,0.045743604868911755,1.8937790919981694,-0.027947713104368797,0.7744353000785701,0.20850898379184787,0.0,2.467005958589381e-33,0.0,0.0,0.0,0.0,0.0
14.99,0.7478081841846871,-0.4520605335854502,0.045743604868911755,1.8937790919981694,-0.027947713104368797,0.7744353000785701,0.20850898379184787,0.0,2.467005958589381e-33,0.0,0.0,0.0,0.0,0.0
15.0,0.7478081841846871,-0.4520605335854502,0.045743604868911755,1.8937790919981694,-0.027947713104368797,0.7744353000785701,0.20850898379184787,0.0,2.467005958589381e-33,0.0,0.0,0.0,0.0,0.0
15.01,0.7478081841846871,-0.4520605335854502,0.045743604868911755,1.8937790919981694,-0.027947713104368797,0.7744353000785701,0.20850898379184787,0.0,2.467005958589381e-33,0.0,0.0,0.0,0.0,0.0
15.02,0.7478081841846871,-0.4520605335854502,0.045743604868911755,1.8937790919981694,-0.027947713104368797,0.7744353000785701,0.20850898379184787,0.0,2.467005958589381e-33,0.0,0.0,0.0,0.0,0.0
15.03,0.7478081841846871,-0.4520605335854502,0.045743604868911755,1.8937790919981694,-0.027947713104368797,0.7744353000785701,0.20850898379184787,0.0,2.467005958589381e-33,0.0,0.0,0.0,0.0,0.0
15.04,0.7478081841846871,-0.4520605335854502,0.045743604868911755,1.8937790919981694,-0.027947713104368797,0.7744353000785701,0.20850898379184787,0.0,2.467005958589381e-33,0.0,0.0,0.0,0.0,0.0
15.05,0.7478081841846871,-0.4520605335854502,0.045743604868911755,1.8937790919981694,-0.027947713104368797,0.7744353000785701,0.20850898379184787,0.0,2.467005958589381e-33,0.0,0.0,0.0,0.0,0.0
15.06,0.7478081841846871,-0.4520605335854502,0.045743604868911755,1.8937790919981694,-0.027947713104368797,0.7744353000785701,0.20850898379184787,0.0,2.467005958589381e-33,0.0,0.0,0.0,0.0,0.0
15.07,0.7478081841846871,-0.4520605335854502,0.045743604868911755,1.8937790919981694,-0.027947713104368797,0.7744353000785701,0.20850898379184787,0.0,2.467005958589381e-33,0.0,0.0,0.0,0.0,0.0
15.08,0.7478081841846871,-0.4520605335854502,0.045743604868911755,1.8937790919981694,-0.027947713104368797,0.7744353000785701,0.20850898379184787,0.0,2.467005958589381e-33,0.0,0.0,0.0,0.0,0.0
15.09,0.7478081841846871,-0.4520605335854502,0.045743604868911755,1.8937790919981694,-0.027947713104368797,0.7744353000785701,0.20850898379184787,0.0,2.467005958589381e-33,0.0,0.0,0.0,0.0,0.0
15.1,0.7478081841846871,-0.4520605335854502,0.045743604868911755,1.8937790919981694,-0.027947713104368797,0.7744353000785701,0.20850898379184787,0.0,2.467005958589381e-33,0.0,0.0,0.0,0.0,0.0
15.11,0.7478081841846871,-0.4520605335854502,0.045743604868911755,1.8937790919981694,-0.027947713104368797,0.7744353000785701,0.20850898379184787,0.0,2.467005958589381e-33,0.0,0.0,0.0,0.0,0.0
15.12,0.7478081841846871,-0.4520605335854502,0.045743604868911755,1.8937790919981694,-0.027947713104368797,0.7744353000785701,0.20850898379184787,0.0,2.467005958589381e-33,0.0,0.0,0.0,0.0,0.0
15.13,0.7478081841846871,-0.4520605335854502,0.045743604868911755,1.8937790919981694,-0.027947713104368797,0.7744353000785701,0.20850898379184787,0.0,2.467005958589381e-33,0.0,0.0,0.0,0.0,0.0
15.14,0.7478081841846871,-0.4520605335854502,0.045743604868911755,1.8937790919981694,-0.027947713104368797,0.7744353000785701,0.20850898379184787,0.0,2.467005958589381e-33,0.0,0.0,0.0,0.0,0.0
15.15,0.7478081841846871,-0.4520605335854502,0.045743604868911755,1.8937790919981694,-0.027947713104368797,0.7744353000785701,0.20850898379184787,0.0,2.467005958589381e-33,0.0,0.0,0.0,0.0,0.0
15.16,0.7478081841846871,-0.4520605335854502,0.045743604868911755,1.8937790919981694,-0.027947713104368797,0.7744353000785701,0.20850898379184787,0.0,2.467005958589381e-33,0.0,0.0,0.0,0.0,0.0
15.17,0.7478081841846871,-0.4520605335854502,0.045743604868911755,1.8937790919981694,-0.027947713104368797,0.7744353000785701,0.20850898379184787,0.0,2.467005958589381e-33,0.0,0.0,0.0,0.0,0.0
15.18,0.7478081841846871,-0.4520605335854502,0.045743604868911755,1.8937790919981694,-0.027947713104368797,0.7744353000785701,0.20850898379184787,0.0,2.467005958589381e-33,0.0,0.0,0.0,0.0,0.0
15.19,0.7478081841846871,-0.4520605335854502,0.045743604868911755,1.8937790919981694,-0.027947713104368797,0.7744353000785701,0.20850898379184787,0.0,2.467005958589381e-33,0.0,0.0,0.0,0.0,0.0
15.2,0.7478081841846871,-0.4520605335854502,0.045743604868911755,1.8937790919981694,-0.027947713104368797,0.7744353000785701,0.20850898379184787,0.0,2.467005958589381e-33,0.0,0.0,0.0,0.0,0.0
15.21,0.7478081841846871,-0.4520605335854502,0.045743604868911755,1.8937790919981694,-0.027947713104368797,0.7744353000785701,0.20850898379184787,0.0,2.467005958589381e-33,0.0,0.0,0.0,0.0,0.0
15.22,0.7478081841846871,-0.4520605335854502,0.045743604868911755,1.8937790919981694,-0.027947713104368797,0.7744353000785701,0.20850898379184787,0.0,2.467005958589381e-33,0.0,0.0,0.0,0.0,0.0
15.23,0.7478081841846871,-0.4520605335854502,0.045743604868911755,1.8937790919981694,-0.027947713104368797,0.7744353000785701,0.20850898379184787,0.0,2.467005958589381e-33,0.0,0.0,0.0,0.0,0.0
15.24,0.7478081841846871,-0.4520605335854502,0.045743604868911755,1.8937790919981694,-0.027947713104368797,0.7744353000785701,0.20850898379184787,0.0,2.467005958589381e-33,0.0,0.0,0.0,0.0,0.0
15.25,0.7478081841846871,-0.4520605335854502,0.045743604868911755,1.8937790919981694,-0.027947713104368797,0.7744353000785701,0.20850898379184787,0.0,2.467005958589381e-33,0.0,0.0,0.0,0.0,0.0
15.26,0.7478081841846871,-0.4520605335854502,0.045743604868911755,1.8937790919981694,-0.027947713104368797,0.7744353000785701,0.20850898379184787,0.0,2.467005958589381e-33,0.0,0.0,0.0,0.0,0.0
15.27,0.7478081841846871,-0.4520605335854502,0.045743604868911755,1.8937790919981694,-0.027947713104368797,0.7744353000785701,0.20850898379184787,0.0,2.467005958589381e-33,0.0,0.0,0.0,0.0,0.0
15.28,0.7478081841846871,-0.4520605335854502,0.045743604868911755,1.8937790919981694,-0.027947713104368797,0.7744353000785701,0.20850898379184787,0.0,2.467005958589381e-33,0.0,0.0,0.0,0.0,0.0
15.29,0.7478081841846871,-0.4520605335854502,0.045743604868911755,1.8937790919981694,-0.027947713104368797,0.7744353000785701,0.20850898379184787,0.0,2.467005958589381e-33,0.0,0.0,0.0,0.0,0.0
15.3,0.7478081841846871,-0.4520605335854502,0.045743604868911755,1.8937790919981694,-0.027947713104368797,0.7744353000785701,0.20850898379184787,0.0,2.467005958589381e-33,0.0,0.0,0.0,0.0,0.0
15.31,0.7478081841846871,-0.4520605335854502,0.045743604868911755,1.8937790919981694,-0.027947713104368797,0.7744353000785701,0.20850898379184787,0.0,2.467005958589381e-33,0.0,0.0,0.0,0.0,0.0
15.32,0.7478081841846871,-0.4520605335854502,0.045743604868911755,1.8937790919981694,-0.027947713104368797,0.7744353000785701,0.20850898379184787,0.0,2.467005958589381e-33,0.0,0.0,0.0,0.0,0.0
15.33,0.7478081841846871,-0.4520605335854502,0.045743604868911755,1.8937790919981694,-0.027947713104368797,0.7744353000785701,0.20850898379184787,0.0,2.467005958589381e-33,0.0,0.0,0.0,0.0,0.0
15.34,0.7478081841846871,-0.4520605335854502,0.045743604868911755,1.8937790919981694,-0.027947713104368797,0.7744353000785701,0.20850898379184787,0.0,2.467005958589381e-33,0.0,0.0,0.0,0.0,0.0
15.35,0.7478081841846871,-0.4520605335854502,0.045743604868911755,1.8937790919981694,-0.027947713104368797,0.7744353000785701,0.20850898379184787,0.0,2.467005958589381e-33,0.0,0.0,0.0,0.0,0.0
15.36,0.7478081841846871,-0.4520605335854502,0.045743604868911755,1.8937790919981694,-0.027947713104368797,0.7744353000785701,0.20850898379184787,0.0,2.467005958589381e-33,0.0,0.0,0.0,0.0,0.0
15.37,0.7478081841846871,-0.4520605335854502,0.045743604868911755,1.8937790919981694,-0.027947713104368797,0.7744353000785701,0.20850898379184787,0.0,2.467005958589381e-33,0.0,0.0,0.0,0.0,0.0
15.38,0.7478081841846871,-0.4520605335854502,0.045743604868911755,1.8937790919981694,-0.027947713104368797,0.7744353000785701,0.20850898379184787,0.0,2.467005958589381e-33,0.0,0.0,0.0,0.0,0.0
15.39,0.7478081841846871,-0.4520605335854502,0.045743604868911755,1.8937790919981694,-0.027947713104368797,0.7744353000785701,0.20850898379184787,0.0,2.467005958589381e-33,0.0,0.0,0.0,0.0,0.0
15.4,0.7478081841846871,-0.4520605335854502,0.045743604868911755,1.8937790919981694,-0.027947713104368797,0.7744353000785701,0.20850898379184787,0.0,2.467005958589381e-33,0.0,0.0,0.0,0.0,0.0
15.41,0.7478081841846871,-0.4520605335854502,0.045743604868911755,1.8937790919981694,-0.027947713104368797,0.7744353000785701,0.20850898379184787,0.0,2.467005958589381e-33,0.0,0.0,0.0,0.0,0.0
15.42,0.7478081841846871,-0.4520605335854502,0.045743604868911755,1.8937790919981694,-0.027947713104368797,0.7744353000785701,0.20850898379184787,0.0,2.467005958589381e-33,0.0,0.0,0.0,0.0,0.0
15.43,0.7478081841846871,-0.4520605335854502,0.045743604868911755,1.8937790919981694,-0.027947713104368797,0.7744353000785701,0.20850898379184787,0.0,2.467005958589381e-33,0.0,0.0,0.0,0.0,0.0
15.44,0.7478081841846871,-0.4520605335854502,0.045743604868911755,1.8937790919981694,-0.027947713104368797,0.7744353000785701,0.20850898379184787,0.0,2.467005958589381e-33,0.0,0.0,0.0,0.0,0.0
15.45,0.7478081841846871,-0.4520605335854502,0.045743604868911755,1.8937790919981694,-0.027947713104368797,0.7744353000785701,0.20850898379184787,0.0,2.467005958589381e-33,0.0,0.0,0.0,0.0,0.0
15.46,0.7478081841846871,-0.4520605335854502,0.045743604868911755,1.8937790919981694,-0.027947713104368797,0.7744353000785701,0.20850898379184787,0.0,2.467005958589381e-33,0.0,0.0,0.0,0.0,0.0
15.47,0.7478081841846871,-0.4520605335854502,0.045743604868911755,1.8937790919981694,-0.027947713104368797,0.7744353000785701,0.20850898379184787,0.0,2.467005958589381e-33,0.0,0.0,0.0,0.0,0.0
15.48,0.7478081841846871,-0.4520605335854502,0.045743604868911755,1.8937790919981694,-0.027947713104368797,0.7744353000785701,0.20850898379184787,0.0,2.467005958589381e-33,0.0,0.0,0.0,0.0,0.0
15.49,0.7478081841846871,-0.4520605335854502,0.045743604868911755,1.8937790919981694,-0.027947713104368797,0.7744353000785701,0.20850898379184787,0.0,2.467005958589381e-33,0.0,0.0,0.0,0.0,0.0
15.5,0.7478081841846871,-0.4520605335854502,0.045743604868911755,1.8937790919981694,-0.027947713104368797,0.7744353000785701,0.20850898379184787,0.0,2.467005958589381e-33,0.0,0.0,0.0,0.0,0.0
15.51,0.7478081841846871,-0.4520605335854502,0.045743604868911755,1.8937790919981694,-0.027947713104368797,0.7744353000785701,0.20850898379184787,0.0,2.467005958589381e-33,0.0,0.0,0.0,0.0,0.0
15.52,0.7478081841846871,-0.4520605335854502,0.045743604868911755,1.8937790919981694,-0.027947713104368797,0.7744353000785701,0.20850898379184787,0.0,2.467005958589381e-33,0.0,0.0,0.0,0.0,0.0
15.53,0.7478081841846871,-0.4520605335854502,0.045743604868911755,1.8937790919981694,-0.027947713104368797,0.7744353000785701,0.20850898379184787,0.0,2.467005958589381e-33,0.0,0.0,0.0,0.0,0.0
15.54,0.7478081841846871,-0.4520605335854502,0.045743604868911755,1.8937790919981694,-0.027947713104368797,0.7744353000785701,0.20850898379184787,0.0,2.467005958589381e-33,0.0,0.0,0.0,0.0,0.0
15.55,0.7478081841846871,-0.4520605335854502,0.045743604868911755,1.8937790919981694,-0.027947713104368797,0.7744353000785701,0.20850898379184787,0.0,2.467005958589381e-33,0.0,0.0,0.0,0.0,0.0
15.56,0.7478081841846871,-0.4520605335854502,0.045743604868911755,1.8937790919981694,-0.027947713104368797,0.7744353000785701,0.20850898379184787,0.0,2.467005958589381e-33,0.0,0.0,0.0,0.0,0.0
15.57,0.7478081841846871,-0.4520605335854502,0.045743604868911755,1.8937790919981694,-0.027947713104368797,0.7744353000785701,0.20850898379184787,0.0,2.467005958589381e-33,0.0,0.0,0.0,0.0,0.0
15.58,0.7478081841846871,-0.4520605335854502,0.045743604868911755,1.8937790919981694,-0.027947713104368797,0.7744353000785701,0.20850898379184787,0.0,2.467005958589381e-33,0.0,0.0,0.0,0.0,0.0
15.59,0.7478081841846871,-0.4520605335854502,0.045743604868911755,1.8937790919981694,-0.027947713104368797,0.7744353000785701,0.20850898379184787,0.0,2.467005958589381e-33,0.0,0.0,0.0,0.0,0.0
15.6,0.7478081841846871,-0.4520605335854502,0.045743604868911755,1.8937790919981694,-0.027947713104368797,0.7744353000785701,0.20850898379184787,0.0,2.467005958589381e-33,0.0,0.0,0.0,0.0,0.0
15.61,0.7478081841846871,-0.4520605335854502,0.045743604868911755,1.8937790919981694,-0.027947713104368797,0.7744353000785701,0.20850898379184787,0.0,2.467005958589381e-33,0.0,0.0,0.0,0.0,0.0
15.62,0.7478081841846871,-0.4520605335854502,0.045743604868911755,1.8937790919981694,-0.027947713104368797,0.7744353000785701,0.20850898379184787,0.0,2.467005958589381e-33,0.0,0.0,0.0,0.0,0.0
15.63,0.7478081841846871,-0.4520605335854502,0.045743604868911755,1.8937790919981694,-0.027947713104368797,0.7744353000785701,0.20850898379184787,0.0,2.467005958589381e-33,0.0,0.0,0.0,0.0,0.0
15.64,0.7478081841846871,-0.4520605335854502,0.045743604868911755,1.8937790919981694,-0.027947713104368797,0.7744353000785701,0.20850898379184787,0.0,2.467005958589381e-33,0.0,0.0,0.0,0.0,0.0
15.65,0.7478081841846871,-0.4520605335854502,0.045743604868911755,1.8937790919981694,-0.027947713104368797,0.7744353000785701,0.20850898379184787,0.0,2.467005958589381e-33,0.0,0.0,0.0,0.0,0.0
15.66,0.7478081841846871,-0.4520605335854502,0.045743604868911755,1.8937790919981694,-0.027947713104368797,0.7744353000785701,0.20850898379184787,0.0,2.467005958589381e-33,0.0,0.0,0.0,0.0,0.0
15.67,0.7478081841846871,-0.4520605335854502,0.045743604868911755,1.8937790919981694,-0.027947713104368797,0.7744353000785701,0.20850898379184787,0.0,2.467005958589381e-33,0.0,0.0,0.0,0.0,0.0
15.68,0.7478081841846871,-0.4520605335854502,0.045743604868911755,1.8937790919981694,-0.027947713104368797,0.7744353000785701,0.20850898379184787,0.0,2.467005958589381e-33,0.0,0.0,0.0,0.0,0.0
15.69,0.7478081841846871,-0.4520605335854502,0.045743604868911755,1.8937790919981694,-0.027947713104368797,0.7744353000785701,0.20850898379184787,0.0,2.467005958589381e-33,0.0,0.0,0.0,0.0,0.0
15.7,0.7478081841846871,-0.4520605335854502,0.045743604868911755,1.8937790919981694,-0.027947713104368797,0.7744353000785701,0.20850898379184787,0.0,2.467005958589381e-33,0.0,0.0,0.0,0.0,0.0
15.71,0.7478081841846871,-0.4520605335854502,0.045743604868911755,1.8937790919981694,-0.027947713104368797,0.7744353000785701,0.20850898379184787,0.0,2.467005958589381e-33,0.0,0.0,0.0,0.0,0.0
15.72,0.7478081841846871,-0.4520605335854502,0.045743604868911755,1.8937790919981694,-0.027947713104368797,0.7744353000785701,0.20850898379184787,0.0,2.467005958589381e-33,0.0,0.0,0.0,0.0,0.0
15.73,0.7478081841846871,-0.4520605335854502,0.045743604868911755,1.8937790919981694,-0.027947713104368797,0.7744353000785701,0.20850898379184787,0.0,2.467005958589381e-33,0.0,0.0,0.0,0.0,0.0
15.74,0.7478081841846871,-0.4520605335854502,0.045743604868911755,1.8937790919981694,-0.027947713104368797,0.7744353000785701,0.20850898379184787,0.0,2.467005958589381e-33,0.0,0.0,0.0,0.0,0.0
15.75,0.7478081841846871,-0.4520605335854502,0.045743604868911755,1.8937790919981694,-0.027947713104368797,0.7744353000785701,0.20850898379184787,0.0,2.467005958589381e-33,0.0,0.0,0.0,0.0,0.0
15.76,0.7478081841846871,-0.4520605335854502,0.045743604868911755,1.8937790919981694,-0.027947713104368797,0.7744353000785701,0.20850898379184787,0.0,2.467005958589381e-33,0.0,0.0,0.0,0.0,0.0
15.77,0.7478081841846871,-0.4520605335854502,0.045743604868911755,1.8937790919981694,-0.027947713104368797,0.7744353000785701,0.20850898379184787,0.0,2.467005958589381e-33,0.0,0.0,0.0,0.0,0.0
15.78,0.7478081841846871,-0.4520605335854502,0.045743604868911755,1.8937790919981694,-0.027947713104368797,0.7744353000785701,0.20850898379184787,0.0,2.467005958589381e-33,0.0,0.0,0.0,0.0,0.0
15.79,0.7478081841846871,-0.4520605335854502,0.045743604868911755,1.8937790919981694,-0.027947713104368797,0.7744353000785701,0.20850898379184787,0.0,2.467005958589381e-33,0.0,0.0,0.0,0.0,0.0
15.8,0.7478081841846871,-0.4520605335854502,0.045743604868911755,1.8937790919981694,-0.027947713104368797,0.7744353000785701,0.20850898379184787,0.0,2.467005958589381e-33,0.0,0.0,0.0,0.0,0.0
15.81,0.7478081841846871,-0.4520605335854502,0.045743604868911755,1.8937790919981694,-0.027947713104368797,0.7744353000785701,0.20850898379184787,0.0,2.467005958589381e-33,0.0,0.0,0.0,0.0,0.0
15.82,0.7478081841846871,-0.4520605335854502,0.045743604868911755,1.8937790919981694,-0.027947713104368797,0.7744353000785701,0.20850898379184787,0.0,2.467005958589381e-33,0.0,0.0,0.0,0.0,0.0
15.83,0.7478081841846871,-0.4520605335854502,0.045743604868911755,1.8937790919981694,-0.027947713104368797,0.7744353000785701,0.20850898379184787,0.0,2.467005958589381e-33,0.0,0.0,0.0,0.0,0.0
15.84,0.7478081841846871,-0.4520605335854502,0.045743604868911755,1.8937790919981694,-0.027947713104368797,0.7744353000785701,0.20850898379184787,0.0,2.467005958589381e-33,0.0,0.0,0.0,0.0,0.0
15.85,0.7478081841846871,-0.4520605335854502,0.045743604868911755,1.8937790919981694,-0.027947713104368797,0.7744353000785701,0.20850898379184787,0.0,2.467005958589381e-33,0.0,0.0,0.0,0.0,0.0
15.86,0.7478081841846871,-0.4520605335854502,0.045743604868911755,1.8937790919981694,-0.027947713104368797,0.7744353000785701,0.20850898379184787,0.0,2.467005958589381e-33,0.0,0.0,0.0,0.0,0.0
15.87,0.7478081841846871,-0.4520605335854502,0.045743604868911755,1.8937790919981694,-0.027947713104368797,0.7744353000785701,0.20850898379184787,0.0,2.467005958589381e-33,0.0,0.0,0.0,0.0,0.0
15.88,0.7478081841846871,-0.4520605335854502,0.045743604868911755,1.8937790919981694,-0.027947713104368797,0.7744353000785701,0.20850898379184787,0.0,2.467005958589381e-33,0.0,0.0,0.0,0.0,0.0
15.89,0.7478081841846871,-0.4520605335854502,0.045743604868911755,1.8937790919981694,-0.027947713104368797,0.7744353000785701,0.20850898379184787,0.0,2.467005958589381e-33,0.0,0.0,0.0,0.0,0.0
15.9,0.7478081841846871,-0.4520605335854502,0.045743604868911755,1.8937790919981694,-0.027947713104368797,0.7744353000785701,0.20850898379184787,0.0,2.467005958589381e-33,0.0,0.0,0.0,0.0,0.0
15.91,0.7478081841846871,-0.4520605335854502,0.045743604868911755,1.8937790919981694,-0.027947713104368797,0.7744353000785701,0.20850898379184787,0.0,2.467005958589381e-33,0.0,0.0,0.0,0.0,0.0
15.92,0.7478081841846871,-0.4520605335854502,0.045743604868911755,1.8937790919981694,-0.027947713104368797,0.7744353000785701,0.20850898379184787,0.0,2.467005958589381e-33,0.0,0.0,0.0,0.0,0.0
15.93,0.7478081841846871,-0.4520605335854502,0.045743604868911755,1.8937790919981694,-0.027947713104368797,0.7744353000785701,0.20850898379184787,0.0,2.467005958589381e-33,0.0,0.0,0.0,0.0,0.0
15.94,0.7478081841846871,-0.4520605335854502,0.045743604868911755,1.8937790919981694,-0.027947713104368797,0.7744353000785701,0.20850898379184787,0.0,2.467005958589381e-33,0.0,0.0,0.0,0.0,0.0
15.95,0.7478081841846871,-0.4520605335854502,0.045743604868911755,1.8937790919981694,-0.027947713104368797,0.7744353000785701,0.20850898379184787,0.0,2.467005958589381e-33,0.0,0.0,0.0,0.0,0.0
15.96,0.7478081841846871,-0.4520605335854502,0.045743604868911755,1.8937790919981694,-0.027947713104368797,0.7744353000785701,0.20850898379184787,0.0,2.467005958589381e-33,0.0,0.0,0.0,0.0,0.0
15.97,0.7478081841846871,-0.4520605335854502,0.045743604868911755,1.8937790919981694,-0.027947713104368797,0.7744353000785701,0.20850898379184787,0.0,2.467005958589381e-33,0.0,0.0,0.0,0.0,0.0
15.98,0.7478081841846871,-0.4520605335854502,0.045743604868911755,1.8937790919981694,-0.027947713104368797,0.7744353000785701,0.20850898379184787,0.0,2.467005958589381e-33,0.0,0.0,0.0,0.0,0.0
15.99,0.7478081841846871,-0.4520605335854502,0.045743604868911755,1.8937790919981694,-0.027947713104368797,0.7744353000785701,0.20850898379184787,0.0,2.467005958589381e-33,0.0,0.0,0.0,0.0,0.0
16.0,0.7478081841846871,-0.4520605335854502,0.045743604868911755,1.8937790919981694,-0.027947713104368797,0.7744353000785701,0.20850898379184787,0.0,2.467005958589381e-33,0.0,0.0,0.0,0.0,0.0
