time_s,q1_rad,q2_rad,q3_rad,q4_rad,q5_rad,q6_rad,q7_rad,dq1_rad_s,dq2_rad_s,dq3_rad_s,dq4_rad_s,dq5_rad_s,dq6_rad_s,dq7_rad_s
0.0,0.7478081841846871,-0.4520605335854502,0.045743604868911755,1.8937790919981694,-0.027947713104368797,0.7744353000785701,0.20850898379184787,0.0,0.0,0.0,0.0,0.0,0.0,0.0
0.01,0.7478081841846871,-0.4520605335854502,0.045743604868911755,1.8937790919981694,-0.027947713104368797,0.7744353000785701,0.20850898379184787,0.0,0.0,0.0,0.0,0.0,0.0,0.0
0.02,0.7478081841846871,-0.4520605335854502,0.045743604868911755,1.8937790919981694,-0.027947713104368797,0.7744353000785701,0.20850898379184787,0.0,0.0,0.0,0.0,0.0,0.0,0.0
0.03,0.7478081841846871,-0.4520605335854502,0.045743604868911755,1.8937790919981694,-0.027947713104368797,0.7744353000785701,0.20850898379184787,0.0,0.0,0.0,0.0,0.0,0.0,0.0
0.04,0.7478081841846871,-0.4520605335854502,0.045743604868911755,1.8937790919981694,-0.027947713104368797,0.7744353000785701,0.20850898379184787,0.0,0.0,0.0,0.0,0.0,0.0,0.0
0.05,0.7478081841846871,-0.4520605335854502,0.045743604868911755,1.8937790919981694,-0.027947713104368797,0.7744353000785701,0.20850898379184787,0.0,0.0,0.0,0.0,0.0,0.0,0.0
0.06,0.7478081841846871,-0.4520605335854502,0.045743604868911755,1.8937790919981694,-0.027947713104368797,0.7744353000785701,0.20850898379184787,0.0,0.0,0.0,0.0,0.0,0.0,0.0
0.07,0.7478081841846871,-0.4520605335854502,0.045743604868911755,1.8937790919981694,-0.027947713104368797,0.7744353000785701,0.20850898379184787,0.0,0.0,0.0,0.0,0.0,0.0,0.0
0.08,0.7478081841846871,-0.4520605335854502,0.045743604868911755,1.8937790919981694,-0.027947713104368797,0.7744353000785701,0.20850898379184787,0.0,0.0,0.0,0.0,0.0,0.0,0.0
0.09,0.7478081841846871,-0.4520605335854502,0.045743604868911755,1.8937790919981694,-0.027947713104368797,0.7744353000785701,0.20850898379184787,0.0,0.0,0.0,0.0,0.0,0.0,0.0
0.1,0.7478081841846871,-0.4520605335854502,0.045743604868911755,1.8937790919981694,-0.027947713104368797,0.7744353000785701,0.20850898379184787,0.0,0.0,0.0,0.0,0.0,0.0,0.0
0.11,0.7478081841846871,-0.4520605335854502,0.045743604868911755,1.8937790919981694,-0.027947713104368797,0.7744353000785701,0.20850898379184787,0.0,0.0,0.0,0.0,0.0,0.0,0.0
0.12,0.7478081841846871,-0.4520605335854502,0.045743604868911755,1.8937790919981694,-0.027947713104368797,0.7744353000785701,0.20850898379184787,0.0,0.0,0.0,0.0,0.0,0.0,0.0
0.13,0.7478081841846871,-0.4520605335854502,0.045743604868911755,1.8937790919981694,-0.027947713104368797,0.7744353000785701,0.20850898379184787,0.0,0.0,0.0,0.0,0.0,0.0,0.0
0.14,0.7478081841846871,-0.4520605335854502,0.045743604868911755,1.8937790919981694,-0.027947713104368797,0.7744353000785701,0.20850898379184787,0.0,0.0,0.0,0.0,0.0,0.0,0.0
0.15,0.7478081841846871,-0.4520605335854502,0.045743604868911755,1.8937790919981694,-0.027947713104368797,0.7744353000785701,0.20850898379184787,0.0,0.0,0.0,0.0,0.0,0.0,0.0
0.16,0.7478081841846871,-0.4520605335854502,0.045743604868911755,1.8937790919981694,-0.027947713104368797,0.7744353000785701,0.20850898379184787,0.0,0.0,0.0,0.0,0.0,0.0,0.0
0.17,0.7478081841846871,-0.4520605335854502,0.045743604868911755,1.8937790919981694,-0.027947713104368797,0.7744353000785701,0.20850898379184787,0.0,0.0,0.0,0.0,0.0,0.0,0.0
0.18,0.7478081841846871,-0.4520605335854502,0.045743604868911755,1.8937790919981694,-0.027947713104368797,0.7744353000785701,0.20850898379184787,0.0,0.0,0.0,0.0,0.0,0.0,0.0
0.19,0.7478081841846871,-0.4520605335854502,0.045743604868911755,1.8937790919981694,-0.027947713104368797,0.7744353000785701,0.20850898379184787,0.0,0.0,0.0,0.0,0.0,0.0,0.0
0.2,0.7478081841846871,-0.4520605335854502,0.045743604868911755,1.8937790919981694,-0.027947713104368797,0.7744353000785701,0.20850898379184787,0.0,0.0,0.0,0.0,0.0,0.0,0.0
0.21,0.7478081841846871,-0.4520605335854502,0.045743604868911755,1.8937790919981694,-0.027947713104368797,0.7744353000785701,0.20850898379184787,0.0,0.0,0.0,0.0,0.0,0.0,0.0
0.22,0.7478081841846871,-0.4520605335854502,0.045743604868911755,1.8937790919981694,-0.027947713104368797,0.7744353000785701,0.20850898379184787,0.0,0.0,0.0,0.0,0.0,0.0,0.0
0.23,0.7478081841846871,-0.4520605335854502,0.045743604868911755,1.8937790919981694,-0.027947713104368797,0.7744353000785701,0.20850898379184787,0.0,0.0,0.0,0.0,0.0,0.0,0.0
0.24,0.7478081841846871,-0.4520605335854502,0.045743604868911755,1.8937790919981694,-0.027947713104368797,0.7744353000785701,0.20850898379184787,0.0,0.0,0.0,0.0,0.0,0.0,0.0
0.25,0.7478081841846871,-0.4520605335854502,0.045743604868911755,1.8937790919981694,-0.027947713104368797,0.7744353000785701,0.20850898379184787,0.0,0.0,0.0,0.0,0.0,0.0,0.0
0.26,0.7478081841846871,-0.4520605335854502,0.045743604868911755,1.8937790919981694,-0.027947713104368797,0.7744353000785701,0.20850898379184787,0.0,0.0,0.0,0.0,0.0,0.0,0.0
0.27,0.7478081841846871,-0.4520605335854502,0.045743604868911755,1.8937790919981694,-0.027947713104368797,0.7744353000785701,0.20850898379184787,0.0,0.0,0.0,0.0,0.0,0.0,0.0
0.28,0.7478081841846871,-0.4520605335854502,0.045743604868911755,1.8937790919981694,-0.027947713104368797,0.7744353000785701,0.20850898379184787,0.0,0.0,0.0,0.0,0.0,0.0,0.0
0.29,0.7478081841846871,-0.4520605335854502,0.045743604868911755,1.8937790919981694,-0.027947713104368797,0.7744353000785701,0.20850898379184787,0.0,0.0,0.0,0.0,0.0,0.0,0.0
0.3,0.7478081841846871,-0.4520605335854502,0.045743604868911755,1.8937790919981694,-0.027947713104368797,0.7744353000785701,0.20850898379184787,0.0,0.0,0.0,0.0,0.0,0.0,0.0
0.31,0.7478081841846871,-0.4520605335854502,0.045743604868911755,1.8937790919981694,-0.027947713104368797,0.7744353000785701,0.20850898379184787,0.0,0.0,0.0,0.0,0.0,0.0,0.0
0.32,0.7478081841846871,-0.4520605335854502,0.045743604868911755,1.8937790919981694,-0.027947713104368797,0.7744353000785701,0.20850898379184787,0.0,0.0,0.0,0.0,0.0,0.0,0.0
0.33,0.7478081841846871,-0.4520605335854502,0.045743604868911755,1.8937790919981694,-0.027947713104368797,0.7744353000785701,0.20850898379184787,0.0,0.0,0.0,0.0,0.0,0.0,0.0
0.34,0.7478081841846871,-0.4520605335854502,0.045743604868911755,1.8937790919981694,-0.027947713104368797,0.7744353000785701,0.20850898379184787,0.0,0.0,0.0,0.0,0.0,0.0,0.0
0.35,0.7478081841846871,-0.4520605335854502,0.045743604868911755,1.8937790919981694,-0.027947713104368797,0.7744353000785701,0.20850898379184787,0.0,0.0,0.0,0.0,0.0,0.0,0.0
0.36,0.7478081841846871,-0.4520605335854502,0.045743604868911755,1.8937790919981694,-0.027947713104368797,0.7744353000785701,0.20850898379184787,0.0,0.0,0.0,0.0,0.0,0.0,0.0
0.37,0.7478081841846871,-0.4520605335854502,0.045743604868911755,1.8937790919981694,-0.027947713104368797,0.7744353000785701,0.20850898379184787,0.0,0.0,0.0,0.0,0.0,0.0,0.0
0.38,0.7478081841846871,-0.4520605335854502,0.045743604868911755,1.8937790919981694,-0.027947713104368797,0.7744353000785701,0.20850898379184787,0.0,0.0,0.0,0.0,0.0,0.0,0.0
0.39,0.7478081841846871,-0.4520605335854502,0.045743604868911755,1.8937790919981694,-0.027947713104368797,0.7744353000785701,0.20850898379184787,0.0,0.0,0.0,0.0,0.0,0.0,0.0
0.4,0.7478081841846871,-0.4520605335854502,0.045743604868911755,1.8937790919981694,-0.027947713104368797,0.7744353000785701,0.20850898379184787,0.0,0.0,0.0,0.0,0.0,0.0,0.0
0.41,0.7478081841846871,-0.4520605335854502,0.045743604868911755,1.8937790919981694,-0.027947713104368797,0.7744353000785701,0.20850898379184787,0.0,0.0,0.0,0.0,0.0,0.0,0.0
0.42,0.7478081841846871,-0.4520605335854502,0.045743604868911755,1.8937790919981694,-0.027947713104368797,0.7744353000785701,0.20850898379184787,0.0,0.0,0.0,0.0,0.0,0.0,0.0
0.43,0.7478081841846871,-0.4520605335854502,0.045743604868911755,1.8937790919981694,-0.027947713104368797,0.7744353000785701,0.20850898379184787,0.0,0.0,0.0,0.0,0.0,0.0,0.0
0.44,0.7478081841846871,-0.4520605335854502,0.045743604868911755,1.8937790919981694,-0.027947713104368797,0.7744353000785701,0.20850898379184787,0.0,0.0,0.0,0.0,0.0,0.0,0.0
0.45,0.7478081841846871,-0.4520605335854502,0.045743604868911755,1.8937790919981694,-0.027947713104368797,0.7744353000785701,0.20850898379184787,0.0,0.0,0.0,0.0,0.0,0.0,0.0
0.46,0.7478081841846871,-0.4520605335854502,0.045743604868911755,1.8937790919981694,-0.027947713104368797,0.7744353000785701,0.20850898379184787,0.0,0.0,0.0,0.0,0.0,0.0,0.0
0.47,0.7478081841846871,-0.4520605335854502,0.045743604868911755,1.8937790919981694,-0.027947713104368797,0.7744353000785701,0.20850898379184787,0.0,0.0,0.0,0.0,0.0,0.0,0.0
0.48,0.7478081841846871,-0.4520605335854502,0.045743604868911755,1.8937790919981694,-0.027947713104368797,0.7744353000785701,0.20850898379184787,0.0,0.0,0.0,0.0,0.0,0.0,0.0
0.49,0.7478081841846871,-0.4520605335854502,0.045743604868911755,1.8937790919981694,-0.027947713104368797,0.7744353000785701,0.20850898379184787,0.0,0.0,0.0,0.0,0.0,0.0,0.0
0.5,0.7478081841846871,-0.4520605335854502,0.045743604868911755,1.8937790919981694,-0.027947713104368797,0.7744353000785701,0.20850898379184787,0.0,0.0,0.0,0.0,0.0,0.0,0.0
0.51,0.7478081841846871,-0.4520605335854502,0.045743604868911755,1.8937790919981694,-0.027947713104368797,0.7744353000785701,0.20850898379184787,0.0,0.0,0.0,0.0,0.0,0.0,0.0
0.52,0.7478081841846871,-0.4520605335854502,0.045743604868911755,1.8937790919981694,-0.027947713104368797,0.7744353000785701,0.20850898379184787,0.0,0.0,0.0,0.0,0.0,0.0,0.0
0.53,0.7478081841846871,-0.4520605335854502,0.045743604868911755,1.8937790919981694,-0.027947713104368797,0.7744353000785701,0.20850898379184787,0.0,0.0,0.0,0.0,0.0,0.0,0.0
0.54,0.7478081841846871,-0.4520605335854502,0.045743604868911755,1.8937790919981694,-0.027947713104368797,0.7744353000785701,0.20850898379184787,0.0,0.0,0.0,0.0,0.0,0.0,0.0
0.55,0.7478081841846871,-0.4520605335854502,0.045743604868911755,1.8937790919981694,-0.027947713104368797,0.7744353000785701,0.20850898379184787,0.0,0.0,0.0,0.0,0.0,0.0,0.0
0.56,0.7478081841846871,-0.4520605335854502,0.045743604868911755,1.8937790919981694,-0.027947713104368797,0.7744353000785701,0.20850898379184787,0.0,0.0,0.0,0.0,0.0,0.0,0.0
0.57,0.7478081841846871,-0.4520605335854502,0.045743604868911755,1.8937790919981694,-0.027947713104368797,0.7744353000785701,0.20850898379184787,0.0,0.0,0.0,0.0,0.0,0.0,0.0
0.58,0.7478081841846871,-0.4520605335854502,0.045743604868911755,1.8937790919981694,-0.027947713104368797,0.7744353000785701,0.20850898379184787,0.0,0.0,0.0,0.0,0.0,0.0,0.0
0.59,0.7478081841846871,-0.4520605335854502,0.045743604868911755,1.8937790919981694,-0.027947713104368797,0.7744353000785701,0.20850898379184787,0.0,0.0,0.0,0.0,0.0,0.0,0.0
0.6,0.7478081841846871,-0.4520605335854502,0.045743604868911755,1.8937790919981694,-0.027947713104368797,0.7744353000785701,0.20850898379184787,0.0,0.0,0.0,0.0,0.0,0.0,0.0
0.61,0.7478081841846871,-0.4520605335854502,0.045743604868911755,1.8937790919981694,-0.027947713104368797,0.7744353000785701,0.20850898379184787,0.0,0.0,0.0,0.0,0.0,0.0,0.0
0.62,0.7478081841846871,-0.4520605335854502,0.045743604868911755,1.8937790919981694,-0.027947713104368797,0.7744353000785701,0.20850898379184787,0.0,0.0,0.0,0.0,0.0,0.0,0.0
0.63,0.7478081841846871,-0.4520605335854502,0.045743604868911755,1.8937790919981694,-0.027947713104368797,0.7744353000785701,0.20850898379184787,0.0,0.0,0.0,0.0,0.0,0.0,0.0
0.64,0.7478081841846871,-0.4520605335854502,0.045743604868911755,1.8937790919981694,-0.027947713104368797,0.7744353000785701,0.20850898379184787,0.0,0.0,0.0,0.0,0.0,0.0,0.0
0.65,0.7478081841846871,-0.4520605335854502,0.045743604868911755,1.8937790919981694,-0.027947713104368797,0.7744353000785701,0.20850898379184787,0.0,0.0,0.0,0.0,0.0,0.0,0.0
0.66,0.7478081841846871,-0.4520605335854502,0.045743604868911755,1.8937790919981694,-0.027947713104368797,0.7744353000785701,0.20850898379184787,0.0,0.0,0.0,0.0,0.0,0.0,0.0
0.67,0.7478081841846871,-0.4520605335854502,0.045743604868911755,1.8937790919981694,-0.027947713104368797,0.7744353000785701,0.20850898379184787,0.0,0.0,0.0,0.0,0.0,0.0,0.0
0.68,0.7478081841846871,-0.4520605335854502,0.045743604868911755,1.8937790919981694,-0.027947713104368797,0.7744353000785701,0.20850898379184787,0.0,0.0,0.0,0.0,0.0,0.0,0.0
0.69,0.7478081841846871,-0.4520605335854502,0.045743604868911755,1.8937790919981694,-0.027947713104368797,0.7744353000785701,0.20850898379184787,0.0,0.0,0.0,0.0,0.0,0.0,0.0
0.7,0.7478081841846871,-0.4520605335854502,0.045743604868911755,1.8937790919981694,-0.027947713104368797,0.7744353000785701,0.20850898379184787,0.0,0.0,0.0,0.0,0.0,0.0,0.0
0.71,0.7478081841846871,-0.4520605335854502,0.045743604868911755,1.8937790919981694,-0.027947713104368797,0.7744353000785701,0.20850898379184787,0.0,0.0,0.0,0.0,0.0,0.0,0.0
0.72,0.7478081841846871,-0.4520605335854502,0.045743604868911755,1.8937790919981694,-0.027947713104368797,0.7744353000785701,0.20850898379184787,0.0,0.0,0.0,0.0,0.0,0.0,0.0
0.73,0.7478081841846871,-0.4520605335854502,0.045743604868911755,1.8937790919981694,-0.027947713104368797,0.7744353000785701,0.20850898379184787,0.0,0.0,0.0,0.0,0.0,0.0,0.0
0.74,0.7478081841846871,-0.4520605335854502,0.045743604868911755,1.8937790919981694,-0.027947713104368797,0.7744353000785701,0.20850898379184787,0.0,0.0,0.0,0.0,0.0,0.0,0.0
0.75,0.7478081841846871,-0.4520605335854502,0.045743604868911755,1.8937790919981694,-0.027947713104368797,0.7744353000785701,0.20850898379184787,0.0,0.0,0.0,0.0,0.0,0.0,0.0
0.76,0.7478081841846871,-0.4520605335854502,0.045743604868911755,1.8937790919981694,-0.027947713104368797,0.7744353000785701,0.20850898379184787,0.0,0.0,0.0,0.0,0.0,0.0,0.0
0.77,0.7478081841846871,-0.4520605335854502,0.045743604868911755,1.8937790919981694,-0.027947713104368797,0.7744353000785701,0.20850898379184787,0.0,0.0,0.0,0.0,0.0,0.0,0.0
0.78,0.7478081841846871,-0.4520605335854502,0.045743604868911755,1.8937790919981694,-0.027947713104368797,0.7744353000785701,0.20850898379184787,0.0,0.0,0.0,0.0,0.0,0.0,0.0
0.79,0.7478081841846871,-0.4520605335854502,0.045743604868911755,1.8937790919981694,-0.027947713104368797,0.7744353000785701,0.20850898379184787,0.0,0.0,0.0,0.0,0.0,0.0,0.0
0.8,0.7478081841846871,-0.4520605335854502,0.045743604868911755,1.8937790919981694,-0.027947713104368797,0.7744353000785701,0.20850898379184787,0.0,0.0,0.0,0.0,0.0,0.0,0.0
0.81,0.7478081841846871,-0.4520605335854502,0.045743604868911755,1.8937790919981694,-0.027947713104368797,0.7744353000785701,0.20850898379184787,0.0,0.0,0.0,0.0,0.0,0.0,0.0
0.82,0.7478081841846871,-0.4520605335854502,0.045743604868911755,1.8937790919981694,-0.027947713104368797,0.7744353000785701,0.20850898379184787,0.0,0.0,0.0,0.0,0.0,0.0,0.0
0.83,0.7478081841846871,-0.4520605335854502,0.045743604868911755,1.8937790919981694,-0.027947713104368797,0.7744353000785701,0.20850898379184787,0.0,0.0,0.0,0.0,0.0,0.0,0.0
0.84,0.7478081841846871,-0.4520605335854502,0.045743604868911755,1.8937790919981694,-0.027947713104368797,0.7744353000785701,0.20850898379184787,0.0,0.0,0.0,0.0,0.0,0.0,0.0
0.85,0.7478081841846871,-0.4520605335854502,0.045743604868911755,1.8937790919981694,-0.027947713104368797,0.7744353000785701,0.20850898379184787,0.0,0.0,0.0,0.0,0.0,0.0,0.0
0.86,0.7478081841846871,-0.4520605335854502,0.045743604868911755,1.8937790919981694,-0.027947713104368797,0.7744353000785701,0.20850898379184787,0.0,0.0,0.0,0.0,0.0,0.0,0.0
0.87,0.7478081841846871,-0.4520605335854502,0.045743604868911755,1.8937790919981694,-0.027947713104368797,0.7744353000785701,0.20850898379184787,0.0,0.0,0.0,0.0,0.0,0.0,0.0
0.88,0.7478081841846871,-0.4520605335854502,0.045743604868911755,1.8937790919981694,-0.027947713104368797,0.7744353000785701,0.20850898379184787,0.0,0.0,0.0,0.0,0.0,0.0,0.0
0.89,0.7478081841846871,-0.4520605335854502,0.045743604868911755,1.8937790919981694,-0.027947713104368797,0.7744353000785701,0.20850898379184787,0.0,0.0,0.0,0.0,0.0,0.0,0.0
0.9,0.7478081841846871,-0.4520605335854502,0.045743604868911755,1.8937790919981694,-0.027947713104368797,0.7744353000785701,0.20850898379184787,0.0,0.0,0.0,0.0,0.0,0.0,0.0
0.91,0.7478081841846871,-0.4520605335854502,0.045743604868911755,1.8937790919981694,-0.027947713104368797,0.7744353000785701,0.20850898379184787,0.0,0.0,0.0,0.0,0.0,0.0,0.0
0.92,0.7478081841846871,-0.4520605335854502,0.045743604868911755,1.8937790919981694,-0.027947713104368797,0.7744353000785701,0.20850898379184787,0.0,0.0,0.0,0.0,0.0,0.0,0.0
0.93,0.7478081841846871,-0.4520605335854502,0.045743604868911755,1.8937790919981694,-0.027947713104368797,0.7744353000785701,0.20850898379184787,0.0,0.0,0.0,0.0,0.0,0.0,0.0
0.94,0.7478081841846871,-0.4520605335854502,0.045743604868911755,1.8937790919981694,-0.027947713104368797,0.7744353000785701,0.20850898379184787,0.0,0.0,0.0,0.0,0.0,0.0,0.0
0.95,0.7478081841846871,-0.4520605335854502,0.045743604868911755,1.8937790919981694,-0.027947713104368797,0.7744353000785701,0.20850898379184787,0.0,0.0,0.0,0.0,0.0,0.0,0.0
0.96,0.7478081841846871,-0.4520605335854502,0.045743604868911755,1.8937790919981694,-0.027947713104368797,0.7744353000785701,0.20850898379184787,0.0,0.0,0.0,0.0,0.0,0.0,0.0
0.97,0.7478081841846871,-0.4520605335854502,0.045743604868911755,1.8937790919981694,-0.027947713104368797,0.7744353000785701,0.20850898379184787,0.0,0.0,0.0,0.0,0.0,0.0,0.0
0.98,0.7478081841846871,-0.4520605335854502,0.045743604868911755,1.8937790919981694,-0.027947713104368797,0.7744353000785701,0.20850898379184787,0.0,0.0,0.0,0.0,0.0,0.0,0.0
0.99,0.7478081841846871,-0.4520605335854502,0.045743604868911755,1.8937790919981694,-0.027947713104368797,0.7744353000785701,0.20850898379184787,0.0,0.0,0.0,0.0,0.0,0.0,0.0
1.0,0.7478081841846871,-0.4520605335854502,0.045743604868911755,1.8937790919981694,-0.027947713104368797,0.7744353000785701,0.20850898379184787,0.0,0.0,0.0,0.0,0.0,0.0,0.0
1.01,0.7478081841846871,-0.4520605335854502,0.045743604868911755,1.8937790919981694,-0.027947713104368797,0.7744353000785701,0.20850898379184787,0.0,0.0,0.0,0.0,0.0,0.0,0.0
1.02,0.7478081841846871,-0.4520605335854502,0.045743604868911755,1.8937790919981694,-0.027947713104368797,0.7744353000785701,0.20850898379184787,0.0,0.0,0.0,0.0,0.0,0.0,0.0
1.03,0.7478081841846871,-0.4520605335854502,0.045743604868911755,1.8937790919981694,-0.027947713104368797,0.7744353000785701,0.20850898379184787,0.0,0.0,0.0,0.0,0.0,0.0,0.0
1.04,0.7478081841846871,-0.4520605335854502,0.045743604868911755,1.8937790919981694,-0.027947713104368797,0.7744353000785701,0.20850898379184787,0.0,0.0,0.0,0.0,0.0,0.0,0.0
1.05,0.7478081841846871,-0.4520605335854502,0.045743604868911755,1.8937790919981694,-0.027947713104368797,0.7744353000785701,0.20850898379184787,0.0,0.0,0.0,0.0,0.0,0.0,0.0
1.06,0.7478081841846871,-0.4520605335854502,0.045743604868911755,1.8937790919981694,-0.027947713104368797,0.7744353000785701,0.20850898379184787,0.0,0.0,0.0,0.0,0.0,0.0,0.0
1.07,0.7478081841846871,-0.4520605335854502,0.045743604868911755,1.8937790919981694,-0.027947713104368797,0.7744353000785701,0.20850898379184787,0.0,0.0,0.0,0.0,0.0,0.0,0.0
1.08,0.7478081841846871,-0.4520605335854502,0.045743604868911755,1.8937790919981694,-0.027947713104368797,0.7744353000785701,0.20850898379184787,0.0,0.0,0.0,0.0,0.0,0.0,0.0
1.09,0.7478081841846871,-0.4520605335854502,0.045743604868911755,1.8937790919981694,-0.027947713104368797,0.7744353000785701,0.20850898379184787,0.0,0.0,0.0,0.0,0.0,0.0,0.0
1.1,0.7478081841846871,-0.4520605335854502,0.045743604868911755,1.8937790919981694,-0.027947713104368797,0.7744353000785701,0.20850898379184787,0.0,0.0,0.0,0.0,0.0,0.0,0.0
1.11,0.7478081841846871,-0.4520605335854502,0.045743604868911755,1.8937790919981694,-0.027947713104368797,0.7744353000785701,0.20850898379184787,0.0,0.0,0.0,0.0,0.0,0.0,0.0
1.12,0.7478081841846871,-0.4520605335854502,0.045743604868911755,1.8937790919981694,-0.027947713104368797,0.7744353000785701,0.20850898379184787,0.0,0.0,0.0,0.0,0.0,0.0,0.0
1.13,0.7478081841846871,-0.4520605335854502,0.045743604868911755,1.8937790919981694,-0.027947713104368797,0.7744353000785701,0.20850898379184787,0.0,0.0,0.0,0.0,0.0,0.0,0.0
1.14,0.7478081841846871,-0.4520605335854502,0.045743604868911755,1.8937790919981694,-0.027947713104368797,0.7744353000785701,0.20850898379184787,0.0,0.0,0.0,0.0,0.0,0.0,0.0
1.15,0.7478081841846871,-0.4520605335854502,0.045743604868911755,1.8937790919981694,-0.027947713104368797,0.7744353000785701,0.20850898379184787,0.0,0.0,0.0,0.0,0.0,0.0,0.0
1.16,0.7478081841846871,-0.4520605335854502,0.045743604868911755,1.8937790919981694,-0.027947713104368797,0.7744353000785701,0.20850898379184787,0.0,0.0,0.0,0.0,0.0,0.0,0.0
1.17,0.7478081841846871,-0.4520605335854502,0.045743604868911755,1.8937790919981694,-0.027947713104368797,0.7744353000785701,0.20850898379184787,0.0,0.0,0.0,0.0,0.0,0.0,0.0
1.18,0.7478081841846871,-0.4520605335854502,0.045743604868911755,1.8937790919981694,-0.027947713104368797,0.7744353000785701,0.20850898379184787,0.0,0.0,0.0,0.0,0.0,0.0,0.0
1.19,0.7478081841846871,-0.4520605335854502,0.045743604868911755,1.8937790919981694,-0.027947713104368797,0.7744353000785701,0.20850898379184787,0.0,0.0,0.0,0.0,0.0,0.0,0.0
1.2,0.7478081841846871,-0.4520605335854502,0.045743604868911755,1.8937790919981694,-0.027947713104368797,0.7744353000785701,0.20850898379184787,0.0,0.0,0.0,0.0,0.0,0.0,0.0
1.21,0.7478081841846871,-0.4520605335854502,0.045743604868911755,1.8937790919981694,-0.027947713104368797,0.7744353000785701,0.20850898379184787,0.0,0.0,0.0,0.0,0.0,0.0,0.0
1.22,0.7478081841846871,-0.4520605335854502,0.045743604868911755,1.8937790919981694,-0.027947713104368797,0.7744353000785701,0.20850898379184787,0.0,0.0,0.0,0.0,0.0,0.0,0.0
1.23,0.7478081841846871,-0.4520605335854502,0.045743604868911755,1.8937790919981694,-0.027947713104368797,0.7744353000785701,0.20850898379184787,0.0,0.0,0.0,0.0,0.0,0.0,0.0
1.24,0.7478081841846871,-0.4520605335854502,0.045743604868911755,1.8937790919981694,-0.027947713104368797,0.7744353000785701,0.20850898379184787,0.0,0.0,0.0,0.0,0.0,0.0,0.0
1.25,0.7478081841846871,-0.4520605335854502,0.045743604868911755,1.8937790919981694,-0.027947713104368797,0.7744353000785701,0.20850898379184787,0.0,0.0,0.0,0.0,0.0,0.0,0.0
1.26,0.7478081841846871,-0.4520605335854502,0.045743604868911755,1.8937790919981694,-0.027947713104368797,0.7744353000785701,0.20850898379184787,0.0,0.0,0.0,0.0,0.0,0.0,0.0
1.27,0.7478081841846871,-0.4520605335854502,0.045743604868911755,1.8937790919981694,-0.027947713104368797,0.7744353000785701,0.20850898379184787,0.0,0.0,0.0,0.0,0.0,0.0,0.0
1.28,0.7478081841846871,-0.4520605335854502,0.045743604868911755,1.8937790919981694,-0.027947713104368797,0.7744353000785701,0.20850898379184787,0.0,0.0,0.0,0.0,0.0,0.0,0.0
1.29,0.7478081841846871,-0.4520605335854502,0.045743604868911755,1.8937790919981694,-0.027947713104368797,0.7744353000785701,0.20850898379184787,0.0,0.0,0.0,0.0,0.0,0.0,0.0
1.3,0.7478081841846871,-0.4520605335854502,0.045743604868911755,1.8937790919981694,-0.027947713104368797,0.7744353000785701,0.20850898379184787,0.0,0.0,0.0,0.0,0.0,0.0,0.0
1.31,0.7478081841846871,-0.4520605335854502,0.045743604868911755,1.8937790919981694,-0.027947713104368797,0.7744353000785701,0.20850898379184787,0.0,0.0,0.0,0.0,0.0,0.0,0.0
1.32,0.7478081841846871,-0.4520605335854502,0.045743604868911755,1.8937790919981694,-0.027947713104368797,0.7744353000785701,0.20850898379184787,0.0,0.0,0.0,0.0,0.0,0.0,0.0
1.33,0.7478081841846871,-0.4520605335854502,0.045743604868911755,1.8937790919981694,-0.027947713104368797,0.7744353000785701,0.20850898379184787,0.0,0.0,0.0,0.0,0.0,0.0,0.0
1.34,0.7478081841846871,-0.4520605335854502,0.045743604868911755,1.8937790919981694,-0.027947713104368797,0.7744353000785701,0.20850898379184787,0.0,0.0,0.0,0.0,0.0,0.0,0.0
1.35,0.7478081841846871,-0.4520605335854502,0.045743604868911755,1.8937790919981694,-0.027947713104368797,0.7744353000785701,0.20850898379184787,0.0,0.0,0.0,0.0,0.0,0.0,0.0
1.36,0.7478081841846871,-0.4520605335854502,0.045743604868911755,1.8937790919981694,-0.027947713104368797,0.7744353000785701,0.20850898379184787,0.0,0.0,0.0,0.0,0.0,0.0,0.0
1.37,0.7478081841846871,-0.4520605335854502,0.045743604868911755,1.8937790919981694,-0.027947713104368797,0.7744353000785701,0.20850898379184787,0.0,0.0,0.0,0.0,0.0,0.0,0.0
1.38,0.7478081841846871,-0.4520605335854502,0.045743604868911755,1.8937790919981694,-0.027947713104368797,0.7744353000785701,0.20850898379184787,0.0,0.0,0.0,0.0,0.0,0.0,0.0
1.39,0.7478081841846871,-0.4520605335854502,0.045743604868911755,1.8937790919981694,-0.027947713104368797,0.7744353000785701,0.20850898379184787,0.0,0.0,0.0,0.0,0.0,0.0,0.0
1.4,0.7478081841846871,-0.4520605335854502,0.045743604868911755,1.8937790919981694,-0.027947713104368797,0.7744353000785701,0.20850898379184787,0.0,0.0,0.0,0.0,0.0,0.0,0.0
1.41,0.7478081841846871,-0.4520605335854502,0.045743604868911755,1.8937790919981694,-0.027947713104368797,0.7744353000785701,0.20850898379184787,0.0,0.0,0.0,0.0,0.0,0.0,0.0
1.42,0.7478081841846871,-0.4520605335854502,0.045743604868911755,1.8937790919981694,-0.027947713104368797,0.7744353000785701,0.20850898379184787,0.0,0.0,0.0,0.0,0.0,0.0,0.0
1.43,0.7478081841846871,-0.4520605335854502,0.045743604868911755,1.8937790919981694,-0.027947713104368797,0.7744353000785701,0.20850898379184787,0.0,0.0,0.0,0.0,0.0,0.0,0.0
1.44,0.7478081841846871,-0.4520605335854502,0.045743604868911755,1.8937790919981694,-0.027947713104368797,0.7744353000785701,0.20850898379184787,0.0,0.0,0.0,0.0,0.0,0.0,0.0
1.45,0.7478081841846871,-0.4520605335854502,0.045743604868911755,1.8937790919981694,-0.027947713104368797,0.7744353000785701,0.20850898379184787,0.0,0.0,0.0,0.0,0.0,0.0,0.0
1.46,0.7478081841846871,-0.4520605335854502,0.045743604868911755,1.8937790919981694,-0.027947713104368797,0.7744353000785701,0.20850898379184787,0.0,0.0,0.0,0.0,0.0,0.0,0.0
1.47,0.7478081841846871,-0.4520605335854502,0.045743604868911755,1.8937790919981694,-0.027947713104368797,0.7744353000785701,0.20850898379184787,0.0,0.0,0.0,0.0,0.0,0.0,0.0
1.48,0.7478081841846871,-0.4520605335854502,0.045743604868911755,1.8937790919981694,-0.027947713104368797,0.7744353000785701,0.20850898379184787,0.0,0.0,0.0,0.0,0.0,0.0,0.0
1.49,0.7478081841846871,-0.4520605335854502,0.045743604868911755,1.8937790919981694,-0.027947713104368797,0.7744353000785701,0.20850898379184787,0.0,0.0,0.0,0.0,0.0,0.0,0.0
1.5,0.7478081841846871,-0.4520605335854502,0.045743604868911755,1.8937790919981694,-0.027947713104368797,0.7744353000785701,0.20850898379184787,0.0,0.0,0.0,0.0,0.0,0.0,0.0
1.51,0.7478081841846871,-0.4520605335854502,0.045743604868911755,1.8937790919981694,-0.027947713104368797,0.7744353000785701,0.20850898379184787,0.0,0.0,0.0,0.0,0.0,0.0,0.0
1.52,0.7478081841846871,-0.4520605335854502,0.045743604868911755,1.8937790919981694,-0.027947713104368797,0.7744353000785701,0.20850898379184787,0.0,0.0,0.0,0.0,0.0,0.0,0.0
1.53,0.7478081841846871,-0.4520605335854502,0.045743604868911755,1.8937790919981694,-0.027947713104368797,0.7744353000785701,0.20850898379184787,0.0,0.0,0.0,0.0,0.0,0.0,0.0
1.54,0.7478081841846871,-0.4520605335854502,0.045743604868911755,1.8937790919981694,-0.027947713104368797,0.7744353000785701,0.20850898379184787,0.0,0.0,0.0,0.0,0.0,0.0,0.0
1.55,0.7478081841846871,-0.4520605335854502,0.045743604868911755,1.8937790919981694,-0.027947713104368797,0.7744353000785701,0.20850898379184787,0.0,0.0,0.0,0.0,0.0,0.0,0.0
1.56,0.7478081841846871,-0.4520605335854502,0.045743604868911755,1.8937790919981694,-0.027947713104368797,0.7744353000785701,0.20850898379184787,0.0,0.0,0.0,0.0,0.0,0.0,0.0
1.57,0.7478081841846871,-0.4520605335854502,0.045743604868911755,1.8937790919981694,-0.027947713104368797,0.7744353000785701,0.20850898379184787,0.0,0.0,0.0,0.0,0.0,0.0,0.0
1.58,0.7478081841846871,-0.4520605335854502,0.045743604868911755,1.8937790919981694,-0.027947713104368797,0.7744353000785701,0.20850898379184787,0.0,0.0,0.0,0.0,0.0,0.0,0.0
1.59,0.7478081841846871,-0.4520605335854502,0.045743604868911755,1.8937790919981694,-0.027947713104368797,0.7744353000785701,0.20850898379184787,0.0,0.0,0.0,0.0,0.0,0.0,0.0
1.6,0.7478081841846871,-0.4520605335854502,0.045743604868911755,1.8937790919981694,-0.027947713104368797,0.7744353000785701,0.20850898379184787,0.0,0.0,0.0,0.0,0.0,0.0,0.0
1.61,0.7478081841846871,-0.4520605335854502,0.045743604868911755,1.8937790919981694,-0.027947713104368797,0.7744353000785701,0.20850898379184787,0.0,0.0,0.0,0.0,0.0,0.0,0.0
1.62,0.7478081841846871,-0.4520605335854502,0.045743604868911755,1.8937790919981694,-0.027947713104368797,0.7744353000785701,0.20850898379184787,0.0,0.0,0.0,0.0,0.0,0.0,0.0
1.63,0.7478081841846871,-0.4520605335854502,0.045743604868911755,1.8937790919981694,-0.027947713104368797,0.7744353000785701,0.20850898379184787,0.0,0.0,0.0,0.0,0.0,0.0,0.0
1.64,0.7478081841846871,-0.4520605335854502,0.045743604868911755,1.8937790919981694,-0.027947713104368797,0.7744353000785701,0.20850898379184787,0.0,0.0,0.0,0.0,0.0,0.0,0.0
1.65,0.7478081841846871,-0.4520605335854502,0.045743604868911755,1.8937790919981694,-0.027947713104368797,0.7744353000785701,0.20850898379184787,0.0,0.0,0.0,0.0,0.0,0.0,0.0
1.66,0.7478081841846871,-0.4520605335854502,0.045743604868911755,1.8937790919981694,-0.027947713104368797,0.7744353000785701,0.20850898379184787,0.0,0.0,0.0,0.0,0.0,0.0,0.0
1.67,0.7478081841846871,-0.4520605335854502,0.045743604868911755,1.8937790919981694,-0.027947713104368797,0.7744353000785701,0.20850898379184787,0.0,0.0,0.0,0.0,0.0,0.0,0.0
1.68,0.7478081841846871,-0.4520605335854502,0.045743604868911755,1.8937790919981694,-0.027947713104368797,0.7744353000785701,0.20850898379184787,0.0,0.0,0.0,0.0,0.0,0.0,0.0
1.69,0.7478081841846871,-0.4520605335854502,0.045743604868911755,1.8937790919981694,-0.027947713104368797,0.7744353000785701,0.20850898379184787,0.0,0.0,0.0,0.0,0.0,0.0,0.0
1.7,0.7478081841846871,-0.4520605335854502,0.045743604868911755,1.8937790919981694,-0.027947713104368797,0.7744353000785701,0.20850898379184787,0.0,0.0,0.0,0.0,0.0,0.0,0.0
1.71,0.7478081841846871,-0.4520605335854502,0.045743604868911755,1.8937790919981694,-0.027947713104368797,0.7744353000785701,0.20850898379184787,0.0,0.0,0.0,0.0,0.0,0.0,0.0
1.72,0.7478081841846871,-0.4520605335854502,0.045743604868911755,1.8937790919981694,-0.027947713104368797,0.7744353000785701,0.20850898379184787,0.0,0.0,0.0,0.0,0.0,0.0,0.0
1.73,0.7478081841846871,-0.4520605335854502,0.045743604868911755,1.8937790919981694,-0.027947713104368797,0.7744353000785701,0.20850898379184787,0.0,0.0,0.0,0.0,0.0,0.0,0.0
1.74,0.7478081841846871,-0.4520605335854502,0.045743604868911755,1.8937790919981694,-0.027947713104368797,0.7744353000785701,0.20850898379184787,0.0,0.0,0.0,0.0,0.0,0.0,0.0
1.75,0.7478081841846871,-0.4520605335854502,0.045743604868911755,1.8937790919981694,-0.027947713104368797,0.7744353000785701,0.20850898379184787,0.0,0.0,0.0,0.0,0.0,0.0,0.0
1.76,0.7478081841846871,-0.4520605335854502,0.045743604868911755,1.8937790919981694,-0.027947713104368797,0.7744353000785701,0.20850898379184787,0.0,0.0,0.0,0.0,0.0,0.0,0.0
1.77,0.7478081841846871,-0.4520605335854502,0.045743604868911755,1.8937790919981694,-0.027947713104368797,0.7744353000785701,0.20850898379184787,0.0,0.0,0.0,0.0,0.0,0.0,0.0
1.78,0.7478081841846871,-0.4520605335854502,0.045743604868911755,1.8937790919981694,-0.027947713104368797,0.7744353000785701,0.20850898379184787,0.0,0.0,0.0,0.0,0.0,0.0,0.0
1.79,0.7478081841846871,-0.4520605335854502,0.045743604868911755,1.8937790919981694,-0.027947713104368797,0.7744353000785701,0.20850898379184787,0.0,0.0,0.0,0.0,0.0,0.0,0.0
1.8,0.7478081841846871,-0.4520605335854502,0.045743604868911755,1.8937790919981694,-0.027947713104368797,0.7744353000785701,0.20850898379184787,0.0,0.0,0.0,0.0,0.0,0.0,0.0
1.81,0.7478081841846871,-0.4520605335854502,0.045743604868911755,1.8937790919981694,-0.027947713104368797,0.7744353000785701,0.20850898379184787,0.0,0.0,0.0,0.0,0.0,0.0,0.0
1.82,0.7478081841846871,-0.4520605335854502,0.045743604868911755,1.8937790919981694,-0.027947713104368797,0.7744353000785701,0.20850898379184787,0.0,0.0,0.0,0.0,0.0,0.0,0.0
1.83,0.7478081841846871,-0.4520605335854502,0.045743604868911755,1.8937790919981694,-0.027947713104368797,0.7744353000785701,0.20850898379184787,0.0,0.0,0.0,0.0,0.0,0.0,0.0
1.84,0.7478081841846871,-0.4520605335854502,0.045743604868911755,1.8937790919981694,-0.027947713104368797,0.7744353000785701,0.20850898379184787,0.0,0.0,0.0,0.0,0.0,0.0,0.0
1.85,0.7478081841846871,-0.4520605335854502,0.045743604868911755,1.8937790919981694,-0.027947713104368797,0.7744353000785701,0.20850898379184787,0.0,0.0,0.0,0.0,0.0,0.0,0.0
1.86,0.7478081841846871,-0.4520605335854502,0.045743604868911755,1.8937790919981694,-0.027947713104368797,0.7744353000785701,0.20850898379184787,0.0,0.0,0.0,0.0,0.0,0.0,0.0
1.87,0.7478081841846871,-0.4520605335854502,0.045743604868911755,1.8937790919981694,-0.027947713104368797,0.7744353000785701,0.20850898379184787,0.0,0.0,0.0,0.0,0.0,0.0,0.0
1.88,0.7478081841846871,-0.4520605335854502,0.045743604868911755,1.8937790919981694,-0.027947713104368797,0.7744353000785701,0.20850898379184787,0.0,0.0,0.0,0.0,0.0,0.0,0.0
1.89,0.7478081841846871,-0.4520605335854502,0.045743604868911755,1.8937790919981694,-0.027947713104368797,0.7744353000785701,0.20850898379184787,0.0,0.0,0.0,0.0,0.0,0.0,0.0
1.9,0.7478081841846871,-0.4520605335854502,0.045743604868911755,1.8937790919981694,-0.027947713104368797,0.7744353000785701,0.20850898379184787,0.0,0.0,0.0,0.0,0.0,0.0,0.0
1.91,0.7478081841846871,-0.4520605335854502,0.045743604868911755,1.8937790919981694,-0.027947713104368797,0.7744353000785701,0.20850898379184787,0.0,0.0,0.0,0.0,0.0,0.0,0.0
1.92,0.7478081841846871,-0.4520605335854502,0.045743604868911755,1.8937790919981694,-0.027947713104368797,0.7744353000785701,0.20850898379184787,0.0,0.0,0.0,0.0,0.0,0.0,0.0
1.93,0.7478081841846871,-0.4520605335854502,0.045743604868911755,1.8937790919981694,-0.027947713104368797,0.7744353000785701,0.20850898379184787,0.0,0.0,0.0,0.0,0.0,0.0,0.0
1.94,0.7478081841846871,-0.4520605335854502,0.045743604868911755,1.8937790919981694,-0.027947713104368797,0.7744353000785701,0.20850898379184787,0.0,0.0,0.0,0.0,0.0,0.0,0.0
1.95,0.7478081841846871,-0.4520605335854502,0.045743604868911755,1.8937790919981694,-0.027947713104368797,0.7744353000785701,0.20850898379184787,0.0,0.0,0.0,0.0,0.0,0.0,0.0
1.96,0.7478081841846871,-0.4520605335854502,0.045743604868911755,1.8937790919981694,-0.027947713104368797,0.7744353000785701,0.20850898379184787,0.0,0.0,0.0,0.0,0.0,0.0,0.0
1.97,0.7478081841846871,-0.4520605335854502,0.045743604868911755,1.8937790919981694,-0.027947713104368797,0.7744353000785701,0.20850898379184787,0.0,0.0,0.0,0.0,0.0,0.0,0.0
1.98,0.7478081841846871,-0.4520605335854502,0.045743604868911755,1.8937790919981694,-0.027947713104368797,0.7744353000785701,0.20850898379184787,0.0,0.0,0.0,0.0,0.0,0.0,0.0
1.99,0.7478081841846871,-0.4520605335854502,0.045743604868911755,1.8937790919981694,-0.027947713104368797,0.7744353000785701,0.20850898379184787,0.0,0.0,0.0,0.0,0.0,0.0,0.0
2.0,0.7478081841846871,-0.4520605335854502,0.045743604868911755,1.8937790919981694,-0.027947713104368797,0.7744353000785701,0.20850898379184787,0.0,0.0,0.0,0.0,0.0,0.0,0.0
2.01,0.7478081841846871,-0.4520605335854502,0.045743604868911755,1.8937790957560732,-0.027947713104368797,0.7744353000785701,0.20850898379184787,0.0,0.0,0.0,1.1273384716547303e-06,0.0,0.0,0.0
2.02,0.7478081841846871,-0.4520605335854502,0.045743604868911755,1.8937791220574838,-0.027947713104368797,0.7744353000785701,0.20850898379184787,0.0,0.0,0.0,4.508375201273039e-06,0.0,0.0,0.0
2.03,0.7478081841846871,-0.4520605335854502,0.045743604868911755,1.8937791934263368,-0.027947713104368797,0.7744353000785701,0.20850898379184787,0.0,0.0,0.0,1.0140174704163584e-05,0.0,0.0,0.0
2.04,0.7478081841846871,-0.4520605335854502,0.045743604868911755,1.8937793323474355,-0.027947713104368797,0.7744353000785701,0.20850898379184787,0.0,0.0,0.0,1.8017846410044345e-05,0.0,0.0,0.0
2.05,0.7478081841846871,-0.4520605335854502,0.045743604868911755,1.893779561246913,-0.027947713104368797,0.7744353000785701,0.20850898379184787,0.0,0.0,0.0,2.8134547518336054e-05,0.0,0.0,0.0
2.06,0.7478081841846871,-0.4520605335854502,0.045743604868911755,1.8937799024727298,-0.027947713104368797,0.7744353000785701,0.20850898379184787,0.0,0.0,0.0,4.048148699356245e-05,0.0,0.0,0.0
2.07,0.7478081841846871,-0.4520605335854502,0.045743604868911755,1.8937803782752154,-0.027947713104368797,0.7744353000785701,0.20850898379184787,0.0,0.0,0.0,5.504793069883093e-05,0.0,0.0,0.0
2.08,0.7478081841846871,-0.4520605335854502,0.045743604868911755,1.893781010787669,-0.027947713104368797,0.7744353000785701,0.20850898379184787,0.0,0.0,0.0,7.182120766481883e-05,0.0,0.0,0.0
2.09,0.7478081841846871,-0.4520605335854502,0.045743604868911755,1.893781822007025,-0.027947713104368797,0.7744353000785701,0.20850898379184787,0.0,0.0,0.0,9.078671749108584e-05,0.0,0.0,0.0
2.1,0.7478081841846871,-0.4520605335854502,0.045743604868911755,1.893782833774603,-0.027947713104368797,0.7744353000785701,0.20850898379184787,0.0,0.0,0.0,0.00011192793887599952,0.0,0.0,0.0
2.11,0.7478081841846871,-0.4520605335854502,0.045743604868911755,1.8937840677569437,-0.027947713104368797,0.7744353000785701,0.20850898379184787,0.0,0.0,0.0,0.00013522643927094718,0.0,0.0,0.0
2.12,0.7478081841846871,-0.4520605335854502,0.045743604868911755,1.8937855454267516,-0.027947713104368797,0.7744353000785701,0.20850898379184787,0.0,0.0,0.0,0.00016066188565399024,0.0,0.0,0.0
2.13,0.7478081841846871,-0.4520605335854502,0.045743604868911755,1.8937872880439466,-0.027947713104368797,0.7744353000785701,0.20850898379184787,0.0,0.0,0.0,0.0001882120564174951,0.0,0.0,0.0
2.14,0.7478081841846871,-0.4520605335854502,0.045743604868911755,1.893789316636844,-0.027947713104368797,0.7744353000785701,0.20850898379184787,0.0,0.0,0.0,0.00021785285436377416,0.0,0.0,0.0
2.15,0.7478081841846871,-0.4520605335854502,0.045743604868911755,1.8937916519834672,-0.027947713104368797,0.7744353000785701,0.20850898379184787,0.0,0.0,0.0,0.0002495583208021443,0.0,0.0,0.0
2.16,0.7478081841846871,-0.4520605335854502,0.045743604868911755,1.8937943145930085,-0.027947713104368797,0.7744353000785701,0.20850898379184787,0.0,0.0,0.0,0.00028330065074032285,0.0,0.0,0.0
2.17,0.7478081841846871,-0.4520605335854502,0.045743604868911755,1.893797324687445,-0.027947713104368797,0.7744353000785701,0.20850898379184787,0.0,0.0,0.0,0.000319050209162454,0.0,0.0,0.0
2.18,0.7478081841846871,-0.4520605335854502,0.045743604868911755,1.893800702183327,-0.027947713104368797,0.7744353000785701,0.20850898379184787,0.0,0.0,0.0,0.0003567755483855889,0.0,0.0,0.0
2.19,0.7478081841846871,-0.4520605335854502,0.045743604868911755,1.8938044666737397,-0.027947713104368797,0.7744353000785701,0.20850898379184787,0.0,0.0,0.0,0.0003964434264858077,0.0,0.0,0.0
2.2,0.7478081841846871,-0.4520605335854502,0.045743604868911755,1.893808637410459,-0.027947713104368797,0.7744353000785701,0.20850898379184787,0.0,0.0,0.0,0.00043801882678472844,0.0,0.0,0.0
2.21,0.7478081841846871,-0.4520605335854502,0.045743604868911755,1.8938132332863056,-0.027947713104368797,0.7744353000785701,0.20850898379184787,0.0,0.0,0.0,0.00048146497838650465,0.0,0.0,0.0
2.22,0.7478081841846871,-0.4520605335854502,0.045743604868911755,1.8938182728177093,-0.027947713104368797,0.7744353000785701,0.20850898379184787,0.0,0.0,0.0,0.0005267433777549899,0.0,0.0,0.0
2.23,0.7478081841846871,-0.4520605335854502,0.045743604868911755,1.8938237741274955,-0.027947713104368797,0.7744353000785701,0.20850898379184787,0.0,0.0,0.0,0.0005738138113201089,0.0,0.0,0.0
2.24,0.7478081841846871,-0.4520605335854502,0.045743604868911755,1.893829754927901,-0.027947713104368797,0.7744353000785701,0.20850898379184787,0.0,0.0,0.0,0.0006226343791020656,0.0,0.0,0.0
2.25,0.7478081841846871,-0.4520605335854502,0.045743604868911755,1.893836232503834,-0.027947713104368797,0.7744353000785701,0.20850898379184787,0.0,0.0,0.0,0.0006731615193413813,0.0,0.0,0.0
2.26,0.7478081841846871,-0.4520605335854502,0.045743604868911755,1.8938432236963818,-0.027947713104368797,0.7744353000785701,0.20850898379184787,0.0,0.0,0.0,0.0007253500341223716,0.0,0.0,0.0
2.27,0.7478081841846871,-0.4520605335854502,0.045743604868911755,1.8938507448865827,-0.027947713104368797,0.7744353000785701,0.20850898379184787,0.0,0.0,0.0,0.0007791531159770438,0.0,0.0,0.0
2.28,0.7478081841846871,-0.4520605335854502,0.045743604868911755,1.8938588119794662,-0.027947713104368797,0.7744353000785701,0.20850898379184787,0.0,0.0,0.0,0.0008345223754559772,0.0,0.0,0.0
2.29,0.7478081841846871,-0.4520605335854502,0.045743604868911755,1.8938674403883768,-0.027947713104368797,0.7744353000785701,0.20850898379184787,0.0,0.0,0.0,0.0008914078696522533,0.0,0.0,0.0
2.3,0.7478081841846871,-0.4520605335854502,0.045743604868911755,1.8938766450195845,-0.027947713104368797,0.7744353000785701,0.20850898379184787,0.0,0.0,0.0,0.0009497581316639336,0.0,0.0,0.0
2.31,0.7478081841846871,-0.4520605335854502,0.045743604868911755,1.8938864402571969,-0.027947713104368797,0.7744353000785701,0.20850898379184787,0.0,0.0,0.0,0.001009520200980239,0.0,0.0,0.0
2.32,0.7478081841846871,-0.4520605335854502,0.045743604868911755,1.893896839948378,-0.027947713104368797,0.7744353000785701,0.20850898379184787,0.0,0.0,0.0,0.001070639654775959,0.0,0.0,0.0
2.33,0.7478081841846871,-0.4520605335854502,0.045743604868911755,1.8939078573888861,-0.027947713104368797,0.7744353000785701,0.20850898379184787,0.0,0.0,0.0,0.0011330606400983074,0.0,0.0,0.0
2.34,0.7478081841846871,-0.4520605335854502,0.045743604868911755,1.8939195053089364,-0.027947713104368797,0.7744353000785701,0.20850898379184787,0.0,0.0,0.0,0.001196725906929825,0.0,0.0,0.0
2.35,0.7478081841846871,-0.4520605335854502,0.045743604868911755,1.8939317958594002,-0.027947713104368797,0.7744353000785701,0.20850898379184787,0.0,0.0,0.0,0.0012615768421106466,0.0,0.0,0.0
2.36,0.7478081841846871,-0.4520605335854502,0.045743604868911755,1.893944740598345,-0.027947713104368797,0.7744353000785701,0.20850898379184787,0.0,0.0,0.0,0.0013275535041028326,0.0,0.0,0.0
2.37,0.7478081841846871,-0.4520605335854502,0.045743604868911755,1.89395835047793,-0.027947713104368797,0.7744353000785701,0.20850898379184787,0.0,0.0,0.0,0.0013945946585792069,0.0,0.0,0.0
2.38,0.7478081841846871,-0.4520605335854502,0.045743604868911755,1.893972635831658,-0.027947713104368797,0.7744353000785701,0.20850898379184787,0.0,0.0,0.0,0.001462637814818545,0.0,0.0,0.0
2.39,0.7478081841846871,-0.4520605335854502,0.045743604868911755,1.8939876063619971,-0.027947713104368797,0.7744353000785701,0.20850898379184787,0.0,0.0,0.0,0.0015316192628887077,0.0,0.0,0.0
2.4,0.7478081841846871,-0.4520605335854502,0.045743604868911755,1.894003271128378,-0.027947713104368797,0.7744353000785701,0.20850898379184787,0.0,0.0,0.0,0.0016014741115987358,0.0,0.0,0.0
2.41,0.7478081841846871,-0.4520605335854502,0.045743604868911755,1.8940196385355745,-0.027947713104368797,0.7744353000785701,0.20850898379184787,0.0,0.0,0.0,0.0016721363272006985,0.0,0.0,0.0
2.42,0.7478081841846871,-0.4520605335854502,0.045743604868911755,1.8940367163224736,-0.027947713104368797,0.7744353000785701,0.20850898379184787,0.0,0.0,0.0,0.001743538772821518,0.0,0.0,0.0
2.43,0.7478081841846871,-0.4520605335854502,0.045743604868911755,1.8940545115512453,-0.027947713104368797,0.7744353000785701,0.20850898379184787,0.0,0.0,0.0,0.0018156132486047889,0.0,0.0,0.0
2.44,0.7478081841846871,-0.4520605335854502,0.045743604868911755,1.8940730305969153,-0.027947713104368797,0.7744353000785701,0.20850898379184787,0.0,0.0,0.0,0.0018882905325420657,0.0,0.0,0.0
2.45,0.7478081841846871,-0.4520605335854502,0.045743604868911755,1.894092279137352,-0.027947713104368797,0.7744353000785701,0.20850898379184787,0.0,0.0,0.0,0.001961500421972904,0.0,0.0,0.0
2.46,0.7478081841846871,-0.4520605335854502,0.045743604868911755,1.8941122621436688,-0.027947713104368797,0.7744353000785701,0.20850898379184787,0.0,0.0,0.0,0.002035171775732404,0.0,0.0,0.0
2.47,0.7478081841846871,-0.4520605335854502,0.045743604868911755,1.8941329838710528,-0.027947713104368797,0.7744353000785701,0.20850898379184787,0.0,0.0,0.0,0.0021092325569248686,0.0,0.0,0.0
2.48,0.7478081841846871,-0.4520605335854502,0.045743604868911755,1.8941544478500243,-0.027947713104368797,0.7744353000785701,0.20850898379184787,0.0,0.0,0.0,0.002183609876301624,0.0,0.0,0.0
2.49,0.7478081841846871,-0.4520605335854502,0.045743604868911755,1.8941766568781322,-0.027947713104368797,0.7744353000785701,0.20850898379184787,0.0,0.0,0.0,0.0022582300362209862,0.0,0.0,0.0
2.5,0.7478081841846871,-0.4520605335854502,0.045743604868911755,1.894199613012092,-0.027947713104368797,0.7744353000785701,0.20850898379184787,0.0,0.0,0.0,0.002333018575167773,0.0,0.0,0.0
2.51,0.7478081841846871,-0.4520605335854502,0.045743604868911755,1.8942233175603727,-0.027947713104368797,0.7744353000785701,0.20850898379184787,0.0,0.0,0.0,0.002407900312809733,0.0,0.0,0.0
2.52,0.7478081841846871,-0.4520605335854502,0.045743604868911755,1.8942477710762349,-0.027947713104368797,0.7744353000785701,0.20850898379184787,0.0,0.0,0.0,0.002482799395567734,0.0,0.0,0.0
2.53,0.7478081841846871,-0.4520605335854502,0.045743604868911755,1.8942729733512298,-0.027947713104368797,0.7744353000785701,0.20850898379184787,0.0,0.0,0.0,0.0025576393426764237,0.0,0.0,0.0
2.54,0.7478081841846871,-0.4520605335854502,0.045743604868911755,1.8942989234091576,-0.027947713104368797,0.7744353000785701,0.20850898379184787,0.0,0.0,0.0,0.0026323430927118023,0.0,0.0,0.0
2.55,0.7478081841846871,-0.4520605335854502,0.045743604868911755,1.8943256195004974,-0.027947713104368797,0.7744353000785701,0.20850898379184787,0.0,0.0,0.0,0.0027068330505617554,0.0,0.0,0.0
2.56,0.7478081841846871,-0.4520605335854502,0.045743604868911755,1.8943530590973054,-0.027947713104368797,0.7744353000785701,0.20850898379184787,0.0,0.0,0.0,0.0027810311348155673,0.0,0.0,0.0
2.57,0.7478081841846871,-0.4520605335854502,0.045743604868911755,1.894381238888592,-0.027947713104368797,0.7744353000785701,0.20850898379184787,0.0,0.0,0.0,0.002854858825547965,0.0,0.0,0.0
2.58,0.7478081841846871,-0.4520605335854502,0.045743604868911755,1.8944101547761751,-0.027947713104368797,0.7744353000785701,0.20850898379184787,0.0,0.0,0.0,0.002928237212473243,0.0,0.0,0.0
2.59,0.7478081841846871,-0.4520605335854502,0.045743604868911755,1.894439801871021,-0.027947713104368797,0.7744353000785701,0.20850898379184787,0.0,0.0,0.0,0.003001087043444611,0.0,0.0,0.0
2.6,0.7478081841846871,-0.4520605335854502,0.045743604868911755,1.8944701744900674,-0.027947713104368797,0.7744353000785701,0.20850898379184787,0.0,0.0,0.0,0.0030733287732738856,0.0,0.0,0.0
2.61,0.7478081841846871,-0.4520605335854502,0.045743604868911755,1.8945012661535403,-0.027947713104368797,0.7744353000785701,0.20850898379184787,0.0,0.0,0.0,0.0031448826128462936,0.0,0.0,0.0
2.62,0.7478081841846871,-0.4520605335854502,0.045743604868911755,1.8945330695827607,-0.027947713104368797,0.7744353000785701,0.20850898379184787,0.0,0.0,0.0,0.003215668578505144,0.0,0.0,0.0
2.63,0.7478081841846871,-0.4520605335854502,0.045743604868911755,1.8945655766984462,-0.027947713104368797,0.7744353000785701,0.20850898379184787,0.0,0.0,0.0,0.0032856065416807996,0.0,0.0,0.0
2.64,0.7478081841846871,-0.4520605335854502,0.045743604868911755,1.8945987786195122,-0.027947713104368797,0.7744353000785701,0.20850898379184787,0.0,0.0,0.0,0.003354616278738391,0.0,0.0,0.0
2.65,0.7478081841846871,-0.4520605335854502,0.045743604868911755,1.894632665662371,-0.027947713104368797,0.7744353000785701,0.20850898379184787,0.0,0.0,0.0,0.003422617521018415,0.0,0.0,0.0
2.66,0.7478081841846871,-0.4520605335854502,0.045743604868911755,1.8946672273407321,-0.027947713104368797,0.7744353000785701,0.20850898379184787,0.0,0.0,0.0,0.0034895300050443983,0.0,0.0,0.0
2.67,0.7478081841846871,-0.4520605335854502,0.045743604868911755,1.8947024523659062,-0.027947713104368797,0.7744353000785701,0.20850898379184787,0.0,0.0,0.0,0.0035552735228715267,0.0,0.0,0.0
2.68,0.7478081841846871,-0.4520605335854502,0.045743604868911755,1.8947383286476118,-0.027947713104368797,0.7744353000785701,0.20850898379184787,0.0,0.0,0.0,0.003619767972550217,0.0,0.0,0.0
2.69,0.7478081841846871,-0.4520605335854502,0.045743604868911755,1.894774843295289,-0.027947713104368797,0.7744353000785701,0.20850898379184787,0.0,0.0,0.0,0.0036829334086783123,0.0,0.0,0.0
2.7,0.7478081841846871,-0.4520605335854502,0.045743604868911755,1.8948119826199175,-0.027947713104368797,0.7744353000785701,0.20850898379184787,0.0,0.0,0.0,0.0037446900930157515,0.0,0.0,0.0
2.71,0.7478081841846871,-0.4520605335854502,0.045743604868911755,1.894849732136341,-0.027947713104368797,0.7744353000785701,0.20850898379184787,0.0,0.0,0.0,0.003804958545135236,0.0,0.0,0.0
2.72,0.7478081841846871,-0.4520605335854502,0.045743604868911755,1.8948880765660996,-0.027947713104368797,0.7744353000785701,0.20850898379184787,0.0,0.0,0.0,0.0038636595930826123,0.0,0.0,0.0
2.73,0.7478081841846871,-0.4520605335854502,0.045743604868911755,1.894926999840767,-0.027947713104368797,0.7744353000785701,0.20850898379184787,0.0,0.0,0.0,0.0039207144240204425,0.0,0.0,0.0
2.74,0.7478081841846871,-0.4520605335854502,0.045743604868911755,1.894966485105795,-0.027947713104368797,0.7744353000785701,0.20850898379184787,0.0,0.0,0.0,0.003976044634828382,0.0,0.0,0.0
2.75,0.7478081841846871,-0.4520605335854502,0.045743604868911755,1.8950065147248636,-0.027947713104368797,0.7744353000785701,0.20850898379184787,0.0,0.0,0.0,0.00402957228263383,0.0,0.0,0.0
2.76,0.7478081841846871,-0.4520605335854502,0.045743604868911755,1.8950470702847348,-0.027947713104368797,0.7744353000785701,0.20850898379184787,0.0,0.0,0.0,0.00408121993524642,0.0,0.0,0.0
2.77,0.7478081841846871,-0.4520605335854502,0.045743604868911755,1.8950881326006126,-0.027947713104368797,0.7744353000785701,0.20850898379184787,0.0,0.0,0.0,0.004130910721469879,0.0,0.0,0.0
2.78,0.7478081841846871,-0.4520605335854502,0.045743604868911755,1.8951296817220027,-0.027947713104368797,0.7744353000785701,0.20850898379184787,0.0,0.0,0.0,0.004178568381264795,0.0,0.0,0.0
2.79,0.7478081841846871,-0.4520605335854502,0.045743604868911755,1.8951716969390744,-0.027947713104368797,0.7744353000785701,0.20850898379184787,0.0,0.0,0.0,0.004224117315735954,0.0,0.0,0.0
2.8,0.7478081841846871,-0.4520605335854502,0.045743604868911755,1.895214156789522,-0.027947713104368797,0.7744353000785701,0.20850898379184787,0.0,0.0,0.0,0.004267482636917834,0.0,0.0,0.0
2.81,0.7478081841846871,-0.4520605335854502,0.045743604868911755,1.8952570390659202,-0.027947713104368797,0.7744353000785701,0.20850898379184787,0.0,0.0,0.0,0.004308590217332026,0.0,0.0,0.0
2.82,0.7478081841846871,-0.4520605335854502,0.045743604868911755,1.8953003208235784,-0.027947713104368797,0.7744353000785701,0.20850898379184787,0.0,0.0,0.0,0.004347366739290336,0.0,0.0,0.0
2.83,0.7478081841846871,-0.4520605335854502,0.045743604868911755,1.8953439783888808,-0.027947713104368797,0.7744353000785701,0.20850898379184787,0.0,0.0,0.0,0.004383739743917486,0.0,0.0,0.0
2.84,0.7478081841846871,-0.4520605335854502,0.045743604868911755,1.8953879873681214,-0.027947713104368797,0.7744353000785701,0.20850898379184787,0.0,0.0,0.0,0.00441763767986736,0.0,0.0,0.0
2.85,0.7478081841846871,-0.4520605335854502,0.045743604868911755,1.8954323226568195,-0.027947713104368797,0.7744353000785701,0.20850898379184787,0.0,0.0,0.0,0.004448989951706921,0.0,0.0,0.0
2.86,0.7478081841846871,-0.4520605335854502,0.045743604868911755,1.8954769584495201,-0.027947713104368797,0.7744353000785701,0.20850898379184787,0.0,0.0,0.0,0.004477726967942009,0.0,0.0,0.0
2.87,0.7478081841846871,-0.4520605335854502,0.045743604868911755,1.8955218682500712,-0.027947713104368797,0.7744353000785701,0.20850898379184787,0.0,0.0,0.0,0.004503780188659384,0.0,0.0,0.0
2.88,0.7478081841846871,-0.4520605335854502,0.045743604868911755,1.8955670248823773,-0.027947713104368797,0.7744353000785701,0.20850898379184787,0.0,0.0,0.0,0.0045270821727595185,0.0,0.0,0.0
2.89,0.7478081841846871,-0.4520605335854502,0.045743604868911755,1.8956124005016204,-0.027947713104368797,0.7744353000785701,0.20850898379184787,0.0,0.0,0.0,0.004547566624754845,0.0,0.0,0.0
2.9,0.7478081841846871,-0.4520605335854502,0.045743604868911755,1.8956579666059494,-0.027947713104368797,0.7744353000785701,0.20850898379184787,0.0,0.0,0.0,0.004565168441108265,0.0,0.0,0.0
2.91,0.7478081841846871,-0.4520605335854502,0.045743604868911755,1.8957036940486287,-0.027947713104368797,0.7744353000785701,0.20850898379184787,0.0,0.0,0.0,0.004579823756087008,0.0,0.0,0.0
2.92,0.7478081841846871,-0.4520605335854502,0.045743604868911755,1.8957495530506436,-0.027947713104368797,0.7744353000785701,0.20850898379184787,0.0,0.0,0.0,0.004591469987107044,0.0,0.0,0.0
2.93,0.7478081841846871,-0.4520605335854502,0.045743604868911755,1.8957955132137563,-0.027947713104368797,0.7744353000785701,0.20850898379184787,0.0,0.0,0.0,0.004600045879543523,0.0,0.0,0.0
2.94,0.7478081841846871,-0.4520605335854502,0.045743604868911755,1.8958415435340072,-0.027947713104368797,0.7744353000785701,0.20850898379184787,0.0,0.0,0.0,0.0046054915509829136,0.0,0.0,0.0
2.95,0.7478081841846871,-0.4520605335854502,0.045743604868911755,1.8958876124156554,-0.027947713104368797,0.7744353000785701,0.20850898379184787,0.0,0.0,0.0,0.004607748534892754,0.0,0.0,0.0
2.96,0.7478081841846871,-0.4520605335854502,0.045743604868911755,1.8959336876855546,-0.027947713104368797,0.7744353000785701,0.20850898379184787,0.0,0.0,0.0,0.004606759823685171,0.0,0.0,0.0
2.97,0.7478081841846871,-0.4520605335854502,0.045743604868911755,1.8959797366079534,-0.027947713104368797,0.7744353000785701,0.20850898379184787,0.0,0.0,0.0,0.004602469911150595,0.0,0.0,0.0
2.98,0.7478081841846871,-0.4520605335854502,0.045743604868911755,1.8960257258997202,-0.027947713104368797,0.7744353000785701,0.20850898379184787,0.0,0.0,0.0,0.004594824834238358,0.0,0.0,0.0
2.99,0.7478081841846871,-0.4520605335854502,0.045743604868911755,1.8960716217459803,-0.027947713104368797,0.7744353000785701,0.20850898379184787,0.0,0.0,0.0,0.0045837722141611565,0.0,0.0,0.0
3.0,0.7478081841846871,-0.4520605335854502,0.045743604868911755,1.896117389816161,-0.027947713104368797,0.7744353000785701,0.20850898379184787,0.0,0.0,0.0,0.004569261296800627,0.0,0.0,0.0
3.01,0.7478081841846871,-0.4520605335854502,0.045743604868911755,1.8961629952804369,-0.027947713104368797,0.7744353000785701,0.20850898379184787,0.0,0.0,0.0,0.00455124299239164,0.0,0.0,0.0
3.02,0.7478081841846871,-0.4520605335854502,0.045743604868911755,1.8962084028265702,-0.027947713104368797,0.7744353000785701,0.20850898379184787,0.0,0.0,0.0,0.004529669914463153,0.0,0.0,0.0
3.03,0.7478081841846871,-0.4520605335854502,0.045743604868911755,1.8962535766771333,-0.027947713104368797,0.7744353000785701,0.20850898379184787,0.0,0.0,0.0,0.0045044964180139015,0.0,0.0,0.0
3.04,0.7478081841846871,-0.4520605335854502,0.045743604868911755,1.8962984806071133,-0.027947713104368797,0.7744353000785701,0.20850898379184787,0.0,0.0,0.0,0.004475678636901406,0.0,0.0,0.0
3.05,0.7478081841846871,-0.4520605335854502,0.045743604868911755,1.8963430779618813,-0.027947713104368797,0.7744353000785701,0.20850898379184787,0.0,0.0,0.0,0.004443174520423283,0.0,0.0,0.0
3.06,0.7478081841846871,-0.4520605335854502,0.045743604868911755,1.896387331675529,-0.027947713104368797,0.7744353000785701,0.20850898379184787,0.0,0.0,0.0,0.004406943869070018,0.0,0.0,0.0
3.07,0.7478081841846871,-0.4520605335854502,0.045743604868911755,1.896431204289555,-0.027947713104368797,0.7744353000785701,0.20850898379184787,0.0,0.0,0.0,0.004366948369428931,0.0,0.0,0.0
3.08,0.7478081841846871,-0.4520605335854502,0.045743604868911755,1.8964746579718954,-0.027947713104368797,0.7744353000785701,0.20850898379184787,0.0,0.0,0.0,0.004323151628219266,0.0,0.0,0.0
3.09,0.7478081841846871,-0.4520605335854502,0.045743604868911755,1.8965176545362934,-0.027947713104368797,0.7744353000785701,0.20850898379184787,0.0,0.0,0.0,0.004275519205438859,0.0,0.0,0.0
3.1,0.7478081841846871,-0.4520605335854502,0.045743604868911755,1.8965601554619933,-0.027947713104368797,0.7744353000785701,0.20850898379184787,0.0,0.0,0.0,0.00422401864660311,0.0,0.0,0.0
3.11,0.7478081841846871,-0.4520605335854502,0.045743604868911755,1.8966021219137523,-0.027947713104368797,0.7744353000785701,0.20850898379184787,0.0,0.0,0.0,0.004168619514057565,0.0,0.0,0.0
3.12,0.7478081841846871,-0.4520605335854502,0.045743604868911755,1.8966435147621632,-0.027947713104368797,0.7744353000785701,0.20850898379184787,0.0,0.0,0.0,0.004109293417345606,0.0,0.0,0.0
3.13,0.7478081841846871,-0.4520605335854502,0.045743604868911755,1.896684294604272,-0.027947713104368797,0.7744353000785701,0.20850898379184787,0.0,0.0,0.0,0.004046014042613435,0.0,0.0,0.0
3.14,0.7478081841846871,-0.4520605335854502,0.045743604868911755,1.896724421784489,-0.027947713104368797,0.7744353000785701,0.20850898379184787,0.0,0.0,0.0,0.003978757181034695,0.0,0.0,0.0
3.15,0.7478081841846871,-0.4520605335854502,0.045743604868911755,1.8967638564157754,-0.027947713104368797,0.7744353000785701,0.20850898379184787,0.0,0.0,0.0,0.003907500756237807,0.0,0.0,0.0
3.16,0.7478081841846871,-0.4520605335854502,0.045743604868911755,1.896802558401102,-0.027947713104368797,0.7744353000785701,0.20850898379184787,0.0,0.0,0.0,0.0038322248507192606,0.0,0.0,0.0
3.17,0.7478081841846871,-0.4520605335854502,0.045743604868911755,1.8968404874551645,-0.027947713104368797,0.7744353000785701,0.20850898379184787,0.0,0.0,0.0,0.003752911731226846,0.0,0.0,0.0
3.18,0.7478081841846871,-0.4520605335854502,0.045743604868911755,1.8968776031263497,-0.027947713104368797,0.7744353000785701,0.20850898379184787,0.0,0.0,0.0,0.00366954587309701,0.0,0.0,0.0
3.19,0.7478081841846871,-0.4520605335854502,0.045743604868911755,1.8969138648189379,-0.027947713104368797,0.7744353000785701,0.20850898379184787,0.0,0.0,0.0,0.003582113983531272,0.0,0.0,0.0
3.2,0.7478081841846871,-0.4520605335854502,0.045743604868911755,1.8969492318155337,-0.027947713104368797,0.7744353000785701,0.20850898379184787,0.0,0.0,0.0,0.0034906050237968373,0.0,0.0,0.0
3.21,0.7478081841846871,-0.4520605335854502,0.045743604868911755,1.896983663299713,-0.027947713104368797,0.7744353000785701,0.20850898379184787,0.0,0.0,0.0,0.003395010230337324,0.0,0.0,0.0
3.22,0.7478081841846871,-0.4520605335854502,0.045743604868911755,1.8970171183788762,-0.027947713104368797,0.7744353000785701,0.20850898379184787,0.0,0.0,0.0,0.0032953231347797574,0.0,0.0,0.0
3.23,0.7478081841846871,-0.4520605335854502,0.045743604868911755,1.8970495561072949,-0.027947713104368797,0.7744353000785701,0.20850898379184787,0.0,0.0,0.0,0.0031915395828247383,0.0,0.0,0.0
3.24,0.7478081841846871,-0.4520605335854502,0.045743604868911755,1.897080935509342,-0.027947713104368797,0.7744353000785701,0.20850898379184787,0.0,0.0,0.0,0.0030836577520069646,0.0,0.0,0.0
3.25,0.7478081841846871,-0.4520605335854502,0.045743604868911755,1.897111215602896,-0.027947713104368797,0.7744353000785701,0.20850898379184787,0.0,0.0,0.0,0.0029716781683140456,0.0,0.0,0.0
3.26,0.7478081841846871,-0.4520605335854502,0.045743604868911755,1.897140355422901,-0.027947713104368797,0.7744353000785701,0.20850898379184787,0.0,0.0,0.0,0.0028556037216518693,0.0,0.0,0.0
3.27,0.7478081841846871,-0.4520605335854502,0.045743604868911755,1.8971683140450806,-0.027947713104368797,0.7744353000785701,0.20850898379184787,0.0,0.0,0.0,0.0027354396801454765,0.0,0.0,0.0
3.28,0.7478081841846871,-0.4520605335854502,0.045743604868911755,1.8971950506097857,-0.027947713104368797,0.7744353000785701,0.20850898379184787,0.0,0.0,0.0,0.002611193703264862,0.0,0.0,0.0
3.29,0.7478081841846871,-0.4520605335854502,0.045743604868911755,1.8972205243459688,-0.027947713104368797,0.7744353000785701,0.20850898379184787,0.0,0.0,0.0,0.0024828758537655963,0.0,0.0,0.0
3.3,0.7478081841846871,-0.4520605335854502,0.045743604868911755,1.8972446945952721,-0.027947713104368797,0.7744353000785701,0.20850898379184787,0.0,0.0,0.0,0.0023504986084349655,0.0,0.0,0.0
3.31,0.7478081841846871,-0.4520605335854502,0.045743604868911755,1.8972675208362157,-0.027947713104368797,0.7744353000785701,0.20850898379184787,0.0,0.0,0.0,0.0022140768676344996,0.0,0.0,0.0
3.32,0.7478081841846871,-0.4520605335854502,0.045743604868911755,1.8972889627084766,-0.027947713104368797,0.7744353000785701,0.20850898379184787,0.0,0.0,0.0,0.0020736279636307583,0.0,0.0,0.0
3.33,0.7478081841846871,-0.4520605335854502,0.045743604868911755,1.8973089800372436,-0.027947713104368797,0.7744353000785701,0.20850898379184787,0.0,0.0,0.0,0.0019291716677063988,0.0,0.0,0.0
3.34,0.7478081841846871,-0.4520605335854502,0.045743604868911755,1.8973275328576393,-0.027947713104368797,0.7744353000785701,0.20850898379184787,0.0,0.0,0.0,0.0017807301960444527,0.0,0.0,0.0
3.35,0.7478081841846871,-0.4520605335854502,0.045743604868911755,1.8973445814391918,-0.027947713104368797,0.7744353000785701,0.20850898379184787,0.0,0.0,0.0,0.0016283282143790686,0.0,0.0,0.0
3.36,0.7478081841846871,-0.4520605335854502,0.045743604868911755,1.8973600863103497,-0.027947713104368797,0.7744353000785701,0.20850898379184787,0.0,0.0,0.0,0.0014719928414067781,0.0,0.0,0.0
3.37,0.7478081841846871,-0.4520605335854502,0.045743604868911755,1.8973740082830222,-0.027947713104368797,0.7744353000785701,0.20850898379184787,0.0,0.0,0.0,0.0013117536509526624,0.0,0.0,0.0
3.38,0.7478081841846871,-0.4520605335854502,0.045743604868911755,1.8973863084771372,-0.027947713104368797,0.7744353000785701,0.20850898379184787,0.0,0.0,0.0,0.0011476426728867257,0.0,0.0,0.0
3.39,0.7478081841846871,-0.4520605335854502,0.045743604868911755,1.8973969483452005,-0.027947713104368797,0.7744353000785701,0.20850898379184787,0.0,0.0,0.0,0.000979694392785928,0.0,0.0,0.0
3.4,0.7478081841846871,-0.4520605335854502,0.045743604868911755,1.897405889696846,-0.027947713104368797,0.7744353000785701,0.20850898379184787,0.0,0.0,0.0,0.0008079457503384768,0.0,0.0,0.0
3.41,0.7478081841846871,-0.4520605335854502,0.045743604868911755,1.897413094723364,-0.027947713104368797,0.7744353000785701,0.20850898379184787,0.0,0.0,0.0,0.0006324361364869694,0.0,0.0,0.0
3.42,0.7478081841846871,-0.4520605335854502,0.045743604868911755,1.8974185260221934,-0.027947713104368797,0.7744353000785701,0.20850898379184787,0.0,0.0,0.0,0.0004532073893081251,0.0,0.0,0.0
3.43,0.7478081841846871,-0.4520605335854502,0.045743604868911755,1.8974221466213679,-0.027947713104368797,0.7744353000785701,0.20850898379184787,0.0,0.0,0.0,0.00027030378862697785,0.0,0.0,0.0
3.44,0.7478081841846871,-0.4520605335854502,0.045743604868911755,1.897423920003901,-0.027947713104368797,0.7744353000785701,0.20850898379184787,0.0,0.0,0.0,8.377204936447436e-05,0.0,0.0,0.0
3.45,0.7478081841846871,-0.4520605335854502,0.045743604868911755,1.8974238101320982,-0.027947713104368797,0.7744353000785701,0.20850898379184787,-0.0,-0.0,-0.0,-0.00010633868638252315,-0.0,-0.0,-0.0
3.46,0.7478081841846871,-0.4520605335854502,0.045743604868911755,1.8974217814717844,-0.027947713104368797,0.7744353000785701,0.20850898379184787,-0.0,-0.0,-0.0,-0.00029997685852863835,-0.0,-0.0,-0.0
3.47,0.7478081841846871,-0.4520605335854502,0.045743604868911755,1.897417799016432,-0.027947713104368797,0.7744353000785701,0.20850898379184787,-0.0,-0.0,-0.0,-0.0004970884994545372,-0.0,-0.0,-0.0
3.48,0.7478081841846871,-0.4520605335854502,0.045743604868911755,1.8974118283111794,-0.027947713104368797,0.7744353000785701,0.20850898379184787,-0.0,-0.0,-0.0,-0.0006976172457272738,-0.0,-0.0,-0.0
3.49,0.7478081841846871,-0.4520605335854502,0.045743604868911755,1.8974038354767242,-0.027947713104368797,0.7744353000785701,0.20850898379184787,-0.0,-0.0,-0.0,-0.0009015043510849695,-0.0,-0.0,-0.0
3.5,0.7478081841846871,-0.4520605335854502,0.045743604868911755,1.8973937872330822,-0.027947713104368797,0.7744353000785701,0.20850898379184787,-0.0,-0.0,-0.0,-0.00110868870068326,-0.0,-0.0,-0.0
3.51,0.7478081841846871,-0.4520605335854502,0.045743604868911755,1.8973816509231964,-0.027947713104368797,0.7744353000785701,0.20850898379184787,-0.0,-0.0,-0.0,-0.0013191068266007755,-0.0,-0.0,-0.0
3.52,0.7478081841846871,-0.4520605335854502,0.045743604868911755,1.8973673945363856,-0.027947713104368797,0.7744353000785701,0.20850898379184787,-0.0,-0.0,-0.0,-0.0015326929245999593,-0.0,-0.0,-0.0
3.53,0.7478081841846871,-0.4520605335854502,0.045743604868911755,1.8973509867316172,-0.027947713104368797,0.7744353000785701,0.20850898379184787,-0.0,-0.0,-0.0,-0.0017493788721391287,-0.0,-0.0,-0.0
3.54,0.7478081841846871,-0.4520605335854502,0.045743604868911755,1.8973323968605964,-0.027947713104368797,0.7744353000785701,0.20850898379184787,-0.0,-0.0,-0.0,-0.0019690942476311424,-0.0,-0.0,-0.0
3.55,0.7478081841846871,-0.4520605335854502,0.045743604868911755,1.8973115949906545,-0.027947713104368797,0.7744353000785701,0.20850898379184787,-0.0,-0.0,-0.0,-0.0021917663509430905,-0.0,-0.0,-0.0
3.56,0.7478081841846871,-0.4520605335854502,0.045743604868911755,1.8972885519274263,-0.027947713104368797,0.7744353000785701,0.20850898379184787,-0.0,-0.0,-0.0,-0.0024173202251313317,-0.0,-0.0,-0.0
3.57,0.7478081841846871,-0.4520605335854502,0.045743604868911755,1.8972632392373059,-0.027947713104368797,0.7744353000785701,0.20850898379184787,-0.0,-0.0,-0.0,-0.002645678679404998,-0.0,-0.0,-0.0
3.58,0.7478081841846871,-0.4520605335854502,0.045743604868911755,1.8972356292696635,-0.027947713104368797,0.7744353000785701,0.20850898379184787,-0.0,-0.0,-0.0,-0.0028767623133111675,-0.0,-0.0,-0.0
3.59,0.7478081841846871,-0.4520605335854502,0.045743604868911755,1.897205695178817,-0.027947713104368797,0.7744353000785701,0.20850898379184787,-0.0,-0.0,-0.0,-0.003110489542133622,-0.0,-0.0,-0.0
3.6,0.7478081841846871,-0.4520605335854502,0.045743604868911755,1.8971734109457423,-0.027947713104368797,0.7744353000785701,0.20850898379184787,-0.0,-0.0,-0.0,-0.0033467766234971533,-0.0,-0.0,-0.0
3.61,0.7478081841846871,-0.4520605335854502,0.045743604868911755,1.8971387513995126,-0.027947713104368797,0.7744353000785701,0.20850898379184787,-0.0,-0.0,-0.0,-0.0035855376851681737,-0.0,-0.0,-0.0
3.62,0.7478081841846871,-0.4520605335854502,0.045743604868911755,1.8971016922384516,-0.027947713104368797,0.7744353000785701,0.20850898379184787,-0.0,-0.0,-0.0,-0.0038266847540424187,-0.0,-0.0,-0.0
3.63,0.7478081841846871,-0.4520605335854502,0.045743604868911755,1.8970622100509937,-0.027947713104368797,0.7744353000785701,0.20850898379184787,-0.0,-0.0,-0.0,-0.004070127786309382,-0.0,-0.0,-0.0
3.64,0.7478081841846871,-0.4520605335854502,0.045743604868911755,1.897020282336235,-0.027947713104368797,0.7744353000785701,0.20850898379184787,-0.0,-0.0,-0.0,-0.004315774698783035,-0.0,-0.0,-0.0
3.65,0.7478081841846871,-0.4520605335854502,0.045743604868911755,1.8969758875241651,-0.027947713104368797,0.7744353000785701,0.20850898379184787,-0.0,-0.0,-0.0,-0.004563531401387281,-0.0,-0.0,-0.0
3.66,0.7478081841846871,-0.4520605335854502,0.045743604868911755,1.8969290049955692,-0.027947713104368797,0.7744353000785701,0.20850898379184787,-0.0,-0.0,-0.0,-0.004813301830784653,-0.0,-0.0,-0.0
3.67,0.7478081841846871,-0.4520605335854502,0.045743604868911755,1.896879615101588,-0.027947713104368797,0.7744353000785701,0.20850898379184787,-0.0,-0.0,-0.0,-0.00506498798513556,-0.0,-0.0,-0.0
3.68,0.7478081841846871,-0.4520605335854502,0.045743604868911755,1.8968276991829243,-0.027947713104368797,0.7744353000785701,0.20850898379184787,-0.0,-0.0,-0.0,-0.0053184899599753865,-0.0,-0.0,-0.0
3.69,0.7478081841846871,-0.4520605335854502,0.045743604868911755,1.8967732395886843,-0.027947713104368797,0.7744353000785701,0.20850898379184787,-0.0,-0.0,-0.0,-0.005573705985195604,-0.0,-0.0,-0.0
3.7,0.7478081841846871,-0.4520605335854502,0.045743604868911755,1.896716219694846,-0.027947713104368797,0.7744353000785701,0.20850898379184787,-0.0,-0.0,-0.0,-0.0058305324631152304,-0.0,-0.0,-0.0
3.71,0.7478081841846871,-0.4520605335854502,0.045743604868911755,1.896656623922339,-0.027947713104368797,0.7744353000785701,0.20850898379184787,-0.0,-0.0,-0.0,-0.006088864007627633,-0.0,-0.0,-0.0
3.72,0.7478081841846871,-0.4520605335854502,0.045743604868911755,1.8965944377547295,-0.027947713104368797,0.7744353000785701,0.20850898379184787,-0.0,-0.0,-0.0,-0.006348593484407866,-0.0,-0.0,-0.0
3.73,0.7478081841846871,-0.4520605335854502,0.045743604868911755,1.896529647755496,-0.027947713104368797,0.7744353000785701,0.20850898379184787,-0.0,-0.0,-0.0,-0.0066096120521644975,-0.0,-0.0,-0.0
3.74,0.7478081841846871,-0.4520605335854502,0.045743604868911755,1.8964622415848893,-0.027947713104368797,0.7744353000785701,0.20850898379184787,-0.0,-0.0,-0.0,-0.006871809204920103,-0.0,-0.0,-0.0
3.75,0.7478081841846871,-0.4520605335854502,0.045743604868911755,1.8963922080163635,-0.027947713104368797,0.7744353000785701,0.20850898379184787,-0.0,-0.0,-0.0,-0.007135072815303305,-0.0,-0.0,-0.0
3.76,0.7478081841846871,-0.4520605335854502,0.045743604868911755,1.8963195369525692,-0.027947713104368797,0.7744353000785701,0.20850898379184787,-0.0,-0.0,-0.0,-0.0073992891788354585,-0.0,-0.0,-0.0
3.77,0.7478081841846871,-0.4520605335854502,0.045743604868911755,1.896244219440899,-0.027947713104368797,0.7744353000785701,0.20850898379184787,-0.0,-0.0,-0.0,-0.00766434305919393,-0.0,-0.0,-0.0
3.78,0.7478081841846871,-0.4520605335854502,0.045743604868911755,1.896166247688576,-0.027947713104368797,0.7744353000785701,0.20850898379184787,-0.0,-0.0,-0.0,-0.007930117734433839,-0.0,-0.0,-0.0
3.79,0.7478081841846871,-0.4520605335854502,0.045743604868911755,1.8960856150772742,-0.027947713104368797,0.7744353000785701,0.20850898379184787,-0.0,-0.0,-0.0,-0.008196495044149642,-0.0,-0.0,-0.0
3.8,0.7478081841846871,-0.4520605335854502,0.045743604868911755,1.8960023161772648,-0.027947713104368797,0.7744353000785701,0.20850898379184787,-0.0,-0.0,-0.0,-0.008463355437556996,-0.0,-0.0,-0.0
3.81,0.7478081841846871,-0.4520605335854502,0.045743604868911755,1.8959163467610745,-0.027947713104368797,0.7744353000785701,0.20850898379184787,-0.0,-0.0,-0.0,-0.008730578022475588,-0.0,-0.0,-0.0
3.82,0.7478081841846871,-0.4520605335854502,0.045743604868911755,1.8958277038166516,-0.027947713104368797,0.7744353000785701,0.20850898379184787,-0.0,-0.0,-0.0,-0.008998040615192333,-0.0,-0.0,-0.0
3.83,0.7478081841846871,-0.4520605335854502,0.045743604868911755,1.8957363855600275,-0.027947713104368797,0.7744353000785701,0.20850898379184787,-0.0,-0.0,-0.0,-0.009265619791184738,-0.0,-0.0,-0.0
3.84,0.7478081841846871,-0.4520605335854502,0.045743604868911755,1.8956423914474698,-0.027947713104368797,0.7744353000785701,0.20850898379184787,-0.0,-0.0,-0.0,-0.009533190936682869,-0.0,-0.0,-0.0
3.85,0.7478081841846871,-0.4520605335854502,0.045743604868911755,1.8955457221871106,-0.027947713104368797,0.7744353000785701,0.20850898379184787,-0.0,-0.0,-0.0,-0.009800628301048928,-0.0,-0.0,-0.0
3.86,0.7478081841846871,-0.4520605335854502,0.045743604868911755,1.8954463797500525,-0.027947713104368797,0.7744353000785701,0.20850898379184787,-0.0,-0.0,-0.0,-0.010067805049951844,-0.0,-0.0,-0.0
3.87,0.7478081841846871,-0.4520605335854502,0.045743604868911755,1.8953443673809351,-0.027947713104368797,0.7744353000785701,0.20850898379184787,-0.0,-0.0,-0.0,-0.010334593319315147,-0.0,-0.0,-0.0
3.88,0.7478081841846871,-0.4520605335854502,0.045743604868911755,1.8952396896079597,-0.027947713104368797,0.7744353000785701,0.20850898379184787,-0.0,-0.0,-0.0,-0.010600864270014724,-0.0,-0.0,-0.0
3.89,0.7478081841846871,-0.4520605335854502,0.045743604868911755,1.8951323522523635,-0.027947713104368797,0.7744353000785701,0.20850898379184787,-0.0,-0.0,-0.0,-0.010866488143303762,-0.0,-0.0,-0.0
3.9,0.7478081841846871,-0.4520605335854502,0.045743604868911755,1.8950223624373361,-0.027947713104368797,0.7744353000785701,0.20850898379184787,-0.0,-0.0,-0.0,-0.011131334316940798,-0.0,-0.0,-0.0
3.91,0.7478081841846871,-0.4520605335854502,0.045743604868911755,1.89490972859637,-0.027947713104368797,0.7744353000785701,0.20850898379184787,-0.0,-0.0,-0.0,-0.011395271361997339,-0.0,-0.0,-0.0
3.92,0.7478081841846871,-0.4520605335854502,0.045743604868911755,1.8947944604810418,-0.027947713104368797,0.7744353000785701,0.20850898379184787,-0.0,-0.0,-0.0,-0.011658167100320284,-0.0,-0.0,-0.0
3.93,0.7478081841846871,-0.4520605335854502,0.045743604868911755,1.8946765691682135,-0.027947713104368797,0.7744353000785701,0.20850898379184787,-0.0,-0.0,-0.0,-0.01191988866262481,-0.0,-0.0,-0.0
3.94,0.7478081841846871,-0.4520605335854502,0.045743604868911755,1.8945560670666515,-0.027947713104368797,0.7744353000785701,0.20850898379184787,-0.0,-0.0,-0.0,-0.012180302547192233,-0.0,-0.0,-0.0
3.95,0.7478081841846871,-0.4520605335854502,0.045743604868911755,1.8944329679230545,-0.027947713104368797,0.7744353000785701,0.20850898379184787,-0.0,-0.0,-0.0,-0.012439274679147813,-0.0,-0.0,-0.0
3.96,0.7478081841846871,-0.4520605335854502,0.045743604868911755,1.8943072868274875,-0.027947713104368797,0.7744353000785701,0.20850898379184787,-0.0,-0.0,-0.0,-0.012696670470292458,-0.0,-0.0,-0.0
3.97,0.7478081841846871,-0.4520605335854502,0.045743604868911755,1.8941790402182117,-0.027947713104368797,0.7744353000785701,0.20850898379184787,-0.0,-0.0,-0.0,-0.012952354879462485,-0.0,-0.0,-0.0
3.98,0.7478081841846871,-0.4520605335854502,0.045743604868911755,1.8940482458859123,-0.027947713104368797,0.7744353000785701,0.20850898379184787,-0.0,-0.0,-0.0,-0.013206192473390796,-0.0,-0.0,-0.0
3.99,0.7478081841846871,-0.4520605335854502,0.045743604868911755,1.8939149229773116,-0.027947713104368797,0.7744353000785701,0.20850898379184787,-0.0,-0.0,-0.0,-0.013458047488043088,-0.0,-0.0,-0.0
4.0,0.7478081841846871,-0.4520605335854502,0.045743604868911755,1.8937790919981694,-0.027947713104368797,0.7744353000785701,0.20850898379184787,-0.0,-0.0,-0.0,-0.01370778389040188,-0.0,-0.0,-0.0
4.01,0.7478081841846871,-0.4520605335854502,0.045743604868911755,1.8936407748156612,-0.027947713104368797,0.7744353000785701,0.20850898379184787,-0.0,-0.0,-0.0,-0.013955265440671355,-0.0,-0.0,-0.0
4.02,0.7478081841846871,-0.4520605335854502,0.045743604868911755,1.8934999946601339,-0.027947713104368797,0.7744353000785701,0.20850898379184787,-0.0,-0.0,-0.0,-0.014200355754875223,-0.0,-0.0,-0.0
4.03,0.7478081841846871,-0.4520605335854502,0.045743604868911755,1.8933567761262327,-0.027947713104368797,0.7744353000785701,0.20850898379184787,-0.0,-0.0,-0.0,-0.014442918367820176,-0.0,-0.0,-0.0
4.04,0.7478081841846871,-0.4520605335854502,0.045743604868911755,1.893211145173397,-0.027947713104368797,0.7744353000785701,0.20850898379184787,-0.0,-0.0,-0.0,-0.014682816796396702,-0.0,-0.0,-0.0
4.05,0.7478081841846871,-0.4520605335854502,0.045743604868911755,1.8930631291257227,-0.027947713104368797,0.7744353000785701,0.20850898379184787,-0.0,-0.0,-0.0,-0.014919914603189269,-0.0,-0.0,-0.0
4.06,0.7478081841846871,-0.4520605335854502,0.045743604868911755,1.8929127566711845,-0.027947713104368797,0.7744353000785701,0.20850898379184787,-0.0,-0.0,-0.0,-0.015154075460367225,-0.0,-0.0,-0.0
4.07,0.7478081841846871,-0.4520605335854502,0.045743604868911755,1.8927600578602208,-0.027947713104368797,0.7744353000785701,0.20850898379184787,-0.0,-0.0,-0.0,-0.015385163213827983,-0.0,-0.0,-0.0
4.08,0.7478081841846871,-0.4520605335854502,0.045743604868911755,1.892605064103674,-0.027947713104368797,0.7744353000785701,0.20850898379184787,-0.0,-0.0,-0.0,-0.015613041947563487,-0.0,-0.0,-0.0
4.09,0.7478081841846871,-0.4520605335854502,0.045743604868911755,1.8924478081700873,-0.027947713104368797,0.7744353000785701,0.20850898379184787,-0.0,-0.0,-0.0,-0.015837576048221304,-0.0,-0.0,-0.0
4.1,0.7478081841846871,-0.4520605335854502,0.045743604868911755,1.8922883241823545,-0.027947713104368797,0.7744353000785701,0.20850898379184787,-0.0,-0.0,-0.0,-0.01605863026983079,-0.0,-0.0,-0.0
4.11,0.7478081841846871,-0.4520605335854502,0.045743604868911755,1.892126647613722,-0.027947713104368797,0.7744353000785701,0.20850898379184787,-0.0,-0.0,-0.0,-0.016276069798665325,-0.0,-0.0,-0.0
4.12,0.7478081841846871,-0.4520605335854502,0.045743604868911755,1.8919628152831414,-0.027947713104368797,0.7744353000785701,0.20850898379184787,-0.0,-0.0,-0.0,-0.016489760318211012,-0.0,-0.0,-0.0
4.13,0.7478081841846871,-0.4520605335854502,0.045743604868911755,1.8917968653499726,-0.027947713104368797,0.7744353000785701,0.20850898379184787,-0.0,-0.0,-0.0,-0.016699568074212544,-0.0,-0.0,-0.0
4.14,0.7478081841846871,-0.4520605335854502,0.045743604868911755,1.8916288373080354,-0.027947713104368797,0.7744353000785701,0.20850898379184787,-0.0,-0.0,-0.0,-0.016905359939766183,-0.0,-0.0,-0.0
4.15,0.7478081841846871,-0.4520605335854502,0.045743604868911755,1.891458771979011,-0.027947713104368797,0.7744353000785701,0.20850898379184787,-0.0,-0.0,-0.0,-0.017107003480430493,-0.0,-0.0,-0.0
4.16,0.7478081841846871,-0.4520605335854502,0.045743604868911755,1.8912867115051908,-0.027947713104368797,0.7744353000785701,0.20850898379184787,-0.0,-0.0,-0.0,-0.017304367019324616,-0.0,-0.0,-0.0
4.17,0.7478081841846871,-0.4520605335854502,0.045743604868911755,1.8911126993415766,-0.027947713104368797,0.7744353000785701,0.20850898379184787,-0.0,-0.0,-0.0,-0.017497319702184586,-0.0,-0.0,-0.0
4.18,0.7478081841846871,-0.4520605335854502,0.045743604868911755,1.8909367802473287,-0.027947713104368797,0.7744353000785701,0.20850898379184787,-0.0,-0.0,-0.0,-0.01768573156234735,-0.0,-0.0,-0.0
4.19,0.7478081841846871,-0.4520605335854502,0.045743604868911755,1.8907590002765657,-0.027947713104368797,0.7744353000785701,0.20850898379184787,-0.0,-0.0,-0.0,-0.017869473585632626,-0.0,-0.0,-0.0
4.2,0.7478081841846871,-0.4520605335854502,0.045743604868911755,1.8905794067685155,-0.027947713104368797,0.7744353000785701,0.20850898379184787,-0.0,-0.0,-0.0,-0.018048417775092616,-0.0,-0.0,-0.0
4.21,0.7478081841846871,-0.4520605335854502,0.045743604868911755,1.890398048337021,-0.027947713104368797,0.7744353000785701,0.20850898379184787,-0.0,-0.0,-0.0,-0.018222437215599487,-0.0,-0.0,-0.0
4.22,0.7478081841846871,-0.4520605335854502,0.045743604868911755,1.8902149748593977,-0.027947713104368797,0.7744353000785701,0.20850898379184787,-0.0,-0.0,-0.0,-0.018391406138240484,-0.0,-0.0,-0.0
4.23,0.7478081841846871,-0.4520605335854502,0.045743604868911755,1.8900302374646525,-0.027947713104368797,0.7744353000785701,0.20850898379184787,-0.0,-0.0,-0.0,-0.018555199984490706,-0.0,-0.0,-0.0
4.24,0.7478081841846871,-0.4520605335854502,0.045743604868911755,1.8898438885210587,-0.027947713104368797,0.7744353000785701,0.20850898379184787,-0.0,-0.0,-0.0,-0.018713695470133497,-0.0,-0.0,-0.0
4.25,0.7478081841846871,-0.4520605335854502,0.045743604868911755,1.8896559816230951,-0.027947713104368797,0.7744353000785701,0.20850898379184787,-0.0,-0.0,-0.0,-0.018866770648898558,-0.0,-0.0,-0.0
4.26,0.7478081841846871,-0.4520605335854502,0.045743604868911755,1.8894665715777497,-0.027947713104368797,0.7744353000785701,0.20850898379184787,-0.0,-0.0,-0.0,-0.019014304975787655,-0.0,-0.0,-0.0
4.27,0.7478081841846871,-0.4520605335854502,0.045743604868911755,1.889275714390191,-0.027947713104368797,0.7744353000785701,0.20850898379184787,-0.0,-0.0,-0.0,-0.019156179370058243,-0.0,-0.0,-0.0
4.28,0.7478081841846871,-0.4520605335854502,0.045743604868911755,1.8890834672488133,-0.027947713104368797,0.7744353000785701,0.20850898379184787,-0.0,-0.0,-0.0,-0.019292276277835165,-0.0,-0.0,-0.0
4.29,0.7478081841846871,-0.4520605335854502,0.045743604868911755,1.8888898885096554,-0.027947713104368797,0.7744353000785701,0.20850898379184787,-0.0,-0.0,-0.0,-0.01942247973432067,-0.0,-0.0,-0.0
4.3,0.7478081841846871,-0.4520605335854502,0.045743604868911755,1.8886950376802012,-0.027947713104368797,0.7744353000785701,0.20850898379184787,-0.0,-0.0,-0.0,-0.019546675425573288,-0.0,-0.0,-0.0
4.31,0.7478081841846871,-0.4520605335854502,0.045743604868911755,1.8884989754025643,-0.027947713104368797,0.7744353000785701,0.20850898379184787,-0.0,-0.0,-0.0,-0.01966475074982596,-0.0,-0.0,-0.0
4.32,0.7478081841846871,-0.4520605335854502,0.045743604868911755,1.888301763436061,-0.027947713104368797,0.7744353000785701,0.20850898379184787,-0.0,-0.0,-0.0,-0.019776594878314246,-0.0,-0.0,-0.0
4.33,0.7478081841846871,-0.4520605335854502,0.045743604868911755,1.888103464639179,-0.027947713104368797,0.7744353000785701,0.20850898379184787,-0.0,-0.0,-0.0,-0.0198820988155852,-0.0,-0.0,-0.0
4.34,0.7478081841846871,-0.4520605335854502,0.045743604868911755,1.8879041429509449,-0.027947713104368797,0.7744353000785701,0.20850898379184787,-0.0,-0.0,-0.0,-0.019981155459258226,-0.0,-0.0,-0.0
4.35,0.7478081841846871,-0.4520605335854502,0.045743604868911755,1.8877038633716965,-0.027947713104368797,0.7744353000785701,0.20850898379184787,-0.0,-0.0,-0.0,-0.020073659659208647,-0.0,-0.0,-0.0
4.36,0.7478081841846871,-0.4520605335854502,0.045743604868911755,1.8875026919432671,-0.027947713104368797,0.7744353000785701,0.20850898379184787,-0.0,-0.0,-0.0,-0.020159508276145727,-0.0,-0.0,-0.0
4.37,0.7478081841846871,-0.4520605335854502,0.045743604868911755,1.887300695728588,-0.027947713104368797,0.7744353000785701,0.20850898379184787,-0.0,-0.0,-0.0,-0.020238600239556384,-0.0,-0.0,-0.0
4.38,0.7478081841846871,-0.4520605335854502,0.045743604868911755,1.887097942790712,-0.027947713104368797,0.7744353000785701,0.20850898379184787,-0.0,-0.0,-0.0,-0.020310836604986487,-0.0,-0.0,-0.0
4.39,0.7478081841846871,-0.4520605335854502,0.045743604868911755,1.8868945021712697,-0.027947713104368797,0.7744353000785701,0.20850898379184787,-0.0,-0.0,-0.0,-0.02037612061063171,-0.0,-0.0,-0.0
4.4,0.7478081841846871,-0.4520605335854502,0.045743604868911755,1.8866904438683643,-0.027947713104368797,0.7744353000785701,0.20850898379184787,-0.0,-0.0,-0.0,-0.0204343577332101,-0.0,-0.0,-0.0
4.41,0.7478081841846871,-0.4520605335854502,0.045743604868911755,1.8864858388139087,-0.027947713104368797,0.7744353000785701,0.20850898379184787,-0.0,-0.0,-0.0,-0.02048545574308882,-0.0,-0.0,-0.0
4.42,0.7478081841846871,-0.4520605335854502,0.045743604868911755,1.8862807588504171,-0.027947713104368797,0.7744353000785701,0.20850898379184787,-0.0,-0.0,-0.0,-0.020529324758637935,-0.0,-0.0,-0.0
4.43,0.7478081841846871,-0.4520605335854502,0.045743604868911755,1.8860752767072568,-0.027947713104368797,0.7744353000785701,0.20850898379184787,-0.0,-0.0,-0.0,-0.020565877299784062,-0.0,-0.0,-0.0
4.44,0.7478081841846871,-0.4520605335854502,0.045743604868911755,1.8858694659763673,-0.027947713104368797,0.7744353000785701,0.20850898379184787,-0.0,-0.0,-0.0,-0.020595028340737297,-0.0,-0.0,-0.0
4.45,0.7478081841846871,-0.4520605335854502,0.045743604868911755,1.885663401087459,-0.027947713104368797,0.7744353000785701,0.20850898379184787,-0.0,-0.0,-0.0,-0.020616695361864997,-0.0,-0.0,-0.0
4.46,0.7478081841846871,-0.4520605335854502,0.045743604868911755,1.8854571572826941,-0.027947713104368797,0.7744353000785701,0.20850898379184787,-0.0,-0.0,-0.0,-0.020630798400686344,-0.0,-0.0,-0.0
4.47,0.7478081841846871,-0.4520605335854502,0.045743604868911755,1.8852508105908654,-0.027947713104368797,0.7744353000785701,0.20850898379184787,-0.0,-0.0,-0.0,-0.020637260101961926,-0.0,-0.0,-0.0
4.48,0.7478081841846871,-0.4520605335854502,0.045743604868911755,1.8850444378010767,-0.027947713104368797,0.7744353000785701,0.20850898379184787,-0.0,-0.0,-0.0,-0.02063600576685286,-0.0,-0.0,-0.0
4.49,0.7478081841846871,-0.4520605335854502,0.045743604868911755,1.8848381164359362,-0.027947713104368797,0.7744353000785701,0.20850898379184787,-0.0,-0.0,-0.0,-0.02062696340112458,-0.0,-0.0,-0.0
4.5,0.7478081841846871,-0.4520605335854502,0.045743604868911755,1.884631924724275,-0.027947713104368797,0.7744353000785701,0.20850898379184787,-0.0,-0.0,-0.0,-0.02061006376237029,-0.0,-0.0,-0.0
4.51,0.7478081841846871,-0.4520605335854502,0.045743604868911755,1.8844259415733962,-0.027947713104368797,0.7744353000785701,0.20850898379184787,-0.0,-0.0,-0.0,-0.02058524040623008,-0.0,-0.0,-0.0
4.52,0.7478081841846871,-0.4520605335854502,0.045743604868911755,1.8842202465408664,-0.027947713104368797,0.7744353000785701,0.20850898379184787,-0.0,-0.0,-0.0,-0.020552429731581487,-0.0,-0.0,-0.0
4.53,0.7478081841846871,-0.4520605335854502,0.045743604868911755,1.8840149198058642,-0.027947713104368797,0.7744353000785701,0.20850898379184787,-0.0,-0.0,-0.0,-0.020511571024678193,-0.0,-0.0,-0.0
4.54,0.7478081841846871,-0.4520605335854502,0.045743604868911755,1.8838100421400883,-0.027947713104368797,0.7744353000785701,0.20850898379184787,-0.0,-0.0,-0.0,-0.02046260650221352,-0.0,-0.0,-0.0
4.55,0.7478081841846871,-0.4520605335854502,0.045743604868911755,1.883605694878243,-0.027947713104368797,0.7744353000785701,0.20850898379184787,-0.0,-0.0,-0.0,-0.02040548135328611,-0.0,-0.0,-0.0
4.56,0.7478081841846871,-0.4520605335854502,0.045743604868911755,1.8834019598881089,-0.027947713104368797,0.7744353000785701,0.20850898379184787,-0.0,-0.0,-0.0,-0.020340143780245613,-0.0,-0.0,-0.0
4.57,0.7478081841846871,-0.4520605335854502,0.045743604868911755,1.883198919540211,-0.027947713104368797,0.7744353000785701,0.20850898379184787,-0.0,-0.0,-0.0,-0.02026654503839627,-0.0,-0.0,-0.0
4.58,0.7478081841846871,-0.4520605335854502,0.045743604868911755,1.8829966566770953,-0.027947713104368797,0.7744353000785701,0.20850898379184787,-0.0,-0.0,-0.0,-0.02018463947453728,-0.0,-0.0,-0.0
4.59,0.7478081841846871,-0.4520605335854502,0.045743604868911755,1.8827952545822264,-0.027947713104368797,0.7744353000785701,0.20850898379184787,-0.0,-0.0,-0.0,-0.020094384564318838,-0.0,-0.0,-0.0
4.6,0.7478081841846871,-0.4520605335854502,0.045743604868911755,1.8825947969485168,-0.027947713104368797,0.7744353000785701,0.20850898379184787,-0.0,-0.0,-0.0,-0.019995740948393508,-0.0,-0.0,-0.0
4.61,0.7478081841846871,-0.4520605335854502,0.045743604868911755,1.8823953678465015,-0.027947713104368797,0.7744353000785701,0.20850898379184787,-0.0,-0.0,-0.0,-0.01988867246734288,-0.0,-0.0,-0.0
4.62,0.7478081841846871,-0.4520605335854502,0.045743604868911755,1.8821970516921693,-0.027947713104368797,0.7744353000785701,0.20850898379184787,-0.0,-0.0,-0.0,-0.019773146195360095,-0.0,-0.0,-0.0
4.63,0.7478081841846871,-0.4520605335854502,0.045743604868911755,1.8819999332144632,-0.027947713104368797,0.7744353000785701,0.20850898379184787,-0.0,-0.0,-0.0,-0.019649132472669143,-0.0,-0.0,-0.0
4.64,0.7478081841846871,-0.4520605335854502,0.045743604868911755,1.8818040974224635,-0.027947713104368797,0.7744353000785701,0.20850898379184787,-0.0,-0.0,-0.0,-0.019516604936662695,-0.0,-0.0,-0.0
4.65,0.7478081841846871,-0.4520605335854502,0.045743604868911755,1.8816096295722657,-0.027947713104368797,0.7744353000785701,0.20850898379184787,-0.0,-0.0,-0.0,-0.019375540551740265,-0.0,-0.0,-0.0
4.66,0.7478081841846871,-0.4520605335854502,0.045743604868911755,1.8814166151335678,-0.027947713104368797,0.7744353000785701,0.20850898379184787,-0.0,-0.0,-0.0,-0.019225919637829464,-0.0,-0.0,-0.0
4.67,0.7478081841846871,-0.4520605335854502,0.045743604868911755,1.8812251397559758,-0.027947713104368797,0.7744353000785701,0.20850898379184787,-0.0,-0.0,-0.0,-0.019067725897573377,-0.0,-0.0,-0.0
4.68,0.7478081841846871,-0.4520605335854502,0.045743604868911755,1.8810352892350481,-0.027947713104368797,0.7744353000785701,0.20850898379184787,-0.0,-0.0,-0.0,-0.018900946442167808,-0.0,-0.0,-0.0
4.69,0.7478081841846871,-0.4520605335854502,0.045743604868911755,1.8808471494780863,-0.027947713104368797,0.7744353000785701,0.20850898379184787,-0.0,-0.0,-0.0,-0.018725571815832474,-0.0,-0.0,-0.0
4.7,0.7478081841846871,-0.4520605335854502,0.045743604868911755,1.8806608064696866,-0.027947713104368797,0.7744353000785701,0.20850898379184787,-0.0,-0.0,-0.0,-0.01854159601890124,-0.0,-0.0,-0.0
4.71,0.7478081841846871,-0.4520605335854502,0.045743604868911755,1.8804763462370717,-0.027947713104368797,0.7744353000785701,0.20850898379184787,-0.0,-0.0,-0.0,-0.018349016529516222,-0.0,-0.0,-0.0
4.72,0.7478081841846871,-0.4520605335854502,0.045743604868911755,1.880293854815208,-0.027947713104368797,0.7744353000785701,0.20850898379184787,-0.0,-0.0,-0.0,-0.018147834323912343,-0.0,-0.0,-0.0
4.73,0.7478081841846871,-0.4520605335854502,0.045743604868911755,1.8801134182117296,-0.027947713104368797,0.7744353000785701,0.20850898379184787,-0.0,-0.0,-0.0,-0.01793805389527826,-0.0,-0.0,-0.0
4.74,0.7478081841846871,-0.4520605335854502,0.045743604868911755,1.8799351223716816,-0.027947713104368797,0.7744353000785701,0.20850898379184787,-0.0,-0.0,-0.0,-0.017719683271181313,-0.0,-0.0,-0.0
4.75,0.7478081841846871,-0.4520605335854502,0.045743604868911755,1.879759053142094,-0.027947713104368797,0.7744353000785701,0.20850898379184787,-0.0,-0.0,-0.0,-0.01749273402954364,-0.0,-0.0,-0.0
4.76,0.7478081841846871,-0.4520605335854502,0.045743604868911755,1.8795852962364041,-0.027947713104368797,0.7744353000785701,0.20850898379184787,-0.0,-0.0,-0.0,-0.017257221313158256,-0.0,-0.0,-0.0
4.77,0.7478081841846871,-0.4520605335854502,0.045743604868911755,1.879413937198743,-0.027947713104368797,0.7744353000785701,0.20850898379184787,-0.0,-0.0,-0.0,-0.017013163842733877,-0.0,-0.0,-0.0
4.78,0.7478081841846871,-0.4520605335854502,0.045743604868911755,1.8792450613680958,-0.027947713104368797,0.7744353000785701,0.20850898379184787,-0.0,-0.0,-0.0,-0.01676058392845784,-0.0,-0.0,-0.0
4.79,0.7478081841846871,-0.4520605335854502,0.045743604868911755,1.8790787538423552,-0.027947713104368797,0.7744353000785701,0.20850898379184787,-0.0,-0.0,-0.0,-0.016499507480067607,-0.0,-0.0,-0.0
4.8,0.7478081841846871,-0.4520605335854502,0.045743604868911755,1.8789150994422836,-0.027947713104368797,0.7744353000785701,0.20850898379184787,-0.0,-0.0,-0.0,-0.016229964015421306,-0.0,-0.0,-0.0
4.81,0.7478081841846871,-0.4520605335854502,0.045743604868911755,1.8787541826753933,-0.027947713104368797,0.7744353000785701,0.20850898379184787,-0.0,-0.0,-0.0,-0.01595198666755913,-0.0,-0.0,-0.0
4.82,0.7478081841846871,-0.4520605335854502,0.045743604868911755,1.8785960876997667,-0.027947713104368797,0.7744353000785701,0.20850898379184787,-0.0,-0.0,-0.0,-0.015665612190247237,-0.0,-0.0,-0.0
4.83,0.7478081841846871,-0.4520605335854502,0.045743604868911755,1.8784408982878278,-0.027947713104368797,0.7744353000785701,0.20850898379184787,-0.0,-0.0,-0.0,-0.015370880961997438,-0.0,-0.0,-0.0
4.84,0.7478081841846871,-0.4520605335854502,0.045743604868911755,1.8782886977900806,-0.027947713104368797,0.7744353000785701,0.20850898379184787,-0.0,-0.0,-0.0,-0.015067836988555149,-0.0,-0.0,-0.0
4.85,0.7478081841846871,-0.4520605335854502,0.045743604868911755,1.8781395690988305,-0.027947713104368797,0.7744353000785701,0.20850898379184787,-0.0,-0.0,-0.0,-0.014756527903850713,-0.0,-0.0,-0.0
4.86,0.7478081841846871,-0.4520605335854502,0.045743604868911755,1.8779935946119055,-0.027947713104368797,0.7744353000785701,0.20850898379184787,-0.0,-0.0,-0.0,-0.01443700496940785,-0.0,-0.0,-0.0
4.87,0.7478081841846871,-0.4520605335854502,0.045743604868911755,1.8778508561963874,-0.027947713104368797,0.7744353000785701,0.20850898379184787,-0.0,-0.0,-0.0,-0.014109323072205155,-0.0,-0.0,-0.0
4.88,0.7478081841846871,-0.4520605335854502,0.045743604868911755,1.8777114351523765,-0.027947713104368797,0.7744353000785701,0.20850898379184787,-0.0,-0.0,-0.0,-0.013773540720986174,-0.0,-0.0,-0.0
4.89,0.7478081841846871,-0.4520605335854502,0.045743604868911755,1.877575412176798,-0.027947713104368797,0.7744353000785701,0.20850898379184787,-0.0,-0.0,-0.0,-0.013429720041015192,-0.0,-0.0,-0.0
4.9,0.7478081841846871,-0.4520605335854502,0.045743604868911755,1.877442867327269,-0.027947713104368797,0.7744353000785701,0.20850898379184787,-0.0,-0.0,-0.0,-0.01307792676727559,-0.0,-0.0,-0.0
4.91,0.7478081841846871,-0.4520605335854502,0.045743604868911755,1.877313879986043,-0.027947713104368797,0.7744353000785701,0.20850898379184787,-0.0,-0.0,-0.0,-0.012718230236109426,-0.0,-0.0,-0.0
4.92,0.7478081841846871,-0.4520605335854502,0.045743604868911755,1.8771885288240435,-0.027947713104368797,0.7744353000785701,0.20850898379184787,-0.0,-0.0,-0.0,-0.012350703375295813,-0.0,-0.0,-0.0
4.93,0.7478081841846871,-0.4520605335854502,0.045743604868911755,1.8770668917650064,-0.027947713104368797,0.7744353000785701,0.20850898379184787,-0.0,-0.0,-0.0,-0.011975422692568821,-0.0,-0.0,-0.0
4.94,0.7478081841846871,-0.4520605335854502,0.045743604868911755,1.8769490459497444,-0.027947713104368797,0.7744353000785701,0.20850898379184787,-0.0,-0.0,-0.0,-0.011592468262573772,-0.0,-0.0,-0.0
4.95,0.7478081841846871,-0.4520605335854502,0.045743604868911755,1.876835067700549,-0.027947713104368797,0.7744353000785701,0.20850898379184787,-0.0,-0.0,-0.0,-0.011201923712263334,-0.0,-0.0,-0.0
4.96,0.7478081841846871,-0.4520605335854502,0.045743604868911755,1.8767250324857474,-0.027947713104368797,0.7744353000785701,0.20850898379184787,-0.0,-0.0,-0.0,-0.01080387620473435,-0.0,-0.0,-0.0
4.97,0.7478081841846871,-0.4520605335854502,0.045743604868911755,1.8766190148844286,-0.027947713104368797,0.7744353000785701,0.20850898379184787,-0.0,-0.0,-0.0,-0.010398416421507815,-0.0,-0.0,-0.0
4.98,0.7478081841846871,-0.4520605335854502,0.045743604868911755,1.8765170885513538,-0.027947713104368797,0.7744353000785701,0.20850898379184787,-0.0,-0.0,-0.0,-0.009985638543254413,-0.0,-0.0,-0.0
4.99,0.7478081841846871,-0.4520605335854502,0.045743604868911755,1.8764193261820676,-0.027947713104368797,0.7744353000785701,0.20850898379184787,-0.0,-0.0,-0.0,-0.009565640228969611,-0.0,-0.0,-0.0
5.0,0.7478081841846871,-0.4520605335854502,0.045743604868911755,1.876325799478226,-0.027947713104368797,0.7744353000785701,0.20850898379184787,-0.0,-0.0,-0.0,-0.009138522593601263,-0.0,-0.0,-0.0
5.01,0.7478081841846871,-0.4520605335854502,0.045743604868911755,1.8762365791131546,-0.027947713104368797,0.7744353000785701,0.20850898379184787,-0.0,-0.0,-0.0,-0.00870439018413599,-0.0,-0.0,-0.0
5.02,0.7478081841846871,-0.4520605335854502,0.045743604868911755,1.876151734697654,-0.027947713104368797,0.7744353000785701,0.20850898379184787,-0.0,-0.0,-0.0,-0.008263350954148626,-0.0,-0.0,-0.0
5.03,0.7478081841846871,-0.4520605335854502,0.045743604868911755,1.8760713347460685,-0.027947713104368797,0.7744353000785701,0.20850898379184787,-0.0,-0.0,-0.0,-0.00781551623682118,-0.0,-0.0,-0.0
5.04,0.7478081841846871,-0.4520605335854502,0.045743604868911755,1.87599544664263,-0.027947713104368797,0.7744353000785701,0.20850898379184787,-0.0,-0.0,-0.0,-0.007361000716438821,-0.0,-0.0,-0.0
5.05,0.7478081841846871,-0.4520605335854502,0.045743604868911755,1.8759241366080974,-0.027947713104368797,0.7744353000785701,0.20850898379184787,-0.0,-0.0,-0.0,-0.00689992239836875,-0.0,-0.0,-0.0
5.06,0.7478081841846871,-0.4520605335854502,0.045743604868911755,1.8758574696667005,-0.027947713104368797,0.7744353000785701,0.20850898379184787,-0.0,-0.0,-0.0,-0.006432402577532106,-0.0,-0.0,-0.0
5.07,0.7478081841846871,-0.4520605335854502,0.045743604868911755,1.8757955096134091,-0.027947713104368797,0.7744353000785701,0.20850898379184787,-0.0,-0.0,-0.0,-0.005958565805376089,-0.0,-0.0,-0.0
5.08,0.7478081841846871,-0.4520605335854502,0.045743604868911755,1.87573831898154,-0.027947713104368797,0.7744353000785701,0.20850898379184787,-0.0,-0.0,-0.0,-0.005478539855356819,-0.0,-0.0,-0.0
5.09,0.7478081841846871,-0.4520605335854502,0.045743604868911755,1.8756859590107133,-0.027947713104368797,0.7744353000785701,0.20850898379184787,-0.0,-0.0,-0.0,-0.004992455686942321,-0.0,-0.0,-0.0
5.1,0.7478081841846871,-0.4520605335854502,0.045743604868911755,1.8756384896151812,-0.027947713104368797,0.7744353000785701,0.20850898379184787,-0.0,-0.0,-0.0,-0.004500447408147184,-0.0,-0.0,-0.0
5.11,0.7478081841846871,-0.4520605335854502,0.045743604868911755,1.875595969352534,-0.027947713104368797,0.7744353000785701,0.20850898379184787,-0.0,-0.0,-0.0,-0.004002652236609629,-0.0,-0.0,-0.0
5.12,0.7478081841846871,-0.4520605335854502,0.045743604868911755,1.8755584553928049,-0.027947713104368797,0.7744353000785701,0.20850898379184787,-0.0,-0.0,-0.0,-0.003499210459224091,-0.0,-0.0,-0.0
5.13,0.7478081841846871,-0.4520605335854502,0.045743604868911755,1.875526003487986,-0.027947713104368797,0.7744353000785701,0.20850898379184787,-0.0,-0.0,-0.0,-0.0029902653903404867,-0.0,-0.0,-0.0
5.14,0.7478081841846871,-0.4520605335854502,0.045743604868911755,1.8754986679419676,-0.027947713104368797,0.7744353000785701,0.20850898379184787,-0.0,-0.0,-0.0,-0.0024759633285455704,-0.0,-0.0,-0.0
5.15,0.7478081841846871,-0.4520605335854502,0.045743604868911755,1.875476501580919,-0.027947713104368797,0.7744353000785701,0.20850898379184787,-0.0,-0.0,-0.0,-0.001956453512038744,-0.0,-0.0,-0.0
5.16,0.7478081841846871,-0.4520605335854502,0.045743604868911755,1.8754595557241196,-0.027947713104368797,0.7744353000785701,0.20850898379184787,-0.0,-0.0,-0.0,-0.0014318880726180976,-0.0,-0.0,-0.0
5.17,0.7478081841846871,-0.4520605335854502,0.045743604868911755,1.8754478801552605,-0.027947713104368797,0.7744353000785701,0.20850898379184787,-0.0,-0.0,-0.0,-0.0009024219882912253,-0.0,-0.0,-0.0
5.18,0.7478081841846871,-0.4520605335854502,0.045743604868911755,1.8754415230942239,-0.027947713104368797,0.7744353000785701,0.20850898379184787,-0.0,-0.0,-0.0,-0.00036821303452747435,-0.0,-0.0,-0.0
5.19,0.7478081841846871,-0.4520605335854502,0.045743604868911755,1.875440531169358,-0.027947713104368797,0.7744353000785701,0.20850898379184787,0.0,0.0,0.0,0.00017057826583254798,0.0,0.0,0.0
5.2,0.7478081841846871,-0.4520605335854502,0.045743604868911755,1.8754449493902603,-0.027947713104368797,0.7744353000785701,0.20850898379184787,0.0,0.0,0.0,0.0007137886939919518,0.0,0.0,0.0
5.21,0.7478081841846871,-0.4520605335854502,0.045743604868911755,1.8754548211210782,-0.027947713104368797,0.7744353000785701,0.20850898379184787,0.0,0.0,0.0,0.0012612523879210404,0.0,0.0,0.0
5.22,0.7478081841846871,-0.4520605335854502,0.045743604868911755,1.8754701880543485,-0.027947713104368797,0.7744353000785701,0.20850898379184787,0.0,0.0,0.0,0.00181280089636872,0.0,0.0,0.0
5.23,0.7478081841846871,-0.4520605335854502,0.045743604868911755,1.8754910901853787,-0.027947713104368797,0.7744353000785701,0.20850898379184787,0.0,0.0,0.0,0.0023682632341446457,0.0,0.0,0.0
5.24,0.7478081841846871,-0.4520605335854502,0.045743604868911755,1.8755175657871894,-0.027947713104368797,0.7744353000785701,0.20850898379184787,0.0,0.0,0.0,0.002927465938651484,0.0,0.0,0.0
5.25,0.7478081841846871,-0.4520605335854502,0.045743604868911755,1.875549651386029,-0.027947713104368797,0.7744353000785701,0.20850898379184787,0.0,0.0,0.0,0.0034902331276478902,0.0,0.0,0.0
5.26,0.7478081841846871,-0.4520605335854502,0.045743604868911755,1.87558738173747,-0.027947713104368797,0.7744353000785701,0.20850898379184787,0.0,0.0,0.0,0.004056386558220795,0.0,0.0,0.0
5.27,0.7478081841846871,-0.4520605335854502,0.045743604868911755,1.8756307898031026,-0.027947713104368797,0.7744353000785701,0.20850898379184787,0.0,0.0,0.0,0.004625745686946401,0.0,0.0,0.0
5.28,0.7478081841846871,-0.4520605335854502,0.045743604868911755,1.8756799067278358,-0.027947713104368797,0.7744353000785701,0.20850898379184787,0.0,0.0,0.0,0.005198127731217386,0.0,0.0,0.0
5.29,0.7478081841846871,-0.4520605335854502,0.045743604868911755,1.875734761817816,-0.027947713104368797,0.7744353000785701,0.20850898379184787,0.0,0.0,0.0,0.005773347731714548,0.0,0.0,0.0
5.3,0.7478081841846871,-0.4520605335854502,0.045743604868911755,1.875795382518977,-0.027947713104368797,0.7744353000785701,0.20850898379184787,0.0,0.0,0.0,0.006351218615999806,0.0,0.0,0.0
5.31,0.7478081841846871,-0.4520605335854502,0.045743604868911755,1.8758617943962326,-0.027947713104368797,0.7744353000785701,0.20850898379184787,0.0,0.0,0.0,0.0069315512632068125,0.0,0.0,0.0
5.32,0.7478081841846871,-0.4520605335854502,0.045743604868911755,1.8759340211133189,-0.027947713104368797,0.7744353000785701,0.20850898379184787,0.0,0.0,0.0,0.007514154569805872,0.0,0.0,0.0
5.33,0.7478081841846871,-0.4520605335854502,0.045743604868911755,1.8760120844133008,-0.027947713104368797,0.7744353000785701,0.20850898379184787,0.0,0.0,0.0,0.008098835516417508,0.0,0.0,0.0
5.34,0.7478081841846871,-0.4520605335854502,0.045743604868911755,1.8760960040997536,-0.027947713104368797,0.7744353000785701,0.20850898379184787,0.0,0.0,0.0,0.008685399235651751,0.0,0.0,0.0
5.35,0.7478081841846871,-0.4520605335854502,0.045743604868911755,1.876185798018624,-0.027947713104368797,0.7744353000785701,0.20850898379184787,0.0,0.0,0.0,0.009273649080945275,0.0,0.0,0.0
5.36,0.7478081841846871,-0.4520605335854502,0.045743604868911755,1.8762814820407883,-0.027947713104368797,0.7744353000785701,0.20850898379184787,0.0,0.0,0.0,0.009863386696372364,0.0,0.0,0.0
5.37,0.7478081841846871,-0.4520605335854502,0.045743604868911755,1.876383070045311,-0.027947713104368797,0.7744353000785701,0.20850898379184787,0.0,0.0,0.0,0.01045441208740221,0.0,0.0,0.0
5.38,0.7478081841846871,-0.4520605335854502,0.045743604868911755,1.8764905739034163,-0.027947713104368797,0.7744353000785701,0.20850898379184787,0.0,0.0,0.0,0.011046523692576358,0.0,0.0,0.0
5.39,0.7478081841846871,-0.4520605335854502,0.045743604868911755,1.8766040034631815,-0.027947713104368797,0.7744353000785701,0.20850898379184787,0.0,0.0,0.0,0.011639518456078404,0.0,0.0,0.0
5.4,0.7478081841846871,-0.4520605335854502,0.045743604868911755,1.8767233665349594,-0.027947713104368797,0.7744353000785701,0.20850898379184787,0.0,0.0,0.0,0.012233191901168804,0.0,0.0,0.0
5.41,0.7478081841846871,-0.4520605335854502,0.045743604868911755,1.87684866887754,-0.027947713104368797,0.7744353000785701,0.20850898379184787,0.0,0.0,0.0,0.012827338204455653,0.0,0.0,0.0
5.42,0.7478081841846871,-0.4520605335854502,0.045743604868911755,1.8769799141850587,-0.027947713104368797,0.7744353000785701,0.20850898379184787,0.0,0.0,0.0,0.01342175027097453,0.0,0.0,0.0
5.43,0.7478081841846871,-0.4520605335854502,0.045743604868911755,1.877117104074659,-0.027947713104368797,0.7744353000785701,0.20850898379184787,0.0,0.0,0.0,0.014016219810046361,0.0,0.0,0.0
5.44,0.7478081841846871,-0.4520605335854502,0.045743604868911755,1.8772602380749182,-0.027947713104368797,0.7744353000785701,0.20850898379184787,0.0,0.0,0.0,0.014610537411885541,0.0,0.0,0.0
5.45,0.7478081841846871,-0.4520605335854502,0.045743604868911755,1.8774093136150414,-0.027947713104368797,0.7744353000785701,0.20850898379184787,0.0,0.0,0.0,0.01520449262492765,0.0,0.0,0.0
5.46,0.7478081841846871,-0.4520605335854502,0.045743604868911755,1.8775643260148345,-0.027947713104368797,0.7744353000785701,0.20850898379184787,0.0,0.0,0.0,0.015797874033847196,0.0,0.0,0.0
5.47,0.7478081841846871,-0.4520605335854502,0.045743604868911755,1.8777252684754593,-0.027947713104368797,0.7744353000785701,0.20850898379184787,0.0,0.0,0.0,0.016390469338234383,0.0,0.0,0.0
5.48,0.7478081841846871,-0.4520605335854502,0.045743604868911755,1.8778921320709776,-0.027947713104368797,0.7744353000785701,0.20850898379184787,0.0,0.0,0.0,0.01698206543190059,0.0,0.0,0.0
5.49,0.7478081841846871,-0.4520605335854502,0.045743604868911755,1.878064905740693,-0.027947713104368797,0.7744353000785701,0.20850898379184787,0.0,0.0,0.0,0.017572448482780518,0.0,0.0,0.0
5.5,0.7478081841846871,-0.4520605335854502,0.045743604868911755,1.8782435762822949,-0.027947713104368797,0.7744353000785701,0.20850898379184787,0.0,0.0,0.0,0.018161404013401255,0.0,0.0,0.0
5.51,0.7478081841846871,-0.4520605335854502,0.045743604868911755,1.8784281283458077,-0.027947713104368797,0.7744353000785701,0.20850898379184787,0.0,0.0,0.0,0.01874871698188416,0.0,0.0,0.0
5.52,0.7478081841846871,-0.4520605335854502,0.045743604868911755,1.878618544428354,-0.027947713104368797,0.7744353000785701,0.20850898379184787,0.0,0.0,0.0,0.019334171863449486,0.0,0.0,0.0
5.53,0.7478081841846871,-0.4520605335854502,0.045743604868911755,1.8788148048697366,-0.027947713104368797,0.7744353000785701,0.20850898379184787,0.0,0.0,0.0,0.01991755273239047,0.0,0.0,0.0
5.54,0.7478081841846871,-0.4520605335854502,0.045743604868911755,1.8790168878488387,-0.027947713104368797,0.7744353000785701,0.20850898379184787,0.0,0.0,0.0,0.020498643344483796,0.0,0.0,0.0
5.55,0.7478081841846871,-0.4520605335854502,0.045743604868911755,1.879224769380854,-0.027947713104368797,0.7744353000785701,0.20850898379184787,0.0,0.0,0.0,0.021077227219805355,0.0,0.0,0.0
5.56,0.7478081841846871,-0.4520605335854502,0.045743604868911755,1.8794384233153452,-0.027947713104368797,0.7744353000785701,0.20850898379184787,0.0,0.0,0.0,0.0216530877259158,0.0,0.0,0.0
5.57,0.7478081841846871,-0.4520605335854502,0.045743604868911755,1.8796578213351351,-0.027947713104368797,0.7744353000785701,0.20850898379184787,0.0,0.0,0.0,0.022226008161384495,0.0,0.0,0.0
5.58,0.7478081841846871,-0.4520605335854502,0.045743604868911755,1.8798829329560376,-0.027947713104368797,0.7744353000785701,0.20850898379184787,0.0,0.0,0.0,0.022795771839617222,0.0,0.0,0.0
5.59,0.7478081841846871,-0.4520605335854502,0.045743604868911755,1.8801137255274243,-0.027947713104368797,0.7744353000785701,0.20850898379184787,0.0,0.0,0.0,0.02336216217295468,0.0,0.0,0.0
5.6,0.7478081841846871,-0.4520605335854502,0.045743604868911755,1.880350164233636,-0.027947713104368797,0.7744353000785701,0.20850898379184787,0.0,0.0,0.0,0.0239249627570069,0.0,0.0,0.0
5.61,0.7478081841846871,-0.4520605335854502,0.045743604868911755,1.880592212096239,-0.027947713104368797,0.7744353000785701,0.20850898379184787,0.0,0.0,0.0,0.02448395745519067,0.0,0.0,0.0
5.62,0.7478081841846871,-0.4520605335854502,0.045743604868911755,1.8808398299771247,-0.027947713104368797,0.7744353000785701,0.20850898379184787,0.0,0.0,0.0,0.025038930483434217,0.0,0.0,0.0
5.63,0.7478081841846871,-0.4520605335854502,0.045743604868911755,1.8810929765824607,-0.027947713104368797,0.7744353000785701,0.20850898379184787,0.0,0.0,0.0,0.02558966649501673,0.0,0.0,0.0
5.64,0.7478081841846871,-0.4520605335854502,0.045743604868911755,1.8813516084674873,-0.027947713104368797,0.7744353000785701,0.20850898379184787,0.0,0.0,0.0,0.026135950665506114,0.0,0.0,0.0
5.65,0.7478081841846871,-0.4520605335854502,0.045743604868911755,1.8816156800421664,-0.027947713104368797,0.7744353000785701,0.20850898379184787,0.0,0.0,0.0,0.026677568777761923,0.0,0.0,0.0
5.66,0.7478081841846871,-0.4520605335854502,0.045743604868911755,1.8818851435776793,-0.027947713104368797,0.7744353000785701,0.20850898379184787,0.0,0.0,0.0,0.027214307306967875,0.0,0.0,0.0
5.67,0.7478081841846871,-0.4520605335854502,0.045743604868911755,1.882159949213775,-0.027947713104368797,0.7744353000785701,0.20850898379184787,0.0,0.0,0.0,0.02774595350565973,0.0,0.0,0.0
5.68,0.7478081841846871,-0.4520605335854502,0.045743604868911755,1.8824400449669685,-0.027947713104368797,0.7744353000785701,0.20850898379184787,0.0,0.0,0.0,0.028272295488713056,0.0,0.0,0.0
5.69,0.7478081841846871,-0.4520605335854502,0.045743604868911755,1.8827253767395895,-0.027947713104368797,0.7744353000785701,0.20850898379184787,0.0,0.0,0.0,0.028793122318256724,0.0,0.0,0.0
5.7,0.7478081841846871,-0.4520605335854502,0.045743604868911755,1.8830158883296786,-0.027947713104368797,0.7744353000785701,0.20850898379184787,0.0,0.0,0.0,0.029308224088475866,0.0,0.0,0.0
5.71,0.7478081841846871,-0.4520605335854502,0.045743604868911755,1.8833115214417309,-0.027947713104368797,0.7744353000785701,0.20850898379184787,0.0,0.0,0.0,0.02981739201027142,0.0,0.0,0.0
5.72,0.7478081841846871,-0.4520605335854502,0.045743604868911755,1.8836122156982866,-0.027947713104368797,0.7744353000785701,0.20850898379184787,0.0,0.0,0.0,0.03032041849573892,0.0,0.0,0.0
5.73,0.7478081841846871,-0.4520605335854502,0.045743604868911755,1.8839179086523643,-0.027947713104368797,0.7744353000785701,0.20850898379184787,0.0,0.0,0.0,0.030817097242433165,0.0,0.0,0.0
5.74,0.7478081841846871,-0.4520605335854502,0.045743604868911755,1.8842285358007347,-0.027947713104368797,0.7744353000785701,0.20850898379184787,0.0,0.0,0.0,0.03130722331738311,0.0,0.0,0.0
5.75,0.7478081841846871,-0.4520605335854502,0.045743604868911755,1.884544030598036,-0.027947713104368797,0.7744353000785701,0.20850898379184787,0.0,0.0,0.0,0.03179059324082239,0.0,0.0,0.0
5.76,0.7478081841846871,-0.4520605335854502,0.045743604868911755,1.8848643244717223,-0.027947713104368797,0.7744353000785701,0.20850898379184787,0.0,0.0,0.0,0.03226700506960028,0.0,0.0,0.0
5.77,0.7478081841846871,-0.4520605335854502,0.045743604868911755,1.8851893468378451,-0.027947713104368797,0.7744353000785701,0.20850898379184787,0.0,0.0,0.0,0.032736258480238326,0.0,0.0,0.0
5.78,0.7478081841846871,-0.4520605335854502,0.045743604868911755,1.8855190251176646,-0.027947713104368797,0.7744353000785701,0.20850898379184787,0.0,0.0,0.0,0.0331981548515982,0.0,0.0,0.0
5.79,0.7478081841846871,-0.4520605335854502,0.045743604868911755,1.8858532847550835,-0.027947713104368797,0.7744353000785701,0.20850898379184787,0.0,0.0,0.0,0.03365249734712576,0.0,0.0,0.0
5.8,0.7478081841846871,-0.4520605335854502,0.045743604868911755,1.8861920492349038,-0.027947713104368797,0.7744353000785701,0.20850898379184787,0.0,0.0,0.0,0.03409909099663715,0.0,0.0,0.0
5.81,0.7478081841846871,-0.4520605335854502,0.045743604868911755,1.8865352401018958,-0.027947713104368797,0.7744353000785701,0.20850898379184787,0.0,0.0,0.0,0.03453774277761215,0.0,0.0,0.0
5.82,0.7478081841846871,-0.4520605335854502,0.045743604868911755,1.8868827769806797,-0.027947713104368797,0.7744353000785701,0.20850898379184787,0.0,0.0,0.0,0.034968261695960866,0.0,0.0,0.0
5.83,0.7478081841846871,-0.4520605335854502,0.045743604868911755,1.8872345775964117,-0.027947713104368797,0.7744353000785701,0.20850898379184787,0.0,0.0,0.0,0.035390458866229144,0.0,0.0,0.0
5.84,0.7478081841846871,-0.4520605335854502,0.045743604868911755,1.8875905577962682,-0.027947713104368797,0.7744353000785701,0.20850898379184787,0.0,0.0,0.0,0.0358041475912097,0.0,0.0,0.0
5.85,0.7478081841846871,-0.4520605335854502,0.045743604868911755,1.8879506315717243,-0.027947713104368797,0.7744353000785701,0.20850898379184787,0.0,0.0,0.0,0.03620914344092404,0.0,0.0,0.0
5.86,0.7478081841846871,-0.4520605335854502,0.045743604868911755,1.8883147110816183,-0.027947713104368797,0.7744353000785701,0.20850898379184787,0.0,0.0,0.0,0.03660526433094235,0.0,0.0,0.0
5.87,0.7478081841846871,-0.4520605335854502,0.045743604868911755,1.8886827066759955,-0.027947713104368797,0.7744353000785701,0.20850898379184787,0.0,0.0,0.0,0.036992330600007846,0.0,0.0,0.0
5.88,0.7478081841846871,-0.4520605335854502,0.045743604868911755,1.889054526920725,-0.027947713104368797,0.7744353000785701,0.20850898379184787,0.0,0.0,0.0,0.03737016508693251,0.0,0.0,0.0
5.89,0.7478081841846871,-0.4520605335854502,0.045743604868911755,1.8894300786228824,-0.027947713104368797,0.7744353000785701,0.20850898379184787,0.0,0.0,0.0,0.03773859320673092,0.0,0.0,0.0
5.9,0.7478081841846871,-0.4520605335854502,0.045743604868911755,1.8898092668568882,-0.027947713104368797,0.7744353000785701,0.20850898379184787,0.0,0.0,0.0,0.038097443025960416,0.0,0.0,0.0
5.91,0.7478081841846871,-0.4520605335854502,0.045743604868911755,1.8901919949913975,-0.027947713104368797,0.7744353000785701,0.20850898379184787,0.0,0.0,0.0,0.038446545337233795,0.0,0.0,0.0
5.92,0.7478081841846871,-0.4520605335854502,0.045743604868911755,1.8905781647169284,-0.027947713104368797,0.7744353000785701,0.20850898379184787,0.0,0.0,0.0,0.038785733732874424,0.0,0.0,0.0
5.93,0.7478081841846871,-0.4520605335854502,0.045743604868911755,1.890967676074225,-0.027947713104368797,0.7744353000785701,0.20850898379184787,0.0,0.0,0.0,0.03911484467767992,0.0,0.0,0.0
5.94,0.7478081841846871,-0.4520605335854502,0.045743604868911755,1.891360427483341,-0.027947713104368797,0.7744353000785701,0.20850898379184787,0.0,0.0,0.0,0.03943371758076459,0.0,0.0,0.0
5.95,0.7478081841846871,-0.4520605335854502,0.045743604868911755,1.8917563157734394,-0.027947713104368797,0.7744353000785701,0.20850898379184787,0.0,0.0,0.0,0.03974219486644822,0.0,0.0,0.0
5.96,0.7478081841846871,-0.4520605335854502,0.045743604868911755,1.8921552362132932,-0.027947713104368797,0.7744353000785701,0.20850898379184787,0.0,0.0,0.0,0.04004012204416154,0.0,0.0,0.0
5.97,0.7478081841846871,-0.4520605335854502,0.045743604868911755,1.892557082542483,-0.027947713104368797,0.7744353000785701,0.20850898379184787,0.0,0.0,0.0,0.040327347777336806,0.0,0.0,0.0
5.98,0.7478081841846871,-0.4520605335854502,0.045743604868911755,1.892961747003277,-0.027947713104368797,0.7744353000785701,0.20850898379184787,0.0,0.0,0.0,0.04060372395125428,0.0,0.0,0.0
5.99,0.7478081841846871,-0.4520605335854502,0.045743604868911755,1.893369120373184,-0.027947713104368797,0.7744353000785701,0.20850898379184787,0.0,0.0,0.0,0.04086910573981421,0.0,0.0,0.0
6.0,0.7478081841846871,-0.4520605335854502,0.045743604868911755,1.8937790919981694,-0.027947713104368797,0.7744353000785701,0.20850898379184787,0.0,0.0,0.0,0.04112335167120565,0.0,0.0,0.0
6.01,0.7478081841846871,-0.4520605335854502,0.045743604868911755,1.8941915498265207,-0.027947713104368797,0.7744353000785701,0.20850898379184787,0.0,0.0,0.0,0.0413663236924425,0.0,0.0,0.0
6.02,0.7478081841846871,-0.4520605335854502,0.045743604868911755,1.8946063804433546,-0.027947713104368797,0.7744353000785701,0.20850898379184787,0.0,0.0,0.0,0.04159788723273868,0.0,0.0,0.0
6.03,0.7478081841846871,-0.4520605335854502,0.045743604868911755,1.8950234691057504,-0.027947713104368797,0.7744353000785701,0.20850898379184787,0.0,0.0,0.0,0.04181791126569451,0.0,0.0,0.0
6.04,0.7478081841846871,-0.4520605335854502,0.045743604868911755,1.8954426997784999,-0.027947713104368797,0.7744353000785701,0.20850898379184787,0.0,0.0,0.0,0.04202626837026577,0.0,0.0,0.0
6.05,0.7478081841846871,-0.4520605335854502,0.045743604868911755,1.8958639551704608,-0.027947713104368797,0.7744353000785701,0.20850898379184787,0.0,0.0,0.0,0.04222283479048969,0.0,0.0,0.0
6.06,0.7478081841846871,-0.4520605335854502,0.045743604868911755,1.8962871167715003,-0.027947713104368797,0.7744353000785701,0.20850898379184787,0.0,0.0,0.0,0.04240749049393956,0.0,0.0,0.0
6.07,0.7478081841846871,-0.4520605335854502,0.045743604868911755,1.8967120648900182,-0.027947713104368797,0.7744353000785701,0.20850898379184787,0.0,0.0,0.0,0.042580119228883107,0.0,0.0,0.0
6.08,0.7478081841846871,-0.4520605335854502,0.045743604868911755,1.8971386786910334,-0.027947713104368797,0.7744353000785701,0.20850898379184787,0.0,0.0,0.0,0.04274060858011763,0.0,0.0,0.0
6.09,0.7478081841846871,-0.4520605335854502,0.045743604868911755,1.8975668362348228,-0.027947713104368797,0.7744353000785701,0.20850898379184787,0.0,0.0,0.0,0.04288885002345779,0.0,0.0,0.0
6.1,0.7478081841846871,-0.4520605335854502,0.045743604868911755,1.8979964145160986,-0.027947713104368797,0.7744353000785701,0.20850898379184787,0.0,0.0,0.0,0.04302473897885039,0.0,0.0,0.0
6.11,0.7478081841846871,-0.4520605335854502,0.045743604868911755,1.8984272895037098,-0.027947713104368797,0.7744353000785701,0.20850898379184787,0.0,0.0,0.0,0.04314817486209251,0.0,0.0,0.0
6.12,0.7478081841846871,-0.4520605335854502,0.045743604868911755,1.8988593361808515,-0.027947713104368797,0.7744353000785701,0.20850898379184787,0.0,0.0,0.0,0.04325906113512877,0.0,0.0,0.0
6.13,0.7478081841846871,-0.4520605335854502,0.045743604868911755,1.8992924285857744,-0.027947713104368797,0.7744353000785701,0.20850898379184787,0.0,0.0,0.0,0.04335730535490524,0.0,0.0,0.0
6.14,0.7478081841846871,-0.4520605335854502,0.045743604868911755,1.8997264398529712,-0.027947713104368797,0.7744353000785701,0.20850898379184787,0.0,0.0,0.0,0.04344281922075668,0.0,0.0,0.0
6.15,0.7478081841846871,-0.4520605335854502,0.045743604868911755,1.9001612422548315,-0.027947713104368797,0.7744353000785701,0.20850898379184787,0.0,0.0,0.0,0.04351551862030561,0.0,0.0,0.0
6.16,0.7478081841846871,-0.4520605335854502,0.045743604868911755,1.9005967072437489,-0.027947713104368797,0.7744353000785701,0.20850898379184787,0.0,0.0,0.0,0.04357532367385145,0.0,0.0,0.0
6.17,0.7478081841846871,-0.4520605335854502,0.045743604868911755,1.9010327054946616,-0.027947713104368797,0.7744353000785701,0.20850898379184787,0.0,0.0,0.0,0.04362215877722901,0.0,0.0,0.0
6.18,0.7478081841846871,-0.4520605335854502,0.045743604868911755,1.9014691069480176,-0.027947713104368797,0.7744353000785701,0.20850898379184787,0.0,0.0,0.0,0.04365595264311587,0.0,0.0,0.0
6.19,0.7478081841846871,-0.4520605335854502,0.045743604868911755,1.9019057808531417,-0.027947713104368797,0.7744353000785701,0.20850898379184787,0.0,0.0,0.0,0.04367663834076922,0.0,0.0,0.0
6.2,0.7478081841846871,-0.4520605335854502,0.045743604868911755,1.9023425958119933,-0.027947713104368797,0.7744353000785701,0.20850898379184787,0.0,0.0,0.0,0.04368415333417278,0.0,0.0,0.0
6.21,0.7478081841846871,-0.4520605335854502,0.045743604868911755,1.9027794198232988,-0.027947713104368797,0.7744353000785701,0.20850898379184787,0.0,0.0,0.0,0.043678439518575626,0.0,0.0,0.0
6.22,0.7478081841846871,-0.4520605335854502,0.045743604868911755,1.9032161203270395,-0.027947713104368797,0.7744353000785701,0.20850898379184787,0.0,0.0,0.0,0.04365944325540484,0.0,0.0,0.0
6.23,0.7478081841846871,-0.4520605335854502,0.045743604868911755,1.903652564249281,-0.027947713104368797,0.7744353000785701,0.20850898379184787,0.0,0.0,0.0,0.043627115405535107,0.0,0.0,0.0
6.24,0.7478081841846871,-0.4520605335854502,0.045743604868911755,1.9040886180473275,-0.027947713104368797,0.7744353000785701,0.20850898379184787,0.0,0.0,0.0,0.04358141136089832,0.0,0.0,0.0
6.25,0.7478081841846871,-0.4520605335854502,0.045743604868911755,1.9045241477551829,-0.027947713104368797,0.7744353000785701,0.20850898379184787,0.0,0.0,0.0,0.043522291074417664,0.0,0.0,0.0
6.26,0.7478081841846871,-0.4520605335854502,0.045743604868911755,1.904959019029304,-0.027947713104368797,0.7744353000785701,0.20850898379184787,0.0,0.0,0.0,0.04344971908825066,0.0,0.0,0.0
6.27,0.7478081841846871,-0.4520605335854502,0.045743604868911755,1.9053930971946265,-0.027947713104368797,0.7744353000785701,0.20850898379184787,0.0,0.0,0.0,0.0433636645603269,0.0,0.0,0.0
6.28,0.7478081841846871,-0.4520605335854502,0.045743604868911755,1.9058262472908483,-0.027947713104368797,0.7744353000785701,0.20850898379184787,0.0,0.0,0.0,0.04326410128916623,0.0,0.0,0.0
6.29,0.7478081841846871,-0.4520605335854502,0.045743604868911755,1.9062583341189523,-0.027947713104368797,0.7744353000785701,0.20850898379184787,0.0,0.0,0.0,0.04315100773696448,0.0,0.0,0.0
6.3,0.7478081841846871,-0.4520605335854502,0.045743604868911755,1.906689222287952,-0.027947713104368797,0.7744353000785701,0.20850898379184787,0.0,0.0,0.0,0.04302436705093392,0.0,0.0,0.0
6.31,0.7478081841846871,-0.4520605335854502,0.045743604868911755,1.9071187762618396,-0.027947713104368797,0.7744353000785701,0.20850898379184787,0.0,0.0,0.0,0.04288416708288706,0.0,0.0,0.0
6.32,0.7478081841846871,-0.4520605335854502,0.045743604868911755,1.907546860406724,-0.027947713104368797,0.7744353000785701,0.20850898379184787,0.0,0.0,0.0,0.04273040040705194,0.0,0.0,0.0
6.33,0.7478081841846871,-0.4520605335854502,0.045743604868911755,1.9079733390381355,-0.027947713104368797,0.7744353000785701,0.20850898379184787,0.0,0.0,0.0,0.04256306433610937,0.0,0.0,0.0
6.34,0.7478081841846871,-0.4520605335854502,0.045743604868911755,1.9083980764684843,-0.027947713104368797,0.7744353000785701,0.20850898379184787,0.0,0.0,0.0,0.042382160935441456,0.0,0.0,0.0
6.35,0.7478081841846871,-0.4520605335854502,0.045743604868911755,1.9088209370546496,-0.027947713104368797,0.7744353000785701,0.20850898379184787,0.0,0.0,0.0,0.04218769703558329,0.0,0.0,0.0
6.36,0.7478081841846871,-0.4520605335854502,0.045743604868911755,1.909241785245688,-0.027947713104368797,0.7744353000785701,0.20850898379184787,0.0,0.0,0.0,0.04197968424286882,0.0,0.0,0.0
6.37,0.7478081841846871,-0.4520605335854502,0.045743604868911755,1.909660485630635,-0.027947713104368797,0.7744353000785701,0.20850898379184787,0.0,0.0,0.0,0.041758138948263746,0.0,0.0,0.0
6.38,0.7478081841846871,-0.4520605335854502,0.045743604868911755,1.9100769029863893,-0.027947713104368797,0.7744353000785701,0.20850898379184787,0.0,0.0,0.0,0.0415230823343783,0.0,0.0,0.0
6.39,0.7478081841846871,-0.4520605335854502,0.045743604868911755,1.9104909023256564,-0.027947713104368797,0.7744353000785701,0.20850898379184787,0.0,0.0,0.0,0.0412745403806542,0.0,0.0,0.0
6.4,0.7478081841846871,-0.4520605335854502,0.045743604868911755,1.9109023489449348,-0.027947713104368797,0.7744353000785701,0.20850898379184787,0.0,0.0,0.0,0.041012543866719854,0.0,0.0,0.0
6.41,0.7478081841846871,-0.4520605335854502,0.045743604868911755,1.9113111084725278,-0.027947713104368797,0.7744353000785701,0.20850898379184787,0.0,0.0,0.0,0.04073712837390988,0.0,0.0,0.0
6.42,0.7478081841846871,-0.4520605335854502,0.045743604868911755,1.9117170469165592,-0.027947713104368797,0.7744353000785701,0.20850898379184787,0.0,0.0,0.0,0.040448334284944,0.0,0.0,0.0
6.43,0.7478081841846871,-0.4520605335854502,0.045743604868911755,1.9121200307129798,-0.027947713104368797,0.7744353000785701,0.20850898379184787,0.0,0.0,0.0,0.04014620678176356,0.0,0.0,0.0
6.44,0.7478081841846871,-0.4520605335854502,0.045743604868911755,1.9125199267735389,-0.027947713104368797,0.7744353000785701,0.20850898379184787,0.0,0.0,0.0,0.039830795841521785,0.0,0.0,0.0
6.45,0.7478081841846871,-0.4520605335854502,0.045743604868911755,1.9129166025337103,-0.027947713104368797,0.7744353000785701,0.20850898379184787,0.0,0.0,0.0,0.03950215623072729,0.0,0.0,0.0
6.46,0.7478081841846871,-0.4520605335854502,0.045743604868911755,1.9133099260005484,-0.027947713104368797,0.7744353000785701,0.20850898379184787,0.0,0.0,0.0,0.039160347497539015,0.0,0.0,0.0
6.47,0.7478081841846871,-0.4520605335854502,0.045743604868911755,1.9136997658004584,-0.027947713104368797,0.7744353000785701,0.20850898379184787,0.0,0.0,0.0,0.03880543396221326,0.0,0.0,0.0
6.48,0.7478081841846871,-0.4520605335854502,0.045743604868911755,1.9140859912268613,-0.027947713104368797,0.7744353000785701,0.20850898379184787,0.0,0.0,0.0,0.038437484705702414,0.0,0.0,0.0
6.49,0.7478081841846871,-0.4520605335854502,0.045743604868911755,1.9144684722877372,-0.027947713104368797,0.7744353000785701,0.20850898379184787,0.0,0.0,0.0,0.03805657355640797,0.0,0.0,0.0
6.5,0.7478081841846871,-0.4520605335854502,0.045743604868911755,1.9148470797530255,-0.027947713104368797,0.7744353000785701,0.20850898379184787,0.0,0.0,0.0,0.037662779075088304,0.0,0.0,0.0
6.51,0.7478081841846871,-0.4520605335854502,0.045743604868911755,1.9152216852018644,-0.027947713104368797,0.7744353000785701,0.20850898379184787,0.0,0.0,0.0,0.037256184537925646,0.0,0.0,0.0
6.52,0.7478081841846871,-0.4520605335854502,0.045743604868911755,1.9155921610696542,-0.027947713104368797,0.7744353000785701,0.20850898379184787,0.0,0.0,0.0,0.036836877917754814,0.0,0.0,0.0
6.53,0.7478081841846871,-0.4520605335854502,0.045743604868911755,1.9159583806949219,-0.027947713104368797,0.7744353000785701,0.20850898379184787,0.0,0.0,0.0,0.036404951863458074,0.0,0.0,0.0
6.54,0.7478081841846871,-0.4520605335854502,0.045743604868911755,1.9163202183659702,-0.027947713104368797,0.7744353000785701,0.20850898379184787,0.0,0.0,0.0,0.035960503677532084,0.0,0.0,0.0
6.55,0.7478081841846871,-0.4520605335854502,0.045743604868911755,1.9166775493672952,-0.027947713104368797,0.7744353000785701,0.20850898379184787,0.0,0.0,0.0,0.035503635291831245,0.0,0.0,0.0
6.56,0.7478081841846871,-0.4520605335854502,0.045743604868911755,1.9170302500257497,-0.027947713104368797,0.7744353000785701,0.20850898379184787,0.0,0.0,0.0,0.035034453241495636,0.0,0.0,0.0
6.57,0.7478081841846871,-0.4520605335854502,0.045743604868911755,1.9173781977564397,-0.027947713104368797,0.7744353000785701,0.20850898379184787,0.0,0.0,0.0,0.034553068637069626,0.0,0.0,0.0
6.58,0.7478081841846871,-0.4520605335854502,0.045743604868911755,1.91772127110833,-0.027947713104368797,0.7744353000785701,0.20850898379184787,0.0,0.0,0.0,0.034059597134819944,0.0,0.0,0.0
6.59,0.7478081841846871,-0.4520605335854502,0.045743604868911755,1.918059349809547,-0.027947713104368797,0.7744353000785701,0.20850898379184787,0.0,0.0,0.0,0.03355415890526147,0.0,0.0,0.0
6.6,0.7478081841846871,-0.4520605335854502,0.045743604868911755,1.9183923148123554,-0.027947713104368797,0.7744353000785701,0.20850898379184787,0.0,0.0,0.0,0.0330368785999008,0.0,0.0,0.0
6.61,0.7478081841846871,-0.4520605335854502,0.045743604868911755,1.9187200483377942,-0.027947713104368797,0.7744353000785701,0.20850898379184787,0.0,0.0,0.0,0.032507885316207234,0.0,0.0,0.0
6.62,0.7478081841846871,-0.4520605335854502,0.045743604868911755,1.9190424339199548,-0.027947713104368797,0.7744353000785701,0.20850898379184787,0.0,0.0,0.0,0.03196731256082319,0.0,0.0,0.0
6.63,0.7478081841846871,-0.4520605335854502,0.045743604868911755,1.9193593564498814,-0.027947713104368797,0.7744353000785701,0.20850898379184787,0.0,0.0,0.0,0.03141529821102403,0.0,0.0,0.0
6.64,0.7478081841846871,-0.4520605335854502,0.045743604868911755,1.9196707022190762,-0.027947713104368797,0.7744353000785701,0.20850898379184787,0.0,0.0,0.0,0.03085198447444186,0.0,0.0,0.0
6.65,0.7478081841846871,-0.4520605335854502,0.045743604868911755,1.9199763589625958,-0.027947713104368797,0.7744353000785701,0.20850898379184787,0.0,0.0,0.0,0.030277517847064624,0.0,0.0,0.0
6.66,0.7478081841846871,-0.4520605335854502,0.045743604868911755,1.920276215901717,-0.027947713104368797,0.7744353000785701,0.20850898379184787,0.0,0.0,0.0,0.02969204906952568,0.0,0.0,0.0
6.67,0.7478081841846871,-0.4520605335854502,0.045743604868911755,1.9205701637861574,-0.027947713104368797,0.7744353000785701,0.20850898379184787,0.0,0.0,0.0,0.029095733081697307,0.0,0.0,0.0
6.68,0.7478081841846871,-0.4520605335854502,0.045743604868911755,1.920858094935834,-0.027947713104368797,0.7744353000785701,0.20850898379184787,0.0,0.0,0.0,0.02848872897560445,0.0,0.0,0.0
6.69,0.7478081841846871,-0.4520605335854502,0.045743604868911755,1.921139903282143,-0.027947713104368797,0.7744353000785701,0.20850898379184787,0.0,0.0,0.0,0.027871199946673815,0.0,0.0,0.0
6.7,0.7478081841846871,-0.4520605335854502,0.045743604868911755,1.9214154844087417,-0.027947713104368797,0.7744353000785701,0.20850898379184787,0.0,0.0,0.0,0.027243313243336016,0.0,0.0,0.0
6.71,0.7478081841846871,-0.4520605335854502,0.045743604868911755,1.9216847355918212,-0.027947713104368797,0.7744353000785701,0.20850898379184787,0.0,0.0,0.0,0.02660524011499638,0.0,0.0,0.0
6.72,0.7478081841846871,-0.4520605335854502,0.045743604868911755,1.9219475558398482,-0.027947713104368797,0.7744353000785701,0.20850898379184787,0.0,0.0,0.0,0.0259571557583946,0.0,0.0,0.0
6.73,0.7478081841846871,-0.4520605335854502,0.045743604868911755,1.9222038459327648,-0.027947713104368797,0.7744353000785701,0.20850898379184787,0.0,0.0,0.0,0.02529923926237016,0.0,0.0,0.0
6.74,0.7478081841846871,-0.4520605335854502,0.045743604868911755,1.922453508460625,-0.027947713104368797,0.7744353000785701,0.20850898379184787,0.0,0.0,0.0,0.024631673551053997,0.0,0.0,0.0
6.75,0.7478081841846871,-0.4520605335854502,0.045743604868911755,1.9226964478616586,-0.027947713104368797,0.7744353000785701,0.20850898379184787,0.0,0.0,0.0,0.023954645325505584,0.0,0.0,0.0
6.76,0.7478081841846871,-0.4520605335854502,0.045743604868911755,1.9229325704597418,-0.027947713104368797,0.7744353000785701,0.20850898379184787,0.0,0.0,0.0,0.023268345003816714,0.0,0.0,0.0
6.77,0.7478081841846871,-0.4520605335854502,0.045743604868911755,1.923161784501261,-0.027947713104368797,0.7744353000785701,0.20850898379184787,0.0,0.0,0.0,0.022572966659703278,0.0,0.0,0.0
6.78,0.7478081841846871,-0.4520605335854502,0.045743604868911755,1.9233840001913571,-0.027947713104368797,0.7744353000785701,0.20850898379184787,0.0,0.0,0.0,0.02186870795960634,0.0,0.0,0.0
6.79,0.7478081841846871,-0.4520605335854502,0.045743604868911755,1.9235991297295312,-0.027947713104368797,0.7744353000785701,0.20850898379184787,0.0,0.0,0.0,0.021155770098325987,0.0,0.0,0.0
6.8,0.7478081841846871,-0.4520605335854502,0.045743604868911755,1.9238070873446003,-0.027947713104368797,0.7744353000785701,0.20850898379184787,0.0,0.0,0.0,0.020434357733210107,0.0,0.0,0.0
6.81,0.7478081841846871,-0.4520605335854502,0.045743604868911755,1.9240077893289884,-0.027947713104368797,0.7744353000785701,0.20850898379184787,0.0,0.0,0.0,0.01970467891692296,0.0,0.0,0.0
6.82,0.7478081841846871,-0.4520605335854502,0.045743604868911755,1.9242011540723376,-0.027947713104368797,0.7744353000785701,0.20850898379184787,0.0,0.0,0.0,0.01896694502881679,0.0,0.0,0.0
6.83,0.7478081841846871,-0.4520605335854502,0.045743604868911755,1.924387102094425,-0.027947713104368797,0.7744353000785701,0.20850898379184787,0.0,0.0,0.0,0.01822137070493307,0.0,0.0,0.0
6.84,0.7478081841846871,-0.4520605335854502,0.045743604868911755,1.9245655560773756,-0.027947713104368797,0.7744353000785701,0.20850898379184787,0.0,0.0,0.0,0.017468173766656325,0.0,0.0,0.0
6.85,0.7478081841846871,-0.4520605335854502,0.045743604868911755,1.9247364408971526,-0.027947713104368797,0.7744353000785701,0.20850898379184787,0.0,0.0,0.0,0.01670757514804979,0.0,0.0,0.0
6.86,0.7478081841846871,-0.4520605335854502,0.045743604868911755,1.9248996836543155,-0.027947713104368797,0.7744353000785701,0.20850898379184787,0.0,0.0,0.0,0.015939798821896996,0.0,0.0,0.0
6.87,0.7478081841846871,-0.4520605335854502,0.045743604868911755,1.9250552137040322,-0.027947713104368797,0.7744353000785701,0.20850898379184787,0.0,0.0,0.0,0.015165071724478119,0.0,0.0,0.0
6.88,0.7478081841846871,-0.4520605335854502,0.045743604868911755,1.925202962685333,-0.027947713104368797,0.7744353000785701,0.20850898379184787,0.0,0.0,0.0,0.014383623679107707,0.0,0.0,0.0
6.89,0.7478081841846871,-0.4520605335854502,0.045743604868911755,1.9253428645495934,-0.027947713104368797,0.7744353000785701,0.20850898379184787,0.0,0.0,0.0,0.013595687318463142,0.0,0.0,0.0
6.9,0.7478081841846871,-0.4520605335854502,0.045743604868911755,1.9254748555882342,-0.027947713104368797,0.7744353000785701,0.20850898379184787,0.0,0.0,0.0,0.012801498005731535,0.0,0.0,0.0
6.91,0.7478081841846871,-0.4520605335854502,0.045743604868911755,1.925598874459628,-0.027947713104368797,0.7744353000785701,0.20850898379184787,0.0,0.0,0.0,0.01200129375460598,0.0,0.0,0.0
6.92,0.7478081841846871,-0.4520605335854502,0.045743604868911755,1.925714862215199,-0.027947713104368797,0.7744353000785701,0.20850898379184787,0.0,0.0,0.0,0.011195315148158276,0.0,0.0,0.0
6.93,0.7478081841846871,-0.4520605335854502,0.045743604868911755,1.925822762324707,-0.027947713104368797,0.7744353000785701,0.20850898379184787,0.0,0.0,0.0,0.010383805256621676,0.0,0.0,0.0
6.94,0.7478081841846871,-0.4520605335854502,0.045743604868911755,1.9259225207007036,-0.027947713104368797,0.7744353000785701,0.20850898379184787,0.0,0.0,0.0,0.009567009554111699,0.0,0.0,0.0
6.95,0.7478081841846871,-0.4520605335854502,0.045743604868911755,1.92601408572215,-0.027947713104368797,0.7744353000785701,0.20850898379184787,0.0,0.0,0.0,0.008745175834317885,0.0,0.0,0.0
6.96,0.7478081841846871,-0.4520605335854502,0.045743604868911755,1.926097408257187,-0.027947713104368797,0.7744353000785701,0.20850898379184787,0.0,0.0,0.0,0.007918554125196951,0.0,0.0,0.0
6.97,0.7478081841846871,-0.4520605335854502,0.045743604868911755,1.926172441685047,-0.027947713104368797,0.7744353000785701,0.20850898379184787,0.0,0.0,0.0,0.00708739660270055,0.0,0.0,0.0
6.98,0.7478081841846871,-0.4520605335854502,0.045743604868911755,1.9262391419170997,-0.027947713104368797,0.7744353000785701,0.20850898379184787,0.0,0.0,0.0,0.006251957503568959,0.0,0.0,0.0
6.99,0.7478081841846871,-0.4520605335854502,0.045743604868911755,1.9262974674170183,-0.027947713104368797,0.7744353000785701,0.20850898379184787,0.0,0.0,0.0,0.005412493037225277,0.0,0.0,0.0
7.0,0.7478081841846871,-0.4520605335854502,0.045743604868911755,1.9263473792200645,-0.027947713104368797,0.7744353000785701,0.20850898379184787,0.0,0.0,0.0,0.004569261296800643,0.0,0.0,0.0
7.01,0.7478081841846871,-0.4520605335854502,0.045743604868911755,1.926388840951475,-0.027947713104368797,0.7744353000785701,0.20850898379184787,0.0,0.0,0.0,0.0037225221693275557,0.0,0.0,0.0
7.02,0.7478081841846871,-0.4520605335854502,0.045743604868911755,1.9264218188439495,-0.027947713104368797,0.7744353000785701,0.20850898379184787,0.0,0.0,0.0,0.0028725372451325875,0.0,0.0,0.0
7.03,0.7478081841846871,-0.4520605335854502,0.045743604868911755,1.9264462817542272,-0.027947713104368797,0.7744353000785701,0.20850898379184787,0.0,0.0,0.0,0.0020195697264639777,0.0,0.0,0.0
7.04,0.7478081841846871,-0.4520605335854502,0.045743604868911755,1.9264622011787456,-0.027947713104368797,0.7744353000785701,0.20850898379184787,0.0,0.0,0.0,0.0011638843353896612,0.0,0.0,0.0
7.05,0.7478081841846871,-0.4520605335854502,0.045743604868911755,1.9264695512683758,-0.027947713104368797,0.7744353000785701,0.20850898379184787,0.0,0.0,0.0,0.0003057472209981854,0.0,0.0,0.0
7.06,0.7478081841846871,-0.4520605335854502,0.045743604868911755,1.9264683088422256,-0.027947713104368797,0.7744353000785701,0.20850898379184787,-0.0,-0.0,-0.0,-0.0005545741340587375,-0.0,-0.0,-0.0
7.07,0.7478081841846871,-0.4520605335854502,0.045743604868911755,1.9264584534005056,-0.027947713104368797,0.7744353000785701,0.20850898379184787,-0.0,-0.0,-0.0,-0.0014168110076491925,-0.0,-0.0,-0.0
7.08,0.7478081841846871,-0.4520605335854502,0.045743604868911755,1.9264399671364507,-0.027947713104368797,0.7744353000785701,0.20850898379184787,-0.0,-0.0,-0.0,-0.002280693532831937,-0.0,-0.0,-0.0
7.09,0.7478081841846871,-0.4520605335854502,0.045743604868911755,1.9264128349472927,-0.027947713104368797,0.7744353000785701,0.20850898379184787,-0.0,-0.0,-0.0,-0.0031459507930800784,-0.0,-0.0,-0.0
7.1,0.7478081841846871,-0.4520605335854502,0.045743604868911755,1.926377044444278,-0.027947713104368797,0.7744353000785701,0.20850898379184787,-0.0,-0.0,-0.0,-0.0040123109180201216,-0.0,-0.0,-0.0
7.11,0.7478081841846871,-0.4520605335854502,0.045743604868911755,1.9263325859617255,-0.027947713104368797,0.7744353000785701,0.20850898379184787,-0.0,-0.0,-0.0,-0.004879501179650658,-0.0,-0.0,-0.0
7.12,0.7478081841846871,-0.4520605335854502,0.045743604868911755,1.926279452565119,-0.027947713104368797,0.7744353000785701,0.20850898379184787,-0.0,-0.0,-0.0,-0.0057472480890026,-0.0,-0.0,-0.0
7.13,0.7478081841846871,-0.4520605335854502,0.045743604868911755,1.926217640058233,-0.027947713104368797,0.7744353000785701,0.20850898379184787,-0.0,-0.0,-0.0,-0.0066152774932052676,-0.0,-0.0,-0.0
7.14,0.7478081841846871,-0.4520605335854502,0.045743604868911755,1.9261471469892844,-0.027947713104368797,0.7744353000785701,0.20850898379184787,-0.0,-0.0,-0.0,-0.007483314672920208,-0.0,-0.0,-0.0
7.15,0.7478081841846871,-0.4520605335854502,0.045743604868911755,1.9260679746561085,-0.027947713104368797,0.7744353000785701,0.20850898379184787,-0.0,-0.0,-0.0,-0.008351084440105084,-0.0,-0.0,-0.0
7.16,0.7478081841846871,-0.4520605335854502,0.045743604868911755,1.925980127110356,-0.027947713104368797,0.7744353000785701,0.20850898379184787,-0.0,-0.0,-0.0,-0.009218311236069681,-0.0,-0.0,-0.0
7.17,0.7478081841846871,-0.4520605335854502,0.045743604868911755,1.9258836111607085,-0.027947713104368797,0.7744353000785701,0.20850898379184787,-0.0,-0.0,-0.0,-0.010084719229788664,-0.0,-0.0,-0.0
7.18,0.7478081841846871,-0.4520605335854502,0.045743604868911755,1.925778436375109,-0.027947713104368797,0.7744353000785701,0.20850898379184787,-0.0,-0.0,-0.0,-0.01095003241642946,-0.0,-0.0,-0.0
7.19,0.7478081841846871,-0.4520605335854502,0.045743604868911755,1.925664615082006,-0.027947713104368797,0.7744353000785701,0.20850898379184787,-0.0,-0.0,-0.0,-0.011813974716059642,-0.0,-0.0,-0.0
7.2,0.7478081841846871,-0.4520605335854502,0.045743604868911755,1.925542162370612,-0.027947713104368797,0.7744353000785701,0.20850898379184787,-0.0,-0.0,-0.0,-0.012676270072495402,-0.0,-0.0,-0.0
7.21,0.7478081841846871,-0.4520605335854502,0.045743604868911755,1.9254110960901696,-0.027947713104368797,0.7744353000785701,0.20850898379184787,-0.0,-0.0,-0.0,-0.013536642552252728,-0.0,-0.0,-0.0
7.22,0.7478081841846871,-0.4520605335854502,0.045743604868911755,1.9252714368482307,-0.027947713104368797,0.7744353000785701,0.20850898379184787,-0.0,-0.0,-0.0,-0.014394816443561755,-0.0,-0.0,-0.0
7.23,0.7478081841846871,-0.4520605335854502,0.045743604868911755,1.9251232080079432,-0.027947713104368797,0.7744353000785701,0.20850898379184787,-0.0,-0.0,-0.0,-0.015250516355408635,-0.0,-0.0,-0.0
7.24,0.7478081841846871,-0.4520605335854502,0.045743604868911755,1.9249664356843492,-0.027947713104368797,0.7744353000785701,0.20850898379184787,-0.0,-0.0,-0.0,-0.01610346731656326,-0.0,-0.0,-0.0
7.25,0.7478081841846871,-0.4520605335854502,0.045743604868911755,1.9248011487396912,-0.027947713104368797,0.7744353000785701,0.20850898379184787,-0.0,-0.0,-0.0,-0.016953394874557687,-0.0,-0.0,-0.0
7.26,0.7478081841846871,-0.4520605335854502,0.045743604868911755,1.9246273787777308,-0.027947713104368797,0.7744353000785701,0.20850898379184787,-0.0,-0.0,-0.0,-0.017800025194573715,-0.0,-0.0,-0.0
7.27,0.7478081841846871,-0.4520605335854502,0.045743604868911755,1.9244451601370782,-0.027947713104368797,0.7744353000785701,0.20850898379184787,-0.0,-0.0,-0.0,-0.018643085158204155,-0.0,-0.0,-0.0
7.28,0.7478081841846871,-0.4520605335854502,0.045743604868911755,1.9242545298835343,-0.027947713104368797,0.7744353000785701,0.20850898379184787,-0.0,-0.0,-0.0,-0.019482302462047154,-0.0,-0.0,-0.0
7.29,0.7478081841846871,-0.4520605335854502,0.045743604868911755,1.924055527801449,-0.027947713104368797,0.7744353000785701,0.20850898379184787,-0.0,-0.0,-0.0,-0.02031740571609552,-0.0,-0.0,-0.0
7.3,0.7478081841846871,-0.4520605335854502,0.045743604868911755,1.9238481963840965,-0.027947713104368797,0.7744353000785701,0.20850898379184787,-0.0,-0.0,-0.0,-0.02114812454188523,-0.0,-0.0,-0.0
7.31,0.7478081841846871,-0.4520605335854502,0.045743604868911755,1.9236325808230699,-0.027947713104368797,0.7744353000785701,0.20850898379184787,-0.0,-0.0,-0.0,-0.021974189670360997,-0.0,-0.0,-0.0
7.32,0.7478081841846871,-0.4520605335854502,0.045743604868911755,1.9234087289966988,-0.027947713104368797,0.7744353000785701,0.20850898379184787,-0.0,-0.0,-0.0,-0.02279533303942346,-0.0,-0.0,-0.0
7.33,0.7478081841846871,-0.4520605335854502,0.045743604868911755,1.9231766914574948,-0.027947713104368797,0.7744353000785701,0.20850898379184787,-0.0,-0.0,-0.0,-0.023611287891119343,-0.0,-0.0,-0.0
7.34,0.7478081841846871,-0.4520605335854502,0.045743604868911755,1.922936521418624,-0.027947713104368797,0.7744353000785701,0.20850898379184787,-0.0,-0.0,-0.0,-0.024421788868436847,-0.0,-0.0,-0.0
7.35,0.7478081841846871,-0.4520605335854502,0.045743604868911755,1.9226882747394167,-0.027947713104368797,0.7744353000785701,0.20850898379184787,-0.0,-0.0,-0.0,-0.025226572111667116,-0.0,-0.0,-0.0
7.36,0.7478081841846871,-0.4520605335854502,0.045743604868911755,1.9224320099099137,-0.027947713104368797,0.7744353000785701,0.20850898379184787,-0.0,-0.0,-0.0,-0.026025375354296665,-0.0,-0.0,-0.0
7.37,0.7478081841846871,-0.4520605335854502,0.045743604868911755,1.9221677880344574,-0.027947713104368797,0.7744353000785701,0.20850898379184787,-0.0,-0.0,-0.0,-0.02681793801839049,-0.0,-0.0,-0.0
7.38,0.7478081841846871,-0.4520605335854502,0.045743604868911755,1.9218956728143315,-0.027947713104368797,0.7744353000785701,0.20850898379184787,-0.0,-0.0,-0.0,-0.027604001309431296,-0.0,-0.0,-0.0
7.39,0.7478081841846871,-0.4520605335854502,0.045743604868911755,1.9216157305294541,-0.027947713104368797,0.7744353000785701,0.20850898379184787,-0.0,-0.0,-0.0,-0.028383308310574975,-0.0,-0.0,-0.0
7.4,0.7478081841846871,-0.4520605335854502,0.045743604868911755,1.921328030019134,-0.027947713104368797,0.7744353000785701,0.20850898379184787,-0.0,-0.0,-0.0,-0.029155604076288394,-0.0,-0.0,-0.0
7.41,0.7478081841846871,-0.4520605335854502,0.045743604868911755,1.9210326426618902,-0.027947713104368797,0.7744353000785701,0.20850898379184787,-0.0,-0.0,-0.0,-0.0299206357253299,-0.0,-0.0,-0.0
7.42,0.7478081841846871,-0.4520605335854502,0.045743604868911755,1.9207296423543483,-0.027947713104368797,0.7744353000785701,0.20850898379184787,-0.0,-0.0,-0.0,-0.03067815253303856,-0.0,-0.0,-0.0
7.43,0.7478081841846871,-0.4520605335854502,0.045743604868911755,1.9204191054892157,-0.027947713104368797,0.7744353000785701,0.20850898379184787,-0.0,-0.0,-0.0,-0.03142790602289461,-0.0,-0.0,-0.0
7.44,0.7478081841846871,-0.4520605335854502,0.045743604868911755,1.9201011109323451,-0.027947713104368797,0.7744353000785701,0.20850898379184787,-0.0,-0.0,-0.0,-0.032169650057315625,-0.0,-0.0,-0.0
7.45,0.7478081841846871,-0.4520605335854502,0.045743604868911755,1.919775739998896,-0.027947713104368797,0.7744353000785701,0.20850898379184787,-0.0,-0.0,-0.0,-0.032903140927651994,-0.0,-0.0,-0.0
7.46,0.7478081841846871,-0.4520605335854502,0.045743604868911755,1.9194430764285972,-0.027947713104368797,0.7744353000785701,0.20850898379184787,-0.0,-0.0,-0.0,-0.03362813744334887,-0.0,-0.0,-0.0
7.47,0.7478081841846871,-0.4520605335854502,0.045743604868911755,1.9191032063601243,-0.027947713104368797,0.7744353000785701,0.20850898379184787,-0.0,-0.0,-0.0,-0.03434440102023618,-0.0,-0.0,-0.0
7.48,0.7478081841846871,-0.4520605335854502,0.045743604868911755,1.9187562183045987,-0.027947713104368797,0.7744353000785701,0.20850898379184787,-0.0,-0.0,-0.0,-0.03505169576791434,-0.0,-0.0,-0.0
7.49,0.7478081841846871,-0.4520605335854502,0.045743604868911755,1.918402203118216,-0.027947713104368797,0.7744353000785701,0.20850898379184787,-0.0,-0.0,-0.0,-0.03574978857620087,-0.0,-0.0,-0.0
7.5,0.7478081841846871,-0.4520605335854502,0.045743604868911755,1.9180412539740155,-0.027947713104368797,0.7744353000785701,0.20850898379184787,-0.0,-0.0,-0.0,-0.03643844920060373,-0.0,-0.0,-0.0
7.51,0.7478081841846871,-0.4520605335854502,0.045743604868911755,1.9176734663328017,-0.027947713104368797,0.7744353000785701,0.20850898379184787,-0.0,-0.0,-0.0,-0.03711745034678774,-0.0,-0.0,-0.0
7.52,0.7478081841846871,-0.4520605335854502,0.045743604868911755,1.9172989379132226,-0.027947713104368797,0.7744353000785701,0.20850898379184787,-0.0,-0.0,-0.0,-0.03778656775400071,-0.0,-0.0,-0.0
7.53,0.7478081841846871,-0.4520605335854502,0.045743604868911755,1.9169177686610228,-0.027947713104368797,0.7744353000785701,0.20850898379184787,-0.0,-0.0,-0.0,-0.038445580277427484,-0.0,-0.0,-0.0
7.54,0.7478081841846871,-0.4520605335854502,0.045743604868911755,1.9165300607174762,-0.027947713104368797,0.7744353000785701,0.20850898379184787,-0.0,-0.0,-0.0,-0.03909426996943776,-0.0,-0.0,-0.0
7.55,0.7478081841846871,-0.4520605335854502,0.045743604868911755,1.9161359183870128,-0.027947713104368797,0.7744353000785701,0.20850898379184787,-0.0,-0.0,-0.0,-0.03973242215969745,-0.0,-0.0,-0.0
7.56,0.7478081841846871,-0.4520605335854502,0.045743604868911755,1.91573544810405,-0.027947713104368797,0.7744353000785701,0.20850898379184787,-0.0,-0.0,-0.0,-0.040359825534110993,-0.0,-0.0,-0.0
7.57,0.7478081841846871,-0.4520605335854502,0.045743604868911755,1.9153287583990404,-0.027947713104368797,0.7744353000785701,0.20850898379184787,-0.0,-0.0,-0.0,-0.04097627221256379,-0.0,-0.0,-0.0
7.58,0.7478081841846871,-0.4520605335854502,0.045743604868911755,1.914915959863749,-0.027947713104368797,0.7744353000785701,0.20850898379184787,-0.0,-0.0,-0.0,-0.04158155782543364,-0.0,-0.0,-0.0
7.59,0.7478081841846871,-0.4520605335854502,0.045743604868911755,1.91449716511577,-0.027947713104368797,0.7744353000785701,0.20850898379184787,-0.0,-0.0,-0.0,-0.04217548158884275,-0.0,-0.0,-0.0
7.6,0.7478081841846871,-0.4520605335854502,0.045743604868911755,1.914072488762299,-0.027947713104368797,0.7744353000785701,0.20850898379184787,-0.0,-0.0,-0.0,-0.042757846378618285,-0.0,-0.0,-0.0
7.61,0.7478081841846871,-0.4520605335854502,0.045743604868911755,1.913642047363172,-0.027947713104368797,0.7744353000785701,0.20850898379184787,-0.0,-0.0,-0.0,-0.04332845880293368,-0.0,-0.0,-0.0
7.62,0.7478081841846871,-0.4520605335854502,0.045743604868911755,1.913205959393183,-0.027947713104368797,0.7744353000785701,0.20850898379184787,-0.0,-0.0,-0.0,-0.043887129273602145,-0.0,-0.0,-0.0
7.63,0.7478081841846871,-0.4520605335854502,0.045743604868911755,1.9127643452036986,-0.027947713104368797,0.7744353000785701,0.20850898379184787,-0.0,-0.0,-0.0,-0.04443367207599393,-0.0,-0.0,-0.0
7.64,0.7478081841846871,-0.4520605335854502,0.045743604868911755,1.912317326983578,-0.027947713104368797,0.7744353000785701,0.20850898379184787,-0.0,-0.0,-0.0,-0.044967905437549006,-0.0,-0.0,-0.0
7.65,0.7478081841846871,-0.4520605335854502,0.045743604868911755,1.9118650287194148,-0.027947713104368797,0.7744353000785701,0.20850898379184787,-0.0,-0.0,-0.0,-0.045489651594859924,-0.0,-0.0,-0.0
7.66,0.7478081841846871,-0.4520605335854502,0.045743604868911755,1.911407576155117,-0.027947713104368797,0.7744353000785701,0.20850898379184787,-0.0,-0.0,-0.0,-0.04599873685929624,-0.0,-0.0,-0.0
7.67,0.7478081841846871,-0.4520605335854502,0.045743604868911755,1.9109450967508375,-0.027947713104368797,0.7744353000785701,0.20850898379184787,-0.0,-0.0,-0.0,-0.04649499168114661,-0.0,-0.0,-0.0
7.68,0.7478081841846871,-0.4520605335854502,0.045743604868911755,1.9104777196412701,-0.027947713104368797,0.7744353000785701,0.20850898379184787,-0.0,-0.0,-0.0,-0.04697825071225134,-0.0,-0.0,-0.0
7.69,0.7478081841846871,-0.4520605335854502,0.045743604868911755,1.910005575593327,-0.027947713104368797,0.7744353000785701,0.20850898379184787,-0.0,-0.0,-0.0,-0.04744835286710241,-0.0,-0.0,-0.0
7.7,0.7478081841846871,-0.4520605335854502,0.045743604868911755,1.9095287969632133,-0.027947713104368797,0.7744353000785701,0.20850898379184787,-0.0,-0.0,-0.0,-0.04790514138238524,-0.0,-0.0,-0.0
7.71,0.7478081841846871,-0.4520605335854502,0.045743604868911755,1.9090475176529147,-0.027947713104368797,0.7744353000785701,0.20850898379184787,-0.0,-0.0,-0.0,-0.04834846387493984,-0.0,-0.0,-0.0
7.72,0.7478081841846871,-0.4520605335854502,0.045743604868911755,1.9085618730661116,-0.027947713104368797,0.7744353000785701,0.20850898379184787,-0.0,-0.0,-0.0,-0.048778172398118075,-0.0,-0.0,-0.0
7.73,0.7478081841846871,-0.4520605335854502,0.045743604868911755,1.9080720000635398,-0.027947713104368797,0.7744353000785701,0.20850898379184787,-0.0,-0.0,-0.0,-0.04919412349651439,-0.0,-0.0,-0.0
7.74,0.7478081841846871,-0.4520605335854502,0.045743604868911755,1.9075780369178115,-0.027947713104368797,0.7744353000785701,0.20850898379184787,-0.0,-0.0,-0.0,-0.04959617825904839,-0.0,-0.0,-0.0
7.75,0.7478081841846871,-0.4520605335854502,0.045743604868911755,1.9070801232677124,-0.027947713104368797,0.7744353000785701,0.20850898379184787,-0.0,-0.0,-0.0,-0.049984202370379566,-0.0,-0.0,-0.0
7.76,0.7478081841846871,-0.4520605335854502,0.045743604868911755,1.9065784000719956,-0.027947713104368797,0.7744353000785701,0.20850898379184787,-0.0,-0.0,-0.0,-0.05035806616063173,-0.0,-0.0,-0.0
7.77,0.7478081841846871,-0.4520605335854502,0.045743604868911755,1.9060730095626848,-0.027947713104368797,0.7744353000785701,0.20850898379184787,-0.0,-0.0,-0.0,-0.0507176446534089,-0.0,-0.0,-0.0
7.78,0.7478081841846871,-0.4520605335854502,0.045743604868911755,1.905564095197906,-0.027947713104368797,0.7744353000785701,0.20850898379184787,-0.0,-0.0,-0.0,-0.05106281761208369,-0.0,-0.0,-0.0
7.79,0.7478081841846871,-0.4520605335854502,0.045743604868911755,1.9050518016142675,-0.027947713104368797,0.7744353000785701,0.20850898379184787,-0.0,-0.0,-0.0,-0.05139346958433873,-0.0,-0.0,-0.0
7.8,0.7478081841846871,-0.4520605335854502,0.045743604868911755,1.904536274578799,-0.027947713104368797,0.7744353000785701,0.20850898379184787,-0.0,-0.0,-0.0,-0.05170948994494504,-0.0,-0.0,-0.0
7.81,0.7478081841846871,-0.4520605335854502,0.045743604868911755,1.9040176609404764,-0.027947713104368797,0.7744353000785701,0.20850898379184787,-0.0,-0.0,-0.0,-0.05201077293675898,-0.0,-0.0,-0.0
7.82,0.7478081841846871,-0.4520605335854502,0.045743604868911755,1.9034961085813422,-0.027947713104368797,0.7744353000785701,0.20850898379184787,-0.0,-0.0,-0.0,-0.05229721770992263,-0.0,-0.0,-0.0
7.83,0.7478081841846871,-0.4520605335854502,0.045743604868911755,1.902971766367244,-0.027947713104368797,0.7744353000785701,0.20850898379184787,-0.0,-0.0,-0.0,-0.052568728359251304,-0.0,-0.0,-0.0
7.84,0.7478081841846871,-0.4520605335854502,0.045743604868911755,1.9024447840982102,-0.027947713104368797,0.7744353000785701,0.20850898379184787,-0.0,-0.0,-0.0,-0.052825213959794004,-0.0,-0.0,-0.0
7.85,0.7478081841846871,-0.4520605335854502,0.045743604868911755,1.901915312458475,-0.027947713104368797,0.7744353000785701,0.20850898379184787,-0.0,-0.0,-0.0,-0.05306658860055238,-0.0,-0.0,-0.0
7.86,0.7478081841846871,-0.4520605335854502,0.045743604868911755,1.9013835029661796,-0.027947713104368797,0.7744353000785701,0.20850898379184787,-0.0,-0.0,-0.0,-0.05329277141634477,-0.0,-0.0,-0.0
7.87,0.7478081841846871,-0.4520605335854502,0.045743604868911755,1.900849507922763,-0.027947713104368797,0.7744353000785701,0.20850898379184787,-0.0,-0.0,-0.0,-0.0535036866178029,-0.0,-0.0,-0.0
7.88,0.7478081841846871,-0.4520605335854502,0.045743604868911755,1.9003134803620596,-0.027947713104368797,0.7744353000785701,0.20850898379184787,-0.0,-0.0,-0.0,-0.05369926351948952,-0.0,-0.0,-0.0
7.89,0.7478081841846871,-0.4520605335854502,0.045743604868911755,1.8997755739991293,-0.027947713104368797,0.7744353000785701,0.20850898379184787,-0.0,-0.0,-0.0,-0.05387943656612531,-0.0,-0.0,-0.0
7.9,0.7478081841846871,-0.4520605335854502,0.045743604868911755,1.8992359431788317,-0.027947713104368797,0.7744353000785701,0.20850898379184787,-0.0,-0.0,-0.0,-0.0540441453569152,-0.0,-0.0,-0.0
7.91,0.7478081841846871,-0.4520605335854502,0.045743604868911755,1.8986947428241678,-0.027947713104368797,0.7744353000785701,0.20850898379184787,-0.0,-0.0,-0.0,-0.05419333466796403,-0.0,-0.0,-0.0
7.92,0.7478081841846871,-0.4520605335854502,0.045743604868911755,1.8981521283844063,-0.027947713104368797,0.7744353000785701,0.20850898379184787,-0.0,-0.0,-0.0,-0.054326954472773095,-0.0,-0.0,-0.0
7.93,0.7478081841846871,-0.4520605335854502,0.045743604868911755,1.8976082557830163,-0.027947713104368797,0.7744353000785701,0.20850898379184787,-0.0,-0.0,-0.0,-0.054444959960809086,-0.0,-0.0,-0.0
7.94,0.7478081841846871,-0.4520605335854502,0.045743604868911755,1.8970632813654222,-0.027947713104368797,0.7744353000785701,0.20850898379184787,-0.0,-0.0,-0.0,-0.05454731155413826,-0.0,-0.0,-0.0
7.95,0.7478081841846871,-0.4520605335854502,0.045743604868911755,1.8965173618466025,-0.027947713104368797,0.7744353000785701,0.20850898379184787,-0.0,-0.0,-0.0,-0.054633974922119154,-0.0,-0.0,-0.0
7.96,0.7478081841846871,-0.4520605335854502,0.045743604868911755,1.895970654258552,-0.027947713104368797,0.7744353000785701,0.20850898379184787,-0.0,-0.0,-0.0,-0.0547049209941482,-0.0,-0.0,-0.0
7.97,0.7478081841846871,-0.4520605335854502,0.045743604868911755,1.8954233158976252,-0.027947713104368797,0.7744353000785701,0.20850898379184787,-0.0,-0.0,-0.0,-0.054760125970452815,-0.0,-0.0,-0.0
7.98,0.7478081841846871,-0.4520605335854502,0.045743604868911755,1.894875504271783,-0.027947713104368797,0.7744353000785701,0.20850898379184787,-0.0,-0.0,-0.0,-0.05479957133092822,-0.0,-0.0,-0.0
7.99,0.7478081841846871,-0.4520605335854502,0.045743604868911755,1.8943273770477593,-0.027947713104368797,0.7744353000785701,0.20850898379184787,-0.0,-0.0,-0.0,-0.05482324384201393,-0.0,-0.0,-0.0
8.0,0.7478081841846871,-0.4520605335854502,0.045743604868911755,1.8937790919981694,-0.027947713104368797,0.7744353000785701,0.20850898379184787,-0.0,-0.0,-0.0,-0.05483113556160755,-0.0,-0.0,-0.0
8.01,0.7478081841846871,-0.4520605335854502,0.045743604868911755,1.8932308069485795,-0.027947713104368797,0.7744353000785701,0.20850898379184787,-0.0,-0.0,-0.0,-0.05482324384201393,-0.0,-0.0,-0.0
8.02,0.7478081841846871,-0.4520605335854502,0.045743604868911755,1.8926826797245557,-0.027947713104368797,0.7744353000785701,0.20850898379184787,-0.0,-0.0,-0.0,-0.05479957133092822,-0.0,-0.0,-0.0
8.03,0.7478081841846871,-0.4520605335854502,0.045743604868911755,1.8921348680987136,-0.027947713104368797,0.7744353000785701,0.20850898379184787,-0.0,-0.0,-0.0,-0.05476012597045282,-0.0,-0.0,-0.0
8.04,0.7478081841846871,-0.4520605335854502,0.045743604868911755,1.8915875297377869,-0.027947713104368797,0.7744353000785701,0.20850898379184787,-0.0,-0.0,-0.0,-0.0547049209941482,-0.0,-0.0,-0.0
8.05,0.7478081841846871,-0.4520605335854502,0.045743604868911755,1.8910408221497363,-0.027947713104368797,0.7744353000785701,0.20850898379184787,-0.0,-0.0,-0.0,-0.054633974922119154,-0.0,-0.0,-0.0
8.06,0.7478081841846871,-0.4520605335854502,0.045743604868911755,1.8904949026309166,-0.027947713104368797,0.7744353000785701,0.20850898379184787,-0.0,-0.0,-0.0,-0.05454731155413825,-0.0,-0.0,-0.0
8.07,0.7478081841846871,-0.4520605335854502,0.045743604868911755,1.8899499282133225,-0.027947713104368797,0.7744353000785701,0.20850898379184787,-0.0,-0.0,-0.0,-0.05444495996080909,-0.0,-0.0,-0.0
8.08,0.7478081841846871,-0.4520605335854502,0.045743604868911755,1.8894060556119325,-0.027947713104368797,0.7744353000785701,0.20850898379184787,-0.0,-0.0,-0.0,-0.0543269544727731,-0.0,-0.0,-0.0
8.09,0.7478081841846871,-0.4520605335854502,0.045743604868911755,1.888863441172171,-0.027947713104368797,0.7744353000785701,0.20850898379184787,-0.0,-0.0,-0.0,-0.054193334667964034,-0.0,-0.0,-0.0
8.1,0.7478081841846871,-0.4520605335854502,0.045743604868911755,1.888322240817507,-0.027947713104368797,0.7744353000785701,0.20850898379184787,-0.0,-0.0,-0.0,-0.05404414535691521,-0.0,-0.0,-0.0
8.11,0.7478081841846871,-0.4520605335854502,0.045743604868911755,1.8877826099972095,-0.027947713104368797,0.7744353000785701,0.20850898379184787,-0.0,-0.0,-0.0,-0.053879436566125316,-0.0,-0.0,-0.0
8.12,0.7478081841846871,-0.4520605335854502,0.045743604868911755,1.8872447036342792,-0.027947713104368797,0.7744353000785701,0.20850898379184787,-0.0,-0.0,-0.0,-0.05369926351948954,-0.0,-0.0,-0.0
8.13,0.7478081841846871,-0.4520605335854502,0.045743604868911755,1.8867086760735758,-0.027947713104368797,0.7744353000785701,0.20850898379184787,-0.0,-0.0,-0.0,-0.05350368661780289,-0.0,-0.0,-0.0
8.14,0.7478081841846871,-0.4520605335854502,0.045743604868911755,1.8861746810301592,-0.027947713104368797,0.7744353000785701,0.20850898379184787,-0.0,-0.0,-0.0,-0.05329277141634475,-0.0,-0.0,-0.0
8.15,0.7478081841846871,-0.4520605335854502,0.045743604868911755,1.885642871537864,-0.027947713104368797,0.7744353000785701,0.20850898379184787,-0.0,-0.0,-0.0,-0.05306658860055238,-0.0,-0.0,-0.0
8.16,0.7478081841846871,-0.4520605335854502,0.045743604868911755,1.8851133998981286,-0.027947713104368797,0.7744353000785701,0.20850898379184787,-0.0,-0.0,-0.0,-0.05282521395979401,-0.0,-0.0,-0.0
8.17,0.7478081841846871,-0.4520605335854502,0.045743604868911755,1.8845864176290947,-0.027947713104368797,0.7744353000785701,0.20850898379184787,-0.0,-0.0,-0.0,-0.05256872835925131,-0.0,-0.0,-0.0
8.18,0.7478081841846871,-0.4520605335854502,0.045743604868911755,1.8840620754149966,-0.027947713104368797,0.7744353000785701,0.20850898379184787,-0.0,-0.0,-0.0,-0.05229721770992264,-0.0,-0.0,-0.0
8.19,0.7478081841846871,-0.4520605335854502,0.045743604868911755,1.8835405230558624,-0.027947713104368797,0.7744353000785701,0.20850898379184787,-0.0,-0.0,-0.0,-0.052010772936759014,-0.0,-0.0,-0.0
8.2,0.7478081841846871,-0.4520605335854502,0.045743604868911755,1.8830219094175398,-0.027947713104368797,0.7744353000785701,0.20850898379184787,-0.0,-0.0,-0.0,-0.05170948994494509,-0.0,-0.0,-0.0
8.21,0.7478081841846871,-0.4520605335854502,0.045743604868911755,1.8825063823820714,-0.027947713104368797,0.7744353000785701,0.20850898379184787,-0.0,-0.0,-0.0,-0.05139346958433874,-0.0,-0.0,-0.0
8.22,0.7478081841846871,-0.4520605335854502,0.045743604868911755,1.8819940887984328,-0.027947713104368797,0.7744353000785701,0.20850898379184787,-0.0,-0.0,-0.0,-0.05106281761208367,-0.0,-0.0,-0.0
8.23,0.7478081841846871,-0.4520605335854502,0.045743604868911755,1.881485174433654,-0.027947713104368797,0.7744353000785701,0.20850898379184787,-0.0,-0.0,-0.0,-0.05071764465340894,-0.0,-0.0,-0.0
8.24,0.7478081841846871,-0.4520605335854502,0.045743604868911755,1.8809797839243432,-0.027947713104368797,0.7744353000785701,0.20850898379184787,-0.0,-0.0,-0.0,-0.050358066160631744,-0.0,-0.0,-0.0
8.25,0.7478081841846871,-0.4520605335854502,0.045743604868911755,1.8804780607286264,-0.027947713104368797,0.7744353000785701,0.20850898379184787,-0.0,-0.0,-0.0,-0.04998420237037958,-0.0,-0.0,-0.0
8.26,0.7478081841846871,-0.4520605335854502,0.045743604868911755,1.8799801470785273,-0.027947713104368797,0.7744353000785701,0.20850898379184787,-0.0,-0.0,-0.0,-0.0495961782590484,-0.0,-0.0,-0.0
8.27,0.7478081841846871,-0.4520605335854502,0.045743604868911755,1.879486183932799,-0.027947713104368797,0.7744353000785701,0.20850898379184787,-0.0,-0.0,-0.0,-0.04919412349651442,-0.0,-0.0,-0.0
8.28,0.7478081841846871,-0.4520605335854502,0.045743604868911755,1.8789963109302272,-0.027947713104368797,0.7744353000785701,0.20850898379184787,-0.0,-0.0,-0.0,-0.048778172398118144,-0.0,-0.0,-0.0
8.29,0.7478081841846871,-0.4520605335854502,0.045743604868911755,1.8785106663434241,-0.027947713104368797,0.7744353000785701,0.20850898379184787,-0.0,-0.0,-0.0,-0.048348463874939906,-0.0,-0.0,-0.0
8.3,0.7478081841846871,-0.4520605335854502,0.045743604868911755,1.8780293870331255,-0.027947713104368797,0.7744353000785701,0.20850898379184787,-0.0,-0.0,-0.0,-0.047905141382385205,-0.0,-0.0,-0.0
8.31,0.7478081841846871,-0.4520605335854502,0.045743604868911755,1.8775526084030119,-0.027947713104368797,0.7744353000785701,0.20850898379184787,-0.0,-0.0,-0.0,-0.04744835286710243,-0.0,-0.0,-0.0
8.32,0.7478081841846871,-0.4520605335854502,0.045743604868911755,1.8770804643550687,-0.027947713104368797,0.7744353000785701,0.20850898379184787,-0.0,-0.0,-0.0,-0.04697825071225137,-0.0,-0.0,-0.0
8.33,0.7478081841846871,-0.4520605335854502,0.045743604868911755,1.8766130872455014,-0.027947713104368797,0.7744353000785701,0.20850898379184787,-0.0,-0.0,-0.0,-0.046494991681146625,-0.0,-0.0,-0.0
8.34,0.7478081841846871,-0.4520605335854502,0.045743604868911755,1.8761506078412218,-0.027947713104368797,0.7744353000785701,0.20850898379184787,-0.0,-0.0,-0.0,-0.045998736859296264,-0.0,-0.0,-0.0
8.35,0.7478081841846871,-0.4520605335854502,0.045743604868911755,1.8756931552769243,-0.027947713104368797,0.7744353000785701,0.20850898379184787,-0.0,-0.0,-0.0,-0.045489651594859945,-0.0,-0.0,-0.0
8.36,0.7478081841846871,-0.4520605335854502,0.045743604868911755,1.8752408570127608,-0.027947713104368797,0.7744353000785701,0.20850898379184787,-0.0,-0.0,-0.0,-0.04496790543754909,-0.0,-0.0,-0.0
8.37,0.7478081841846871,-0.4520605335854502,0.045743604868911755,1.8747938387926402,-0.027947713104368797,0.7744353000785701,0.20850898379184787,-0.0,-0.0,-0.0,-0.04443367207599397,-0.0,-0.0,-0.0
8.38,0.7478081841846871,-0.4520605335854502,0.045743604868911755,1.8743522246031559,-0.027947713104368797,0.7744353000785701,0.20850898379184787,-0.0,-0.0,-0.0,-0.04388712927360211,-0.0,-0.0,-0.0
8.39,0.7478081841846871,-0.4520605335854502,0.045743604868911755,1.873916136633167,-0.027947713104368797,0.7744353000785701,0.20850898379184787,-0.0,-0.0,-0.0,-0.04332845880293363,-0.0,-0.0,-0.0
8.4,0.7478081841846871,-0.4520605335854502,0.045743604868911755,1.8734856952340397,-0.027947713104368797,0.7744353000785701,0.20850898379184787,-0.0,-0.0,-0.0,-0.04275784637861832,-0.0,-0.0,-0.0
8.41,0.7478081841846871,-0.4520605335854502,0.045743604868911755,1.8730610188805688,-0.027947713104368797,0.7744353000785701,0.20850898379184787,-0.0,-0.0,-0.0,-0.04217548158884278,-0.0,-0.0,-0.0
8.42,0.7478081841846871,-0.4520605335854502,0.045743604868911755,1.8726422241325897,-0.027947713104368797,0.7744353000785701,0.20850898379184787,-0.0,-0.0,-0.0,-0.041581557825433664,-0.0,-0.0,-0.0
8.43,0.7478081841846871,-0.4520605335854502,0.045743604868911755,1.8722294255972984,-0.027947713104368797,0.7744353000785701,0.20850898379184787,-0.0,-0.0,-0.0,-0.040976272212563836,-0.0,-0.0,-0.0
8.44,0.7478081841846871,-0.4520605335854502,0.045743604868911755,1.8718227358922888,-0.027947713104368797,0.7744353000785701,0.20850898379184787,-0.0,-0.0,-0.0,-0.040359825534111084,-0.0,-0.0,-0.0
8.45,0.7478081841846871,-0.4520605335854502,0.045743604868911755,1.871422265609326,-0.027947713104368797,0.7744353000785701,0.20850898379184787,-0.0,-0.0,-0.0,-0.039732422159697536,-0.0,-0.0,-0.0
8.46,0.7478081841846871,-0.4520605335854502,0.045743604868911755,1.8710281232788626,-0.027947713104368797,0.7744353000785701,0.20850898379184787,-0.0,-0.0,-0.0,-0.039094269969437725,-0.0,-0.0,-0.0
8.47,0.7478081841846871,-0.4520605335854502,0.045743604868911755,1.870640415335316,-0.027947713104368797,0.7744353000785701,0.20850898379184787,-0.0,-0.0,-0.0,-0.03844558027742752,-0.0,-0.0,-0.0
8.48,0.7478081841846871,-0.4520605335854502,0.045743604868911755,1.8702592460831162,-0.027947713104368797,0.7744353000785701,0.20850898379184787,-0.0,-0.0,-0.0,-0.03778656775400074,-0.0,-0.0,-0.0
8.49,0.7478081841846871,-0.4520605335854502,0.045743604868911755,1.8698847176635371,-0.027947713104368797,0.7744353000785701,0.20850898379184787,-0.0,-0.0,-0.0,-0.037117450346787775,-0.0,-0.0,-0.0
8.5,0.7478081841846871,-0.4520605335854502,0.045743604868911755,1.8695169300223233,-0.027947713104368797,0.7744353000785701,0.20850898379184787,-0.0,-0.0,-0.0,-0.03643844920060376,-0.0,-0.0,-0.0
8.51,0.7478081841846871,-0.4520605335854502,0.045743604868911755,1.869155980878123,-0.027947713104368797,0.7744353000785701,0.20850898379184787,-0.0,-0.0,-0.0,-0.03574978857620089,-0.0,-0.0,-0.0
8.52,0.7478081841846871,-0.4520605335854502,0.045743604868911755,1.86880196569174,-0.027947713104368797,0.7744353000785701,0.20850898379184787,-0.0,-0.0,-0.0,-0.035051695767914386,-0.0,-0.0,-0.0
8.53,0.7478081841846871,-0.4520605335854502,0.045743604868911755,1.8684549776362145,-0.027947713104368797,0.7744353000785701,0.20850898379184787,-0.0,-0.0,-0.0,-0.03434440102023621,-0.0,-0.0,-0.0
8.54,0.7478081841846871,-0.4520605335854502,0.045743604868911755,1.8681151075677416,-0.027947713104368797,0.7744353000785701,0.20850898379184787,-0.0,-0.0,-0.0,-0.03362813744334898,-0.0,-0.0,-0.0
8.55,0.7478081841846871,-0.4520605335854502,0.045743604868911755,1.8677824439974429,-0.027947713104368797,0.7744353000785701,0.20850898379184787,-0.0,-0.0,-0.0,-0.03290314092765195,-0.0,-0.0,-0.0
8.56,0.7478081841846871,-0.4520605335854502,0.045743604868911755,1.8674570730639937,-0.027947713104368797,0.7744353000785701,0.20850898379184787,-0.0,-0.0,-0.0,-0.032169650057315584,-0.0,-0.0,-0.0
8.57,0.7478081841846871,-0.4520605335854502,0.045743604868911755,1.8671390785071231,-0.027947713104368797,0.7744353000785701,0.20850898379184787,-0.0,-0.0,-0.0,-0.03142790602289464,-0.0,-0.0,-0.0
8.58,0.7478081841846871,-0.4520605335854502,0.045743604868911755,1.8668285416419905,-0.027947713104368797,0.7744353000785701,0.20850898379184787,-0.0,-0.0,-0.0,-0.030678152533038596,-0.0,-0.0,-0.0
8.59,0.7478081841846871,-0.4520605335854502,0.045743604868911755,1.8665255413344486,-0.027947713104368797,0.7744353000785701,0.20850898379184787,-0.0,-0.0,-0.0,-0.029920635725329936,-0.0,-0.0,-0.0
8.6,0.7478081841846871,-0.4520605335854502,0.045743604868911755,1.8662301539772048,-0.027947713104368797,0.7744353000785701,0.20850898379184787,-0.0,-0.0,-0.0,-0.029155604076288425,-0.0,-0.0,-0.0
8.61,0.7478081841846871,-0.4520605335854502,0.045743604868911755,1.8659424534668847,-0.027947713104368797,0.7744353000785701,0.20850898379184787,-0.0,-0.0,-0.0,-0.0283833083105751,-0.0,-0.0,-0.0
8.62,0.7478081841846871,-0.4520605335854502,0.045743604868911755,1.8656625111820075,-0.027947713104368797,0.7744353000785701,0.20850898379184787,-0.0,-0.0,-0.0,-0.027604001309431424,-0.0,-0.0,-0.0
8.63,0.7478081841846871,-0.4520605335854502,0.045743604868911755,1.8653903959618814,-0.027947713104368797,0.7744353000785701,0.20850898379184787,-0.0,-0.0,-0.0,-0.02681793801839053,-0.0,-0.0,-0.0
8.64,0.7478081841846871,-0.4520605335854502,0.045743604868911755,1.8651261740864251,-0.027947713104368797,0.7744353000785701,0.20850898379184787,-0.0,-0.0,-0.0,-0.026025375354296613,-0.0,-0.0,-0.0
8.65,0.7478081841846871,-0.4520605335854502,0.045743604868911755,1.864869909256922,-0.027947713104368797,0.7744353000785701,0.20850898379184787,-0.0,-0.0,-0.0,-0.025226572111667143,-0.0,-0.0,-0.0
8.66,0.7478081841846871,-0.4520605335854502,0.045743604868911755,1.8646216625777148,-0.027947713104368797,0.7744353000785701,0.20850898379184787,-0.0,-0.0,-0.0,-0.024421788868436888,-0.0,-0.0,-0.0
8.67,0.7478081841846871,-0.4520605335854502,0.045743604868911755,1.864381492538844,-0.027947713104368797,0.7744353000785701,0.20850898379184787,-0.0,-0.0,-0.0,-0.02361128789111938,-0.0,-0.0,-0.0
8.68,0.7478081841846871,-0.4520605335854502,0.045743604868911755,1.86414945499964,-0.027947713104368797,0.7744353000785701,0.20850898379184787,-0.0,-0.0,-0.0,-0.022795333039423493,-0.0,-0.0,-0.0
8.69,0.7478081841846871,-0.4520605335854502,0.045743604868911755,1.8639256031732692,-0.027947713104368797,0.7744353000785701,0.20850898379184787,-0.0,-0.0,-0.0,-0.021974189670361036,-0.0,-0.0,-0.0
8.7,0.7478081841846871,-0.4520605335854502,0.045743604868911755,1.8637099876122423,-0.027947713104368797,0.7744353000785701,0.20850898379184787,-0.0,-0.0,-0.0,-0.021148124541885364,-0.0,-0.0,-0.0
8.71,0.7478081841846871,-0.4520605335854502,0.045743604868911755,1.8635026561948898,-0.027947713104368797,0.7744353000785701,0.20850898379184787,-0.0,-0.0,-0.0,-0.020317405716095464,-0.0,-0.0,-0.0
8.72,0.7478081841846871,-0.4520605335854502,0.045743604868911755,1.8633036541128045,-0.027947713104368797,0.7744353000785701,0.20850898379184787,-0.0,-0.0,-0.0,-0.0194823024620471,-0.0,-0.0,-0.0
8.73,0.7478081841846871,-0.4520605335854502,0.045743604868911755,1.8631130238592606,-0.027947713104368797,0.7744353000785701,0.20850898379184787,-0.0,-0.0,-0.0,-0.018643085158204193,-0.0,-0.0,-0.0
8.74,0.7478081841846871,-0.4520605335854502,0.045743604868911755,1.862930805218608,-0.027947713104368797,0.7744353000785701,0.20850898379184787,-0.0,-0.0,-0.0,-0.017800025194573754,-0.0,-0.0,-0.0
8.75,0.7478081841846871,-0.4520605335854502,0.045743604868911755,1.8627570352566476,-0.027947713104368797,0.7744353000785701,0.20850898379184787,-0.0,-0.0,-0.0,-0.016953394874557725,-0.0,-0.0,-0.0
8.76,0.7478081841846871,-0.4520605335854502,0.045743604868911755,1.8625917483119896,-0.027947713104368797,0.7744353000785701,0.20850898379184787,-0.0,-0.0,-0.0,-0.0161034673165633,-0.0,-0.0,-0.0
8.77,0.7478081841846871,-0.4520605335854502,0.045743604868911755,1.8624349759883956,-0.027947713104368797,0.7744353000785701,0.20850898379184787,-0.0,-0.0,-0.0,-0.015250516355408672,-0.0,-0.0,-0.0
8.78,0.7478081841846871,-0.4520605335854502,0.045743604868911755,1.8622867471481082,-0.027947713104368797,0.7744353000785701,0.20850898379184787,-0.0,-0.0,-0.0,-0.01439481644356189,-0.0,-0.0,-0.0
8.79,0.7478081841846871,-0.4520605335854502,0.045743604868911755,1.8621470879061692,-0.027947713104368797,0.7744353000785701,0.20850898379184787,-0.0,-0.0,-0.0,-0.01353664255225277,-0.0,-0.0,-0.0
8.8,0.7478081841846871,-0.4520605335854502,0.045743604868911755,1.8620160216257269,-0.027947713104368797,0.7744353000785701,0.20850898379184787,-0.0,-0.0,-0.0,-0.012676270072495348,-0.0,-0.0,-0.0
8.81,0.7478081841846871,-0.4520605335854502,0.045743604868911755,1.8618935689143328,-0.027947713104368797,0.7744353000785701,0.20850898379184787,-0.0,-0.0,-0.0,-0.011813974716059588,-0.0,-0.0,-0.0
8.82,0.7478081841846871,-0.4520605335854502,0.045743604868911755,1.8617797476212299,-0.027947713104368797,0.7744353000785701,0.20850898379184787,-0.0,-0.0,-0.0,-0.0109500324164295,-0.0,-0.0,-0.0
8.83,0.7478081841846871,-0.4520605335854502,0.045743604868911755,1.8616745728356303,-0.027947713104368797,0.7744353000785701,0.20850898379184787,-0.0,-0.0,-0.0,-0.010084719229788708,-0.0,-0.0,-0.0
8.84,0.7478081841846871,-0.4520605335854502,0.045743604868911755,1.8615780568859828,-0.027947713104368797,0.7744353000785701,0.20850898379184787,-0.0,-0.0,-0.0,-0.009218311236069721,-0.0,-0.0,-0.0
8.85,0.7478081841846871,-0.4520605335854502,0.045743604868911755,1.8614902093402304,-0.027947713104368797,0.7744353000785701,0.20850898379184787,-0.0,-0.0,-0.0,-0.008351084440105124,-0.0,-0.0,-0.0
8.86,0.7478081841846871,-0.4520605335854502,0.045743604868911755,1.8614110370070545,-0.027947713104368797,0.7744353000785701,0.20850898379184787,-0.0,-0.0,-0.0,-0.007483314672920344,-0.0,-0.0,-0.0
8.87,0.7478081841846871,-0.4520605335854502,0.045743604868911755,1.8613405439381059,-0.027947713104368797,0.7744353000785701,0.20850898379184787,-0.0,-0.0,-0.0,-0.0066152774932054055,-0.0,-0.0,-0.0
8.88,0.7478081841846871,-0.4520605335854502,0.045743604868911755,1.8612787314312198,-0.027947713104368797,0.7744353000785701,0.20850898379184787,-0.0,-0.0,-0.0,-0.005747248089002543,-0.0,-0.0,-0.0
8.89,0.7478081841846871,-0.4520605335854502,0.045743604868911755,1.8612255980346133,-0.027947713104368797,0.7744353000785701,0.20850898379184787,-0.0,-0.0,-0.0,-0.004879501179650697,-0.0,-0.0,-0.0
8.9,0.7478081841846871,-0.4520605335854502,0.045743604868911755,1.8611811395520608,-0.027947713104368797,0.7744353000785701,0.20850898379184787,-0.0,-0.0,-0.0,-0.004012310918020161,-0.0,-0.0,-0.0
8.91,0.7478081841846871,-0.4520605335854502,0.045743604868911755,1.8611453490490462,-0.027947713104368797,0.7744353000785701,0.20850898379184787,-0.0,-0.0,-0.0,-0.00314595079308012,-0.0,-0.0,-0.0
8.92,0.7478081841846871,-0.4520605335854502,0.045743604868911755,1.861118216859888,-0.027947713104368797,0.7744353000785701,0.20850898379184787,-0.0,-0.0,-0.0,-0.002280693532831927,-0.0,-0.0,-0.0
8.93,0.7478081841846871,-0.4520605335854502,0.045743604868911755,1.8610997305958332,-0.027947713104368797,0.7744353000785701,0.20850898379184787,-0.0,-0.0,-0.0,-0.0014168110076492324,-0.0,-0.0,-0.0
8.94,0.7478081841846871,-0.4520605335854502,0.045743604868911755,1.8610898751541132,-0.027947713104368797,0.7744353000785701,0.20850898379184787,-0.0,-0.0,-0.0,-0.0005545741340588726,-0.0,-0.0,-0.0
8.95,0.7478081841846871,-0.4520605335854502,0.045743604868911755,1.861088632727963,-0.027947713104368797,0.7744353000785701,0.20850898379184787,0.0,0.0,0.0,0.0003057472209980953,0.0,0.0,0.0
8.96,0.7478081841846871,-0.4520605335854502,0.045743604868911755,1.8610959828175933,-0.027947713104368797,0.7744353000785701,0.20850898379184787,0.0,0.0,0.0,0.0011638843353897169,0.0,0.0,0.0
8.97,0.7478081841846871,-0.4520605335854502,0.045743604868911755,1.8611119022421116,-0.027947713104368797,0.7744353000785701,0.20850898379184787,0.0,0.0,0.0,0.002019569726464035,0.0,0.0,0.0
8.98,0.7478081841846871,-0.4520605335854502,0.045743604868911755,1.8611363651523893,-0.027947713104368797,0.7744353000785701,0.20850898379184787,0.0,0.0,0.0,0.002872537245132498,0.0,0.0,0.0
8.99,0.7478081841846871,-0.4520605335854502,0.045743604868911755,1.861169343044864,-0.027947713104368797,0.7744353000785701,0.20850898379184787,0.0,0.0,0.0,0.0037225221693275618,0.0,0.0,0.0
9.0,0.7478081841846871,-0.4520605335854502,0.045743604868911755,1.8612108047762743,-0.027947713104368797,0.7744353000785701,0.20850898379184787,0.0,0.0,0.0,0.004569261296800604,0.0,0.0,0.0
9.01,0.7478081841846871,-0.4520605335854502,0.045743604868911755,1.8612607165793205,-0.027947713104368797,0.7744353000785701,0.20850898379184787,0.0,0.0,0.0,0.005412493037225187,0.0,0.0,0.0
9.02,0.7478081841846871,-0.4520605335854502,0.045743604868911755,1.8613190420792391,-0.027947713104368797,0.7744353000785701,0.20850898379184787,0.0,0.0,0.0,0.0062519575035689685,0.0,0.0,0.0
9.03,0.7478081841846871,-0.4520605335854502,0.045743604868911755,1.8613857423112918,-0.027947713104368797,0.7744353000785701,0.20850898379184787,0.0,0.0,0.0,0.007087396602700418,0.0,0.0,0.0
9.04,0.7478081841846871,-0.4520605335854502,0.045743604868911755,1.861460775739152,-0.027947713104368797,0.7744353000785701,0.20850898379184787,0.0,0.0,0.0,0.00791855412519682,0.0,0.0,0.0
9.05,0.7478081841846871,-0.4520605335854502,0.045743604868911755,1.8615440982741889,-0.027947713104368797,0.7744353000785701,0.20850898379184787,0.0,0.0,0.0,0.008745175834317892,0.0,0.0,0.0
9.06,0.7478081841846871,-0.4520605335854502,0.045743604868911755,1.8616356632956352,-0.027947713104368797,0.7744353000785701,0.20850898379184787,0.0,0.0,0.0,0.009567009554111758,0.0,0.0,0.0
9.07,0.7478081841846871,-0.4520605335854502,0.045743604868911755,1.8617354216716318,-0.027947713104368797,0.7744353000785701,0.20850898379184787,0.0,0.0,0.0,0.01038380525662164,0.0,0.0,0.0
9.08,0.7478081841846871,-0.4520605335854502,0.045743604868911755,1.8618433217811399,-0.027947713104368797,0.7744353000785701,0.20850898379184787,0.0,0.0,0.0,0.011195315148158197,0.0,0.0,0.0
9.09,0.7478081841846871,-0.4520605335854502,0.045743604868911755,1.8619593095367108,-0.027947713104368797,0.7744353000785701,0.20850898379184787,0.0,0.0,0.0,0.012001293754605942,0.0,0.0,0.0
9.1,0.7478081841846871,-0.4520605335854502,0.045743604868911755,1.8620833284081046,-0.027947713104368797,0.7744353000785701,0.20850898379184787,0.0,0.0,0.0,0.0128014980057315,0.0,0.0,0.0
9.11,0.7478081841846871,-0.4520605335854502,0.045743604868911755,1.8622153194467455,-0.027947713104368797,0.7744353000785701,0.20850898379184787,0.0,0.0,0.0,0.013595687318463058,0.0,0.0,0.0
9.12,0.7478081841846871,-0.4520605335854502,0.045743604868911755,1.8623552213110057,-0.027947713104368797,0.7744353000785701,0.20850898379184787,0.0,0.0,0.0,0.014383623679107628,0.0,0.0,0.0
9.13,0.7478081841846871,-0.4520605335854502,0.045743604868911755,1.8625029702923066,-0.027947713104368797,0.7744353000785701,0.20850898379184787,0.0,0.0,0.0,0.015165071724478169,0.0,0.0,0.0
9.14,0.7478081841846871,-0.4520605335854502,0.045743604868911755,1.8626585003420233,-0.027947713104368797,0.7744353000785701,0.20850898379184787,0.0,0.0,0.0,0.015939798821897,0.0,0.0,0.0
9.15,0.7478081841846871,-0.4520605335854502,0.045743604868911755,1.8628217430991862,-0.027947713104368797,0.7744353000785701,0.20850898379184787,0.0,0.0,0.0,0.016707575148049797,0.0,0.0,0.0
9.16,0.7478081841846871,-0.4520605335854502,0.045743604868911755,1.8629926279189633,-0.027947713104368797,0.7744353000785701,0.20850898379184787,0.0,0.0,0.0,0.017468173766656294,0.0,0.0,0.0
9.17,0.7478081841846871,-0.4520605335854502,0.045743604868911755,1.8631710819019138,-0.027947713104368797,0.7744353000785701,0.20850898379184787,0.0,0.0,0.0,0.018221370704932995,0.0,0.0,0.0
9.18,0.7478081841846871,-0.4520605335854502,0.045743604868911755,1.8633570299240012,-0.027947713104368797,0.7744353000785701,0.20850898379184787,0.0,0.0,0.0,0.018966945028816806,0.0,0.0,0.0
9.19,0.7478081841846871,-0.4520605335854502,0.045743604868911755,1.8635503946673504,-0.027947713104368797,0.7744353000785701,0.20850898379184787,0.0,0.0,0.0,0.019704678916922843,0.0,0.0,0.0
9.2,0.7478081841846871,-0.4520605335854502,0.045743604868911755,1.8637510966517385,-0.027947713104368797,0.7744353000785701,0.20850898379184787,0.0,0.0,0.0,0.020434357733209996,0.0,0.0,0.0
9.21,0.7478081841846871,-0.4520605335854502,0.045743604868911755,1.8639590542668076,-0.027947713104368797,0.7744353000785701,0.20850898379184787,0.0,0.0,0.0,0.02115577009832599,0.0,0.0,0.0
9.22,0.7478081841846871,-0.4520605335854502,0.045743604868911755,1.8641741838049817,-0.027947713104368797,0.7744353000785701,0.20850898379184787,0.0,0.0,0.0,0.02186870795960639,0.0,0.0,0.0
9.23,0.7478081841846871,-0.4520605335854502,0.045743604868911755,1.8643963994950776,-0.027947713104368797,0.7744353000785701,0.20850898379184787,0.0,0.0,0.0,0.022572966659703247,0.0,0.0,0.0
9.24,0.7478081841846871,-0.4520605335854502,0.045743604868911755,1.864625613536597,-0.027947713104368797,0.7744353000785701,0.20850898379184787,0.0,0.0,0.0,0.023268345003816644,0.0,0.0,0.0
9.25,0.7478081841846871,-0.4520605335854502,0.045743604868911755,1.8648617361346802,-0.027947713104368797,0.7744353000785701,0.20850898379184787,0.0,0.0,0.0,0.023954645325505553,0.0,0.0,0.0
9.26,0.7478081841846871,-0.4520605335854502,0.045743604868911755,1.8651046755357137,-0.027947713104368797,0.7744353000785701,0.20850898379184787,0.0,0.0,0.0,0.02463167355105397,0.0,0.0,0.0
9.27,0.7478081841846871,-0.4520605335854502,0.045743604868911755,1.865354338063574,-0.027947713104368797,0.7744353000785701,0.20850898379184787,0.0,0.0,0.0,0.025299239262370092,0.0,0.0,0.0
9.28,0.7478081841846871,-0.4520605335854502,0.045743604868911755,1.8656106281564906,-0.027947713104368797,0.7744353000785701,0.20850898379184787,0.0,0.0,0.0,0.02595715575839453,0.0,0.0,0.0
9.29,0.7478081841846871,-0.4520605335854502,0.045743604868911755,1.8658734484045176,-0.027947713104368797,0.7744353000785701,0.20850898379184787,0.0,0.0,0.0,0.02660524011499628,0.0,0.0,0.0
9.3,0.7478081841846871,-0.4520605335854502,0.045743604868911755,1.8661426995875972,-0.027947713104368797,0.7744353000785701,0.20850898379184787,0.0,0.0,0.0,0.02724331324333602,0.0,0.0,0.0
9.31,0.7478081841846871,-0.4520605335854502,0.045743604868911755,1.8664182807141958,-0.027947713104368797,0.7744353000785701,0.20850898379184787,0.0,0.0,0.0,0.027871199946673815,0.0,0.0,0.0
9.32,0.7478081841846871,-0.4520605335854502,0.045743604868911755,1.8667000890605048,-0.027947713104368797,0.7744353000785701,0.20850898379184787,0.0,0.0,0.0,0.028488728975604418,0.0,0.0,0.0
9.33,0.7478081841846871,-0.4520605335854502,0.045743604868911755,1.8669880202101814,-0.027947713104368797,0.7744353000785701,0.20850898379184787,0.0,0.0,0.0,0.029095733081697276,0.0,0.0,0.0
9.34,0.7478081841846871,-0.4520605335854502,0.045743604868911755,1.8672819680946218,-0.027947713104368797,0.7744353000785701,0.20850898379184787,0.0,0.0,0.0,0.02969204906952569,0.0,0.0,0.0
9.35,0.7478081841846871,-0.4520605335854502,0.045743604868911755,1.8675818250337428,-0.027947713104368797,0.7744353000785701,0.20850898379184787,0.0,0.0,0.0,0.030277517847064596,0.0,0.0,0.0
9.36,0.7478081841846871,-0.4520605335854502,0.045743604868911755,1.8678874817772626,-0.027947713104368797,0.7744353000785701,0.20850898379184787,0.0,0.0,0.0,0.03085198447444176,0.0,0.0,0.0
9.37,0.7478081841846871,-0.4520605335854502,0.045743604868911755,1.8681988275464574,-0.027947713104368797,0.7744353000785701,0.20850898379184787,0.0,0.0,0.0,0.03141529821102398,0.0,0.0,0.0
9.38,0.7478081841846871,-0.4520605335854502,0.045743604868911755,1.868515750076384,-0.027947713104368797,0.7744353000785701,0.20850898379184787,0.0,0.0,0.0,0.03196731256082322,0.0,0.0,0.0
9.39,0.7478081841846871,-0.4520605335854502,0.045743604868911755,1.8688381356585446,-0.027947713104368797,0.7744353000785701,0.20850898379184787,0.0,0.0,0.0,0.03250788531620726,0.0,0.0,0.0
9.4,0.7478081841846871,-0.4520605335854502,0.045743604868911755,1.8691658691839834,-0.027947713104368797,0.7744353000785701,0.20850898379184787,0.0,0.0,0.0,0.033036878599900746,0.0,0.0,0.0
9.41,0.7478081841846871,-0.4520605335854502,0.045743604868911755,1.8694988341867917,-0.027947713104368797,0.7744353000785701,0.20850898379184787,0.0,0.0,0.0,0.03355415890526148,0.0,0.0,0.0
9.42,0.7478081841846871,-0.4520605335854502,0.045743604868911755,1.8698369128880086,-0.027947713104368797,0.7744353000785701,0.20850898379184787,0.0,0.0,0.0,0.03405959713481993,0.0,0.0,0.0
9.43,0.7478081841846871,-0.4520605335854502,0.045743604868911755,1.8701799862398991,-0.027947713104368797,0.7744353000785701,0.20850898379184787,0.0,0.0,0.0,0.03455306863706958,0.0,0.0,0.0
9.44,0.7478081841846871,-0.4520605335854502,0.045743604868911755,1.8705279339705891,-0.027947713104368797,0.7744353000785701,0.20850898379184787,0.0,0.0,0.0,0.035034453241495594,0.0,0.0,0.0
9.45,0.7478081841846871,-0.4520605335854502,0.045743604868911755,1.8708806346290436,-0.027947713104368797,0.7744353000785701,0.20850898379184787,0.0,0.0,0.0,0.035503635291831176,0.0,0.0,0.0
9.46,0.7478081841846871,-0.4520605335854502,0.045743604868911755,1.8712379656303686,-0.027947713104368797,0.7744353000785701,0.20850898379184787,0.0,0.0,0.0,0.0359605036775321,0.0,0.0,0.0
9.47,0.7478081841846871,-0.4520605335854502,0.045743604868911755,1.871599803301417,-0.027947713104368797,0.7744353000785701,0.20850898379184787,0.0,0.0,0.0,0.03640495186345807,0.0,0.0,0.0
9.48,0.7478081841846871,-0.4520605335854502,0.045743604868911755,1.8719660229266846,-0.027947713104368797,0.7744353000785701,0.20850898379184787,0.0,0.0,0.0,0.0368368779177548,0.0,0.0,0.0
9.49,0.7478081841846871,-0.4520605335854502,0.045743604868911755,1.8723364987944744,-0.027947713104368797,0.7744353000785701,0.20850898379184787,0.0,0.0,0.0,0.03725618453792563,0.0,0.0,0.0
9.5,0.7478081841846871,-0.4520605335854502,0.045743604868911755,1.8727111042433133,-0.027947713104368797,0.7744353000785701,0.20850898379184787,0.0,0.0,0.0,0.037662779075088255,0.0,0.0,0.0
9.51,0.7478081841846871,-0.4520605335854502,0.045743604868911755,1.8730897117086016,-0.027947713104368797,0.7744353000785701,0.20850898379184787,0.0,0.0,0.0,0.03805657355640796,0.0,0.0,0.0
9.52,0.7478081841846871,-0.4520605335854502,0.045743604868911755,1.8734721927694775,-0.027947713104368797,0.7744353000785701,0.20850898379184787,0.0,0.0,0.0,0.0384374847057024,0.0,0.0,0.0
9.53,0.7478081841846871,-0.4520605335854502,0.045743604868911755,1.8738584181958804,-0.027947713104368797,0.7744353000785701,0.20850898379184787,0.0,0.0,0.0,0.03880543396221322,0.0,0.0,0.0
9.54,0.7478081841846871,-0.4520605335854502,0.045743604868911755,1.8742482579957902,-0.027947713104368797,0.7744353000785701,0.20850898379184787,0.0,0.0,0.0,0.03916034749753899,0.0,0.0,0.0
9.55,0.7478081841846871,-0.4520605335854502,0.045743604868911755,1.8746415814626285,-0.027947713104368797,0.7744353000785701,0.20850898379184787,0.0,0.0,0.0,0.039502156230727295,0.0,0.0,0.0
9.56,0.7478081841846871,-0.4520605335854502,0.045743604868911755,1.8750382572228,-0.027947713104368797,0.7744353000785701,0.20850898379184787,0.0,0.0,0.0,0.03983079584152179,0.0,0.0,0.0
9.57,0.7478081841846871,-0.4520605335854502,0.045743604868911755,1.875438153283359,-0.027947713104368797,0.7744353000785701,0.20850898379184787,0.0,0.0,0.0,0.04014620678176355,0.0,0.0,0.0
9.58,0.7478081841846871,-0.4520605335854502,0.045743604868911755,1.8758411370797796,-0.027947713104368797,0.7744353000785701,0.20850898379184787,0.0,0.0,0.0,0.040448334284943994,0.0,0.0,0.0
9.59,0.7478081841846871,-0.4520605335854502,0.045743604868911755,1.876247075523811,-0.027947713104368797,0.7744353000785701,0.20850898379184787,0.0,0.0,0.0,0.040737128373909845,0.0,0.0,0.0
9.6,0.7478081841846871,-0.4520605335854502,0.045743604868911755,1.876655835051404,-0.027947713104368797,0.7744353000785701,0.20850898379184787,0.0,0.0,0.0,0.041012543866719875,0.0,0.0,0.0
9.61,0.7478081841846871,-0.4520605335854502,0.045743604868911755,1.8770672816706824,-0.027947713104368797,0.7744353000785701,0.20850898379184787,0.0,0.0,0.0,0.04127454038065417,0.0,0.0,0.0
9.62,0.7478081841846871,-0.4520605335854502,0.045743604868911755,1.8774812810099493,-0.027947713104368797,0.7744353000785701,0.20850898379184787,0.0,0.0,0.0,0.041523082334378264,0.0,0.0,0.0
9.63,0.7478081841846871,-0.4520605335854502,0.045743604868911755,1.8778976983657039,-0.027947713104368797,0.7744353000785701,0.20850898379184787,0.0,0.0,0.0,0.041758138948263746,0.0,0.0,0.0
9.64,0.7478081841846871,-0.4520605335854502,0.045743604868911755,1.8783163987506508,-0.027947713104368797,0.7744353000785701,0.20850898379184787,0.0,0.0,0.0,0.041979684242868846,0.0,0.0,0.0
9.65,0.7478081841846871,-0.4520605335854502,0.045743604868911755,1.878737246941689,-0.027947713104368797,0.7744353000785701,0.20850898379184787,0.0,0.0,0.0,0.04218769703558328,0.0,0.0,0.0
9.66,0.7478081841846871,-0.4520605335854502,0.045743604868911755,1.8791601075278546,-0.027947713104368797,0.7744353000785701,0.20850898379184787,0.0,0.0,0.0,0.042382160935441435,0.0,0.0,0.0
9.67,0.7478081841846871,-0.4520605335854502,0.045743604868911755,1.8795848449582033,-0.027947713104368797,0.7744353000785701,0.20850898379184787,0.0,0.0,0.0,0.04256306433610937,0.0,0.0,0.0
9.68,0.7478081841846871,-0.4520605335854502,0.045743604868911755,1.8800113235896148,-0.027947713104368797,0.7744353000785701,0.20850898379184787,0.0,0.0,0.0,0.04273040040705194,0.0,0.0,0.0
9.69,0.7478081841846871,-0.4520605335854502,0.045743604868911755,1.8804394077344992,-0.027947713104368797,0.7744353000785701,0.20850898379184787,0.0,0.0,0.0,0.04288416708288705,0.0,0.0,0.0
9.7,0.7478081841846871,-0.4520605335854502,0.045743604868911755,1.8808689617083867,-0.027947713104368797,0.7744353000785701,0.20850898379184787,0.0,0.0,0.0,0.04302436705093391,0.0,0.0,0.0
9.71,0.7478081841846871,-0.4520605335854502,0.045743604868911755,1.8812998498773865,-0.027947713104368797,0.7744353000785701,0.20850898379184787,0.0,0.0,0.0,0.04315100773696449,0.0,0.0,0.0
9.72,0.7478081841846871,-0.4520605335854502,0.045743604868911755,1.8817319367054905,-0.027947713104368797,0.7744353000785701,0.20850898379184787,0.0,0.0,0.0,0.04326410128916623,0.0,0.0,0.0
9.73,0.7478081841846871,-0.4520605335854502,0.045743604868911755,1.8821650868017124,-0.027947713104368797,0.7744353000785701,0.20850898379184787,0.0,0.0,0.0,0.0433636645603269,0.0,0.0,0.0
9.74,0.7478081841846871,-0.4520605335854502,0.045743604868911755,1.8825991649670348,-0.027947713104368797,0.7744353000785701,0.20850898379184787,0.0,0.0,0.0,0.04344971908825067,0.0,0.0,0.0
9.75,0.7478081841846871,-0.4520605335854502,0.045743604868911755,1.8830340362411557,-0.027947713104368797,0.7744353000785701,0.20850898379184787,0.0,0.0,0.0,0.043522291074417664,0.0,0.0,0.0
9.76,0.7478081841846871,-0.4520605335854502,0.045743604868911755,1.8834695659490113,-0.027947713104368797,0.7744353000785701,0.20850898379184787,0.0,0.0,0.0,0.04358141136089832,0.0,0.0,0.0
9.77,0.7478081841846871,-0.4520605335854502,0.045743604868911755,1.8839056197470576,-0.027947713104368797,0.7744353000785701,0.20850898379184787,0.0,0.0,0.0,0.0436271154055351,0.0,0.0,0.0
9.78,0.7478081841846871,-0.4520605335854502,0.045743604868911755,1.8843420636692993,-0.027947713104368797,0.7744353000785701,0.20850898379184787,0.0,0.0,0.0,0.04365944325540483,0.0,0.0,0.0
9.79,0.7478081841846871,-0.4520605335854502,0.045743604868911755,1.88477876417304,-0.027947713104368797,0.7744353000785701,0.20850898379184787,0.0,0.0,0.0,0.04367843951857562,0.0,0.0,0.0
9.8,0.7478081841846871,-0.4520605335854502,0.045743604868911755,1.8852155881843458,-0.027947713104368797,0.7744353000785701,0.20850898379184787,0.0,0.0,0.0,0.04368415333417277,0.0,0.0,0.0
9.81,0.7478081841846871,-0.4520605335854502,0.045743604868911755,1.8856524031431972,-0.027947713104368797,0.7744353000785701,0.20850898379184787,0.0,0.0,0.0,0.043676638340769215,0.0,0.0,0.0
9.82,0.7478081841846871,-0.4520605335854502,0.045743604868911755,1.8860890770483212,-0.027947713104368797,0.7744353000785701,0.20850898379184787,0.0,0.0,0.0,0.04365595264311586,0.0,0.0,0.0
9.83,0.7478081841846871,-0.4520605335854502,0.045743604868911755,1.8865254785016772,-0.027947713104368797,0.7744353000785701,0.20850898379184787,0.0,0.0,0.0,0.04362215877722901,0.0,0.0,0.0
9.84,0.7478081841846871,-0.4520605335854502,0.045743604868911755,1.88696147675259,-0.027947713104368797,0.7744353000785701,0.20850898379184787,0.0,0.0,0.0,0.04357532367385147,0.0,0.0,0.0
9.85,0.7478081841846871,-0.4520605335854502,0.045743604868911755,1.8873969417415073,-0.027947713104368797,0.7744353000785701,0.20850898379184787,0.0,0.0,0.0,0.043515518620305636,0.0,0.0,0.0
9.86,0.7478081841846871,-0.4520605335854502,0.045743604868911755,1.8878317441433676,-0.027947713104368797,0.7744353000785701,0.20850898379184787,0.0,0.0,0.0,0.04344281922075669,0.0,0.0,0.0
9.87,0.7478081841846871,-0.4520605335854502,0.045743604868911755,1.8882657554105644,-0.027947713104368797,0.7744353000785701,0.20850898379184787,0.0,0.0,0.0,0.04335730535490526,0.0,0.0,0.0
9.88,0.7478081841846871,-0.4520605335854502,0.045743604868911755,1.8886988478154874,-0.027947713104368797,0.7744353000785701,0.20850898379184787,0.0,0.0,0.0,0.043259061135128785,0.0,0.0,0.0
9.89,0.7478081841846871,-0.4520605335854502,0.045743604868911755,1.889130894492629,-0.027947713104368797,0.7744353000785701,0.20850898379184787,0.0,0.0,0.0,0.04314817486209252,0.0,0.0,0.0
9.9,0.7478081841846871,-0.4520605335854502,0.045743604868911755,1.88956176948024,-0.027947713104368797,0.7744353000785701,0.20850898379184787,0.0,0.0,0.0,0.0430247389788504,0.0,0.0,0.0
9.91,0.7478081841846871,-0.4520605335854502,0.045743604868911755,1.889991347761516,-0.027947713104368797,0.7744353000785701,0.20850898379184787,0.0,0.0,0.0,0.04288885002345779,0.0,0.0,0.0
9.92,0.7478081841846871,-0.4520605335854502,0.045743604868911755,1.8904195053053054,-0.027947713104368797,0.7744353000785701,0.20850898379184787,0.0,0.0,0.0,0.04274060858011762,0.0,0.0,0.0
9.93,0.7478081841846871,-0.4520605335854502,0.045743604868911755,1.8908461191063204,-0.027947713104368797,0.7744353000785701,0.20850898379184787,0.0,0.0,0.0,0.042580119228883107,0.0,0.0,0.0
9.94,0.7478081841846871,-0.4520605335854502,0.045743604868911755,1.8912710672248383,-0.027947713104368797,0.7744353000785701,0.20850898379184787,0.0,0.0,0.0,0.0424074904939396,0.0,0.0,0.0
9.95,0.7478081841846871,-0.4520605335854502,0.045743604868911755,1.891694228825878,-0.027947713104368797,0.7744353000785701,0.20850898379184787,0.0,0.0,0.0,0.042222834790489695,0.0,0.0,0.0
9.96,0.7478081841846871,-0.4520605335854502,0.045743604868911755,1.892115484217839,-0.027947713104368797,0.7744353000785701,0.20850898379184787,0.0,0.0,0.0,0.042026268370265754,0.0,0.0,0.0
9.97,0.7478081841846871,-0.4520605335854502,0.045743604868911755,1.8925347148905884,-0.027947713104368797,0.7744353000785701,0.20850898379184787,0.0,0.0,0.0,0.041817911265694487,0.0,0.0,0.0
9.98,0.7478081841846871,-0.4520605335854502,0.045743604868911755,1.8929518035529842,-0.027947713104368797,0.7744353000785701,0.20850898379184787,0.0,0.0,0.0,0.0415978872327387,0.0,0.0,0.0
9.99,0.7478081841846871,-0.4520605335854502,0.045743604868911755,1.893366634169818,-0.027947713104368797,0.7744353000785701,0.20850898379184787,0.0,0.0,0.0,0.0413663236924425,0.0,0.0,0.0
10.0,0.7478081841846871,-0.4520605335854502,0.045743604868911755,1.8937790919981694,-0.027947713104368797,0.7744353000785701,0.20850898379184787,0.0,0.0,0.0,0.04112335167120568,0.0,0.0,0.0
10.01,0.7478081841846871,-0.4520605335854502,0.045743604868911755,1.8941890636231546,-0.027947713104368797,0.7744353000785701,0.20850898379184787,0.0,0.0,0.0,0.04086910573981424,0.0,0.0,0.0
10.02,0.7478081841846871,-0.4520605335854502,0.045743604868911755,1.894596436993062,-0.027947713104368797,0.7744353000785701,0.20850898379184787,0.0,0.0,0.0,0.04060372395125428,0.0,0.0,0.0
10.03,0.7478081841846871,-0.4520605335854502,0.045743604868911755,1.895001101453856,-0.027947713104368797,0.7744353000785701,0.20850898379184787,0.0,0.0,0.0,0.04032734777733683,0.0,0.0,0.0
10.04,0.7478081841846871,-0.4520605335854502,0.045743604868911755,1.8954029477830456,-0.027947713104368797,0.7744353000785701,0.20850898379184787,0.0,0.0,0.0,0.04004012204416159,0.0,0.0,0.0
10.05,0.7478081841846871,-0.4520605335854502,0.045743604868911755,1.8958018682228994,-0.027947713104368797,0.7744353000785701,0.20850898379184787,0.0,0.0,0.0,0.039742194866448234,0.0,0.0,0.0
10.06,0.7478081841846871,-0.4520605335854502,0.045743604868911755,1.8961977565129977,-0.027947713104368797,0.7744353000785701,0.20850898379184787,0.0,0.0,0.0,0.03943371758076456,0.0,0.0,0.0
10.07,0.7478081841846871,-0.4520605335854502,0.045743604868911755,1.896590507922114,-0.027947713104368797,0.7744353000785701,0.20850898379184787,0.0,0.0,0.0,0.039114844677679936,0.0,0.0,0.0
10.08,0.7478081841846871,-0.4520605335854502,0.045743604868911755,1.8969800192794104,-0.027947713104368797,0.7744353000785701,0.20850898379184787,0.0,0.0,0.0,0.03878573373287446,0.0,0.0,0.0
10.09,0.7478081841846871,-0.4520605335854502,0.045743604868911755,1.8973661890049414,-0.027947713104368797,0.7744353000785701,0.20850898379184787,0.0,0.0,0.0,0.0384465453372338,0.0,0.0,0.0
10.1,0.7478081841846871,-0.4520605335854502,0.045743604868911755,1.8977489171394506,-0.027947713104368797,0.7744353000785701,0.20850898379184787,0.0,0.0,0.0,0.03809744302596042,0.0,0.0,0.0
10.11,0.7478081841846871,-0.4520605335854502,0.045743604868911755,1.8981281053734562,-0.027947713104368797,0.7744353000785701,0.20850898379184787,0.0,0.0,0.0,0.03773859320673097,0.0,0.0,0.0
10.12,0.7478081841846871,-0.4520605335854502,0.045743604868911755,1.8985036570756137,-0.027947713104368797,0.7744353000785701,0.20850898379184787,0.0,0.0,0.0,0.03737016508693254,0.0,0.0,0.0
10.13,0.7478081841846871,-0.4520605335854502,0.045743604868911755,1.8988754773203433,-0.027947713104368797,0.7744353000785701,0.20850898379184787,0.0,0.0,0.0,0.03699233060000781,0.0,0.0,0.0
10.14,0.7478081841846871,-0.4520605335854502,0.045743604868911755,1.8992434729147205,-0.027947713104368797,0.7744353000785701,0.20850898379184787,0.0,0.0,0.0,0.036605264330942335,0.0,0.0,0.0
10.15,0.7478081841846871,-0.4520605335854502,0.045743604868911755,1.8996075524246145,-0.027947713104368797,0.7744353000785701,0.20850898379184787,0.0,0.0,0.0,0.03620914344092404,0.0,0.0,0.0
10.16,0.7478081841846871,-0.4520605335854502,0.045743604868911755,1.8999676262000706,-0.027947713104368797,0.7744353000785701,0.20850898379184787,0.0,0.0,0.0,0.03580414759120974,0.0,0.0,0.0
10.17,0.7478081841846871,-0.4520605335854502,0.045743604868911755,1.9003236063999271,-0.027947713104368797,0.7744353000785701,0.20850898379184787,0.0,0.0,0.0,0.0353904588662292,0.0,0.0,0.0
10.18,0.7478081841846871,-0.4520605335854502,0.045743604868911755,1.900675407015659,-0.027947713104368797,0.7744353000785701,0.20850898379184787,0.0,0.0,0.0,0.034968261695960866,0.0,0.0,0.0
10.19,0.7478081841846871,-0.4520605335854502,0.045743604868911755,1.901022943894443,-0.027947713104368797,0.7744353000785701,0.20850898379184787,0.0,0.0,0.0,0.03453774277761222,0.0,0.0,0.0
10.2,0.7478081841846871,-0.4520605335854502,0.045743604868911755,1.9013661347614348,-0.027947713104368797,0.7744353000785701,0.20850898379184787,0.0,0.0,0.0,0.03409909099663724,0.0,0.0,0.0
10.21,0.7478081841846871,-0.4520605335854502,0.045743604868911755,1.9017048992412553,-0.027947713104368797,0.7744353000785701,0.20850898379184787,0.0,0.0,0.0,0.03365249734712576,0.0,0.0,0.0
10.22,0.7478081841846871,-0.4520605335854502,0.045743604868911755,1.9020391588786743,-0.027947713104368797,0.7744353000785701,0.20850898379184787,0.0,0.0,0.0,0.03319815485159817,0.0,0.0,0.0
10.23,0.7478081841846871,-0.4520605335854502,0.045743604868911755,1.9023688371584937,-0.027947713104368797,0.7744353000785701,0.20850898379184787,0.0,0.0,0.0,0.03273625848023834,0.0,0.0,0.0
10.24,0.7478081841846871,-0.4520605335854502,0.045743604868911755,1.9026938595246166,-0.027947713104368797,0.7744353000785701,0.20850898379184787,0.0,0.0,0.0,0.03226700506960032,0.0,0.0,0.0
10.25,0.7478081841846871,-0.4520605335854502,0.045743604868911755,1.9030141533983027,-0.027947713104368797,0.7744353000785701,0.20850898379184787,0.0,0.0,0.0,0.0317905932408224,0.0,0.0,0.0
10.26,0.7478081841846871,-0.4520605335854502,0.045743604868911755,1.9033296481956041,-0.027947713104368797,0.7744353000785701,0.20850898379184787,0.0,0.0,0.0,0.03130722331738313,0.0,0.0,0.0
10.27,0.7478081841846871,-0.4520605335854502,0.045743604868911755,1.9036402753439745,-0.027947713104368797,0.7744353000785701,0.20850898379184787,0.0,0.0,0.0,0.0308170972424332,0.0,0.0,0.0
10.28,0.7478081841846871,-0.4520605335854502,0.045743604868911755,1.9039459682980522,-0.027947713104368797,0.7744353000785701,0.20850898379184787,0.0,0.0,0.0,0.030320418495738986,0.0,0.0,0.0
10.29,0.7478081841846871,-0.4520605335854502,0.045743604868911755,1.904246662554608,-0.027947713104368797,0.7744353000785701,0.20850898379184787,0.0,0.0,0.0,0.029817392010271514,0.0,0.0,0.0
10.3,0.7478081841846871,-0.4520605335854502,0.045743604868911755,1.9045422956666602,-0.027947713104368797,0.7744353000785701,0.20850898379184787,0.0,0.0,0.0,0.029308224088475842,0.0,0.0,0.0
10.31,0.7478081841846871,-0.4520605335854502,0.045743604868911755,1.9048328072567493,-0.027947713104368797,0.7744353000785701,0.20850898379184787,0.0,0.0,0.0,0.028793122318256707,0.0,0.0,0.0
10.32,0.7478081841846871,-0.4520605335854502,0.045743604868911755,1.9051181390293703,-0.027947713104368797,0.7744353000785701,0.20850898379184787,0.0,0.0,0.0,0.028272295488713094,0.0,0.0,0.0
10.33,0.7478081841846871,-0.4520605335854502,0.045743604868911755,1.9053982347825638,-0.027947713104368797,0.7744353000785701,0.20850898379184787,0.0,0.0,0.0,0.02774595350565976,0.0,0.0,0.0
10.34,0.7478081841846871,-0.4520605335854502,0.045743604868911755,1.9056730404186595,-0.027947713104368797,0.7744353000785701,0.20850898379184787,0.0,0.0,0.0,0.02721430730696787,0.0,0.0,0.0
10.35,0.7478081841846871,-0.4520605335854502,0.045743604868911755,1.9059425039541724,-0.027947713104368797,0.7744353000785701,0.20850898379184787,0.0,0.0,0.0,0.026677568777761954,0.0,0.0,0.0
10.36,0.7478081841846871,-0.4520605335854502,0.045743604868911755,1.9062065755288515,-0.027947713104368797,0.7744353000785701,0.20850898379184787,0.0,0.0,0.0,0.0261359506655062,0.0,0.0,0.0
10.37,0.7478081841846871,-0.4520605335854502,0.045743604868911755,1.9064652074138781,-0.027947713104368797,0.7744353000785701,0.20850898379184787,0.0,0.0,0.0,0.02558966649501678,0.0,0.0,0.0
10.38,0.7478081841846871,-0.4520605335854502,0.045743604868911755,1.906718354019214,-0.027947713104368797,0.7744353000785701,0.20850898379184787,0.0,0.0,0.0,0.025038930483434176,0.0,0.0,0.0
10.39,0.7478081841846871,-0.4520605335854502,0.045743604868911755,1.9069659719001,-0.027947713104368797,0.7744353000785701,0.20850898379184787,0.0,0.0,0.0,0.024483957455190636,0.0,0.0,0.0
10.4,0.7478081841846871,-0.4520605335854502,0.045743604868911755,1.9072080197627028,-0.027947713104368797,0.7744353000785701,0.20850898379184787,0.0,0.0,0.0,0.02392496275700695,0.0,0.0,0.0
10.41,0.7478081841846871,-0.4520605335854502,0.045743604868911755,1.9074444584689145,-0.027947713104368797,0.7744353000785701,0.20850898379184787,0.0,0.0,0.0,0.023362162172954663,0.0,0.0,0.0
10.42,0.7478081841846871,-0.4520605335854502,0.045743604868911755,1.9076752510403012,-0.027947713104368797,0.7744353000785701,0.20850898379184787,0.0,0.0,0.0,0.022795771839617243,0.0,0.0,0.0
10.43,0.7478081841846871,-0.4520605335854502,0.045743604868911755,1.9079003626612037,-0.027947713104368797,0.7744353000785701,0.20850898379184787,0.0,0.0,0.0,0.02222600816138455,0.0,0.0,0.0
10.44,0.7478081841846871,-0.4520605335854502,0.045743604868911755,1.9081197606809936,-0.027947713104368797,0.7744353000785701,0.20850898379184787,0.0,0.0,0.0,0.02165308772591586,0.0,0.0,0.0
10.45,0.7478081841846871,-0.4520605335854502,0.045743604868911755,1.908333414615485,-0.027947713104368797,0.7744353000785701,0.20850898379184787,0.0,0.0,0.0,0.021077227219805456,0.0,0.0,0.0
10.46,0.7478081841846871,-0.4520605335854502,0.045743604868911755,1.9085412961475001,-0.027947713104368797,0.7744353000785701,0.20850898379184787,0.0,0.0,0.0,0.02049864334448379,0.0,0.0,0.0
10.47,0.7478081841846871,-0.4520605335854502,0.045743604868911755,1.9087433791266022,-0.027947713104368797,0.7744353000785701,0.20850898379184787,0.0,0.0,0.0,0.019917552732390466,0.0,0.0,0.0
10.48,0.7478081841846871,-0.4520605335854502,0.045743604868911755,1.9089396395679847,-0.027947713104368797,0.7744353000785701,0.20850898379184787,0.0,0.0,0.0,0.019334171863449524,0.0,0.0,0.0
10.49,0.7478081841846871,-0.4520605335854502,0.045743604868911755,1.909130055650531,-0.027947713104368797,0.7744353000785701,0.20850898379184787,0.0,0.0,0.0,0.018748716981884198,0.0,0.0,0.0
10.5,0.7478081841846871,-0.4520605335854502,0.045743604868911755,1.909314607714044,-0.027947713104368797,0.7744353000785701,0.20850898379184787,0.0,0.0,0.0,0.018161404013401248,0.0,0.0,0.0
10.51,0.7478081841846871,-0.4520605335854502,0.045743604868911755,1.9094932782556457,-0.027947713104368797,0.7744353000785701,0.20850898379184787,0.0,0.0,0.0,0.017572448482780553,0.0,0.0,0.0
10.52,0.7478081841846871,-0.4520605335854502,0.045743604868911755,1.9096660519253612,-0.027947713104368797,0.7744353000785701,0.20850898379184787,0.0,0.0,0.0,0.01698206543190062,0.0,0.0,0.0
10.53,0.7478081841846871,-0.4520605335854502,0.045743604868911755,1.9098329155208795,-0.027947713104368797,0.7744353000785701,0.20850898379184787,0.0,0.0,0.0,0.01639046933823444,0.0,0.0,0.0
10.54,0.7478081841846871,-0.4520605335854502,0.045743604868911755,1.9099938579815041,-0.027947713104368797,0.7744353000785701,0.20850898379184787,0.0,0.0,0.0,0.015797874033847248,0.0,0.0,0.0
10.55,0.7478081841846871,-0.4520605335854502,0.045743604868911755,1.9101488703812977,-0.027947713104368797,0.7744353000785701,0.20850898379184787,0.0,0.0,0.0,0.015204492624927603,0.0,0.0,0.0
10.56,0.7478081841846871,-0.4520605335854502,0.045743604868911755,1.9102979459214207,-0.027947713104368797,0.7744353000785701,0.20850898379184787,0.0,0.0,0.0,0.014610537411885541,0.0,0.0,0.0
10.57,0.7478081841846871,-0.4520605335854502,0.045743604868911755,1.9104410799216798,-0.027947713104368797,0.7744353000785701,0.20850898379184787,0.0,0.0,0.0,0.014016219810046348,0.0,0.0,0.0
10.58,0.7478081841846871,-0.4520605335854502,0.045743604868911755,1.91057826981128,-0.027947713104368797,0.7744353000785701,0.20850898379184787,0.0,0.0,0.0,0.013421750270974558,0.0,0.0,0.0
10.59,0.7478081841846871,-0.4520605335854502,0.045743604868911755,1.9107095151187987,-0.027947713104368797,0.7744353000785701,0.20850898379184787,0.0,0.0,0.0,0.012827338204455706,0.0,0.0,0.0
10.6,0.7478081841846871,-0.4520605335854502,0.045743604868911755,1.9108348174613794,-0.027947713104368797,0.7744353000785701,0.20850898379184787,0.0,0.0,0.0,0.012233191901168807,0.0,0.0,0.0
10.61,0.7478081841846871,-0.4520605335854502,0.045743604868911755,1.9109541805331574,-0.027947713104368797,0.7744353000785701,0.20850898379184787,0.0,0.0,0.0,0.011639518456078494,0.0,0.0,0.0
10.62,0.7478081841846871,-0.4520605335854502,0.045743604868911755,1.9110676100929225,-0.027947713104368797,0.7744353000785701,0.20850898379184787,0.0,0.0,0.0,0.011046523692576457,0.0,0.0,0.0
10.63,0.7478081841846871,-0.4520605335854502,0.045743604868911755,1.9111751139510278,-0.027947713104368797,0.7744353000785701,0.20850898379184787,0.0,0.0,0.0,0.010454412087402203,0.0,0.0,0.0
10.64,0.7478081841846871,-0.4520605335854502,0.045743604868911755,1.9112767019555505,-0.027947713104368797,0.7744353000785701,0.20850898379184787,0.0,0.0,0.0,0.009863386696372331,0.0,0.0,0.0
10.65,0.7478081841846871,-0.4520605335854502,0.045743604868911755,1.9113723859777147,-0.027947713104368797,0.7744353000785701,0.20850898379184787,0.0,0.0,0.0,0.009273649080945304,0.0,0.0,0.0
10.66,0.7478081841846871,-0.4520605335854502,0.045743604868911755,1.9114621798965852,-0.027947713104368797,0.7744353000785701,0.20850898379184787,0.0,0.0,0.0,0.008685399235651814,0.0,0.0,0.0
10.67,0.7478081841846871,-0.4520605335854502,0.045743604868911755,1.911546099583038,-0.027947713104368797,0.7744353000785701,0.20850898379184787,0.0,0.0,0.0,0.00809883551641753,0.0,0.0,0.0
10.68,0.7478081841846871,-0.4520605335854502,0.045743604868911755,1.91162416288302,-0.027947713104368797,0.7744353000785701,0.20850898379184787,0.0,0.0,0.0,0.007514154569805901,0.0,0.0,0.0
10.69,0.7478081841846871,-0.4520605335854502,0.045743604868911755,1.9116963896001062,-0.027947713104368797,0.7744353000785701,0.20850898379184787,0.0,0.0,0.0,0.006931551263206872,0.0,0.0,0.0
10.7,0.7478081841846871,-0.4520605335854502,0.045743604868911755,1.9117628014773618,-0.027947713104368797,0.7744353000785701,0.20850898379184787,0.0,0.0,0.0,0.00635121861599986,0.0,0.0,0.0
10.71,0.7478081841846871,-0.4520605335854502,0.045743604868911755,1.9118234221785229,-0.027947713104368797,0.7744353000785701,0.20850898379184787,0.0,0.0,0.0,0.005773347731714508,0.0,0.0,0.0
10.72,0.7478081841846871,-0.4520605335854502,0.045743604868911755,1.911878277268503,-0.027947713104368797,0.7744353000785701,0.20850898379184787,0.0,0.0,0.0,0.005198127731217383,0.0,0.0,0.0
10.73,0.7478081841846871,-0.4520605335854502,0.045743604868911755,1.9119273941932362,-0.027947713104368797,0.7744353000785701,0.20850898379184787,0.0,0.0,0.0,0.004625745686946392,0.0,0.0,0.0
10.74,0.7478081841846871,-0.4520605335854502,0.045743604868911755,1.9119708022588688,-0.027947713104368797,0.7744353000785701,0.20850898379184787,0.0,0.0,0.0,0.004056386558220823,0.0,0.0,0.0
10.75,0.7478081841846871,-0.4520605335854502,0.045743604868911755,1.9120085326103098,-0.027947713104368797,0.7744353000785701,0.20850898379184787,0.0,0.0,0.0,0.003490233127647913,0.0,0.0,0.0
10.76,0.7478081841846871,-0.4520605335854502,0.045743604868911755,1.9120406182091494,-0.027947713104368797,0.7744353000785701,0.20850898379184787,0.0,0.0,0.0,0.002927465938651481,0.0,0.0,0.0
10.77,0.7478081841846871,-0.4520605335854502,0.045743604868911755,1.91206709381096,-0.027947713104368797,0.7744353000785701,0.20850898379184787,0.0,0.0,0.0,0.0023682632341446765,0.0,0.0,0.0
10.78,0.7478081841846871,-0.4520605335854502,0.045743604868911755,1.9120879959419903,-0.027947713104368797,0.7744353000785701,0.20850898379184787,0.0,0.0,0.0,0.0018128008963688102,0.0,0.0,0.0
10.79,0.7478081841846871,-0.4520605335854502,0.045743604868911755,1.9121033628752606,-0.027947713104368797,0.7744353000785701,0.20850898379184787,0.0,0.0,0.0,0.0012612523879210994,0.0,0.0,0.0
10.8,0.7478081841846871,-0.4520605335854502,0.045743604868911755,1.9121132346060785,-0.027947713104368797,0.7744353000785701,0.20850898379184787,0.0,0.0,0.0,0.000713788693991918,0.0,0.0,0.0
10.81,0.7478081841846871,-0.4520605335854502,0.045743604868911755,1.9121176528269808,-0.027947713104368797,0.7744353000785701,0.20850898379184787,0.0,0.0,0.0,0.00017057826583251407,0.0,0.0,0.0
10.82,0.7478081841846871,-0.4520605335854502,0.045743604868911755,1.912116660902115,-0.027947713104368797,0.7744353000785701,0.20850898379184787,-0.0,-0.0,-0.0,-0.00036821303452741526,-0.0,-0.0,-0.0
10.83,0.7478081841846871,-0.4520605335854502,0.045743604868911755,1.9121103038410783,-0.027947713104368797,0.7744353000785701,0.20850898379184787,-0.0,-0.0,-0.0,-0.00090242198829123,-0.0,-0.0,-0.0
10.84,0.7478081841846871,-0.4520605335854502,0.045743604868911755,1.9120986282722192,-0.027947713104368797,0.7744353000785701,0.20850898379184787,-0.0,-0.0,-0.0,-0.0014318880726180714,-0.0,-0.0,-0.0
10.85,0.7478081841846871,-0.4520605335854502,0.045743604868911755,1.9120816824154199,-0.027947713104368797,0.7744353000785701,0.20850898379184787,-0.0,-0.0,-0.0,-0.0019564535120386905,-0.0,-0.0,-0.0
10.86,0.7478081841846871,-0.4520605335854502,0.045743604868911755,1.9120595160543712,-0.027947713104368797,0.7744353000785701,0.20850898379184787,-0.0,-0.0,-0.0,-0.00247596332854552,-0.0,-0.0,-0.0
10.87,0.7478081841846871,-0.4520605335854502,0.045743604868911755,1.9120321805083529,-0.027947713104368797,0.7744353000785701,0.20850898379184787,-0.0,-0.0,-0.0,-0.0029902653903404095,-0.0,-0.0,-0.0
10.88,0.7478081841846871,-0.4520605335854502,0.045743604868911755,1.911999728603534,-0.027947713104368797,0.7744353000785701,0.20850898379184787,-0.0,-0.0,-0.0,-0.003499210459224096,-0.0,-0.0,-0.0
10.89,0.7478081841846871,-0.4520605335854502,0.045743604868911755,1.911962214643805,-0.027947713104368797,0.7744353000785701,0.20850898379184787,-0.0,-0.0,-0.0,-0.004002652236609635,-0.0,-0.0,-0.0
10.9,0.7478081841846871,-0.4520605335854502,0.045743604868911755,1.9119196943811576,-0.027947713104368797,0.7744353000785701,0.20850898379184787,-0.0,-0.0,-0.0,-0.0045004474081471605,-0.0,-0.0,-0.0
10.91,0.7478081841846871,-0.4520605335854502,0.045743604868911755,1.9118722249856255,-0.027947713104368797,0.7744353000785701,0.20850898379184787,-0.0,-0.0,-0.0,-0.004992455686942298,-0.0,-0.0,-0.0
10.92,0.7478081841846871,-0.4520605335854502,0.045743604868911755,1.911819865014799,-0.027947713104368797,0.7744353000785701,0.20850898379184787,-0.0,-0.0,-0.0,-0.005478539855356824,-0.0,-0.0,-0.0
10.93,0.7478081841846871,-0.4520605335854502,0.045743604868911755,1.9117626743829297,-0.027947713104368797,0.7744353000785701,0.20850898379184787,-0.0,-0.0,-0.0,-0.005958565805376068,-0.0,-0.0,-0.0
10.94,0.7478081841846871,-0.4520605335854502,0.045743604868911755,1.9117007143296383,-0.027947713104368797,0.7744353000785701,0.20850898379184787,-0.0,-0.0,-0.0,-0.0064324025775320285,-0.0,-0.0,-0.0
10.95,0.7478081841846871,-0.4520605335854502,0.045743604868911755,1.9116340473882414,-0.027947713104368797,0.7744353000785701,0.20850898379184787,-0.0,-0.0,-0.0,-0.006899922398368701,-0.0,-0.0,-0.0
10.96,0.7478081841846871,-0.4520605335854502,0.045743604868911755,1.9115627373537087,-0.027947713104368797,0.7744353000785701,0.20850898379184787,-0.0,-0.0,-0.0,-0.007361000716438852,-0.0,-0.0,-0.0
10.97,0.7478081841846871,-0.4520605335854502,0.045743604868911755,1.9114868492502703,-0.027947713104368797,0.7744353000785701,0.20850898379184787,-0.0,-0.0,-0.0,-0.007815516236821212,-0.0,-0.0,-0.0
10.98,0.7478081841846871,-0.4520605335854502,0.045743604868911755,1.9114064492986849,-0.027947713104368797,0.7744353000785701,0.20850898379184787,-0.0,-0.0,-0.0,-0.008263350954148579,-0.0,-0.0,-0.0
10.99,0.7478081841846871,-0.4520605335854502,0.045743604868911755,1.9113216048831843,-0.027947713104368797,0.7744353000785701,0.20850898379184787,-0.0,-0.0,-0.0,-0.008704390184135994,-0.0,-0.0,-0.0
11.0,0.7478081841846871,-0.4520605335854502,0.045743604868911755,1.9112323845181127,-0.027947713104368797,0.7744353000785701,0.20850898379184787,-0.0,-0.0,-0.0,-0.00913852259360124,-0.0,-0.0,-0.0
11.01,0.7478081841846871,-0.4520605335854502,0.045743604868911755,1.9111388578142712,-0.027947713104368797,0.7744353000785701,0.20850898379184787,-0.0,-0.0,-0.0,-0.009565640228969566,-0.0,-0.0,-0.0
11.02,0.7478081841846871,-0.4520605335854502,0.045743604868911755,1.911041095444985,-0.027947713104368797,0.7744353000785701,0.20850898379184787,-0.0,-0.0,-0.0,-0.009985638543254419,-0.0,-0.0,-0.0
11.03,0.7478081841846871,-0.4520605335854502,0.045743604868911755,1.9109391691119102,-0.027947713104368797,0.7744353000785701,0.20850898379184787,-0.0,-0.0,-0.0,-0.010398416421507751,-0.0,-0.0,-0.0
11.04,0.7478081841846871,-0.4520605335854502,0.045743604868911755,1.9108331515105914,-0.027947713104368797,0.7744353000785701,0.20850898379184787,-0.0,-0.0,-0.0,-0.010803876204734284,-0.0,-0.0,-0.0
11.05,0.7478081841846871,-0.4520605335854502,0.045743604868911755,1.9107231162957898,-0.027947713104368797,0.7744353000785701,0.20850898379184787,-0.0,-0.0,-0.0,-0.01120192371226334,-0.0,-0.0,-0.0
11.06,0.7478081841846871,-0.4520605335854502,0.045743604868911755,1.9106091380465944,-0.027947713104368797,0.7744353000785701,0.20850898379184787,-0.0,-0.0,-0.0,-0.011592468262573794,-0.0,-0.0,-0.0
11.07,0.7478081841846871,-0.4520605335854502,0.045743604868911755,1.9104912922313324,-0.027947713104368797,0.7744353000785701,0.20850898379184787,-0.0,-0.0,-0.0,-0.011975422692568802,-0.0,-0.0,-0.0
11.08,0.7478081841846871,-0.4520605335854502,0.045743604868911755,1.9103696551722953,-0.027947713104368797,0.7744353000785701,0.20850898379184787,-0.0,-0.0,-0.0,-0.012350703375295773,-0.0,-0.0,-0.0
11.09,0.7478081841846871,-0.4520605335854502,0.045743604868911755,1.9102443040102959,-0.027947713104368797,0.7744353000785701,0.20850898379184787,-0.0,-0.0,-0.0,-0.012718230236109409,-0.0,-0.0,-0.0
11.1,0.7478081841846871,-0.4520605335854502,0.045743604868911755,1.9101153166690699,-0.027947713104368797,0.7744353000785701,0.20850898379184787,-0.0,-0.0,-0.0,-0.013077926767275573,-0.0,-0.0,-0.0
11.11,0.7478081841846871,-0.4520605335854502,0.045743604868911755,1.9099827718195408,-0.027947713104368797,0.7744353000785701,0.20850898379184787,-0.0,-0.0,-0.0,-0.013429720041015157,-0.0,-0.0,-0.0
11.12,0.7478081841846871,-0.4520605335854502,0.045743604868911755,1.9098467488439623,-0.027947713104368797,0.7744353000785701,0.20850898379184787,-0.0,-0.0,-0.0,-0.013773540720986138,-0.0,-0.0,-0.0
11.13,0.7478081841846871,-0.4520605335854502,0.045743604868911755,1.9097073277999514,-0.027947713104368797,0.7744353000785701,0.20850898379184787,-0.0,-0.0,-0.0,-0.014109323072205181,-0.0,-0.0,-0.0
11.14,0.7478081841846871,-0.4520605335854502,0.045743604868911755,1.9095645893844333,-0.027947713104368797,0.7744353000785701,0.20850898379184787,-0.0,-0.0,-0.0,-0.014437004969407858,-0.0,-0.0,-0.0
11.15,0.7478081841846871,-0.4520605335854502,0.045743604868911755,1.9094186148975083,-0.027947713104368797,0.7744353000785701,0.20850898379184787,-0.0,-0.0,-0.0,-0.014756527903850718,-0.0,-0.0,-0.0
11.16,0.7478081841846871,-0.4520605335854502,0.045743604868911755,1.9092694862062582,-0.027947713104368797,0.7744353000785701,0.20850898379184787,-0.0,-0.0,-0.0,-0.015067836988555135,-0.0,-0.0,-0.0
11.17,0.7478081841846871,-0.4520605335854502,0.045743604868911755,1.909117285708511,-0.027947713104368797,0.7744353000785701,0.20850898379184787,-0.0,-0.0,-0.0,-0.01537088096199741,-0.0,-0.0,-0.0
11.18,0.7478081841846871,-0.4520605335854502,0.045743604868911755,1.908962096296572,-0.027947713104368797,0.7744353000785701,0.20850898379184787,-0.0,-0.0,-0.0,-0.01566561219024724,-0.0,-0.0,-0.0
11.19,0.7478081841846871,-0.4520605335854502,0.045743604868911755,1.9088040013209457,-0.027947713104368797,0.7744353000785701,0.20850898379184787,-0.0,-0.0,-0.0,-0.015951986667559086,-0.0,-0.0,-0.0
11.2,0.7478081841846871,-0.4520605335854502,0.045743604868911755,1.9086430845540552,-0.027947713104368797,0.7744353000785701,0.20850898379184787,-0.0,-0.0,-0.0,-0.016229964015421258,-0.0,-0.0,-0.0
11.21,0.7478081841846871,-0.4520605335854502,0.045743604868911755,1.9084794301539836,-0.027947713104368797,0.7744353000785701,0.20850898379184787,-0.0,-0.0,-0.0,-0.016499507480067607,-0.0,-0.0,-0.0
11.22,0.7478081841846871,-0.4520605335854502,0.045743604868911755,1.908313122628243,-0.027947713104368797,0.7744353000785701,0.20850898379184787,-0.0,-0.0,-0.0,-0.016760583928457858,-0.0,-0.0,-0.0
11.23,0.7478081841846871,-0.4520605335854502,0.045743604868911755,1.9081442467975958,-0.027947713104368797,0.7744353000785701,0.20850898379184787,-0.0,-0.0,-0.0,-0.017013163842733867,-0.0,-0.0,-0.0
11.24,0.7478081841846871,-0.4520605335854502,0.045743604868911755,1.9079728877599347,-0.027947713104368797,0.7744353000785701,0.20850898379184787,-0.0,-0.0,-0.0,-0.01725722131315823,-0.0,-0.0,-0.0
11.25,0.7478081841846871,-0.4520605335854502,0.045743604868911755,1.9077991308542448,-0.027947713104368797,0.7744353000785701,0.20850898379184787,-0.0,-0.0,-0.0,-0.017492734029543634,-0.0,-0.0,-0.0
11.26,0.7478081841846871,-0.4520605335854502,0.045743604868911755,1.9076230616246572,-0.027947713104368797,0.7744353000785701,0.20850898379184787,-0.0,-0.0,-0.0,-0.017719683271181307,-0.0,-0.0,-0.0
11.27,0.7478081841846871,-0.4520605335854502,0.045743604868911755,1.9074447657846092,-0.027947713104368797,0.7744353000785701,0.20850898379184787,-0.0,-0.0,-0.0,-0.017938053895278246,-0.0,-0.0,-0.0
11.28,0.7478081841846871,-0.4520605335854502,0.045743604868911755,1.9072643291811309,-0.027947713104368797,0.7744353000785701,0.20850898379184787,-0.0,-0.0,-0.0,-0.018147834323912315,-0.0,-0.0,-0.0
11.29,0.7478081841846871,-0.4520605335854502,0.045743604868911755,1.907081837759267,-0.027947713104368797,0.7744353000785701,0.20850898379184787,-0.0,-0.0,-0.0,-0.018349016529516194,-0.0,-0.0,-0.0
11.3,0.7478081841846871,-0.4520605335854502,0.045743604868911755,1.9068973775266522,-0.027947713104368797,0.7744353000785701,0.20850898379184787,-0.0,-0.0,-0.0,-0.018541596018901242,-0.0,-0.0,-0.0
11.31,0.7478081841846871,-0.4520605335854502,0.045743604868911755,1.9067110345182525,-0.027947713104368797,0.7744353000785701,0.20850898379184787,-0.0,-0.0,-0.0,-0.018725571815832478,-0.0,-0.0,-0.0
11.32,0.7478081841846871,-0.4520605335854502,0.045743604868911755,1.9065228947612907,-0.027947713104368797,0.7744353000785701,0.20850898379184787,-0.0,-0.0,-0.0,-0.0189009464421678,-0.0,-0.0,-0.0
11.33,0.7478081841846871,-0.4520605335854502,0.045743604868911755,1.906333044240363,-0.027947713104368797,0.7744353000785701,0.20850898379184787,-0.0,-0.0,-0.0,-0.01906772589757337,-0.0,-0.0,-0.0
11.34,0.7478081841846871,-0.4520605335854502,0.045743604868911755,1.906141568862771,-0.027947713104368797,0.7744353000785701,0.20850898379184787,-0.0,-0.0,-0.0,-0.01922591963782946,-0.0,-0.0,-0.0
11.35,0.7478081841846871,-0.4520605335854502,0.045743604868911755,1.905948554424073,-0.027947713104368797,0.7744353000785701,0.20850898379184787,-0.0,-0.0,-0.0,-0.019375540551740258,-0.0,-0.0,-0.0
11.36,0.7478081841846871,-0.4520605335854502,0.045743604868911755,1.9057540865738756,-0.027947713104368797,0.7744353000785701,0.20850898379184787,-0.0,-0.0,-0.0,-0.019516604936662674,-0.0,-0.0,-0.0
11.37,0.7478081841846871,-0.4520605335854502,0.045743604868911755,1.9055582507818758,-0.027947713104368797,0.7744353000785701,0.20850898379184787,-0.0,-0.0,-0.0,-0.019649132472669136,-0.0,-0.0,-0.0
11.38,0.7478081841846871,-0.4520605335854502,0.045743604868911755,1.9053611323041695,-0.027947713104368797,0.7744353000785701,0.20850898379184787,-0.0,-0.0,-0.0,-0.019773146195360095,-0.0,-0.0,-0.0
11.39,0.7478081841846871,-0.4520605335854502,0.045743604868911755,1.9051628161498373,-0.027947713104368797,0.7744353000785701,0.20850898379184787,-0.0,-0.0,-0.0,-0.019888672467342876,-0.0,-0.0,-0.0
11.4,0.7478081841846871,-0.4520605335854502,0.045743604868911755,1.904963387047822,-0.027947713104368797,0.7744353000785701,0.20850898379184787,-0.0,-0.0,-0.0,-0.019995740948393497,-0.0,-0.0,-0.0
11.41,0.7478081841846871,-0.4520605335854502,0.045743604868911755,1.9047629294141124,-0.027947713104368797,0.7744353000785701,0.20850898379184787,-0.0,-0.0,-0.0,-0.02009438456431884,-0.0,-0.0,-0.0
11.42,0.7478081841846871,-0.4520605335854502,0.045743604868911755,1.9045615273192436,-0.027947713104368797,0.7744353000785701,0.20850898379184787,-0.0,-0.0,-0.0,-0.02018463947453728,-0.0,-0.0,-0.0
11.43,0.7478081841846871,-0.4520605335854502,0.045743604868911755,1.9043592644561278,-0.027947713104368797,0.7744353000785701,0.20850898379184787,-0.0,-0.0,-0.0,-0.02026654503839627,-0.0,-0.0,-0.0
11.44,0.7478081841846871,-0.4520605335854502,0.045743604868911755,1.90415622410823,-0.027947713104368797,0.7744353000785701,0.20850898379184787,-0.0,-0.0,-0.0,-0.02034014378024561,-0.0,-0.0,-0.0
11.45,0.7478081841846871,-0.4520605335854502,0.045743604868911755,1.903952489118096,-0.027947713104368797,0.7744353000785701,0.20850898379184787,-0.0,-0.0,-0.0,-0.0204054813532861,-0.0,-0.0,-0.0
11.46,0.7478081841846871,-0.4520605335854502,0.045743604868911755,1.9037481418562505,-0.027947713104368797,0.7744353000785701,0.20850898379184787,-0.0,-0.0,-0.0,-0.020462606502213525,-0.0,-0.0,-0.0
11.47,0.7478081841846871,-0.4520605335854502,0.045743604868911755,1.9035432641904746,-0.027947713104368797,0.7744353000785701,0.20850898379184787,-0.0,-0.0,-0.0,-0.020511571024678203,-0.0,-0.0,-0.0
11.48,0.7478081841846871,-0.4520605335854502,0.045743604868911755,1.9033379374554724,-0.027947713104368797,0.7744353000785701,0.20850898379184787,-0.0,-0.0,-0.0,-0.020552429731581494,-0.0,-0.0,-0.0
11.49,0.7478081841846871,-0.4520605335854502,0.045743604868911755,1.9031322424229427,-0.027947713104368797,0.7744353000785701,0.20850898379184787,-0.0,-0.0,-0.0,-0.02058524040623007,-0.0,-0.0,-0.0
11.5,0.7478081841846871,-0.4520605335854502,0.045743604868911755,1.9029262592720637,-0.027947713104368797,0.7744353000785701,0.20850898379184787,-0.0,-0.0,-0.0,-0.020610063762370286,-0.0,-0.0,-0.0
11.51,0.7478081841846871,-0.4520605335854502,0.045743604868911755,1.9027200675604026,-0.027947713104368797,0.7744353000785701,0.20850898379184787,-0.0,-0.0,-0.0,-0.02062696340112457,-0.0,-0.0,-0.0
11.52,0.7478081841846871,-0.4520605335854502,0.045743604868911755,1.9025137461952621,-0.027947713104368797,0.7744353000785701,0.20850898379184787,-0.0,-0.0,-0.0,-0.020636005766852854,-0.0,-0.0,-0.0
11.53,0.7478081841846871,-0.4520605335854502,0.045743604868911755,1.9023073734054734,-0.027947713104368797,0.7744353000785701,0.20850898379184787,-0.0,-0.0,-0.0,-0.020637260101961926,-0.0,-0.0,-0.0
11.54,0.7478081841846871,-0.4520605335854502,0.045743604868911755,1.9021010267136447,-0.027947713104368797,0.7744353000785701,0.20850898379184787,-0.0,-0.0,-0.0,-0.020630798400686354,-0.0,-0.0,-0.0
11.55,0.7478081841846871,-0.4520605335854502,0.045743604868911755,1.90189478290888,-0.027947713104368797,0.7744353000785701,0.20850898379184787,-0.0,-0.0,-0.0,-0.020616695361864987,-0.0,-0.0,-0.0
11.56,0.7478081841846871,-0.4520605335854502,0.045743604868911755,1.9016887180199715,-0.027947713104368797,0.7744353000785701,0.20850898379184787,-0.0,-0.0,-0.0,-0.020595028340737287,-0.0,-0.0,-0.0
11.57,0.7478081841846871,-0.4520605335854502,0.045743604868911755,1.901482907289082,-0.027947713104368797,0.7744353000785701,0.20850898379184787,-0.0,-0.0,-0.0,-0.020565877299784072,-0.0,-0.0,-0.0
11.58,0.7478081841846871,-0.4520605335854502,0.045743604868911755,1.9012774251459217,-0.027947713104368797,0.7744353000785701,0.20850898379184787,-0.0,-0.0,-0.0,-0.020529324758637942,-0.0,-0.0,-0.0
11.59,0.7478081841846871,-0.4520605335854502,0.045743604868911755,1.90107234518243,-0.027947713104368797,0.7744353000785701,0.20850898379184787,-0.0,-0.0,-0.0,-0.020485455743088823,-0.0,-0.0,-0.0
11.6,0.7478081841846871,-0.4520605335854502,0.045743604868911755,1.9008677401279745,-0.027947713104368797,0.7744353000785701,0.20850898379184787,-0.0,-0.0,-0.0,-0.0204343577332101,-0.0,-0.0,-0.0
11.61,0.7478081841846871,-0.4520605335854502,0.045743604868911755,1.900663681825069,-0.027947713104368797,0.7744353000785701,0.20850898379184787,-0.0,-0.0,-0.0,-0.020376120610631727,-0.0,-0.0,-0.0
11.62,0.7478081841846871,-0.4520605335854502,0.045743604868911755,1.9004602412056268,-0.027947713104368797,0.7744353000785701,0.20850898379184787,-0.0,-0.0,-0.0,-0.0203108366049865,-0.0,-0.0,-0.0
11.63,0.7478081841846871,-0.4520605335854502,0.045743604868911755,1.9002574882677508,-0.027947713104368797,0.7744353000785701,0.20850898379184787,-0.0,-0.0,-0.0,-0.02023860023955639,-0.0,-0.0,-0.0
11.64,0.7478081841846871,-0.4520605335854502,0.045743604868911755,1.9000554920530714,-0.027947713104368797,0.7744353000785701,0.20850898379184787,-0.0,-0.0,-0.0,-0.020159508276145724,-0.0,-0.0,-0.0
11.65,0.7478081841846871,-0.4520605335854502,0.045743604868911755,1.8998543206246425,-0.027947713104368797,0.7744353000785701,0.20850898379184787,-0.0,-0.0,-0.0,-0.020073659659208647,-0.0,-0.0,-0.0
11.66,0.7478081841846871,-0.4520605335854502,0.045743604868911755,1.899654041045394,-0.027947713104368797,0.7744353000785701,0.20850898379184787,-0.0,-0.0,-0.0,-0.01998115545925823,-0.0,-0.0,-0.0
11.67,0.7478081841846871,-0.4520605335854502,0.045743604868911755,1.8994547193571598,-0.027947713104368797,0.7744353000785701,0.20850898379184787,-0.0,-0.0,-0.0,-0.0198820988155852,-0.0,-0.0,-0.0
11.68,0.7478081841846871,-0.4520605335854502,0.045743604868911755,1.8992564205602778,-0.027947713104368797,0.7744353000785701,0.20850898379184787,-0.0,-0.0,-0.0,-0.019776594878314242,-0.0,-0.0,-0.0
11.69,0.7478081841846871,-0.4520605335854502,0.045743604868911755,1.8990592085937745,-0.027947713104368797,0.7744353000785701,0.20850898379184787,-0.0,-0.0,-0.0,-0.019664750749825977,-0.0,-0.0,-0.0
11.7,0.7478081841846871,-0.4520605335854502,0.045743604868911755,1.8988631463161376,-0.027947713104368797,0.7744353000785701,0.20850898379184787,-0.0,-0.0,-0.0,-0.019546675425573305,-0.0,-0.0,-0.0
11.71,0.7478081841846871,-0.4520605335854502,0.045743604868911755,1.8986682954866834,-0.027947713104368797,0.7744353000785701,0.20850898379184787,-0.0,-0.0,-0.0,-0.019422479734320656,-0.0,-0.0,-0.0
11.72,0.7478081841846871,-0.4520605335854502,0.045743604868911755,1.8984747167475255,-0.027947713104368797,0.7744353000785701,0.20850898379184787,-0.0,-0.0,-0.0,-0.019292276277835155,-0.0,-0.0,-0.0
11.73,0.7478081841846871,-0.4520605335854502,0.045743604868911755,1.8982824696061478,-0.027947713104368797,0.7744353000785701,0.20850898379184787,-0.0,-0.0,-0.0,-0.019156179370058243,-0.0,-0.0,-0.0
11.74,0.7478081841846871,-0.4520605335854502,0.045743604868911755,1.8980916124185891,-0.027947713104368797,0.7744353000785701,0.20850898379184787,-0.0,-0.0,-0.0,-0.019014304975787665,-0.0,-0.0,-0.0
11.75,0.7478081841846871,-0.4520605335854502,0.045743604868911755,1.8979022023732437,-0.027947713104368797,0.7744353000785701,0.20850898379184787,-0.0,-0.0,-0.0,-0.01886677064889858,-0.0,-0.0,-0.0
11.76,0.7478081841846871,-0.4520605335854502,0.045743604868911755,1.8977142954752801,-0.027947713104368797,0.7744353000785701,0.20850898379184787,-0.0,-0.0,-0.0,-0.018713695470133497,-0.0,-0.0,-0.0
11.77,0.7478081841846871,-0.4520605335854502,0.045743604868911755,1.8975279465316863,-0.027947713104368797,0.7744353000785701,0.20850898379184787,-0.0,-0.0,-0.0,-0.01855519998449071,-0.0,-0.0,-0.0
11.78,0.7478081841846871,-0.4520605335854502,0.045743604868911755,1.897343209136941,-0.027947713104368797,0.7744353000785701,0.20850898379184787,-0.0,-0.0,-0.0,-0.018391406138240505,-0.0,-0.0,-0.0
11.79,0.7478081841846871,-0.4520605335854502,0.045743604868911755,1.8971601356593177,-0.027947713104368797,0.7744353000785701,0.20850898379184787,-0.0,-0.0,-0.0,-0.0182224372155995,-0.0,-0.0,-0.0
11.8,0.7478081841846871,-0.4520605335854502,0.045743604868911755,1.896978777227823,-0.027947713104368797,0.7744353000785701,0.20850898379184787,-0.0,-0.0,-0.0,-0.018048417775092605,-0.0,-0.0,-0.0
11.81,0.7478081841846871,-0.4520605335854502,0.045743604868911755,1.896799183719773,-0.027947713104368797,0.7744353000785701,0.20850898379184787,-0.0,-0.0,-0.0,-0.01786947358563262,-0.0,-0.0,-0.0
11.82,0.7478081841846871,-0.4520605335854502,0.045743604868911755,1.8966214037490101,-0.027947713104368797,0.7744353000785701,0.20850898379184787,-0.0,-0.0,-0.0,-0.017685731562347363,-0.0,-0.0,-0.0
11.83,0.7478081841846871,-0.4520605335854502,0.045743604868911755,1.8964454846547623,-0.027947713104368797,0.7744353000785701,0.20850898379184787,-0.0,-0.0,-0.0,-0.01749731970218458,-0.0,-0.0,-0.0
11.84,0.7478081841846871,-0.4520605335854502,0.045743604868911755,1.896271472491148,-0.027947713104368797,0.7744353000785701,0.20850898379184787,-0.0,-0.0,-0.0,-0.01730436701932462,-0.0,-0.0,-0.0
11.85,0.7478081841846871,-0.4520605335854502,0.045743604868911755,1.8960994120173278,-0.027947713104368797,0.7744353000785701,0.20850898379184787,-0.0,-0.0,-0.0,-0.017107003480430507,-0.0,-0.0,-0.0
11.86,0.7478081841846871,-0.4520605335854502,0.045743604868911755,1.8959293466883034,-0.027947713104368797,0.7744353000785701,0.20850898379184787,-0.0,-0.0,-0.0,-0.01690535993976621,-0.0,-0.0,-0.0
11.87,0.7478081841846871,-0.4520605335854502,0.045743604868911755,1.8957613186463662,-0.027947713104368797,0.7744353000785701,0.20850898379184787,-0.0,-0.0,-0.0,-0.016699568074212582,-0.0,-0.0,-0.0
11.88,0.7478081841846871,-0.4520605335854502,0.045743604868911755,1.8955953687131974,-0.027947713104368797,0.7744353000785701,0.20850898379184787,-0.0,-0.0,-0.0,-0.016489760318211,-0.0,-0.0,-0.0
11.89,0.7478081841846871,-0.4520605335854502,0.045743604868911755,1.8954315363826169,-0.027947713104368797,0.7744353000785701,0.20850898379184787,-0.0,-0.0,-0.0,-0.016276069798665322,-0.0,-0.0,-0.0
11.9,0.7478081841846871,-0.4520605335854502,0.045743604868911755,1.8952698598139843,-0.027947713104368797,0.7744353000785701,0.20850898379184787,-0.0,-0.0,-0.0,-0.016058630269830797,-0.0,-0.0,-0.0
11.91,0.7478081841846871,-0.4520605335854502,0.045743604868911755,1.8951103758262515,-0.027947713104368797,0.7744353000785701,0.20850898379184787,-0.0,-0.0,-0.0,-0.015837576048221325,-0.0,-0.0,-0.0
11.92,0.7478081841846871,-0.4520605335854502,0.045743604868911755,1.8949531198926648,-0.027947713104368797,0.7744353000785701,0.20850898379184787,-0.0,-0.0,-0.0,-0.015613041947563484,-0.0,-0.0,-0.0
11.93,0.7478081841846871,-0.4520605335854502,0.045743604868911755,1.894798126136118,-0.027947713104368797,0.7744353000785701,0.20850898379184787,-0.0,-0.0,-0.0,-0.015385163213827994,-0.0,-0.0,-0.0
11.94,0.7478081841846871,-0.4520605335854502,0.045743604868911755,1.8946454273251543,-0.027947713104368797,0.7744353000785701,0.20850898379184787,-0.0,-0.0,-0.0,-0.015154075460367265,-0.0,-0.0,-0.0
11.95,0.7478081841846871,-0.4520605335854502,0.045743604868911755,1.894495054870616,-0.027947713104368797,0.7744353000785701,0.20850898379184787,-0.0,-0.0,-0.0,-0.014919914603189284,-0.0,-0.0,-0.0
11.96,0.7478081841846871,-0.4520605335854502,0.045743604868911755,1.8943470388229418,-0.027947713104368797,0.7744353000785701,0.20850898379184787,-0.0,-0.0,-0.0,-0.01468281679639668,-0.0,-0.0,-0.0
11.97,0.7478081841846871,-0.4520605335854502,0.045743604868911755,1.8942014078701062,-0.027947713104368797,0.7744353000785701,0.20850898379184787,-0.0,-0.0,-0.0,-0.014442918367820166,-0.0,-0.0,-0.0
11.98,0.7478081841846871,-0.4520605335854502,0.045743604868911755,1.894058189336205,-0.027947713104368797,0.7744353000785701,0.20850898379184787,-0.0,-0.0,-0.0,-0.014200355754875243,-0.0,-0.0,-0.0
11.99,0.7478081841846871,-0.4520605335854502,0.045743604868911755,1.8939174091806776,-0.027947713104368797,0.7744353000785701,0.20850898379184787,-0.0,-0.0,-0.0,-0.013955265440671353,-0.0,-0.0,-0.0
12.0,0.7478081841846871,-0.4520605335854502,0.045743604868911755,1.8937790919981694,-0.027947713104368797,0.7744353000785701,0.20850898379184787,-0.0,-0.0,-0.0,-0.013707783890401889,-0.0,-0.0,-0.0
12.01,0.7478081841846871,-0.4520605335854502,0.045743604868911755,1.8936432610190272,-0.027947713104368797,0.7744353000785701,0.20850898379184787,-0.0,-0.0,-0.0,-0.013458047488043095,-0.0,-0.0,-0.0
12.02,0.7478081841846871,-0.4520605335854502,0.045743604868911755,1.8935099381104266,-0.027947713104368797,0.7744353000785701,0.20850898379184787,-0.0,-0.0,-0.0,-0.01320619247339081,-0.0,-0.0,-0.0
12.03,0.7478081841846871,-0.4520605335854502,0.045743604868911755,1.893379143778127,-0.027947713104368797,0.7744353000785701,0.20850898379184787,-0.0,-0.0,-0.0,-0.012952354879462518,-0.0,-0.0,-0.0
12.04,0.7478081841846871,-0.4520605335854502,0.045743604868911755,1.8932508971688513,-0.027947713104368797,0.7744353000785701,0.20850898379184787,-0.0,-0.0,-0.0,-0.012696670470292515,-0.0,-0.0,-0.0
12.05,0.7478081841846871,-0.4520605335854502,0.045743604868911755,1.8931252160732843,-0.027947713104368797,0.7744353000785701,0.20850898379184787,-0.0,-0.0,-0.0,-0.012439274679147804,-0.0,-0.0,-0.0
12.06,0.7478081841846871,-0.4520605335854502,0.045743604868911755,1.8930021169296873,-0.027947713104368797,0.7744353000785701,0.20850898379184787,-0.0,-0.0,-0.0,-0.012180302547192233,-0.0,-0.0,-0.0
12.07,0.7478081841846871,-0.4520605335854502,0.045743604868911755,1.8928816148281253,-0.027947713104368797,0.7744353000785701,0.20850898379184787,-0.0,-0.0,-0.0,-0.011919888662624825,-0.0,-0.0,-0.0
12.08,0.7478081841846871,-0.4520605335854502,0.045743604868911755,1.892763723515297,-0.027947713104368797,0.7744353000785701,0.20850898379184787,-0.0,-0.0,-0.0,-0.011658167100320317,-0.0,-0.0,-0.0
12.09,0.7478081841846871,-0.4520605335854502,0.045743604868911755,1.8926484553999687,-0.027947713104368797,0.7744353000785701,0.20850898379184787,-0.0,-0.0,-0.0,-0.011395271361997344,-0.0,-0.0,-0.0
12.1,0.7478081841846871,-0.4520605335854502,0.045743604868911755,1.8925358215590027,-0.027947713104368797,0.7744353000785701,0.20850898379184787,-0.0,-0.0,-0.0,-0.011131334316940824,-0.0,-0.0,-0.0
12.11,0.7478081841846871,-0.4520605335854502,0.045743604868911755,1.8924258317439753,-0.027947713104368797,0.7744353000785701,0.20850898379184787,-0.0,-0.0,-0.0,-0.010866488143303767,-0.0,-0.0,-0.0
12.12,0.7478081841846871,-0.4520605335854502,0.045743604868911755,1.8923184943883793,-0.027947713104368797,0.7744353000785701,0.20850898379184787,-0.0,-0.0,-0.0,-0.010600864270014752,-0.0,-0.0,-0.0
12.13,0.7478081841846871,-0.4520605335854502,0.045743604868911755,1.8922138166154037,-0.027947713104368797,0.7744353000785701,0.20850898379184787,-0.0,-0.0,-0.0,-0.010334593319315133,-0.0,-0.0,-0.0
12.14,0.7478081841846871,-0.4520605335854502,0.045743604868911755,1.8921118042462863,-0.027947713104368797,0.7744353000785701,0.20850898379184787,-0.0,-0.0,-0.0,-0.01006780504995185,-0.0,-0.0,-0.0
12.15,0.7478081841846871,-0.4520605335854502,0.045743604868911755,1.8920124618092282,-0.027947713104368797,0.7744353000785701,0.20850898379184787,-0.0,-0.0,-0.0,-0.009800628301048914,-0.0,-0.0,-0.0
12.16,0.7478081841846871,-0.4520605335854502,0.045743604868911755,1.891915792548869,-0.027947713104368797,0.7744353000785701,0.20850898379184787,-0.0,-0.0,-0.0,-0.009533190936682878,-0.0,-0.0,-0.0
12.17,0.7478081841846871,-0.4520605335854502,0.045743604868911755,1.8918217984363113,-0.027947713104368797,0.7744353000785701,0.20850898379184787,-0.0,-0.0,-0.0,-0.009265619791184749,-0.0,-0.0,-0.0
12.18,0.7478081841846871,-0.4520605335854502,0.045743604868911755,1.8917304801796873,-0.027947713104368797,0.7744353000785701,0.20850898379184787,-0.0,-0.0,-0.0,-0.008998040615192354,-0.0,-0.0,-0.0
12.19,0.7478081841846871,-0.4520605335854502,0.045743604868911755,1.8916418372352644,-0.027947713104368797,0.7744353000785701,0.20850898379184787,-0.0,-0.0,-0.0,-0.008730578022475583,-0.0,-0.0,-0.0
12.2,0.7478081841846871,-0.4520605335854502,0.045743604868911755,1.891555867819074,-0.027947713104368797,0.7744353000785701,0.20850898379184787,-0.0,-0.0,-0.0,-0.008463355437557052,-0.0,-0.0,-0.0
12.21,0.7478081841846871,-0.4520605335854502,0.045743604868911755,1.8914725689190646,-0.027947713104368797,0.7744353000785701,0.20850898379184787,-0.0,-0.0,-0.0,-0.008196495044149614,-0.0,-0.0,-0.0
12.22,0.7478081841846871,-0.4520605335854502,0.045743604868911755,1.891391936307763,-0.027947713104368797,0.7744353000785701,0.20850898379184787,-0.0,-0.0,-0.0,-0.007930117734433854,-0.0,-0.0,-0.0
12.23,0.7478081841846871,-0.4520605335854502,0.045743604868911755,1.8913139645554398,-0.027947713104368797,0.7744353000785701,0.20850898379184787,-0.0,-0.0,-0.0,-0.007664343059193938,-0.0,-0.0,-0.0
12.24,0.7478081841846871,-0.4520605335854502,0.045743604868911755,1.8912386470437696,-0.027947713104368797,0.7744353000785701,0.20850898379184787,-0.0,-0.0,-0.0,-0.007399289178835454,-0.0,-0.0,-0.0
12.25,0.7478081841846871,-0.4520605335854502,0.045743604868911755,1.8911659759799753,-0.027947713104368797,0.7744353000785701,0.20850898379184787,-0.0,-0.0,-0.0,-0.007135072815303345,-0.0,-0.0,-0.0
12.26,0.7478081841846871,-0.4520605335854502,0.045743604868911755,1.8910959424114495,-0.027947713104368797,0.7744353000785701,0.20850898379184787,-0.0,-0.0,-0.0,-0.006871809204920114,-0.0,-0.0,-0.0
12.27,0.7478081841846871,-0.4520605335854502,0.045743604868911755,1.8910285362408428,-0.027947713104368797,0.7744353000785701,0.20850898379184787,-0.0,-0.0,-0.0,-0.006609612052164499,-0.0,-0.0,-0.0
12.28,0.7478081841846871,-0.4520605335854502,0.045743604868911755,1.8909637462416093,-0.027947713104368797,0.7744353000785701,0.20850898379184787,-0.0,-0.0,-0.0,-0.006348593484407915,-0.0,-0.0,-0.0
12.29,0.7478081841846871,-0.4520605335854502,0.045743604868911755,1.8909015600739998,-0.027947713104368797,0.7744353000785701,0.20850898379184787,-0.0,-0.0,-0.0,-0.006088864007627668,-0.0,-0.0,-0.0
12.3,0.7478081841846871,-0.4520605335854502,0.045743604868911755,1.8908419643014929,-0.027947713104368797,0.7744353000785701,0.20850898379184787,-0.0,-0.0,-0.0,-0.0058305324631151845,-0.0,-0.0,-0.0
12.31,0.7478081841846871,-0.4520605335854502,0.045743604868911755,1.8907849444076545,-0.027947713104368797,0.7744353000785701,0.20850898379184787,-0.0,-0.0,-0.0,-0.005573705985195615,-0.0,-0.0,-0.0
12.32,0.7478081841846871,-0.4520605335854502,0.045743604868911755,1.8907304848134145,-0.027947713104368797,0.7744353000785701,0.20850898379184787,-0.0,-0.0,-0.0,-0.00531848995997538,-0.0,-0.0,-0.0
12.33,0.7478081841846871,-0.4520605335854502,0.045743604868911755,1.8906785688947507,-0.027947713104368797,0.7744353000785701,0.20850898379184787,-0.0,-0.0,-0.0,-0.005064987985135554,-0.0,-0.0,-0.0
12.34,0.7478081841846871,-0.4520605335854502,0.045743604868911755,1.8906291790007697,-0.027947713104368797,0.7744353000785701,0.20850898379184787,-0.0,-0.0,-0.0,-0.004813301830784676,-0.0,-0.0,-0.0
12.35,0.7478081841846871,-0.4520605335854502,0.045743604868911755,1.8905822964721737,-0.027947713104368797,0.7744353000785701,0.20850898379184787,-0.0,-0.0,-0.0,-0.004563531401387306,-0.0,-0.0,-0.0
12.36,0.7478081841846871,-0.4520605335854502,0.045743604868911755,1.8905379016601038,-0.027947713104368797,0.7744353000785701,0.20850898379184787,-0.0,-0.0,-0.0,-0.00431577469878304,-0.0,-0.0,-0.0
12.37,0.7478081841846871,-0.4520605335854502,0.045743604868911755,1.890495973945345,-0.027947713104368797,0.7744353000785701,0.20850898379184787,-0.0,-0.0,-0.0,-0.00407012778630944,-0.0,-0.0,-0.0
12.38,0.7478081841846871,-0.4520605335854502,0.045743604868911755,1.8904564917578872,-0.027947713104368797,0.7744353000785701,0.20850898379184787,-0.0,-0.0,-0.0,-0.0038266847540423983,-0.0,-0.0,-0.0
12.39,0.7478081841846871,-0.4520605335854502,0.045743604868911755,1.8904194325968262,-0.027947713104368797,0.7744353000785701,0.20850898379184787,-0.0,-0.0,-0.0,-0.0035855376851681936,-0.0,-0.0,-0.0
12.4,0.7478081841846871,-0.4520605335854502,0.045743604868911755,1.8903847730505965,-0.027947713104368797,0.7744353000785701,0.20850898379184787,-0.0,-0.0,-0.0,-0.003346776623497169,-0.0,-0.0,-0.0
12.41,0.7478081841846871,-0.4520605335854502,0.045743604868911755,1.8903524888175218,-0.027947713104368797,0.7744353000785701,0.20850898379184787,-0.0,-0.0,-0.0,-0.003110489542133625,-0.0,-0.0,-0.0
12.42,0.7478081841846871,-0.4520605335854502,0.045743604868911755,1.8903225547266753,-0.027947713104368797,0.7744353000785701,0.20850898379184787,-0.0,-0.0,-0.0,-0.002876762313311149,-0.0,-0.0,-0.0
12.43,0.7478081841846871,-0.4520605335854502,0.045743604868911755,1.890294944759033,-0.027947713104368797,0.7744353000785701,0.20850898379184787,-0.0,-0.0,-0.0,-0.002645678679405028,-0.0,-0.0,-0.0
12.44,0.7478081841846871,-0.4520605335854502,0.045743604868911755,1.8902696320689125,-0.027947713104368797,0.7744353000785701,0.20850898379184787,-0.0,-0.0,-0.0,-0.002417320225131344,-0.0,-0.0,-0.0
12.45,0.7478081841846871,-0.4520605335854502,0.045743604868911755,1.8902465890056843,-0.027947713104368797,0.7744353000785701,0.20850898379184787,-0.0,-0.0,-0.0,-0.002191766350943103,-0.0,-0.0,-0.0
12.46,0.7478081841846871,-0.4520605335854502,0.045743604868911755,1.8902257871357424,-0.027947713104368797,0.7744353000785701,0.20850898379184787,-0.0,-0.0,-0.0,-0.001969094247631134,-0.0,-0.0,-0.0
12.47,0.7478081841846871,-0.4520605335854502,0.045743604868911755,1.8902071972647216,-0.027947713104368797,0.7744353000785701,0.20850898379184787,-0.0,-0.0,-0.0,-0.0017493788721391122,-0.0,-0.0,-0.0
12.48,0.7478081841846871,-0.4520605335854502,0.045743604868911755,1.8901907894599532,-0.027947713104368797,0.7744353000785701,0.20850898379184787,-0.0,-0.0,-0.0,-0.0015326929245999797,-0.0,-0.0,-0.0
12.49,0.7478081841846871,-0.4520605335854502,0.045743604868911755,1.8901765330731424,-0.027947713104368797,0.7744353000785701,0.20850898379184787,-0.0,-0.0,-0.0,-0.0013191068266007872,-0.0,-0.0,-0.0
12.5,0.7478081841846871,-0.4520605335854502,0.045743604868911755,1.8901643967632566,-0.027947713104368797,0.7744353000785701,0.20850898379184787,-0.0,-0.0,-0.0,-0.001108688700683261,-0.0,-0.0,-0.0
12.51,0.7478081841846871,-0.4520605335854502,0.045743604868911755,1.8901543485196146,-0.027947713104368797,0.7744353000785701,0.20850898379184787,-0.0,-0.0,-0.0,-0.0009015043510849937,-0.0,-0.0,-0.0
12.52,0.7478081841846871,-0.4520605335854502,0.045743604868911755,1.8901463556851594,-0.027947713104368797,0.7744353000785701,0.20850898379184787,-0.0,-0.0,-0.0,-0.0006976172457272952,-0.0,-0.0,-0.0
12.53,0.7478081841846871,-0.4520605335854502,0.045743604868911755,1.8901403849799068,-0.027947713104368797,0.7744353000785701,0.20850898379184787,-0.0,-0.0,-0.0,-0.0004970884994545459,-0.0,-0.0,-0.0
12.54,0.7478081841846871,-0.4520605335854502,0.045743604868911755,1.8901364025245544,-0.027947713104368797,0.7744353000785701,0.20850898379184787,-0.0,-0.0,-0.0,-0.0002999768585286887,-0.0,-0.0,-0.0
12.55,0.7478081841846871,-0.4520605335854502,0.045743604868911755,1.8901343738642407,-0.027947713104368797,0.7744353000785701,0.20850898379184787,-0.0,-0.0,-0.0,-0.00010633868638251443,-0.0,-0.0,-0.0
12.56,0.7478081841846871,-0.4520605335854502,0.045743604868911755,1.890134263992438,-0.027947713104368797,0.7744353000785701,0.20850898379184787,0.0,0.0,0.0,8.377204936448987e-05,0.0,0.0,0.0
12.57,0.7478081841846871,-0.4520605335854502,0.045743604868911755,1.890136037374971,-0.027947713104368797,0.7744353000785701,0.20850898379184787,0.0,0.0,0.0,0.0002703037886269624,0.0,0.0,0.0
12.58,0.7478081841846871,-0.4520605335854502,0.045743604868911755,1.8901396579741454,-0.027947713104368797,0.7744353000785701,0.20850898379184787,0.0,0.0,0.0,0.00045320738930811733,0.0,0.0,0.0
12.59,0.7478081841846871,-0.4520605335854502,0.045743604868911755,1.8901450892729748,-0.027947713104368797,0.7744353000785701,0.20850898379184787,0.0,0.0,0.0,0.0006324361364869771,0.0,0.0,0.0
12.6,0.7478081841846871,-0.4520605335854502,0.045743604868911755,1.8901522942994928,-0.027947713104368797,0.7744353000785701,0.20850898379184787,0.0,0.0,0.0,0.0008079457503384487,0.0,0.0,0.0
12.61,0.7478081841846871,-0.4520605335854502,0.045743604868911755,1.8901612356511384,-0.027947713104368797,0.7744353000785701,0.20850898379184787,0.0,0.0,0.0,0.000979694392785912,0.0,0.0,0.0
12.62,0.7478081841846871,-0.4520605335854502,0.045743604868911755,1.8901718755192016,-0.027947713104368797,0.7744353000785701,0.20850898379184787,0.0,0.0,0.0,0.0011476426728867124,0.0,0.0,0.0
12.63,0.7478081841846871,-0.4520605335854502,0.045743604868911755,1.8901841757133166,-0.027947713104368797,0.7744353000785701,0.20850898379184787,0.0,0.0,0.0,0.0013117536509526656,0.0,0.0,0.0
12.64,0.7478081841846871,-0.4520605335854502,0.045743604868911755,1.8901980976859891,-0.027947713104368797,0.7744353000785701,0.20850898379184787,0.0,0.0,0.0,0.0014719928414067844,0.0,0.0,0.0
12.65,0.7478081841846871,-0.4520605335854502,0.045743604868911755,1.890213602557147,-0.027947713104368797,0.7744353000785701,0.20850898379184787,0.0,0.0,0.0,0.0016283282143790823,0.0,0.0,0.0
12.66,0.7478081841846871,-0.4520605335854502,0.045743604868911755,1.8902306511386995,-0.027947713104368797,0.7744353000785701,0.20850898379184787,0.0,0.0,0.0,0.001780730196044439,0.0,0.0,0.0
12.67,0.7478081841846871,-0.4520605335854502,0.045743604868911755,1.8902492039590952,-0.027947713104368797,0.7744353000785701,0.20850898379184787,0.0,0.0,0.0,0.001929171667706396,0.0,0.0,0.0
12.68,0.7478081841846871,-0.4520605335854502,0.045743604868911755,1.8902692212878622,-0.027947713104368797,0.7744353000785701,0.20850898379184787,0.0,0.0,0.0,0.0020736279636307605,0.0,0.0,0.0
12.69,0.7478081841846871,-0.4520605335854502,0.045743604868911755,1.890290663160123,-0.027947713104368797,0.7744353000785701,0.20850898379184787,0.0,0.0,0.0,0.002214076867634477,0.0,0.0,0.0
12.7,0.7478081841846871,-0.4520605335854502,0.045743604868911755,1.8903134894010667,-0.027947713104368797,0.7744353000785701,0.20850898379184787,0.0,0.0,0.0,0.0023504986084349477,0.0,0.0,0.0
12.71,0.7478081841846871,-0.4520605335854502,0.045743604868911755,1.89033765965037,-0.027947713104368797,0.7744353000785701,0.20850898379184787,0.0,0.0,0.0,0.0024828758537655915,0.0,0.0,0.0
12.72,0.7478081841846871,-0.4520605335854502,0.045743604868911755,1.8903631333865532,-0.027947713104368797,0.7744353000785701,0.20850898379184787,0.0,0.0,0.0,0.002611193703264859,0.0,0.0,0.0
12.73,0.7478081841846871,-0.4520605335854502,0.045743604868911755,1.8903898699512582,-0.027947713104368797,0.7744353000785701,0.20850898379184787,0.0,0.0,0.0,0.0027354396801454834,0.0,0.0,0.0
12.74,0.7478081841846871,-0.4520605335854502,0.045743604868911755,1.8904178285734379,-0.027947713104368797,0.7744353000785701,0.20850898379184787,0.0,0.0,0.0,0.002855603721651852,0.0,0.0,0.0
12.75,0.7478081841846871,-0.4520605335854502,0.045743604868911755,1.8904469683934428,-0.027947713104368797,0.7744353000785701,0.20850898379184787,0.0,0.0,0.0,0.002971678168314037,0.0,0.0,0.0
12.76,0.7478081841846871,-0.4520605335854502,0.045743604868911755,1.8904772484869967,-0.027947713104368797,0.7744353000785701,0.20850898379184787,0.0,0.0,0.0,0.0030836577520069646,0.0,0.0,0.0
12.77,0.7478081841846871,-0.4520605335854502,0.045743604868911755,1.890508627889044,-0.027947713104368797,0.7744353000785701,0.20850898379184787,0.0,0.0,0.0,0.0031915395828247192,0.0,0.0,0.0
12.78,0.7478081841846871,-0.4520605335854502,0.045743604868911755,1.8905410656174626,-0.027947713104368797,0.7744353000785701,0.20850898379184787,0.0,0.0,0.0,0.0032953231347797422,0.0,0.0,0.0
12.79,0.7478081841846871,-0.4520605335854502,0.045743604868911755,1.8905745206966258,-0.027947713104368797,0.7744353000785701,0.20850898379184787,0.0,0.0,0.0,0.003395010230337313,0.0,0.0,0.0
12.8,0.7478081841846871,-0.4520605335854502,0.045743604868911755,1.8906089521808052,-0.027947713104368797,0.7744353000785701,0.20850898379184787,0.0,0.0,0.0,0.0034906050237968347,0.0,0.0,0.0
12.81,0.7478081841846871,-0.4520605335854502,0.045743604868911755,1.890644319177401,-0.027947713104368797,0.7744353000785701,0.20850898379184787,0.0,0.0,0.0,0.0035821139835312712,0.0,0.0,0.0
12.82,0.7478081841846871,-0.4520605335854502,0.045743604868911755,1.8906805808699891,-0.027947713104368797,0.7744353000785701,0.20850898379184787,0.0,0.0,0.0,0.0036695458730970176,0.0,0.0,0.0
12.83,0.7478081841846871,-0.4520605335854502,0.045743604868911755,1.8907176965411743,-0.027947713104368797,0.7744353000785701,0.20850898379184787,0.0,0.0,0.0,0.0037529117312268333,0.0,0.0,0.0
12.84,0.7478081841846871,-0.4520605335854502,0.045743604868911755,1.890755625595237,-0.027947713104368797,0.7744353000785701,0.20850898379184787,0.0,0.0,0.0,0.003832224850719257,0.0,0.0,0.0
12.85,0.7478081841846871,-0.4520605335854502,0.045743604868911755,1.8907943275805634,-0.027947713104368797,0.7744353000785701,0.20850898379184787,0.0,0.0,0.0,0.003907500756237804,0.0,0.0,0.0
12.86,0.7478081841846871,-0.4520605335854502,0.045743604868911755,1.8908337622118498,-0.027947713104368797,0.7744353000785701,0.20850898379184787,0.0,0.0,0.0,0.003978757181034683,0.0,0.0,0.0
12.87,0.7478081841846871,-0.4520605335854502,0.045743604868911755,1.890873889392067,-0.027947713104368797,0.7744353000785701,0.20850898379184787,0.0,0.0,0.0,0.004046014042613424,0.0,0.0,0.0
12.88,0.7478081841846871,-0.4520605335854502,0.045743604868911755,1.8909146692341756,-0.027947713104368797,0.7744353000785701,0.20850898379184787,0.0,0.0,0.0,0.004109293417345615,0.0,0.0,0.0
12.89,0.7478081841846871,-0.4520605335854502,0.045743604868911755,1.8909560620825865,-0.027947713104368797,0.7744353000785701,0.20850898379184787,0.0,0.0,0.0,0.004168619514057563,0.0,0.0,0.0
12.9,0.7478081841846871,-0.4520605335854502,0.045743604868911755,1.8909980285343455,-0.027947713104368797,0.7744353000785701,0.20850898379184787,0.0,0.0,0.0,0.004224018646603112,0.0,0.0,0.0
12.91,0.7478081841846871,-0.4520605335854502,0.045743604868911755,1.8910405294600454,-0.027947713104368797,0.7744353000785701,0.20850898379184787,0.0,0.0,0.0,0.0042755192054388606,0.0,0.0,0.0
12.92,0.7478081841846871,-0.4520605335854502,0.045743604868911755,1.8910835260244434,-0.027947713104368797,0.7744353000785701,0.20850898379184787,0.0,0.0,0.0,0.004323151628219262,0.0,0.0,0.0
12.93,0.7478081841846871,-0.4520605335854502,0.045743604868911755,1.8911269797067838,-0.027947713104368797,0.7744353000785701,0.20850898379184787,0.0,0.0,0.0,0.004366948369428925,0.0,0.0,0.0
12.94,0.7478081841846871,-0.4520605335854502,0.045743604868911755,1.8911708523208097,-0.027947713104368797,0.7744353000785701,0.20850898379184787,0.0,0.0,0.0,0.004406943869070019,0.0,0.0,0.0
12.95,0.7478081841846871,-0.4520605335854502,0.045743604868911755,1.8912151060344575,-0.027947713104368797,0.7744353000785701,0.20850898379184787,0.0,0.0,0.0,0.004443174520423275,0.0,0.0,0.0
12.96,0.7478081841846871,-0.4520605335854502,0.045743604868911755,1.8912597033892256,-0.027947713104368797,0.7744353000785701,0.20850898379184787,0.0,0.0,0.0,0.004475678636901407,0.0,0.0,0.0
12.97,0.7478081841846871,-0.4520605335854502,0.045743604868911755,1.8913046073192055,-0.027947713104368797,0.7744353000785701,0.20850898379184787,0.0,0.0,0.0,0.004504496418013897,0.0,0.0,0.0
12.98,0.7478081841846871,-0.4520605335854502,0.045743604868911755,1.8913497811697686,-0.027947713104368797,0.7744353000785701,0.20850898379184787,0.0,0.0,0.0,0.004529669914463149,0.0,0.0,0.0
12.99,0.7478081841846871,-0.4520605335854502,0.045743604868911755,1.891395188715902,-0.027947713104368797,0.7744353000785701,0.20850898379184787,0.0,0.0,0.0,0.004551242992391643,0.0,0.0,0.0
13.0,0.7478081841846871,-0.4520605335854502,0.045743604868911755,1.8914407941801779,-0.027947713104368797,0.7744353000785701,0.20850898379184787,0.0,0.0,0.0,0.004569261296800624,0.0,0.0,0.0
13.01,0.7478081841846871,-0.4520605335854502,0.045743604868911755,1.8914865622503585,-0.027947713104368797,0.7744353000785701,0.20850898379184787,0.0,0.0,0.0,0.004583772214161157,0.0,0.0,0.0
13.02,0.7478081841846871,-0.4520605335854502,0.045743604868911755,1.8915324580966186,-0.027947713104368797,0.7744353000785701,0.20850898379184787,0.0,0.0,0.0,0.004594824834238358,0.0,0.0,0.0
13.03,0.7478081841846871,-0.4520605335854502,0.045743604868911755,1.8915784473883854,-0.027947713104368797,0.7744353000785701,0.20850898379184787,0.0,0.0,0.0,0.004602469911150593,0.0,0.0,0.0
13.04,0.7478081841846871,-0.4520605335854502,0.045743604868911755,1.8916244963107842,-0.027947713104368797,0.7744353000785701,0.20850898379184787,0.0,0.0,0.0,0.0046067598236851715,0.0,0.0,0.0
13.05,0.7478081841846871,-0.4520605335854502,0.045743604868911755,1.8916705715806834,-0.027947713104368797,0.7744353000785701,0.20850898379184787,0.0,0.0,0.0,0.004607748534892754,0.0,0.0,0.0
13.06,0.7478081841846871,-0.4520605335854502,0.045743604868911755,1.8917166404623316,-0.027947713104368797,0.7744353000785701,0.20850898379184787,0.0,0.0,0.0,0.004605491550982916,0.0,0.0,0.0
13.07,0.7478081841846871,-0.4520605335854502,0.045743604868911755,1.8917626707825825,-0.027947713104368797,0.7744353000785701,0.20850898379184787,0.0,0.0,0.0,0.004600045879543523,0.0,0.0,0.0
13.08,0.7478081841846871,-0.4520605335854502,0.045743604868911755,1.8918086309456952,-0.027947713104368797,0.7744353000785701,0.20850898379184787,0.0,0.0,0.0,0.004591469987107041,0.0,0.0,0.0
13.09,0.7478081841846871,-0.4520605335854502,0.045743604868911755,1.89185448994771,-0.027947713104368797,0.7744353000785701,0.20850898379184787,0.0,0.0,0.0,0.004579823756087011,0.0,0.0,0.0
13.1,0.7478081841846871,-0.4520605335854502,0.045743604868911755,1.8919002173903894,-0.027947713104368797,0.7744353000785701,0.20850898379184787,0.0,0.0,0.0,0.004565168441108264,0.0,0.0,0.0
13.11,0.7478081841846871,-0.4520605335854502,0.045743604868911755,1.8919457834947184,-0.027947713104368797,0.7744353000785701,0.20850898379184787,0.0,0.0,0.0,0.004547566624754849,0.0,0.0,0.0
13.12,0.7478081841846871,-0.4520605335854502,0.045743604868911755,1.8919911591139615,-0.027947713104368797,0.7744353000785701,0.20850898379184787,0.0,0.0,0.0,0.004527082172759522,0.0,0.0,0.0
13.13,0.7478081841846871,-0.4520605335854502,0.045743604868911755,1.8920363157462676,-0.027947713104368797,0.7744353000785701,0.20850898379184787,0.0,0.0,0.0,0.004503780188659379,0.0,0.0,0.0
13.14,0.7478081841846871,-0.4520605335854502,0.045743604868911755,1.8920812255468187,-0.027947713104368797,0.7744353000785701,0.20850898379184787,0.0,0.0,0.0,0.00447772696794201,0.0,0.0,0.0
13.15,0.7478081841846871,-0.4520605335854502,0.045743604868911755,1.8921258613395193,-0.027947713104368797,0.7744353000785701,0.20850898379184787,0.0,0.0,0.0,0.00444898995170692,0.0,0.0,0.0
13.16,0.7478081841846871,-0.4520605335854502,0.045743604868911755,1.8921701966282174,-0.027947713104368797,0.7744353000785701,0.20850898379184787,0.0,0.0,0.0,0.004417637679867363,0.0,0.0,0.0
13.17,0.7478081841846871,-0.4520605335854502,0.045743604868911755,1.892214205607458,-0.027947713104368797,0.7744353000785701,0.20850898379184787,0.0,0.0,0.0,0.004383739743917485,0.0,0.0,0.0
13.18,0.7478081841846871,-0.4520605335854502,0.045743604868911755,1.8922578631727605,-0.027947713104368797,0.7744353000785701,0.20850898379184787,0.0,0.0,0.0,0.004347366739290345,0.0,0.0,0.0
13.19,0.7478081841846871,-0.4520605335854502,0.045743604868911755,1.8923011449304186,-0.027947713104368797,0.7744353000785701,0.20850898379184787,0.0,0.0,0.0,0.004308590217332029,0.0,0.0,0.0
13.2,0.7478081841846871,-0.4520605335854502,0.045743604868911755,1.8923440272068168,-0.027947713104368797,0.7744353000785701,0.20850898379184787,0.0,0.0,0.0,0.004267482636917833,0.0,0.0,0.0
13.21,0.7478081841846871,-0.4520605335854502,0.045743604868911755,1.8923864870572644,-0.027947713104368797,0.7744353000785701,0.20850898379184787,0.0,0.0,0.0,0.004224117315735957,0.0,0.0,0.0
13.22,0.7478081841846871,-0.4520605335854502,0.045743604868911755,1.8924285022743361,-0.027947713104368797,0.7744353000785701,0.20850898379184787,0.0,0.0,0.0,0.004178568381264793,0.0,0.0,0.0
13.23,0.7478081841846871,-0.4520605335854502,0.045743604868911755,1.8924700513957262,-0.027947713104368797,0.7744353000785701,0.20850898379184787,0.0,0.0,0.0,0.004130910721469871,0.0,0.0,0.0
13.24,0.7478081841846871,-0.4520605335854502,0.045743604868911755,1.892511113711604,-0.027947713104368797,0.7744353000785701,0.20850898379184787,0.0,0.0,0.0,0.004081219935246424,0.0,0.0,0.0
13.25,0.7478081841846871,-0.4520605335854502,0.045743604868911755,1.8925516692714752,-0.027947713104368797,0.7744353000785701,0.20850898379184787,0.0,0.0,0.0,0.004029572282633826,0.0,0.0,0.0
13.26,0.7478081841846871,-0.4520605335854502,0.045743604868911755,1.8925916988905438,-0.027947713104368797,0.7744353000785701,0.20850898379184787,0.0,0.0,0.0,0.003976044634828382,0.0,0.0,0.0
13.27,0.7478081841846871,-0.4520605335854502,0.045743604868911755,1.8926311841555719,-0.027947713104368797,0.7744353000785701,0.20850898379184787,0.0,0.0,0.0,0.003920714424020447,0.0,0.0,0.0
13.28,0.7478081841846871,-0.4520605335854502,0.045743604868911755,1.8926701074302392,-0.027947713104368797,0.7744353000785701,0.20850898379184787,0.0,0.0,0.0,0.0038636595930826205,0.0,0.0,0.0
13.29,0.7478081841846871,-0.4520605335854502,0.045743604868911755,1.892708451859998,-0.027947713104368797,0.7744353000785701,0.20850898379184787,0.0,0.0,0.0,0.0038049585451352384,0.0,0.0,0.0
13.3,0.7478081841846871,-0.4520605335854502,0.045743604868911755,1.8927462013764214,-0.027947713104368797,0.7744353000785701,0.20850898379184787,0.0,0.0,0.0,0.0037446900930157468,0.0,0.0,0.0
13.31,0.7478081841846871,-0.4520605335854502,0.045743604868911755,1.89278334070105,-0.027947713104368797,0.7744353000785701,0.20850898379184787,0.0,0.0,0.0,0.003682933408678312,0.0,0.0,0.0
13.32,0.7478081841846871,-0.4520605335854502,0.045743604868911755,1.892819855348727,-0.027947713104368797,0.7744353000785701,0.20850898379184787,0.0,0.0,0.0,0.0036197679725502195,0.0,0.0,0.0
13.33,0.7478081841846871,-0.4520605335854502,0.045743604868911755,1.8928557316304326,-0.027947713104368797,0.7744353000785701,0.20850898379184787,0.0,0.0,0.0,0.0035552735228715354,0.0,0.0,0.0
13.34,0.7478081841846871,-0.4520605335854502,0.045743604868911755,1.8928909566556067,-0.027947713104368797,0.7744353000785701,0.20850898379184787,0.0,0.0,0.0,0.0034895300050443987,0.0,0.0,0.0
13.35,0.7478081841846871,-0.4520605335854502,0.045743604868911755,1.8929255183339677,-0.027947713104368797,0.7744353000785701,0.20850898379184787,0.0,0.0,0.0,0.0034226175210184317,0.0,0.0,0.0
13.36,0.7478081841846871,-0.4520605335854502,0.045743604868911755,1.8929594053768266,-0.027947713104368797,0.7744353000785701,0.20850898379184787,0.0,0.0,0.0,0.0033546162787384004,0.0,0.0,0.0
13.37,0.7478081841846871,-0.4520605335854502,0.045743604868911755,1.8929926072978926,-0.027947713104368797,0.7744353000785701,0.20850898379184787,0.0,0.0,0.0,0.0032856065416808026,0.0,0.0,0.0
13.38,0.7478081841846871,-0.4520605335854502,0.045743604868911755,1.8930251144135781,-0.027947713104368797,0.7744353000785701,0.20850898379184787,0.0,0.0,0.0,0.0032156685785051493,0.0,0.0,0.0
13.39,0.7478081841846871,-0.4520605335854502,0.045743604868911755,1.8930569178427985,-0.027947713104368797,0.7744353000785701,0.20850898379184787,0.0,0.0,0.0,0.0031448826128462927,0.0,0.0,0.0
13.4,0.7478081841846871,-0.4520605335854502,0.045743604868911755,1.8930880095062714,-0.027947713104368797,0.7744353000785701,0.20850898379184787,0.0,0.0,0.0,0.0030733287732738765,0.0,0.0,0.0
13.41,0.7478081841846871,-0.4520605335854502,0.045743604868911755,1.893118382125318,-0.027947713104368797,0.7744353000785701,0.20850898379184787,0.0,0.0,0.0,0.00300108704344462,0.0,0.0,0.0
13.42,0.7478081841846871,-0.4520605335854502,0.045743604868911755,1.8931480292201637,-0.027947713104368797,0.7744353000785701,0.20850898379184787,0.0,0.0,0.0,0.002928237212473243,0.0,0.0,0.0
13.43,0.7478081841846871,-0.4520605335854502,0.045743604868911755,1.893176945107747,-0.027947713104368797,0.7744353000785701,0.20850898379184787,0.0,0.0,0.0,0.0028548588255479703,0.0,0.0,0.0
13.44,0.7478081841846871,-0.4520605335854502,0.045743604868911755,1.8932051248990334,-0.027947713104368797,0.7744353000785701,0.20850898379184787,0.0,0.0,0.0,0.002781031134815577,0.0,0.0,0.0
13.45,0.7478081841846871,-0.4520605335854502,0.045743604868911755,1.8932325644958414,-0.027947713104368797,0.7744353000785701,0.20850898379184787,0.0,0.0,0.0,0.0027068330505617697,0.0,0.0,0.0
13.46,0.7478081841846871,-0.4520605335854502,0.045743604868911755,1.8932592605871812,-0.027947713104368797,0.7744353000785701,0.20850898379184787,0.0,0.0,0.0,0.0026323430927117945,0.0,0.0,0.0
13.47,0.7478081841846871,-0.4520605335854502,0.045743604868911755,1.893285210645109,-0.027947713104368797,0.7744353000785701,0.20850898379184787,0.0,0.0,0.0,0.0025576393426764246,0.0,0.0,0.0
13.48,0.7478081841846871,-0.4520605335854502,0.045743604868911755,1.893310412920104,-0.027947713104368797,0.7744353000785701,0.20850898379184787,0.0,0.0,0.0,0.0024827993955677356,0.0,0.0,0.0
13.49,0.7478081841846871,-0.4520605335854502,0.045743604868911755,1.8933348664359662,-0.027947713104368797,0.7744353000785701,0.20850898379184787,0.0,0.0,0.0,0.0024079003128097297,0.0,0.0,0.0
13.5,0.7478081841846871,-0.4520605335854502,0.045743604868911755,1.8933585709842469,-0.027947713104368797,0.7744353000785701,0.20850898379184787,0.0,0.0,0.0,0.0023330185751677846,0.0,0.0,0.0
13.51,0.7478081841846871,-0.4520605335854502,0.045743604868911755,1.8933815271182066,-0.027947713104368797,0.7744353000785701,0.20850898379184787,0.0,0.0,0.0,0.002258230036220988,0.0,0.0,0.0
13.52,0.7478081841846871,-0.4520605335854502,0.045743604868911755,1.8934037361463145,-0.027947713104368797,0.7744353000785701,0.20850898379184787,0.0,0.0,0.0,0.0021836098763016215,0.0,0.0,0.0
13.53,0.7478081841846871,-0.4520605335854502,0.045743604868911755,1.893425200125286,-0.027947713104368797,0.7744353000785701,0.20850898379184787,0.0,0.0,0.0,0.00210923255692488,0.0,0.0,0.0
13.54,0.7478081841846871,-0.4520605335854502,0.045743604868911755,1.89344592185267,-0.027947713104368797,0.7744353000785701,0.20850898379184787,0.0,0.0,0.0,0.0020351717757324107,0.0,0.0,0.0
13.55,0.7478081841846871,-0.4520605335854502,0.045743604868911755,1.8934659048589868,-0.027947713104368797,0.7744353000785701,0.20850898379184787,0.0,0.0,0.0,0.001961500421972911,0.0,0.0,0.0
13.56,0.7478081841846871,-0.4520605335854502,0.045743604868911755,1.8934851533994235,-0.027947713104368797,0.7744353000785701,0.20850898379184787,0.0,0.0,0.0,0.0018882905325420679,0.0,0.0,0.0
13.57,0.7478081841846871,-0.4520605335854502,0.045743604868911755,1.8935036724450935,-0.027947713104368797,0.7744353000785701,0.20850898379184787,0.0,0.0,0.0,0.0018156132486047826,0.0,0.0,0.0
13.58,0.7478081841846871,-0.4520605335854502,0.045743604868911755,1.8935214676738652,-0.027947713104368797,0.7744353000785701,0.20850898379184787,0.0,0.0,0.0,0.001743538772821529,0.0,0.0,0.0
13.59,0.7478081841846871,-0.4520605335854502,0.045743604868911755,1.8935385454607643,-0.027947713104368797,0.7744353000785701,0.20850898379184787,0.0,0.0,0.0,0.0016721363272007017,0.0,0.0,0.0
13.6,0.7478081841846871,-0.4520605335854502,0.045743604868911755,1.8935549128679607,-0.027947713104368797,0.7744353000785701,0.20850898379184787,0.0,0.0,0.0,0.0016014741115987425,0.0,0.0,0.0
13.61,0.7478081841846871,-0.4520605335854502,0.045743604868911755,1.8935705776343417,-0.027947713104368797,0.7744353000785701,0.20850898379184787,0.0,0.0,0.0,0.0015316192628887066,0.0,0.0,0.0
13.62,0.7478081841846871,-0.4520605335854502,0.045743604868911755,1.8935855481646808,-0.027947713104368797,0.7744353000785701,0.20850898379184787,0.0,0.0,0.0,0.0014626378148185604,0.0,0.0,0.0
13.63,0.7478081841846871,-0.4520605335854502,0.045743604868911755,1.8935998335184088,-0.027947713104368797,0.7744353000785701,0.20850898379184787,0.0,0.0,0.0,0.0013945946585792017,0.0,0.0,0.0
13.64,0.7478081841846871,-0.4520605335854502,0.045743604868911755,1.8936134433979939,-0.027947713104368797,0.7744353000785701,0.20850898379184787,0.0,0.0,0.0,0.0013275535041028354,0.0,0.0,0.0
13.65,0.7478081841846871,-0.4520605335854502,0.045743604868911755,1.8936263881369386,-0.027947713104368797,0.7744353000785701,0.20850898379184787,0.0,0.0,0.0,0.00126157684211065,0.0,0.0,0.0
13.66,0.7478081841846871,-0.4520605335854502,0.045743604868911755,1.8936386786874024,-0.027947713104368797,0.7744353000785701,0.20850898379184787,0.0,0.0,0.0,0.001196725906929824,0.0,0.0,0.0
13.67,0.7478081841846871,-0.4520605335854502,0.045743604868911755,1.8936503266074527,-0.027947713104368797,0.7744353000785701,0.20850898379184787,0.0,0.0,0.0,0.0011330606400983187,0.0,0.0,0.0
13.68,0.7478081841846871,-0.4520605335854502,0.045743604868911755,1.8936613440479608,-0.027947713104368797,0.7744353000785701,0.20850898379184787,0.0,0.0,0.0,0.0010706396547759658,0.0,0.0,0.0
13.69,0.7478081841846871,-0.4520605335854502,0.045743604868911755,1.893671743739142,-0.027947713104368797,0.7744353000785701,0.20850898379184787,0.0,0.0,0.0,0.0010095202009802388,0.0,0.0,0.0
13.7,0.7478081841846871,-0.4520605335854502,0.045743604868911755,1.8936815389767543,-0.027947713104368797,0.7744353000785701,0.20850898379184787,0.0,0.0,0.0,0.0009497581316639475,0.0,0.0,0.0
13.71,0.7478081841846871,-0.4520605335854502,0.045743604868911755,1.893690743607962,-0.027947713104368797,0.7744353000785701,0.20850898379184787,0.0,0.0,0.0,0.0008914078696522497,0.0,0.0,0.0
13.72,0.7478081841846871,-0.4520605335854502,0.045743604868911755,1.8936993720168727,-0.027947713104368797,0.7744353000785701,0.20850898379184787,0.0,0.0,0.0,0.0008345223754559698,0.0,0.0,0.0
13.73,0.7478081841846871,-0.4520605335854502,0.045743604868911755,1.8937074391097561,-0.027947713104368797,0.7744353000785701,0.20850898379184787,0.0,0.0,0.0,0.000779153115977047,0.0,0.0,0.0
13.74,0.7478081841846871,-0.4520605335854502,0.045743604868911755,1.893714960299957,-0.027947713104368797,0.7744353000785701,0.20850898379184787,0.0,0.0,0.0,0.0007253500341223712,0.0,0.0,0.0
13.75,0.7478081841846871,-0.4520605335854502,0.045743604868911755,1.8937219514925048,-0.027947713104368797,0.7744353000785701,0.20850898379184787,0.0,0.0,0.0,0.0006731615193413815,0.0,0.0,0.0
13.76,0.7478081841846871,-0.4520605335854502,0.045743604868911755,1.8937284290684377,-0.027947713104368797,0.7744353000785701,0.20850898379184787,0.0,0.0,0.0,0.0006226343791020695,0.0,0.0,0.0
13.77,0.7478081841846871,-0.4520605335854502,0.045743604868911755,1.8937344098688433,-0.027947713104368797,0.7744353000785701,0.20850898379184787,0.0,0.0,0.0,0.000573813811320115,0.0,0.0,0.0
13.78,0.7478081841846871,-0.4520605335854502,0.045743604868911755,1.8937399111786295,-0.027947713104368797,0.7744353000785701,0.20850898379184787,0.0,0.0,0.0,0.0005267433777549906,0.0,0.0,0.0
13.79,0.7478081841846871,-0.4520605335854502,0.045743604868911755,1.8937449507100332,-0.027947713104368797,0.7744353000785701,0.20850898379184787,0.0,0.0,0.0,0.00048146497838651576,0.0,0.0,0.0
13.8,0.7478081841846871,-0.4520605335854502,0.045743604868911755,1.8937495465858798,-0.027947713104368797,0.7744353000785701,0.20850898379184787,0.0,0.0,0.0,0.00043801882678472654,0.0,0.0,0.0
13.81,0.7478081841846871,-0.4520605335854502,0.045743604868911755,1.8937537173225991,-0.027947713104368797,0.7744353000785701,0.20850898379184787,0.0,0.0,0.0,0.0003964434264858108,0.0,0.0,0.0
13.82,0.7478081841846871,-0.4520605335854502,0.045743604868911755,1.8937574818130118,-0.027947713104368797,0.7744353000785701,0.20850898379184787,0.0,0.0,0.0,0.000356775548385592,0.0,0.0,0.0
13.83,0.7478081841846871,-0.4520605335854502,0.045743604868911755,1.8937608593088937,-0.027947713104368797,0.7744353000785701,0.20850898379184787,0.0,0.0,0.0,0.00031905020916245464,0.0,0.0,0.0
13.84,0.7478081841846871,-0.4520605335854502,0.045743604868911755,1.8937638694033303,-0.027947713104368797,0.7744353000785701,0.20850898379184787,0.0,0.0,0.0,0.0002833006507403195,0.0,0.0,0.0
13.85,0.7478081841846871,-0.4520605335854502,0.045743604868911755,1.8937665320128716,-0.027947713104368797,0.7744353000785701,0.20850898379184787,0.0,0.0,0.0,0.00024955832080214883,0.0,0.0,0.0
13.86,0.7478081841846871,-0.4520605335854502,0.045743604868911755,1.8937688673594948,-0.027947713104368797,0.7744353000785701,0.20850898379184787,0.0,0.0,0.0,0.00021785285436377508,0.0,0.0,0.0
13.87,0.7478081841846871,-0.4520605335854502,0.045743604868911755,1.8937708959523922,-0.027947713104368797,0.7744353000785701,0.20850898379184787,0.0,0.0,0.0,0.00018821205641749727,0.0,0.0,0.0
13.88,0.7478081841846871,-0.4520605335854502,0.045743604868911755,1.8937726385695872,-0.027947713104368797,0.7744353000785701,0.20850898379184787,0.0,0.0,0.0,0.00016066188565398945,0.0,0.0,0.0
13.89,0.7478081841846871,-0.4520605335854502,0.045743604868911755,1.893774116239395,-0.027947713104368797,0.7744353000785701,0.20850898379184787,0.0,0.0,0.0,0.00013522643927094482,0.0,0.0,0.0
13.9,0.7478081841846871,-0.4520605335854502,0.045743604868911755,1.8937753502217358,-0.027947713104368797,0.7744353000785701,0.20850898379184787,0.0,0.0,0.0,0.00011192793887600163,0.0,0.0,0.0
13.91,0.7478081841846871,-0.4520605335854502,0.045743604868911755,1.8937763619893138,-0.027947713104368797,0.7744353000785701,0.20850898379184787,0.0,0.0,0.0,9.078671749108641e-05,0.0,0.0,0.0
13.92,0.7478081841846871,-0.4520605335854502,0.045743604868911755,1.89377717320867,-0.027947713104368797,0.7744353000785701,0.20850898379184787,0.0,0.0,0.0,7.18212076648194e-05,0.0,0.0,0.0
13.93,0.7478081841846871,-0.4520605335854502,0.045743604868911755,1.8937778057211234,-0.027947713104368797,0.7744353000785701,0.20850898379184787,0.0,0.0,0.0,5.5047930698833367e-05,0.0,0.0,0.0
13.94,0.7478081841846871,-0.4520605335854502,0.045743604868911755,1.893778281523609,-0.027947713104368797,0.7744353000785701,0.20850898379184787,0.0,0.0,0.0,4.048148699356459e-05,0.0,0.0,0.0
13.95,0.7478081841846871,-0.4520605335854502,0.045743604868911755,1.8937786227494258,-0.027947713104368797,0.7744353000785701,0.20850898379184787,0.0,0.0,0.0,2.81345475183371e-05,0.0,0.0,0.0
13.96,0.7478081841846871,-0.4520605335854502,0.045743604868911755,1.8937788516489034,-0.027947713104368797,0.7744353000785701,0.20850898379184787,0.0,0.0,0.0,1.801784641004419e-05,0.0,0.0,0.0
13.97,0.7478081841846871,-0.4520605335854502,0.045743604868911755,1.893778990570002,-0.027947713104368797,0.7744353000785701,0.20850898379184787,0.0,0.0,0.0,1.0140174704163792e-05,0.0,0.0,0.0
13.98,0.7478081841846871,-0.4520605335854502,0.045743604868911755,1.893779061938855,-0.027947713104368797,0.7744353000785701,0.20850898379184787,0.0,0.0,0.0,4.508375201272681e-06,0.0,0.0,0.0
13.99,0.7478081841846871,-0.4520605335854502,0.045743604868911755,1.8937790882402656,-0.027947713104368797,0.7744353000785701,0.20850898379184787,0.0,0.0,0.0,1.1273384716550833e-06,0.0,0.0,0.0
14.0,0.7478081841846871,-0.4520605335854502,0.045743604868911755,1.8937790919981694,-0.027947713104368797,0.7744353000785701,0.20850898379184787,0.0,0.0,0.0,2.467005958589381e-33,0.0,0.0,0.0
14.01,0.7478081841846871,-0.4520605335854502,0.045743604868911755,1.8937790919981694,-0.027947713104368797,0.7744353000785701,0.20850898379184787,0.0,0.0,0.0,2.467005958589381e-33,0.0,0.0,0.0
14.02,0.7478081841846871,-0.4520605335854502,0.045743604868911755,1.8937790919981694,-0.027947713104368797,0.7744353000785701,0.20850898379184787,0.0,0.0,0.0,2.467005958589381e-33,0.0,0.0,0.0
14.03,0.7478081841846871,-0.4520605335854502,0.045743604868911755,1.8937790919981694,-0.027947713104368797,0.7744353000785701,0.20850898379184787,0.0,0.0,0.0,2.467005958589381e-33,0.0,0.0,0.0
14.04,0.7478081841846871,-0.4520605335854502,0.045743604868911755,1.8937790919981694,-0.027947713104368797,0.7744353000785701,0.20850898379184787,0.0,0.0,0.0,2.467005958589381e-33,0.0,0.0,0.0
14.05,0.7478081841846871,-0.4520605335854502,0.045743604868911755,1.8937790919981694,-0.027947713104368797,0.7744353000785701,0.20850898379184787,0.0,0.0,0.0,2.467005958589381e-33,0.0,0.0,0.0
14.06,0.7478081841846871,-0.4520605335854502,0.045743604868911755,1.8937790919981694,-0.027947713104368797,0.7744353000785701,0.20850898379184787,0.0,0.0,0.0,2.467005958589381e-33,0.0,0.0,0.0
14.07,0.7478081841846871,-0.4520605335854502,0.045743604868911755,1.8937790919981694,-0.027947713104368797,0.7744353000785701,0.20850898379184787,0.0,0.0,0.0,2.467005958589381e-33,0.0,0.0,0.0
14.08,0.7478081841846871,-0.4520605335854502,0.045743604868911755,1.8937790919981694,-0.027947713104368797,0.7744353000785701,0.20850898379184787,0.0,0.0,0.0,2.467005958589381e-33,0.0,0.0,0.0
14.09,0.7478081841846871,-0.4520605335854502,0.045743604868911755,1.8937790919981694,-0.027947713104368797,0.7744353000785701,0.20850898379184787,0.0,0.0,0.0,2.467005958589381e-33,0.0,0.0,0.0
14.1,0.7478081841846871,-0.4520605335854502,0.045743604868911755,1.8937790919981694,-0.027947713104368797,0.7744353000785701,0.20850898379184787,0.0,0.0,0.0,2.467005958589381e-33,0.0,0.0,0.0
14.11,0.7478081841846871,-0.4520605335854502,0.045743604868911755,1.8937790919981694,-0.027947713104368797,0.7744353000785701,0.20850898379184787,0.0,0.0,0.0,2.467005958589381e-33,0.0,0.0,0.0
14.12,0.7478081841846871,-0.4520605335854502,0.045743604868911755,1.8937790919981694,-0.027947713104368797,0.7744353000785701,0.20850898379184787,0.0,0.0,0.0,2.467005958589381e-33,0.0,0.0,0.0
14.13,0.7478081841846871,-0.4520605335854502,0.045743604868911755,1.8937790919981694,-0.027947713104368797,0.7744353000785701,0.20850898379184787,0.0,0.0,0.0,2.467005958589381e-33,0.0,0.0,0.0
14.14,0.7478081841846871,-0.4520605335854502,0.045743604868911755,1.8937790919981694,-0.027947713104368797,0.7744353000785701,0.20850898379184787,0.0,0.0,0.0,2.467005958589381e-33,0.0,0.0,0.0
14.15,0.7478081841846871,-0.4520605335854502,0.045743604868911755,1.8937790919981694,-0.027947713104368797,0.7744353000785701,0.20850898379184787,0.0,0.0,0.0,2.467005958589381e-33,0.0,0.0,0.0
14.16,0.7478081841846871,-0.4520605335854502,0.045743604868911755,1.8937790919981694,-0.027947713104368797,0.7744353000785701,0.20850898379184787,0.0,0.0,0.0,2.467005958589381e-33,0.0,0.0,0.0
14.17,0.7478081841846871,-0.4520605335854502,0.045743604868911755,1.8937790919981694,-0.027947713104368797,0.7744353000785701,0.20850898379184787,0.0,0.0,0.0,2.467005958589381e-33,0.0,0.0,0.0
14.18,0.7478081841846871,-0.4520605335854502,0.045743604868911755,1.8937790919981694,-0.027947713104368797,0.7744353000785701,0.20850898379184787,0.0,0.0,0.0,2.467005958589381e-33,0.0,0.0,0.0
14.19,0.7478081841846871,-0.4520605335854502,0.045743604868911755,1.8937790919981694,-0.027947713104368797,0.7744353000785701,0.20850898379184787,0.0,0.0,0.0,2.467005958589381e-33,0.0,0.0,0.0
14.2,0.7478081841846871,-0.4520605335854502,0.045743604868911755,1.8937790919981694,-0.027947713104368797,0.7744353000785701,0.20850898379184787,0.0,0.0,0.0,2.467005958589381e-33,0.0,0.0,0.0
14.21,0.7478081841846871,-0.4520605335854502,0.045743604868911755,1.8937790919981694,-0.027947713104368797,0.7744353000785701,0.20850898379184787,0.0,0.0,0.0,2.467005958589381e-33,0.0,0.0,0.0
14.22,0.7478081841846871,-0.4520605335854502,0.045743604868911755,1.8937790919981694,-0.027947713104368797,0.7744353000785701,0.20850898379184787,0.0,0.0,0.0,2.467005958589381e-33,0.0,0.0,0.0
14.23,0.7478081841846871,-0.4520605335854502,0.045743604868911755,1.8937790919981694,-0.027947713104368797,0.7744353000785701,0.20850898379184787,0.0,0.0,0.0,2.467005958589381e-33,0.0,0.0,0.0
14.24,0.7478081841846871,-0.4520605335854502,0.045743604868911755,1.8937790919981694,-0.027947713104368797,0.7744353000785701,0.20850898379184787,0.0,0.0,0.0,2.467005958589381e-33,0.0,0.0,0.0
14.25,0.7478081841846871,-0.4520605335854502,0.045743604868911755,1.8937790919981694,-0.027947713104368797,0.7744353000785701,0.20850898379184787,0.0,0.0,0.0,2.467005958589381e-33,0.0,0.0,0.0
14.26,0.7478081841846871,-0.4520605335854502,0.045743604868911755,1.8937790919981694,-0.027947713104368797,0.7744353000785701,0.20850898379184787,0.0,0.0,0.0,2.467005958589381e-33,0.0,0.0,0.0
14.27,0.7478081841846871,-0.4520605335854502,0.045743604868911755,1.8937790919981694,-0.027947713104368797,0.7744353000785701,0.20850898379184787,0.0,0.0,0.0,2.467005958589381e-33,0.0,0.0,0.0
14.28,0.7478081841846871,-0.4520605335854502,0.045743604868911755,1.8937790919981694,-0.027947713104368797,0.7744353000785701,0.20850898379184787,0.0,0.0,0.0,2.467005958589381e-33,0.0,0.0,0.0
14.29,0.7478081841846871,-0.4520605335854502,0.045743604868911755,1.8937790919981694,-0.027947713104368797,0.7744353000785701,0.20850898379184787,0.0,0.0,0.0,2.467005958589381e-33,0.0,0.0,0.0
14.3,0.7478081841846871,-0.4520605335854502,0.045743604868911755,1.8937790919981694,-0.027947713104368797,0.7744353000785701,0.20850898379184787,0.0,0.0,0.0,2.467005958589381e-33,0.0,0.0,0.0
14.31,0.7478081841846871,-0.4520605335854502,0.045743604868911755,1.8937790919981694,-0.027947713104368797,0.7744353000785701,0.20850898379184787,0.0,0.0,0.0,2.467005958589381e-33,0.0,0.0,0.0
14.32,0.7478081841846871,-0.4520605335854502,0.045743604868911755,1.8937790919981694,-0.027947713104368797,0.7744353000785701,0.20850898379184787,0.0,0.0,0.0,2.467005958589381e-33,0.0,0.0,0.0
14.33,0.7478081841846871,-0.4520605335854502,0.045743604868911755,1.8937790919981694,-0.027947713104368797,0.7744353000785701,0.20850898379184787,0.0,0.0,0.0,2.467005958589381e-33,0.0,0.0,0.0
14.34,0.7478081841846871,-0.4520605335854502,0.045743604868911755,1.8937790919981694,-0.027947713104368797,0.7744353000785701,0.20850898379184787,0.0,0.0,0.0,2.467005958589381e-33,0.0,0.0,0.0
14.35,0.7478081841846871,-0.4520605335854502,0.045743604868911755,1.8937790919981694,-0.027947713104368797,0.7744353000785701,0.20850898379184787,0.0,0.0,0.0,2.467005958589381e-33,0.0,0.0,0.0
14.36,0.7478081841846871,-0.4520605335854502,0.045743604868911755,1.8937790919981694,-0.027947713104368797,0.7744353000785701,0.20850898379184787,0.0,0.0,0.0,2.467005958589381e-33,0.0,0.0,0.0
14.37,0.7478081841846871,-0.4520605335854502,0.045743604868911755,1.8937790919981694,-0.027947713104368797,0.7744353000785701,0.20850898379184787,0.0,0.0,0.0,2.467005958589381e-33,0.0,0.0,0.0
14.38,0.7478081841846871,-0.4520605335854502,0.045743604868911755,1.8937790919981694,-0.027947713104368797,0.7744353000785701,0.20850898379184787,0.0,0.0,0.0,2.467005958589381e-33,0.0,0.0,0.0
14.39,0.7478081841846871,-0.4520605335854502,0.045743604868911755,1.8937790919981694,-0.027947713104368797,0.7744353000785701,0.20850898379184787,0.0,0.0,0.0,2.467005958589381e-33,0.0,0.0,0.0
14.4,0.7478081841846871,-0.4520605335854502,0.045743604868911755,1.8937790919981694,-0.027947713104368797,0.7744353000785701,0.20850898379184787,0.0,0.0,0.0,2.467005958589381e-33,0.0,0.0,0.0
14.41,0.7478081841846871,-0.4520605335854502,0.045743604868911755,1.8937790919981694,-0.027947713104368797,0.7744353000785701,0.20850898379184787,0.0,0.0,0.0,2.467005958589381e-33,0.0,0.0,0.0
14.42,0.7478081841846871,-0.4520605335854502,0.045743604868911755,1.8937790919981694,-0.027947713104368797,0.7744353000785701,0.20850898379184787,0.0,0.0,0.0,2.467005958589381e-33,0.0,0.0,0.0
14.43,0.7478081841846871,-0.4520605335854502,0.045743604868911755,1.8937790919981694,-0.027947713104368797,0.7744353000785701,0.20850898379184787,0.0,0.0,0.0,2.467005958589381e-33,0.0,0.0,0.0
14.44,0.7478081841846871,-0.4520605335854502,0.045743604868911755,1.8937790919981694,-0.027947713104368797,0.7744353000785701,0.20850898379184787,0.0,0.0,0.0,2.467005958589381e-33,0.0,0.0,0.0
14.45,0.7478081841846871,-0.4520605335854502,0.045743604868911755,1.8937790919981694,-0.027947713104368797,0.7744353000785701,0.20850898379184787,0.0,0.0,0.0,2.467005958589381e-33,0.0,0.0,0.0
14.46,0.7478081841846871,-0.4520605335854502,0.045743604868911755,1.8937790919981694,-0.027947713104368797,0.7744353000785701,0.20850898379184787,0.0,0.0,0.0,2.467005958589381e-33,0.0,0.0,0.0
14.47,0.7478081841846871,-0.4520605335854502,0.045743604868911755,1.8937790919981694,-0.027947713104368797,0.7744353000785701,0.20850898379184787,0.0,0.0,0.0,2.467005958589381e-33,0.0,0.0,0.0
14.48,0.7478081841846871,-0.4520605335854502,0.045743604868911755,1.8937790919981694,-0.027947713104368797,0.7744353000785701,0.20850898379184787,0.0,0.0,0.0,2.467005958589381e-33,0.0,0.0,0.0
14.49,0.7478081841846871,-0.4520605335854502,0.045743604868911755,1.8937790919981694,-0.027947713104368797,0.7744353000785701,0.20850898379184787,0.0,0.0,0.0,2.467005958589381e-33,0.0,0.0,0.0
14.5,0.7478081841846871,-0.4520605335854502,0.045743604868911755,1.8937790919981694,-0.027947713104368797,0.7744353000785701,0.20850898379184787,0.0,0.0,0.0,2.467005958589381e-33,0.0,0.0,0.0
14.51,0.7478081841846871,-0.4520605335854502,0.045743604868911755,1.8937790919981694,-0.027947713104368797,0.7744353000785701,0.20850898379184787,0.0,0.0,0.0,2.467005958589381e-33,0.0,0.0,0.0
14.52,0.7478081841846871,-0.4520605335854502,0.045743604868911755,1.8937790919981694,-0.027947713104368797,0.7744353000785701,0.20850898379184787,0.0,0.0,0.0,2.467005958589381e-33,0.0,0.0,0.0
14.53,0.7478081841846871,-0.4520605335854502,0.045743604868911755,1.8937790919981694,-0.027947713104368797,0.7744353000785701,0.20850898379184787,0.0,0.0,0.0,2.467005958589381e-33,0.0,0.0,0.0
14.54,0.7478081841846871,-0.4520605335854502,0.045743604868911755,1.8937790919981694,-0.027947713104368797,0.7744353000785701,0.20850898379184787,0.0,0.0,0.0,2.467005958589381e-33,0.0,0.0,0.0
14.55,0.7478081841846871,-0.4520605335854502,0.045743604868911755,1.8937790919981694,-0.027947713104368797,0.7744353000785701,0.20850898379184787,0.0,0.0,0.0,2.467005958589381e-33,0.0,0.0,0.0
14.56,0.7478081841846871,-0.4520605335854502,0.045743604868911755,1.8937790919981694,-0.027947713104368797,0.7744353000785701,0.20850898379184787,0.0,0.0,0.0,2.467005958589381e-33,0.0,0.0,0.0
14.57,0.7478081841846871,-0.4520605335854502,0.045743604868911755,1.8937790919981694,-0.027947713104368797,0.7744353000785701,0.20850898379184787,0.0,0.0,0.0,2.467005958589381e-33,0.0,0.0,0.0
14.58,0.7478081841846871,-0.4520605335854502,0.045743604868911755,1.8937790919981694,-0.027947713104368797,0.7744353000785701,0.20850898379184787,0.0,0.0,0.0,2.467005958589381e-33,0.0,0.0,0.0
14.59,0.7478081841846871,-0.4520605335854502,0.045743604868911755,1.8937790919981694,-0.027947713104368797,0.7744353000785701,0.20850898379184787,0.0,0.0,0.0,2.467005958589381e-33,0.0,0.0,0.0
14.6,0.7478081841846871,-0.4520605335854502,0.045743604868911755,1.8937790919981694,-0.027947713104368797,0.7744353000785701,0.20850898379184787,0.0,0.0,0.0,2.467005958589381e-33,0.0,0.0,0.0
14.61,0.7478081841846871,-0.4520605335854502,0.045743604868911755,1.8937790919981694,-0.027947713104368797,0.7744353000785701,0.20850898379184787,0.0,0.0,0.0,2.467005958589381e-33,0.0,0.0,0.0
14.62,0.7478081841846871,-0.4520605335854502,0.045743604868911755,1.8937790919981694,-0.027947713104368797,0.7744353000785701,0.20850898379184787,0.0,0.0,0.0,2.467005958589381e-33,0.0,0.0,0.0
14.63,0.7478081841846871,-0.4520605335854502,0.045743604868911755,1.8937790919981694,-0.027947713104368797,0.7744353000785701,0.20850898379184787,0.0,0.0,0.0,2.467005958589381e-33,0.0,0.0,0.0
14.64,0.7478081841846871,-0.4520605335854502,0.045743604868911755,1.8937790919981694,-0.027947713104368797,0.7744353000785701,0.20850898379184787,0.0,0.0,0.0,2.467005958589381e-33,0.0,0.0,0.0
14.65,0.7478081841846871,-0.4520605335854502,0.045743604868911755,1.8937790919981694,-0.027947713104368797,0.7744353000785701,0.20850898379184787,0.0,0.0,0.0,2.467005958589381e-33,0.0,0.0,0.0
14.66,0.7478081841846871,-0.4520605335854502,0.045743604868911755,1.8937790919981694,-0.027947713104368797,0.7744353000785701,0.20850898379184787,0.0,0.0,0.0,2.467005958589381e-33,0.0,0.0,0.0
14.67,0.7478081841846871,-0.4520605335854502,0.045743604868911755,1.8937790919981694,-0.027947713104368797,0.7744353000785701,0.20850898379184787,0.0,0.0,0.0,2.467005958589381e-33,0.0,0.0,0.0
14.68,0.7478081841846871,-0.4520605335854502,0.045743604868911755,1.8937790919981694,-0.027947713104368797,0.7744353000785701,0.20850898379184787,0.0,0.0,0.0,2.467005958589381e-33,0.0,0.0,0.0
14.69,0.7478081841846871,-0.4520605335854502,0.045743604868911755,1.8937790919981694,-0.027947713104368797,0.7744353000785701,0.20850898379184787,0.0,0.0,0.0,2.467005958589381e-33,0.0,0.0,0.0
14.7,0.7478081841846871,-0.4520605335854502,0.045743604868911755,1.8937790919981694,-0.027947713104368797,0.7744353000785701,0.20850898379184787,0.0,0.0,0.0,2.467005958589381e-33,0.0,0.0,0.0
14.71,0.7478081841846871,-0.4520605335854502,0.045743604868911755,1.8937790919981694,-0.027947713104368797,0.7744353000785701,0.20850898379184787,0.0,0.0,0.0,2.467005958589381e-33,0.0,0.0,0.0
14.72,0.7478081841846871,-0.4520605335854502,0.045743604868911755,1.8937790919981694,-0.027947713104368797,0.7744353000785701,0.20850898379184787,0.0,0.0,0.0,2.467005958589381e-33,0.0,0.0,0.0
14.73,0.7478081841846871,-0.4520605335854502,0.045743604868911755,1.8937790919981694,-0.027947713104368797,0.7744353000785701,0.20850898379184787,0.0,0.0,0.0,2.467005958589381e-33,0.0,0.0,0.0
14.74,0.7478081841846871,-0.4520605335854502,0.045743604868911755,1.8937790919981694,-0.027947713104368797,0.7744353000785701,0.20850898379184787,0.0,0.0,0.0,2.467005958589381e-33,0.0,0.0,0.0
14.75,0.7478081841846871,-0.4520605335854502,0.045743604868911755,1.8937790919981694,-0.027947713104368797,0.7744353000785701,0.20850898379184787,0.0,0.0,0.0,2.467005958589381e-33,0.0,0.0,0.0
14.76,0.7478081841846871,-0.4520605335854502,0.045743604868911755,1.8937790919981694,-0.027947713104368797,0.7744353000785701,0.20850898379184787,0.0,0.0,0.0,2.467005958589381e-33,0.0,0.0,0.0
14.77,0.7478081841846871,-0.4520605335854502,0.045743604868911755,1.8937790919981694,-0.027947713104368797,0.7744353000785701,0.20850898379184787,0.0,0.0,0.0,2.467005958589381e-33,0.0,0.0,0.0
14.78,0.7478081841846871,-0.4520605335854502,0.045743604868911755,1.8937790919981694,-0.027947713104368797,0.7744353000785701,0.20850898379184787,0.0,0.0,0.0,2.467005958589381e-33,0.0,0.0,0.0
14.79,0.7478081841846871,-0.4520605335854502,0.045743604868911755,1.8937790919981694,-0.027947713104368797,0.7744353000785701,0.20850898379184787,0.0,0.0,0.0,2.467005958589381e-33,0.0,0.0,0.0
14.8,0.7478081841846871,-0.4520605335854502,0.045743604868911755,1.8937790919981694,-0.027947713104368797,0.7744353000785701,0.20850898379184787,0.0,0.0,0.0,2.467005958589381e-33,0.0,0.0,0.0
14.81,0.7478081841846871,-0.4520605335854502,0.045743604868911755,1.8937790919981694,-0.027947713104368797,0.7744353000785701,0.20850898379184787,0.0,0.0,0.0,2.467005958589381e-33,0.0,0.0,0.0
14.82,0.7478081841846871,-0.4520605335854502,0.045743604868911755,1.8937790919981694,-0.027947713104368797,0.7744353000785701,0.20850898379184787,0.0,0.0,0.0,2.467005958589381e-33,0.0,0.0,0.0
14.83,0.7478081841846871,-0.4520605335854502,0.045743604868911755,1.8937790919981694,-0.027947713104368797,0.7744353000785701,0.20850898379184787,0.0,0.0,0.0,2.467005958589381e-33,0.0,0.0,0.0
14.84,0.7478081841846871,-0.4520605335854502,0.045743604868911755,1.8937790919981694,-0.027947713104368797,0.7744353000785701,0.20850898379184787,0.0,0.0,0.0,2.467005958589381e-33,0.0,0.0,0.0
14.85,0.7478081841846871,-0.4520605335854502,0.045743604868911755,1.8937790919981694,-0.027947713104368797,0.7744353000785701,0.20850898379184787,0.0,0.0,0.0,2.467005958589381e-33,0.0,0.0,0.0
14.86,0.7478081841846871,-0.4520605335854502,0.045743604868911755,1.8937790919981694,-0.027947713104368797,0.7744353000785701,0.20850898379184787,0.0,0.0,0.0,2.467005958589381e-33,0.0,0.0,0.0
14.87,0.7478081841846871,-0.4520605335854502,0.045743604868911755,1.8937790919981694,-0.027947713104368797,0.7744353000785701,0.20850898379184787,0.0,0.0,0.0,2.467005958589381e-33,0.0,0.0,0.0
14.88,0.7478081841846871,-0.4520605335854502,0.045743604868911755,1.8937790919981694,-0.027947713104368797,0.7744353000785701,0.20850898379184787,0.0,0.0,0.0,2.467005958589381e-33,0.0,0.0,0.0
14.89,0.7478081841846871,-0.4520605335854502,0.045743604868911755,1.8937790919981694,-0.027947713104368797,0.7744353000785701,0.20850898379184787,0.0,0.0,0.0,2.467005958589381e-33,0.0,0.0,0.0
14.9,0.7478081841846871,-0.4520605335854502,0.045743604868911755,1.8937790919981694,-0.027947713104368797,0.7744353000785701,0.20850898379184787,0.0,0.0,0.0,2.467005958589381e-33,0.0,0.0,0.0
14.91,0.7478081841846871,-0.4520605335854502,0.045743604868911755,1.8937790919981694,-0.027947713104368797,0.7744353000785701,0.20850898379184787,0.0,0.0,0.0,2.467005958589381e-33,0.0,0.0,0.0
14.92,0.7478081841846871,-0.4520605335854502,0.045743604868911755,1.8937790919981694,-0.027947713104368797,0.7744353000785701,0.20850898379184787,0.0,0.0,0.0,2.467005958589381e-33,0.0,0.0,0.0
14.93,0.7478081841846871,-0.4520605335854502,0.045743604868911755,1.8937790919981694,-0.027947713104368797,0.7744353000785701,0.20850898379184787,0.0,0.0,0.0,2.467005958589381e-33,0.0,0.0,0.0
14.94,0.7478081841846871,-0.4520605335854502,0.045743604868911755,1.8937790919981694,-0.027947713104368797,0.7744353000785701,0.20850898379184787,0.0,0.0,0.0,2.467005958589381e-33,0.0,0.0,0.0
14.95,0.7478081841846871,-0.4520605335854502,0.045743604868911755,1.8937790919981694,-0.027947713104368797,0.7744353000785701,0.20850898379184787,0.0,0.0,0.0,2.467005958589381e-33,0.0,0.0,0.0
14.96,0.7478081841846871,-0.4520605335854502,0.045743604868911755,1.8937790919981694,-0.027947713104368797,0.7744353000785701,0.20850898379184787,0.0,0.0,0.0,2.467005958589381e-33,0.0,0.0,0.0
14.97,0.7478081841846871,-0.4520605335854502,0.045743604868911755,1.8937790919981694,-0.027947713104368797,0.7744353000785701,0.20850898379184787,0.0,0.0,0.0,2.467005958589381e-33,0.0,0.0,0.0
14.98,0.7478081841846871,-0.4520605335854502,0.045743604868911755,1.8937790919981694,-0.027947713104368797,0.7744353000785701,0.20850898379184787,0.0,0.0,0.0,2.467005958589381e-33,0.0,0.0,0.0
14.99,0.7478081841846871,-0.4520605335854502,0.045743604868911755,1.8937790919981694,-0.027947713104368797,0.7744353000785701,0.20850898379184787,0.0,0.0,0.0,2.467005958589381e-33,0.0,0.0,0.0
15.0,0.7478081841846871,-0.4520605335854502,0.045743604868911755,1.8937790919981694,-0.027947713104368797,0.7744353000785701,0.20850898379184787,0.0,0.0,0.0,2.467005958589381e-33,0.0,0.0,0.0
15.01,0.7478081841846871,-0.4520605335854502,0.045743604868911755,1.8937790919981694,-0.027947713104368797,0.7744353000785701,0.20850898379184787,0.0,0.0,0.0,2.467005958589381e-33,0.0,0.0,0.0
15.02,0.7478081841846871,-0.4520605335854502,0.045743604868911755,1.8937790919981694,-0.027947713104368797,0.7744353000785701,0.20850898379184787,0.0,0.0,0.0,2.467005958589381e-33,0.0,0.0,0.0
15.03,0.7478081841846871,-0.4520605335854502,0.045743604868911755,1.8937790919981694,-0.027947713104368797,0.7744353000785701,0.20850898379184787,0.0,0.0,0.0,2.467005958589381e-33,0.0,0.0,0.0
15.04,0.7478081841846871,-0.4520605335854502,0.045743604868911755,1.8937790919981694,-0.027947713104368797,0.7744353000785701,0.20850898379184787,0.0,0.0,0.0,2.467005958589381e-33,0.0,0.0,0.0
15.05,0.7478081841846871,-0.4520605335854502,0.045743604868911755,1.8937790919981694,-0.027947713104368797,0.7744353000785701,0.20850898379184787,0.0,0.0,0.0,2.467005958589381e-33,0.0,0.0,0.0
15.06,0.7478081841846871,-0.4520605335854502,0.045743604868911755,1.8937790919981694,-0.027947713104368797,0.7744353000785701,0.20850898379184787,0.0,0.0,0.0,2.467005958589381e-33,0.0,0.0,0.0
15.07,0.7478081841846871,-0.4520605335854502,0.045743604868911755,1.8937790919981694,-0.027947713104368797,0.7744353000785701,0.20850898379184787,0.0,0.0,0.0,2.467005958589381e-33,0.0,0.0,0.0
15.08,0.7478081841846871,-0.4520605335854502,0.045743604868911755,1.8937790919981694,-0.027947713104368797,0.7744353000785701,0.20850898379184787,0.0,0.0,0.0,2.467005958589381e-33,0.0,0.0,0.0
15.09,0.7478081841846871,-0.4520605335854502,0.045743604868911755,1.8937790919981694,-0.027947713104368797,0.7744353000785701,0.20850898379184787,0.0,0.0,0.0,2.467005958589381e-33,0.0,0.0,0.0
15.1,0.7478081841846871,-0.4520605335854502,0.045743604868911755,1.8937790919981694,-0.027947713104368797,0.7744353000785701,0.20850898379184787,0.0,0.0,0.0,2.467005958589381e-33,0.0,0.0,0.0
15.11,0.7478081841846871,-0.4520605335854502,0.045743604868911755,1.8937790919981694,-0.027947713104368797,0.7744353000785701,0.20850898379184787,0.0,0.0,0.0,2.467005958589381e-33,0.0,0.0,0.0
15.12,0.7478081841846871,-0.4520605335854502,0.045743604868911755,1.8937790919981694,-0.027947713104368797,0.7744353000785701,0.20850898379184787,0.0,0.0,0.0,2.467005958589381e-33,0.0,0.0,0.0
15.13,0.7478081841846871,-0.4520605335854502,0.045743604868911755,1.8937790919981694,-0.027947713104368797,0.7744353000785701,0.20850898379184787,0.0,0.0,0.0,2.467005958589381e-33,0.0,0.0,0.0
15.14,0.7478081841846871,-0.4520605335854502,0.045743604868911755,1.8937790919981694,-0.027947713104368797,0.7744353000785701,0.20850898379184787,0.0,0.0,0.0,2.467005958589381e-33,0.0,0.0,0.0
15.15,0.7478081841846871,-0.4520605335854502,0.045743604868911755,1.8937790919981694,-0.027947713104368797,0.7744353000785701,0.20850898379184787,0.0,0.0,0.0,2.467005958589381e-33,0.0,0.0,0.0
15.16,0.7478081841846871,-0.4520605335854502,0.045743604868911755,1.8937790919981694,-0.027947713104368797,0.7744353000785701,0.20850898379184787,0.0,0.0,0.0,2.467005958589381e-33,0.0,0.0,0.0
15.17,0.7478081841846871,-0.4520605335854502,0.045743604868911755,1.8937790919981694,-0.027947713104368797,0.7744353000785701,0.20850898379184787,0.0,0.0,0.0,2.467005958589381e-33,0.0,0.0,0.0
15.18,0.7478081841846871,-0.4520605335854502,0.045743604868911755,1.8937790919981694,-0.027947713104368797,0.7744353000785701,0.20850898379184787,0.0,0.0,0.0,2.467005958589381e-33,0.0,0.0,0.0
15.19,0.7478081841846871,-0.4520605335854502,0.045743604868911755,1.8937790919981694,-0.027947713104368797,0.7744353000785701,0.20850898379184787,0.0,0.0,0.0,2.467005958589381e-33,0.0,0.0,0.0
15.2,0.7478081841846871,-0.4520605335854502,0.045743604868911755,1.8937790919981694,-0.027947713104368797,0.7744353000785701,0.20850898379184787,0.0,0.0,0.0,2.467005958589381e-33,0.0,0.0,0.0
15.21,0.7478081841846871,-0.4520605335854502,0.045743604868911755,1.8937790919981694,-0.027947713104368797,0.7744353000785701,0.20850898379184787,0.0,0.0,0.0,2.467005958589381e-33,0.0,0.0,0.0
15.22,0.7478081841846871,-0.4520605335854502,0.045743604868911755,1.8937790919981694,-0.027947713104368797,0.7744353000785701,0.20850898379184787,0.0,0.0,0.0,2.467005958589381e-33,0.0,0.0,0.0
15.23,0.7478081841846871,-0.4520605335854502,0.045743604868911755,1.8937790919981694,-0.027947713104368797,0.7744353000785701,0.20850898379184787,0.0,0.0,0.0,2.467005958589381e-33,0.0,0.0,0.0
15.24,0.7478081841846871,-0.4520605335854502,0.045743604868911755,1.8937790919981694,-0.027947713104368797,0.7744353000785701,0.20850898379184787,0.0,0.0,0.0,2.467005958589381e-33,0.0,0.0,0.0
15.25,0.7478081841846871,-0.4520605335854502,0.045743604868911755,1.8937790919981694,-0.027947713104368797,0.7744353000785701,0.20850898379184787,0.0,0.0,0.0,2.467005958589381e-33,0.0,0.0,0.0
15.26,0.7478081841846871,-0.4520605335854502,0.045743604868911755,1.8937790919981694,-0.027947713104368797,0.7744353000785701,0.20850898379184787,0.0,0.0,0.0,2.467005958589381e-33,0.0,0.0,0.0
15.27,0.7478081841846871,-0.4520605335854502,0.045743604868911755,1.8937790919981694,-0.027947713104368797,0.7744353000785701,0.20850898379184787,0.0,0.0,0.0,2.467005958589381e-33,0.0,0.0,0.0
15.28,0.7478081841846871,-0.4520605335854502,0.045743604868911755,1.8937790919981694,-0.027947713104368797,0.7744353000785701,0.20850898379184787,0.0,0.0,0.0,2.467005958589381e-33,0.0,0.0,0.0
15.29,0.7478081841846871,-0.4520605335854502,0.045743604868911755,1.8937790919981694,-0.027947713104368797,0.7744353000785701,0.20850898379184787,0.0,0.0,0.0,2.467005958589381e-33,0.0,0.0,0.0
15.3,0.7478081841846871,-0.4520605335854502,0.045743604868911755,1.8937790919981694,-0.027947713104368797,0.7744353000785701,0.20850898379184787,0.0,0.0,0.0,2.467005958589381e-33,0.0,0.0,0.0
15.31,0.7478081841846871,-0.4520605335854502,0.045743604868911755,1.8937790919981694,-0.027947713104368797,0.7744353000785701,0.20850898379184787,0.0,0.0,0.0,2.467005958589381e-33,0.0,0.0,0.0
15.32,0.7478081841846871,-0.4520605335854502,0.045743604868911755,1.8937790919981694,-0.027947713104368797,0.7744353000785701,0.20850898379184787,0.0,0.0,0.0,2.467005958589381e-33,0.0,0.0,0.0
15.33,0.7478081841846871,-0.4520605335854502,0.045743604868911755,1.8937790919981694,-0.027947713104368797,0.7744353000785701,0.20850898379184787,0.0,0.0,0.0,2.467005958589381e-33,0.0,0.0,0.0
15.34,0.7478081841846871,-0.4520605335854502,0.045743604868911755,1.8937790919981694,-0.027947713104368797,0.7744353000785701,0.20850898379184787,0.0,0.0,0.0,2.467005958589381e-33,0.0,0.0,0.0
15.35,0.7478081841846871,-0.4520605335854502,0.045743604868911755,1.8937790919981694,-0.027947713104368797,0.7744353000785701,0.20850898379184787,0.0,0.0,0.0,2.467005958589381e-33,0.0,0.0,0.0
15.36,0.7478081841846871,-0.4520605335854502,0.045743604868911755,1.8937790919981694,-0.027947713104368797,0.7744353000785701,0.20850898379184787,0.0,0.0,0.0,2.467005958589381e-33,0.0,0.0,0.0
15.37,0.7478081841846871,-0.4520605335854502,0.045743604868911755,1.8937790919981694,-0.027947713104368797,0.7744353000785701,0.20850898379184787,0.0,0.0,0.0,2.467005958589381e-33,0.0,0.0,0.0
15.38,0.7478081841846871,-0.4520605335854502,0.045743604868911755,1.8937790919981694,-0.027947713104368797,0.7744353000785701,0.20850898379184787,0.0,0.0,0.0,2.467005958589381e-33,0.0,0.0,0.0
15.39,0.7478081841846871,-0.4520605335854502,0.045743604868911755,1.8937790919981694,-0.027947713104368797,0.7744353000785701,0.20850898379184787,0.0,0.0,0.0,2.467005958589381e-33,0.0,0.0,0.0
15.4,0.7478081841846871,-0.4520605335854502,0.045743604868911755,1.8937790919981694,-0.027947713104368797,0.7744353000785701,0.20850898379184787,0.0,0.0,0.0,2.467005958589381e-33,0.0,0.0,0.0
15.41,0.7478081841846871,-0.4520605335854502,0.045743604868911755,1.8937790919981694,-0.027947713104368797,0.7744353000785701,0.20850898379184787,0.0,0.0,0.0,2.467005958589381e-33,0.0,0.0,0.0
15.42,0.7478081841846871,-0.4520605335854502,0.045743604868911755,1.8937790919981694,-0.027947713104368797,0.7744353000785701,0.20850898379184787,0.0,0.0,0.0,2.467005958589381e-33,0.0,0.0,0.0
15.43,0.7478081841846871,-0.4520605335854502,0.045743604868911755,1.8937790919981694,-0.027947713104368797,0.7744353000785701,0.20850898379184787,0.0,0.0,0.0,2.467005958589381e-33,0.0,0.0,0.0
15.44,0.7478081841846871,-0.4520605335854502,0.045743604868911755,1.8937790919981694,-0.027947713104368797,0.7744353000785701,0.20850898379184787,0.0,0.0,0.0,2.467005958589381e-33,0.0,0.0,0.0
15.45,0.7478081841846871,-0.4520605335854502,0.045743604868911755,1.8937790919981694,-0.027947713104368797,0.7744353000785701,0.20850898379184787,0.0,0.0,0.0,2.467005958589381e-33,0.0,0.0,0.0
15.46,0.7478081841846871,-0.4520605335854502,0.045743604868911755,1.8937790919981694,-0.027947713104368797,0.7744353000785701,0.20850898379184787,0.0,0.0,0.0,2.467005958589381e-33,0.0,0.0,0.0
15.47,0.7478081841846871,-0.4520605335854502,0.045743604868911755,1.8937790919981694,-0.027947713104368797,0.7744353000785701,0.20850898379184787,0.0,0.0,0.0,2.467005958589381e-33,0.0,0.0,0.0
15.48,0.7478081841846871,-0.4520605335854502,0.045743604868911755,1.8937790919981694,-0.027947713104368797,0.7744353000785701,0.20850898379184787,0.0,0.0,0.0,2.467005958589381e-33,0.0,0.0,0.0
15.49,0.7478081841846871,-0.4520605335854502,0.045743604868911755,1.8937790919981694,-0.027947713104368797,0.7744353000785701,0.20850898379184787,0.0,0.0,0.0,2.467005958589381e-33,0.0,0.0,0.0
15.5,0.7478081841846871,-0.4520605335854502,0.045743604868911755,1.8937790919981694,-0.027947713104368797,0.7744353000785701,0.20850898379184787,0.0,0.0,0.0,2.467005958589381e-33,0.0,0.0,0.0
15.51,0.7478081841846871,-0.4520605335854502,0.045743604868911755,1.8937790919981694,-0.027947713104368797,0.7744353000785701,0.20850898379184787,0.0,0.0,0.0,2.467005958589381e-33,0.0,0.0,0.0
15.52,0.7478081841846871,-0.4520605335854502,0.045743604868911755,1.8937790919981694,-0.027947713104368797,0.7744353000785701,0.20850898379184787,0.0,0.0,0.0,2.467005958589381e-33,0.0,0.0,0.0
15.53,0.7478081841846871,-0.4520605335854502,0.045743604868911755,1.8937790919981694,-0.027947713104368797,0.7744353000785701,0.20850898379184787,0.0,0.0,0.0,2.467005958589381e-33,0.0,0.0,0.0
15.54,0.7478081841846871,-0.4520605335854502,0.045743604868911755,1.8937790919981694,-0.027947713104368797,0.7744353000785701,0.20850898379184787,0.0,0.0,0.0,2.467005958589381e-33,0.0,0.0,0.0
15.55,0.7478081841846871,-0.4520605335854502,0.045743604868911755,1.8937790919981694,-0.027947713104368797,0.7744353000785701,0.20850898379184787,0.0,0.0,0.0,2.467005958589381e-33,0.0,0.0,0.0
15.56,0.7478081841846871,-0.4520605335854502,0.045743604868911755,1.8937790919981694,-0.027947713104368797,0.7744353000785701,0.20850898379184787,0.0,0.0,0.0,2.467005958589381e-33,0.0,0.0,0.0
15.57,0.7478081841846871,-0.4520605335854502,0.045743604868911755,1.8937790919981694,-0.027947713104368797,0.7744353000785701,0.20850898379184787,0.0,0.0,0.0,2.467005958589381e-33,0.0,0.0,0.0
15.58,0.7478081841846871,-0.4520605335854502,0.045743604868911755,1.8937790919981694,-0.027947713104368797,0.7744353000785701,0.20850898379184787,0.0,0.0,0.0,2.467005958589381e-33,0.0,0.0,0.0
15.59,0.7478081841846871,-0.4520605335854502,0.045743604868911755,1.8937790919981694,-0.027947713104368797,0.7744353000785701,0.20850898379184787,0.0,0.0,0.0,2.467005958589381e-33,0.0,0.0,0.0
15.6,0.7478081841846871,-0.4520605335854502,0.045743604868911755,1.8937790919981694,-0.027947713104368797,0.7744353000785701,0.20850898379184787,0.0,0.0,0.0,2.467005958589381e-33,0.0,0.0,0.0
15.61,0.7478081841846871,-0.4520605335854502,0.045743604868911755,1.8937790919981694,-0.027947713104368797,0.7744353000785701,0.20850898379184787,0.0,0.0,0.0,2.467005958589381e-33,0.0,0.0,0.0
15.62,0.7478081841846871,-0.4520605335854502,0.045743604868911755,1.8937790919981694,-0.027947713104368797,0.7744353000785701,0.20850898379184787,0.0,0.0,0.0,2.467005958589381e-33,0.0,0.0,0.0
15.63,0.7478081841846871,-0.4520605335854502,0.045743604868911755,1.8937790919981694,-0.027947713104368797,0.7744353000785701,0.20850898379184787,0.0,0.0,0.0,2.467005958589381e-33,0.0,0.0,0.0
15.64,0.7478081841846871,-0.4520605335854502,0.045743604868911755,1.8937790919981694,-0.027947713104368797,0.7744353000785701,0.20850898379184787,0.0,0.0,0.0,2.467005958589381e-33,0.0,0.0,0.0
15.65,0.7478081841846871,-0.4520605335854502,0.045743604868911755,1.8937790919981694,-0.027947713104368797,0.7744353000785701,0.20850898379184787,0.0,0.0,0.0,2.467005958589381e-33,0.0,0.0,0.0
15.66,0.7478081841846871,-0.4520605335854502,0.045743604868911755,1.8937790919981694,-0.027947713104368797,0.7744353000785701,0.20850898379184787,0.0,0.0,0.0,2.467005958589381e-33,0.0,0.0,0.0
15.67,0.7478081841846871,-0.4520605335854502,0.045743604868911755,1.8937790919981694,-0.027947713104368797,0.7744353000785701,0.20850898379184787,0.0,0.0,0.0,2.467005958589381e-33,0.0,0.0,0.0
15.68,0.7478081841846871,-0.4520605335854502,0.045743604868911755,1.8937790919981694,-0.027947713104368797,0.7744353000785701,0.20850898379184787,0.0,0.0,0.0,2.467005958589381e-33,0.0,0.0,0.0
15.69,0.7478081841846871,-0.4520605335854502,0.045743604868911755,1.8937790919981694,-0.027947713104368797,0.7744353000785701,0.20850898379184787,0.0,0.0,0.0,2.467005958589381e-33,0.0,0.0,0.0
15.7,0.7478081841846871,-0.4520605335854502,0.045743604868911755,1.8937790919981694,-0.027947713104368797,0.7744353000785701,0.20850898379184787,0.0,0.0,0.0,2.467005958589381e-33,0.0,0.0,0.0
15.71,0.7478081841846871,-0.4520605335854502,0.045743604868911755,1.8937790919981694,-0.027947713104368797,0.7744353000785701,0.20850898379184787,0.0,0.0,0.0,2.467005958589381e-33,0.0,0.0,0.0
15.72,0.7478081841846871,-0.4520605335854502,0.045743604868911755,1.8937790919981694,-0.027947713104368797,0.7744353000785701,0.20850898379184787,0.0,0.0,0.0,2.467005958589381e-33,0.0,0.0,0.0
15.73,0.7478081841846871,-0.4520605335854502,0.045743604868911755,1.8937790919981694,-0.027947713104368797,0.7744353000785701,0.20850898379184787,0.0,0.0,0.0,2.467005958589381e-33,0.0,0.0,0.0
15.74,0.7478081841846871,-0.4520605335854502,0.045743604868911755,1.8937790919981694,-0.027947713104368797,0.7744353000785701,0.20850898379184787,0.0,0.0,0.0,2.467005958589381e-33,0.0,0.0,0.0
15.75,0.7478081841846871,-0.4520605335854502,0.045743604868911755,1.8937790919981694,-0.027947713104368797,0.7744353000785701,0.20850898379184787,0.0,0.0,0.0,2.467005958589381e-33,0.0,0.0,0.0
15.76,0.7478081841846871,-0.4520605335854502,0.045743604868911755,1.8937790919981694,-0.027947713104368797,0.7744353000785701,0.20850898379184787,0.0,0.0,0.0,2.467005958589381e-33,0.0,0.0,0.0
15.77,0.7478081841846871,-0.4520605335854502,0.045743604868911755,1.8937790919981694,-0.027947713104368797,0.7744353000785701,0.20850898379184787,0.0,0.0,0.0,2.467005958589381e-33,0.0,0.0,0.0
15.78,0.7478081841846871,-0.4520605335854502,0.045743604868911755,1.8937790919981694,-0.027947713104368797,0.7744353000785701,0.20850898379184787,0.0,0.0,0.0,2.467005958589381e-33,0.0,0.0,0.0
15.79,0.7478081841846871,-0.4520605335854502,0.045743604868911755,1.8937790919981694,-0.027947713104368797,0.7744353000785701,0.20850898379184787,0.0,0.0,0.0,2.467005958589381e-33,0.0,0.0,0.0
15.8,0.7478081841846871,-0.4520605335854502,0.045743604868911755,1.8937790919981694,-0.027947713104368797,0.7744353000785701,0.20850898379184787,0.0,0.0,0.0,2.467005958589381e-33,0.0,0.0,0.0
15.81,0.7478081841846871,-0.4520605335854502,0.045743604868911755,1.8937790919981694,-0.027947713104368797,0.7744353000785701,0.20850898379184787,0.0,0.0,0.0,2.467005958589381e-33,0.0,0.0,0.0
15.82,0.7478081841846871,-0.4520605335854502,0.045743604868911755,1.8937790919981694,-0.027947713104368797,0.7744353000785701,0.20850898379184787,0.0,0.0,0.0,2.467005958589381e-33,0.0,0.0,0.0
15.83,0.7478081841846871,-0.4520605335854502,0.045743604868911755,1.8937790919981694,-0.027947713104368797,0.7744353000785701,0.20850898379184787,0.0,0.0,0.0,2.467005958589381e-33,0.0,0.0,0.0
15.84,0.7478081841846871,-0.4520605335854502,0.045743604868911755,1.8937790919981694,-0.027947713104368797,0.7744353000785701,0.20850898379184787,0.0,0.0,0.0,2.467005958589381e-33,0.0,0.0,0.0
15.85,0.7478081841846871,-0.4520605335854502,0.045743604868911755,1.8937790919981694,-0.027947713104368797,0.7744353000785701,0.20850898379184787,0.0,0.0,0.0,2.467005958589381e-33,0.0,0.0,0.0
15.86,0.7478081841846871,-0.4520605335854502,0.045743604868911755,1.8937790919981694,-0.027947713104368797,0.7744353000785701,0.20850898379184787,0.0,0.0,0.0,2.467005958589381e-33,0.0,0.0,0.0
15.87,0.7478081841846871,-0.4520605335854502,0.045743604868911755,1.8937790919981694,-0.027947713104368797,0.7744353000785701,0.20850898379184787,0.0,0.0,0.0,2.467005958589381e-33,0.0,0.0,0.0
15.88,0.7478081841846871,-0.4520605335854502,0.045743604868911755,1.8937790919981694,-0.027947713104368797,0.7744353000785701,0.20850898379184787,0.0,0.0,0.0,2.467005958589381e-33,0.0,0.0,0.0
15.89,0.7478081841846871,-0.4520605335854502,0.045743604868911755,1.8937790919981694,-0.027947713104368797,0.7744353000785701,0.20850898379184787,0.0,0.0,0.0,2.467005958589381e-33,0.0,0.0,0.0
15.9,0.7478081841846871,-0.4520605335854502,0.045743604868911755,1.8937790919981694,-0.027947713104368797,0.7744353000785701,0.20850898379184787,0.0,0.0,0.0,2.467005958589381e-33,0.0,0.0,0.0
15.91,0.7478081841846871,-0.4520605335854502,0.045743604868911755,1.8937790919981694,-0.027947713104368797,0.7744353000785701,0.20850898379184787,0.0,0.0,0.0,2.467005958589381e-33,0.0,0.0,0.0
15.92,0.7478081841846871,-0.4520605335854502,0.045743604868911755,1.8937790919981694,-0.027947713104368797,0.7744353000785701,0.20850898379184787,0.0,0.0,0.0,2.467005958589381e-33,0.0,0.0,0.0
15.93,0.7478081841846871,-0.4520605335854502,0.045743604868911755,1.8937790919981694,-0.027947713104368797,0.7744353000785701,0.20850898379184787,0.0,0.0,0.0,2.467005958589381e-33,0.0,0.0,0.0
15.94,0.7478081841846871,-0.4520605335854502,0.045743604868911755,1.8937790919981694,-0.027947713104368797,0.7744353000785701,0.20850898379184787,0.0,0.0,0.0,2.467005958589381e-33,0.0,0.0,0.0
15.95,0.7478081841846871,-0.4520605335854502,0.045743604868911755,1.8937790919981694,-0.027947713104368797,0.7744353000785701,0.20850898379184787,0.0,0.0,0.0,2.467005958589381e-33,0.0,0.0,0.0
15.96,0.7478081841846871,-0.4520605335854502,0.045743604868911755,1.8937790919981694,-0.027947713104368797,0.7744353000785701,0.20850898379184787,0.0,0.0,0.0,2.467005958589381e-33,0.0,0.0,0.0
15.97,0.7478081841846871,-0.4520605335854502,0.045743604868911755,1.8937790919981694,-0.027947713104368797,0.7744353000785701,0.20850898379184787,0.0,0.0,0.0,2.467005958589381e-33,0.0,0.0,0.0
15.98,0.7478081841846871,-0.4520605335854502,0.045743604868911755,1.8937790919981694,-0.027947713104368797,0.7744353000785701,0.20850898379184787,0.0,0.0,0.0,2.467005958589381e-33,0.0,0.0,0.0
15.99,0.7478081841846871,-0.4520605335854502,0.045743604868911755,1.8937790919981694,-0.027947713104368797,0.7744353000785701,0.20850898379184787,0.0,0.0,0.0,2.467005958589381e-33,0.0,0.0,0.0
16.0,0.7478081841846871,-0.4520605335854502,0.045743604868911755,1.8937790919981694,-0.027947713104368797,0.7744353000785701,0.20850898379184787,0.0,0.0,0.0,2.467005958589381e-33,0.0,0.0,0.0
