time_s,q1_rad,q2_rad,q3_rad,q4_rad,q5_rad,q6_rad,q7_rad,dq1_rad_s,dq2_rad_s,dq3_rad_s,dq4_rad_s,dq5_rad_s,dq6_rad_s,dq7_rad_s
0.0,0.7478081841846871,-0.4520605335854502,0.045743604868911755,1.8937790919981694,-0.027947713104368797,0.7744353000785701,0.20850898379184787,0.0,0.0,0.0,0.0,0.0,0.0,0.0
0.01,0.7478081841846871,-0.4520605335854502,0.045743604868911755,1.8937790919981694,-0.027947713104368797,0.7744353000785701,0.20850898379184787,0.0,0.0,0.0,0.0,0.0,0.0,0.0
0.02,0.7478081841846871,-0.4520605335854502,0.045743604868911755,1.8937790919981694,-0.027947713104368797,0.7744353000785701,0.20850898379184787,0.0,0.0,0.0,0.0,0.0,0.0,0.0
0.03,0.7478081841846871,-0.4520605335854502,0.045743604868911755,1.8937790919981694,-0.027947713104368797,0.7744353000785701,0.20850898379184787,0.0,0.0,0.0,0.0,0.0,0.0,0.0
0.04,0.7478081841846871,-0.4520605335854502,0.045743604868911755,1.8937790919981694,-0.027947713104368797,0.7744353000785701,0.20850898379184787,0.0,0.0,0.0,0.0,0.0,0.0,0.0
0.05,0.7478081841846871,-0.4520605335854502,0.045743604868911755,1.8937790919981694,-0.027947713104368797,0.7744353000785701,0.20850898379184787,0.0,0.0,0.0,0.0,0.0,0.0,0.0
0.06,0.7478081841846871,-0.4520605335854502,0.045743604868911755,1.8937790919981694,-0.027947713104368797,0.7744353000785701,0.20850898379184787,0.0,0.0,0.0,0.0,0.0,0.0,0.0
0.07,0.7478081841846871,-0.4520605335854502,0.045743604868911755,1.8937790919981694,-0.027947713104368797,0.7744353000785701,0.20850898379184787,0.0,0.0,0.0,0.0,0.0,0.0,0.0
0.08,0.7478081841846871,-0.4520605335854502,0.045743604868911755,1.8937790919981694,-0.027947713104368797,0.7744353000785701,0.20850898379184787,0.0,0.0,0.0,0.0,0.0,0.0,0.0
0.09,0.7478081841846871,-0.4520605335854502,0.045743604868911755,1.8937790919981694,-0.027947713104368797,0.7744353000785701,0.20850898379184787,0.0,0.0,0.0,0.0,0.0,0.0,0.0
0.1,0.7478081841846871,-0.4520605335854502,0.045743604868911755,1.8937790919981694,-0.027947713104368797,0.7744353000785701,0.20850898379184787,0.0,0.0,0.0,0.0,0.0,0.0,0.0
0.11,0.7478081841846871,-0.4520605335854502,0.045743604868911755,1.8937790919981694,-0.027947713104368797,0.7744353000785701,0.20850898379184787,0.0,0.0,0.0,0.0,0.0,0.0,0.0
0.12,0.7478081841846871,-0.4520605335854502,0.045743604868911755,1.8937790919981694,-0.027947713104368797,0.7744353000785701,0.20850898379184787,0.0,0.0,0.0,0.0,0.0,0.0,0.0
0.13,0.7478081841846871,-0.4520605335854502,0.045743604868911755,1.8937790919981694,-0.027947713104368797,0.7744353000785701,0.20850898379184787,0.0,0.0,0.0,0.0,0.0,0.0,0.0
0.14,0.7478081841846871,-0.4520605335854502,0.045743604868911755,1.8937790919981694,-0.027947713104368797,0.7744353000785701,0.20850898379184787,0.0,0.0,0.0,0.0,0.0,0.0,0.0
0.15,0.7478081841846871,-0.4520605335854502,0.045743604868911755,1.8937790919981694,-0.027947713104368797,0.7744353000785701,0.20850898379184787,0.0,0.0,0.0,0.0,0.0,0.0,0.0
0.16,0.7478081841846871,-0.4520605335854502,0.045743604868911755,1.8937790919981694,-0.027947713104368797,0.7744353000785701,0.20850898379184787,0.0,0.0,0.0,0.0,0.0,0.0,0.0
0.17,0.7478081841846871,-0.4520605335854502,0.045743604868911755,1.8937790919981694,-0.027947713104368797,0.7744353000785701,0.20850898379184787,0.0,0.0,0.0,0.0,0.0,0.0,0.0
0.18,0.7478081841846871,-0.4520605335854502,0.045743604868911755,1.8937790919981694,-0.027947713104368797,0.7744353000785701,0.20850898379184787,0.0,0.0,0.0,0.0,0.0,0.0,0.0
0.19,0.7478081841846871,-0.4520605335854502,0.045743604868911755,1.8937790919981694,-0.027947713104368797,0.7744353000785701,0.20850898379184787,0.0,0.0,0.0,0.0,0.0,0.0,0.0
0.2,0.7478081841846871,-0.4520605335854502,0.045743604868911755,1.8937790919981694,-0.027947713104368797,0.7744353000785701,0.20850898379184787,0.0,0.0,0.0,0.0,0.0,0.0,0.0
0.21,0.7478081841846871,-0.4520605335854502,0.045743604868911755,1.8937790919981694,-0.027947713104368797,0.7744353000785701,0.20850898379184787,0.0,0.0,0.0,0.0,0.0,0.0,0.0
0.22,0.7478081841846871,-0.4520605335854502,0.045743604868911755,1.8937790919981694,-0.027947713104368797,0.7744353000785701,0.20850898379184787,0.0,0.0,0.0,0.0,0.0,0.0,0.0
0.23,0.7478081841846871,-0.4520605335854502,0.045743604868911755,1.8937790919981694,-0.027947713104368797,0.7744353000785701,0.20850898379184787,0.0,0.0,0.0,0.0,0.0,0.0,0.0
0.24,0.7478081841846871,-0.4520605335854502,0.045743604868911755,1.8937790919981694,-0.027947713104368797,0.7744353000785701,0.20850898379184787,0.0,0.0,0.0,0.0,0.0,0.0,0.0
0.25,0.7478081841846871,-0.4520605335854502,0.045743604868911755,1.8937790919981694,-0.027947713104368797,0.7744353000785701,0.20850898379184787,0.0,0.0,0.0,0.0,0.0,0.0,0.0
0.26,0.7478081841846871,-0.4520605335854502,0.045743604868911755,1.8937790919981694,-0.027947713104368797,0.7744353000785701,0.20850898379184787,0.0,0.0,0.0,0.0,0.0,0.0,0.0
0.27,0.7478081841846871,-0.4520605335854502,0.045743604868911755,1.8937790919981694,-0.027947713104368797,0.7744353000785701,0.20850898379184787,0.0,0.0,0.0,0.0,0.0,0.0,0.0
0.28,0.7478081841846871,-0.4520605335854502,0.045743604868911755,1.8937790919981694,-0.027947713104368797,0.7744353000785701,0.20850898379184787,0.0,0.0,0.0,0.0,0.0,0.0,0.0
0.29,0.7478081841846871,-0.4520605335854502,0.045743604868911755,1.8937790919981694,-0.027947713104368797,0.7744353000785701,0.20850898379184787,0.0,0.0,0.0,0.0,0.0,0.0,0.0
0.3,0.7478081841846871,-0.4520605335854502,0.045743604868911755,1.8937790919981694,-0.027947713104368797,0.7744353000785701,0.20850898379184787,0.0,0.0,0.0,0.0,0.0,0.0,0.0
0.31,0.7478081841846871,-0.4520605335854502,0.045743604868911755,1.8937790919981694,-0.027947713104368797,0.7744353000785701,0.20850898379184787,0.0,0.0,0.0,0.0,0.0,0.0,0.0
0.32,0.7478081841846871,-0.4520605335854502,0.045743604868911755,1.8937790919981694,-0.027947713104368797,0.7744353000785701,0.20850898379184787,0.0,0.0,0.0,0.0,0.0,0.0,0.0
0.33,0.7478081841846871,-0.4520605335854502,0.045743604868911755,1.8937790919981694,-0.027947713104368797,0.7744353000785701,0.20850898379184787,0.0,0.0,0.0,0.0,0.0,0.0,0.0
0.34,0.7478081841846871,-0.4520605335854502,0.045743604868911755,1.8937790919981694,-0.027947713104368797,0.7744353000785701,0.20850898379184787,0.0,0.0,0.0,0.0,0.0,0.0,0.0
0.35,0.7478081841846871,-0.4520605335854502,0.045743604868911755,1.8937790919981694,-0.027947713104368797,0.7744353000785701,0.20850898379184787,0.0,0.0,0.0,0.0,0.0,0.0,0.0
0.36,0.7478081841846871,-0.4520605335854502,0.045743604868911755,1.8937790919981694,-0.027947713104368797,0.7744353000785701,0.20850898379184787,0.0,0.0,0.0,0.0,0.0,0.0,0.0
0.37,0.7478081841846871,-0.4520605335854502,0.045743604868911755,1.8937790919981694,-0.027947713104368797,0.7744353000785701,0.20850898379184787,0.0,0.0,0.0,0.0,0.0,0.0,0.0
0.38,0.7478081841846871,-0.4520605335854502,0.045743604868911755,1.8937790919981694,-0.027947713104368797,0.7744353000785701,0.20850898379184787,0.0,0.0,0.0,0.0,0.0,0.0,0.0
0.39,0.7478081841846871,-0.4520605335854502,0.045743604868911755,1.8937790919981694,-0.027947713104368797,0.7744353000785701,0.20850898379184787,0.0,0.0,0.0,0.0,0.0,0.0,0.0
0.4,0.7478081841846871,-0.4520605335854502,0.045743604868911755,1.8937790919981694,-0.027947713104368797,0.7744353000785701,0.20850898379184787,0.0,0.0,0.0,0.0,0.0,0.0,0.0
0.41,0.7478081841846871,-0.4520605335854502,0.045743604868911755,1.8937790919981694,-0.027947713104368797,0.7744353000785701,0.20850898379184787,0.0,0.0,0.0,0.0,0.0,0.0,0.0
0.42,0.7478081841846871,-0.4520605335854502,0.045743604868911755,1.8937790919981694,-0.027947713104368797,0.7744353000785701,0.20850898379184787,0.0,0.0,0.0,0.0,0.0,0.0,0.0
0.43,0.7478081841846871,-0.4520605335854502,0.045743604868911755,1.8937790919981694,-0.027947713104368797,0.7744353000785701,0.20850898379184787,0.0,0.0,0.0,0.0,0.0,0.0,0.0
0.44,0.7478081841846871,-0.4520605335854502,0.045743604868911755,1.8937790919981694,-0.027947713104368797,0.7744353000785701,0.20850898379184787,0.0,0.0,0.0,0.0,0.0,0.0,0.0
0.45,0.7478081841846871,-0.4520605335854502,0.045743604868911755,1.8937790919981694,-0.027947713104368797,0.7744353000785701,0.20850898379184787,0.0,0.0,0.0,0.0,0.0,0.0,0.0
0.46,0.7478081841846871,-0.4520605335854502,0.045743604868911755,1.8937790919981694,-0.027947713104368797,0.7744353000785701,0.20850898379184787,0.0,0.0,0.0,0.0,0.0,0.0,0.0
0.47,0.7478081841846871,-0.4520605335854502,0.045743604868911755,1.8937790919981694,-0.027947713104368797,0.7744353000785701,0.20850898379184787,0.0,0.0,0.0,0.0,0.0,0.0,0.0
0.48,0.7478081841846871,-0.4520605335854502,0.045743604868911755,1.8937790919981694,-0.027947713104368797,0.7744353000785701,0.20850898379184787,0.0,0.0,0.0,0.0,0.0,0.0,0.0
0.49,0.7478081841846871,-0.4520605335854502,0.045743604868911755,1.8937790919981694,-0.027947713104368797,0.7744353000785701,0.20850898379184787,0.0,0.0,0.0,0.0,0.0,0.0,0.0
0.5,0.7478081841846871,-0.4520605335854502,0.045743604868911755,1.8937790919981694,-0.027947713104368797,0.7744353000785701,0.20850898379184787,0.0,0.0,0.0,0.0,0.0,0.0,0.0
0.51,0.7478081841846871,-0.4520605335854502,0.045743604868911755,1.8937790919981694,-0.027947713104368797,0.7744353000785701,0.20850898379184787,0.0,0.0,0.0,0.0,0.0,0.0,0.0
0.52,0.7478081841846871,-0.4520605335854502,0.045743604868911755,1.8937790919981694,-0.027947713104368797,0.7744353000785701,0.20850898379184787,0.0,0.0,0.0,0.0,0.0,0.0,0.0
0.53,0.7478081841846871,-0.4520605335854502,0.045743604868911755,1.8937790919981694,-0.027947713104368797,0.7744353000785701,0.20850898379184787,0.0,0.0,0.0,0.0,0.0,0.0,0.0
0.54,0.7478081841846871,-0.4520605335854502,0.045743604868911755,1.8937790919981694,-0.027947713104368797,0.7744353000785701,0.20850898379184787,0.0,0.0,0.0,0.0,0.0,0.0,0.0
0.55,0.7478081841846871,-0.4520605335854502,0.045743604868911755,1.8937790919981694,-0.027947713104368797,0.7744353000785701,0.20850898379184787,0.0,0.0,0.0,0.0,0.0,0.0,0.0
0.56,0.7478081841846871,-0.4520605335854502,0.045743604868911755,1.8937790919981694,-0.027947713104368797,0.7744353000785701,0.20850898379184787,0.0,0.0,0.0,0.0,0.0,0.0,0.0
0.57,0.7478081841846871,-0.4520605335854502,0.045743604868911755,1.8937790919981694,-0.027947713104368797,0.7744353000785701,0.20850898379184787,0.0,0.0,0.0,0.0,0.0,0.0,0.0
0.58,0.7478081841846871,-0.4520605335854502,0.045743604868911755,1.8937790919981694,-0.027947713104368797,0.7744353000785701,0.20850898379184787,0.0,0.0,0.0,0.0,0.0,0.0,0.0
0.59,0.7478081841846871,-0.4520605335854502,0.045743604868911755,1.8937790919981694,-0.027947713104368797,0.7744353000785701,0.20850898379184787,0.0,0.0,0.0,0.0,0.0,0.0,0.0
0.6,0.7478081841846871,-0.4520605335854502,0.045743604868911755,1.8937790919981694,-0.027947713104368797,0.7744353000785701,0.20850898379184787,0.0,0.0,0.0,0.0,0.0,0.0,0.0
0.61,0.7478081841846871,-0.4520605335854502,0.045743604868911755,1.8937790919981694,-0.027947713104368797,0.7744353000785701,0.20850898379184787,0.0,0.0,0.0,0.0,0.0,0.0,0.0
0.62,0.7478081841846871,-0.4520605335854502,0.045743604868911755,1.8937790919981694,-0.027947713104368797,0.7744353000785701,0.20850898379184787,0.0,0.0,0.0,0.0,0.0,0.0,0.0
0.63,0.7478081841846871,-0.4520605335854502,0.045743604868911755,1.8937790919981694,-0.027947713104368797,0.7744353000785701,0.20850898379184787,0.0,0.0,0.0,0.0,0.0,0.0,0.0
0.64,0.7478081841846871,-0.4520605335854502,0.045743604868911755,1.8937790919981694,-0.027947713104368797,0.7744353000785701,0.20850898379184787,0.0,0.0,0.0,0.0,0.0,0.0,0.0
0.65,0.7478081841846871,-0.4520605335854502,0.045743604868911755,1.8937790919981694,-0.027947713104368797,0.7744353000785701,0.20850898379184787,0.0,0.0,0.0,0.0,0.0,0.0,0.0
0.66,0.7478081841846871,-0.4520605335854502,0.045743604868911755,1.8937790919981694,-0.027947713104368797,0.7744353000785701,0.20850898379184787,0.0,0.0,0.0,0.0,0.0,0.0,0.0
0.67,0.7478081841846871,-0.4520605335854502,0.045743604868911755,1.8937790919981694,-0.027947713104368797,0.7744353000785701,0.20850898379184787,0.0,0.0,0.0,0.0,0.0,0.0,0.0
0.68,0.7478081841846871,-0.4520605335854502,0.045743604868911755,1.8937790919981694,-0.027947713104368797,0.7744353000785701,0.20850898379184787,0.0,0.0,0.0,0.0,0.0,0.0,0.0
0.69,0.7478081841846871,-0.4520605335854502,0.045743604868911755,1.8937790919981694,-0.027947713104368797,0.7744353000785701,0.20850898379184787,0.0,0.0,0.0,0.0,0.0,0.0,0.0
0.7,0.7478081841846871,-0.4520605335854502,0.045743604868911755,1.8937790919981694,-0.027947713104368797,0.7744353000785701,0.20850898379184787,0.0,0.0,0.0,0.0,0.0,0.0,0.0
0.71,0.7478081841846871,-0.4520605335854502,0.045743604868911755,1.8937790919981694,-0.027947713104368797,0.7744353000785701,0.20850898379184787,0.0,0.0,0.0,0.0,0.0,0.0,0.0
0.72,0.7478081841846871,-0.4520605335854502,0.045743604868911755,1.8937790919981694,-0.027947713104368797,0.7744353000785701,0.20850898379184787,0.0,0.0,0.0,0.0,0.0,0.0,0.0
0.73,0.7478081841846871,-0.4520605335854502,0.045743604868911755,1.8937790919981694,-0.027947713104368797,0.7744353000785701,0.20850898379184787,0.0,0.0,0.0,0.0,0.0,0.0,0.0
0.74,0.7478081841846871,-0.4520605335854502,0.045743604868911755,1.8937790919981694,-0.027947713104368797,0.7744353000785701,0.20850898379184787,0.0,0.0,0.0,0.0,0.0,0.0,0.0
0.75,0.7478081841846871,-0.4520605335854502,0.045743604868911755,1.8937790919981694,-0.027947713104368797,0.7744353000785701,0.20850898379184787,0.0,0.0,0.0,0.0,0.0,0.0,0.0
0.76,0.7478081841846871,-0.4520605335854502,0.045743604868911755,1.8937790919981694,-0.027947713104368797,0.7744353000785701,0.20850898379184787,0.0,0.0,0.0,0.0,0.0,0.0,0.0
0.77,0.7478081841846871,-0.4520605335854502,0.045743604868911755,1.8937790919981694,-0.027947713104368797,0.7744353000785701,0.20850898379184787,0.0,0.0,0.0,0.0,0.0,0.0,0.0
0.78,0.7478081841846871,-0.4520605335854502,0.045743604868911755,1.8937790919981694,-0.027947713104368797,0.7744353000785701,0.20850898379184787,0.0,0.0,0.0,0.0,0.0,0.0,0.0
0.79,0.7478081841846871,-0.4520605335854502,0.045743604868911755,1.8937790919981694,-0.027947713104368797,0.7744353000785701,0.20850898379184787,0.0,0.0,0.0,0.0,0.0,0.0,0.0
0.8,0.7478081841846871,-0.4520605335854502,0.045743604868911755,1.8937790919981694,-0.027947713104368797,0.7744353000785701,0.20850898379184787,0.0,0.0,0.0,0.0,0.0,0.0,0.0
0.81,0.7478081841846871,-0.4520605335854502,0.045743604868911755,1.8937790919981694,-0.027947713104368797,0.7744353000785701,0.20850898379184787,0.0,0.0,0.0,0.0,0.0,0.0,0.0
0.82,0.7478081841846871,-0.4520605335854502,0.045743604868911755,1.8937790919981694,-0.027947713104368797,0.7744353000785701,0.20850898379184787,0.0,0.0,0.0,0.0,0.0,0.0,0.0
0.83,0.7478081841846871,-0.4520605335854502,0.045743604868911755,1.8937790919981694,-0.027947713104368797,0.7744353000785701,0.20850898379184787,0.0,0.0,0.0,0.0,0.0,0.0,0.0
0.84,0.7478081841846871,-0.4520605335854502,0.045743604868911755,1.8937790919981694,-0.027947713104368797,0.7744353000785701,0.20850898379184787,0.0,0.0,0.0,0.0,0.0,0.0,0.0
0.85,0.7478081841846871,-0.4520605335854502,0.045743604868911755,1.8937790919981694,-0.027947713104368797,0.7744353000785701,0.20850898379184787,0.0,0.0,0.0,0.0,0.0,0.0,0.0
0.86,0.7478081841846871,-0.4520605335854502,0.045743604868911755,1.8937790919981694,-0.027947713104368797,0.7744353000785701,0.20850898379184787,0.0,0.0,0.0,0.0,0.0,0.0,0.0
0.87,0.7478081841846871,-0.4520605335854502,0.045743604868911755,1.8937790919981694,-0.027947713104368797,0.7744353000785701,0.20850898379184787,0.0,0.0,0.0,0.0,0.0,0.0,0.0
0.88,0.7478081841846871,-0.4520605335854502,0.045743604868911755,1.8937790919981694,-0.027947713104368797,0.7744353000785701,0.20850898379184787,0.0,0.0,0.0,0.0,0.0,0.0,0.0
0.89,0.7478081841846871,-0.4520605335854502,0.045743604868911755,1.8937790919981694,-0.027947713104368797,0.7744353000785701,0.20850898379184787,0.0,0.0,0.0,0.0,0.0,0.0,0.0
0.9,0.7478081841846871,-0.4520605335854502,0.045743604868911755,1.8937790919981694,-0.027947713104368797,0.7744353000785701,0.20850898379184787,0.0,0.0,0.0,0.0,0.0,0.0,0.0
0.91,0.7478081841846871,-0.4520605335854502,0.045743604868911755,1.8937790919981694,-0.027947713104368797,0.7744353000785701,0.20850898379184787,0.0,0.0,0.0,0.0,0.0,0.0,0.0
0.92,0.7478081841846871,-0.4520605335854502,0.045743604868911755,1.8937790919981694,-0.027947713104368797,0.7744353000785701,0.20850898379184787,0.0,0.0,0.0,0.0,0.0,0.0,0.0
0.93,0.7478081841846871,-0.4520605335854502,0.045743604868911755,1.8937790919981694,-0.027947713104368797,0.7744353000785701,0.20850898379184787,0.0,0.0,0.0,0.0,0.0,0.0,0.0
0.94,0.7478081841846871,-0.4520605335854502,0.045743604868911755,1.8937790919981694,-0.027947713104368797,0.7744353000785701,0.20850898379184787,0.0,0.0,0.0,0.0,0.0,0.0,0.0
0.95,0.7478081841846871,-0.4520605335854502,0.045743604868911755,1.8937790919981694,-0.027947713104368797,0.7744353000785701,0.20850898379184787,0.0,0.0,0.0,0.0,0.0,0.0,0.0
0.96,0.7478081841846871,-0.4520605335854502,0.045743604868911755,1.8937790919981694,-0.027947713104368797,0.7744353000785701,0.20850898379184787,0.0,0.0,0.0,0.0,0.0,0.0,0.0
0.97,0.7478081841846871,-0.4520605335854502,0.045743604868911755,1.8937790919981694,-0.027947713104368797,0.7744353000785701,0.20850898379184787,0.0,0.0,0.0,0.0,0.0,0.0,0.0
0.98,0.7478081841846871,-0.4520605335854502,0.045743604868911755,1.8937790919981694,-0.027947713104368797,0.7744353000785701,0.20850898379184787,0.0,0.0,0.0,0.0,0.0,0.0,0.0
0.99,0.7478081841846871,-0.4520605335854502,0.045743604868911755,1.8937790919981694,-0.027947713104368797,0.7744353000785701,0.20850898379184787,0.0,0.0,0.0,0.0,0.0,0.0,0.0
1.0,0.7478081841846871,-0.4520605335854502,0.045743604868911755,1.8937790919981694,-0.027947713104368797,0.7744353000785701,0.20850898379184787,0.0,0.0,0.0,0.0,0.0,0.0,0.0
1.01,0.7478081841846871,-0.4520605335854502,0.045743604868911755,1.8937790919981694,-0.027947713104368797,0.7744353000785701,0.20850898379184787,0.0,0.0,0.0,0.0,0.0,0.0,0.0
1.02,0.7478081841846871,-0.4520605335854502,0.045743604868911755,1.8937790919981694,-0.027947713104368797,0.7744353000785701,0.20850898379184787,0.0,0.0,0.0,0.0,0.0,0.0,0.0
1.03,0.7478081841846871,-0.4520605335854502,0.045743604868911755,1.8937790919981694,-0.027947713104368797,0.7744353000785701,0.20850898379184787,0.0,0.0,0.0,0.0,0.0,0.0,0.0
1.04,0.7478081841846871,-0.4520605335854502,0.045743604868911755,1.8937790919981694,-0.027947713104368797,0.7744353000785701,0.20850898379184787,0.0,0.0,0.0,0.0,0.0,0.0,0.0
1.05,0.7478081841846871,-0.4520605335854502,0.045743604868911755,1.8937790919981694,-0.027947713104368797,0.7744353000785701,0.20850898379184787,0.0,0.0,0.0,0.0,0.0,0.0,0.0
1.06,0.7478081841846871,-0.4520605335854502,0.045743604868911755,1.8937790919981694,-0.027947713104368797,0.7744353000785701,0.20850898379184787,0.0,0.0,0.0,0.0,0.0,0.0,0.0
1.07,0.7478081841846871,-0.4520605335854502,0.045743604868911755,1.8937790919981694,-0.027947713104368797,0.7744353000785701,0.20850898379184787,0.0,0.0,0.0,0.0,0.0,0.0,0.0
1.08,0.7478081841846871,-0.4520605335854502,0.045743604868911755,1.8937790919981694,-0.027947713104368797,0.7744353000785701,0.20850898379184787,0.0,0.0,0.0,0.0,0.0,0.0,0.0
1.09,0.7478081841846871,-0.4520605335854502,0.045743604868911755,1.8937790919981694,-0.027947713104368797,0.7744353000785701,0.20850898379184787,0.0,0.0,0.0,0.0,0.0,0.0,0.0
1.1,0.7478081841846871,-0.4520605335854502,0.045743604868911755,1.8937790919981694,-0.027947713104368797,0.7744353000785701,0.20850898379184787,0.0,0.0,0.0,0.0,0.0,0.0,0.0
1.11,0.7478081841846871,-0.4520605335854502,0.045743604868911755,1.8937790919981694,-0.027947713104368797,0.7744353000785701,0.20850898379184787,0.0,0.0,0.0,0.0,0.0,0.0,0.0
1.12,0.7478081841846871,-0.4520605335854502,0.045743604868911755,1.8937790919981694,-0.027947713104368797,0.7744353000785701,0.20850898379184787,0.0,0.0,0.0,0.0,0.0,0.0,0.0
1.13,0.7478081841846871,-0.4520605335854502,0.045743604868911755,1.8937790919981694,-0.027947713104368797,0.7744353000785701,0.20850898379184787,0.0,0.0,0.0,0.0,0.0,0.0,0.0
1.14,0.7478081841846871,-0.4520605335854502,0.045743604868911755,1.8937790919981694,-0.027947713104368797,0.7744353000785701,0.20850898379184787,0.0,0.0,0.0,0.0,0.0,0.0,0.0
1.15,0.7478081841846871,-0.4520605335854502,0.045743604868911755,1.8937790919981694,-0.027947713104368797,0.7744353000785701,0.20850898379184787,0.0,0.0,0.0,0.0,0.0,0.0,0.0
1.16,0.7478081841846871,-0.4520605335854502,0.045743604868911755,1.8937790919981694,-0.027947713104368797,0.7744353000785701,0.20850898379184787,0.0,0.0,0.0,0.0,0.0,0.0,0.0
1.17,0.7478081841846871,-0.4520605335854502,0.045743604868911755,1.8937790919981694,-0.027947713104368797,0.7744353000785701,0.20850898379184787,0.0,0.0,0.0,0.0,0.0,0.0,0.0
1.18,0.7478081841846871,-0.4520605335854502,0.045743604868911755,1.8937790919981694,-0.027947713104368797,0.7744353000785701,0.20850898379184787,0.0,0.0,0.0,0.0,0.0,0.0,0.0
1.19,0.7478081841846871,-0.4520605335854502,0.045743604868911755,1.8937790919981694,-0.027947713104368797,0.7744353000785701,0.20850898379184787,0.0,0.0,0.0,0.0,0.0,0.0,0.0
1.2,0.7478081841846871,-0.4520605335854502,0.045743604868911755,1.8937790919981694,-0.027947713104368797,0.7744353000785701,0.20850898379184787,0.0,0.0,0.0,0.0,0.0,0.0,0.0
1.21,0.7478081841846871,-0.4520605335854502,0.045743604868911755,1.8937790919981694,-0.027947713104368797,0.7744353000785701,0.20850898379184787,0.0,0.0,0.0,0.0,0.0,0.0,0.0
1.22,0.7478081841846871,-0.4520605335854502,0.045743604868911755,1.8937790919981694,-0.027947713104368797,0.7744353000785701,0.20850898379184787,0.0,0.0,0.0,0.0,0.0,0.0,0.0
1.23,0.7478081841846871,-0.4520605335854502,0.045743604868911755,1.8937790919981694,-0.027947713104368797,0.7744353000785701,0.20850898379184787,0.0,0.0,0.0,0.0,0.0,0.0,0.0
1.24,0.7478081841846871,-0.4520605335854502,0.045743604868911755,1.8937790919981694,-0.027947713104368797,0.7744353000785701,0.20850898379184787,0.0,0.0,0.0,0.0,0.0,0.0,0.0
1.25,0.7478081841846871,-0.4520605335854502,0.045743604868911755,1.8937790919981694,-0.027947713104368797,0.7744353000785701,0.20850898379184787,0.0,0.0,0.0,0.0,0.0,0.0,0.0
1.26,0.7478081841846871,-0.4520605335854502,0.045743604868911755,1.8937790919981694,-0.027947713104368797,0.7744353000785701,0.20850898379184787,0.0,0.0,0.0,0.0,0.0,0.0,0.0
1.27,0.7478081841846871,-0.4520605335854502,0.045743604868911755,1.8937790919981694,-0.027947713104368797,0.7744353000785701,0.20850898379184787,0.0,0.0,0.0,0.0,0.0,0.0,0.0
1.28,0.7478081841846871,-0.4520605335854502,0.045743604868911755,1.8937790919981694,-0.027947713104368797,0.7744353000785701,0.20850898379184787,0.0,0.0,0.0,0.0,0.0,0.0,0.0
1.29,0.7478081841846871,-0.4520605335854502,0.045743604868911755,1.8937790919981694,-0.027947713104368797,0.7744353000785701,0.20850898379184787,0.0,0.0,0.0,0.0,0.0,0.0,0.0
1.3,0.7478081841846871,-0.4520605335854502,0.045743604868911755,1.8937790919981694,-0.027947713104368797,0.7744353000785701,0.20850898379184787,0.0,0.0,0.0,0.0,0.0,0.0,0.0
1.31,0.7478081841846871,-0.4520605335854502,0.045743604868911755,1.8937790919981694,-0.027947713104368797,0.7744353000785701,0.20850898379184787,0.0,0.0,0.0,0.0,0.0,0.0,0.0
1.32,0.7478081841846871,-0.4520605335854502,0.045743604868911755,1.8937790919981694,-0.027947713104368797,0.7744353000785701,0.20850898379184787,0.0,0.0,0.0,0.0,0.0,0.0,0.0
1.33,0.7478081841846871,-0.4520605335854502,0.045743604868911755,1.8937790919981694,-0.027947713104368797,0.7744353000785701,0.20850898379184787,0.0,0.0,0.0,0.0,0.0,0.0,0.0
1.34,0.7478081841846871,-0.4520605335854502,0.045743604868911755,1.8937790919981694,-0.027947713104368797,0.7744353000785701,0.20850898379184787,0.0,0.0,0.0,0.0,0.0,0.0,0.0
1.35,0.7478081841846871,-0.4520605335854502,0.045743604868911755,1.8937790919981694,-0.027947713104368797,0.7744353000785701,0.20850898379184787,0.0,0.0,0.0,0.0,0.0,0.0,0.0
1.36,0.7478081841846871,-0.4520605335854502,0.045743604868911755,1.8937790919981694,-0.027947713104368797,0.7744353000785701,0.20850898379184787,0.0,0.0,0.0,0.0,0.0,0.0,0.0
1.37,0.7478081841846871,-0.4520605335854502,0.045743604868911755,1.8937790919981694,-0.027947713104368797,0.7744353000785701,0.20850898379184787,0.0,0.0,0.0,0.0,0.0,0.0,0.0
1.38,0.7478081841846871,-0.4520605335854502,0.045743604868911755,1.8937790919981694,-0.027947713104368797,0.7744353000785701,0.20850898379184787,0.0,0.0,0.0,0.0,0.0,0.0,0.0
1.39,0.7478081841846871,-0.4520605335854502,0.045743604868911755,1.8937790919981694,-0.027947713104368797,0.7744353000785701,0.20850898379184787,0.0,0.0,0.0,0.0,0.0,0.0,0.0
1.4,0.7478081841846871,-0.4520605335854502,0.045743604868911755,1.8937790919981694,-0.027947713104368797,0.7744353000785701,0.20850898379184787,0.0,0.0,0.0,0.0,0.0,0.0,0.0
1.41,0.7478081841846871,-0.4520605335854502,0.045743604868911755,1.8937790919981694,-0.027947713104368797,0.7744353000785701,0.20850898379184787,0.0,0.0,0.0,0.0,0.0,0.0,0.0
1.42,0.7478081841846871,-0.4520605335854502,0.045743604868911755,1.8937790919981694,-0.027947713104368797,0.7744353000785701,0.20850898379184787,0.0,0.0,0.0,0.0,0.0,0.0,0.0
1.43,0.7478081841846871,-0.4520605335854502,0.045743604868911755,1.8937790919981694,-0.027947713104368797,0.7744353000785701,0.20850898379184787,0.0,0.0,0.0,0.0,0.0,0.0,0.0
1.44,0.7478081841846871,-0.4520605335854502,0.045743604868911755,1.8937790919981694,-0.027947713104368797,0.7744353000785701,0.20850898379184787,0.0,0.0,0.0,0.0,0.0,0.0,0.0
1.45,0.7478081841846871,-0.4520605335854502,0.045743604868911755,1.8937790919981694,-0.027947713104368797,0.7744353000785701,0.20850898379184787,0.0,0.0,0.0,0.0,0.0,0.0,0.0
1.46,0.7478081841846871,-0.4520605335854502,0.045743604868911755,1.8937790919981694,-0.027947713104368797,0.7744353000785701,0.20850898379184787,0.0,0.0,0.0,0.0,0.0,0.0,0.0
1.47,0.7478081841846871,-0.4520605335854502,0.045743604868911755,1.8937790919981694,-0.027947713104368797,0.7744353000785701,0.20850898379184787,0.0,0.0,0.0,0.0,0.0,0.0,0.0
1.48,0.7478081841846871,-0.4520605335854502,0.045743604868911755,1.8937790919981694,-0.027947713104368797,0.7744353000785701,0.20850898379184787,0.0,0.0,0.0,0.0,0.0,0.0,0.0
1.49,0.7478081841846871,-0.4520605335854502,0.045743604868911755,1.8937790919981694,-0.027947713104368797,0.7744353000785701,0.20850898379184787,0.0,0.0,0.0,0.0,0.0,0.0,0.0
1.5,0.7478081841846871,-0.4520605335854502,0.045743604868911755,1.8937790919981694,-0.027947713104368797,0.7744353000785701,0.20850898379184787,0.0,0.0,0.0,0.0,0.0,0.0,0.0
1.51,0.7478081841846871,-0.4520605335854502,0.045743604868911755,1.8937790919981694,-0.027947713104368797,0.7744353000785701,0.20850898379184787,0.0,0.0,0.0,0.0,0.0,0.0,0.0
1.52,0.7478081841846871,-0.4520605335854502,0.045743604868911755,1.8937790919981694,-0.027947713104368797,0.7744353000785701,0.20850898379184787,0.0,0.0,0.0,0.0,0.0,0.0,0.0
1.53,0.7478081841846871,-0.4520605335854502,0.045743604868911755,1.8937790919981694,-0.027947713104368797,0.7744353000785701,0.20850898379184787,0.0,0.0,0.0,0.0,0.0,0.0,0.0
1.54,0.7478081841846871,-0.4520605335854502,0.045743604868911755,1.8937790919981694,-0.027947713104368797,0.7744353000785701,0.20850898379184787,0.0,0.0,0.0,0.0,0.0,0.0,0.0
1.55,0.7478081841846871,-0.4520605335854502,0.045743604868911755,1.8937790919981694,-0.027947713104368797,0.7744353000785701,0.20850898379184787,0.0,0.0,0.0,0.0,0.0,0.0,0.0
1.56,0.7478081841846871,-0.4520605335854502,0.045743604868911755,1.8937790919981694,-0.027947713104368797,0.7744353000785701,0.20850898379184787,0.0,0.0,0.0,0.0,0.0,0.0,0.0
1.57,0.7478081841846871,-0.4520605335854502,0.045743604868911755,1.8937790919981694,-0.027947713104368797,0.7744353000785701,0.20850898379184787,0.0,0.0,0.0,0.0,0.0,0.0,0.0
1.58,0.7478081841846871,-0.4520605335854502,0.045743604868911755,1.8937790919981694,-0.027947713104368797,0.7744353000785701,0.20850898379184787,0.0,0.0,0.0,0.0,0.0,0.0,0.0
1.59,0.7478081841846871,-0.4520605335854502,0.045743604868911755,1.8937790919981694,-0.027947713104368797,0.7744353000785701,0.20850898379184787,0.0,0.0,0.0,0.0,0.0,0.0,0.0
1.6,0.7478081841846871,-0.4520605335854502,0.045743604868911755,1.8937790919981694,-0.027947713104368797,0.7744353000785701,0.20850898379184787,0.0,0.0,0.0,0.0,0.0,0.0,0.0
1.61,0.7478081841846871,-0.4520605335854502,0.045743604868911755,1.8937790919981694,-0.027947713104368797,0.7744353000785701,0.20850898379184787,0.0,0.0,0.0,0.0,0.0,0.0,0.0
1.62,0.7478081841846871,-0.4520605335854502,0.045743604868911755,1.8937790919981694,-0.027947713104368797,0.7744353000785701,0.20850898379184787,0.0,0.0,0.0,0.0,0.0,0.0,0.0
1.63,0.7478081841846871,-0.4520605335854502,0.045743604868911755,1.8937790919981694,-0.027947713104368797,0.7744353000785701,0.20850898379184787,0.0,0.0,0.0,0.0,0.0,0.0,0.0
1.64,0.7478081841846871,-0.4520605335854502,0.045743604868911755,1.8937790919981694,-0.027947713104368797,0.7744353000785701,0.20850898379184787,0.0,0.0,0.0,0.0,0.0,0.0,0.0
1.65,0.7478081841846871,-0.4520605335854502,0.045743604868911755,1.8937790919981694,-0.027947713104368797,0.7744353000785701,0.20850898379184787,0.0,0.0,0.0,0.0,0.0,0.0,0.0
1.66,0.7478081841846871,-0.4520605335854502,0.045743604868911755,1.8937790919981694,-0.027947713104368797,0.7744353000785701,0.20850898379184787,0.0,0.0,0.0,0.0,0.0,0.0,0.0
1.67,0.7478081841846871,-0.4520605335854502,0.045743604868911755,1.8937790919981694,-0.027947713104368797,0.7744353000785701,0.20850898379184787,0.0,0.0,0.0,0.0,0.0,0.0,0.0
1.68,0.7478081841846871,-0.4520605335854502,0.045743604868911755,1.8937790919981694,-0.027947713104368797,0.7744353000785701,0.20850898379184787,0.0,0.0,0.0,0.0,0.0,0.0,0.0
1.69,0.7478081841846871,-0.4520605335854502,0.045743604868911755,1.8937790919981694,-0.027947713104368797,0.7744353000785701,0.20850898379184787,0.0,0.0,0.0,0.0,0.0,0.0,0.0
1.7,0.7478081841846871,-0.4520605335854502,0.045743604868911755,1.8937790919981694,-0.027947713104368797,0.7744353000785701,0.20850898379184787,0.0,0.0,0.0,0.0,0.0,0.0,0.0
1.71,0.7478081841846871,-0.4520605335854502,0.045743604868911755,1.8937790919981694,-0.027947713104368797,0.7744353000785701,0.20850898379184787,0.0,0.0,0.0,0.0,0.0,0.0,0.0
1.72,0.7478081841846871,-0.4520605335854502,0.045743604868911755,1.8937790919981694,-0.027947713104368797,0.7744353000785701,0.20850898379184787,0.0,0.0,0.0,0.0,0.0,0.0,0.0
1.73,0.7478081841846871,-0.4520605335854502,0.045743604868911755,1.8937790919981694,-0.027947713104368797,0.7744353000785701,0.20850898379184787,0.0,0.0,0.0,0.0,0.0,0.0,0.0
1.74,0.7478081841846871,-0.4520605335854502,0.045743604868911755,1.8937790919981694,-0.027947713104368797,0.7744353000785701,0.20850898379184787,0.0,0.0,0.0,0.0,0.0,0.0,0.0
1.75,0.7478081841846871,-0.4520605335854502,0.045743604868911755,1.8937790919981694,-0.027947713104368797,0.7744353000785701,0.20850898379184787,0.0,0.0,0.0,0.0,0.0,0.0,0.0
1.76,0.7478081841846871,-0.4520605335854502,0.045743604868911755,1.8937790919981694,-0.027947713104368797,0.7744353000785701,0.20850898379184787,0.0,0.0,0.0,0.0,0.0,0.0,0.0
1.77,0.7478081841846871,-0.4520605335854502,0.045743604868911755,1.8937790919981694,-0.027947713104368797,0.7744353000785701,0.20850898379184787,0.0,0.0,0.0,0.0,0.0,0.0,0.0
1.78,0.7478081841846871,-0.4520605335854502,0.045743604868911755,1.8937790919981694,-0.027947713104368797,0.7744353000785701,0.20850898379184787,0.0,0.0,0.0,0.0,0.0,0.0,0.0
1.79,0.7478081841846871,-0.4520605335854502,0.045743604868911755,1.8937790919981694,-0.027947713104368797,0.7744353000785701,0.20850898379184787,0.0,0.0,0.0,0.0,0.0,0.0,0.0
1.8,0.7478081841846871,-0.4520605335854502,0.045743604868911755,1.8937790919981694,-0.027947713104368797,0.7744353000785701,0.20850898379184787,0.0,0.0,0.0,0.0,0.0,0.0,0.0
1.81,0.7478081841846871,-0.4520605335854502,0.045743604868911755,1.8937790919981694,-0.027947713104368797,0.7744353000785701,0.20850898379184787,0.0,0.0,0.0,0.0,0.0,0.0,0.0
1.82,0.7478081841846871,-0.4520605335854502,0.045743604868911755,1.8937790919981694,-0.027947713104368797,0.7744353000785701,0.20850898379184787,0.0,0.0,0.0,0.0,0.0,0.0,0.0
1.83,0.7478081841846871,-0.4520605335854502,0.045743604868911755,1.8937790919981694,-0.027947713104368797,0.7744353000785701,0.20850898379184787,0.0,0.0,0.0,0.0,0.0,0.0,0.0
1.84,0.7478081841846871,-0.4520605335854502,0.045743604868911755,1.8937790919981694,-0.027947713104368797,0.7744353000785701,0.20850898379184787,0.0,0.0,0.0,0.0,0.0,0.0,0.0
1.85,0.7478081841846871,-0.4520605335854502,0.045743604868911755,1.8937790919981694,-0.027947713104368797,0.7744353000785701,0.20850898379184787,0.0,0.0,0.0,0.0,0.0,0.0,0.0
1.86,0.7478081841846871,-0.4520605335854502,0.045743604868911755,1.8937790919981694,-0.027947713104368797,0.7744353000785701,0.20850898379184787,0.0,0.0,0.0,0.0,0.0,0.0,0.0
1.87,0.7478081841846871,-0.4520605335854502,0.045743604868911755,1.8937790919981694,-0.027947713104368797,0.7744353000785701,0.20850898379184787,0.0,0.0,0.0,0.0,0.0,0.0,0.0
1.88,0.7478081841846871,-0.4520605335854502,0.045743604868911755,1.8937790919981694,-0.027947713104368797,0.7744353000785701,0.20850898379184787,0.0,0.0,0.0,0.0,0.0,0.0,0.0
1.89,0.7478081841846871,-0.4520605335854502,0.045743604868911755,1.8937790919981694,-0.027947713104368797,0.7744353000785701,0.20850898379184787,0.0,0.0,0.0,0.0,0.0,0.0,0.0
1.9,0.7478081841846871,-0.4520605335854502,0.045743604868911755,1.8937790919981694,-0.027947713104368797,0.7744353000785701,0.20850898379184787,0.0,0.0,0.0,0.0,0.0,0.0,0.0
1.91,0.7478081841846871,-0.4520605335854502,0.045743604868911755,1.8937790919981694,-0.027947713104368797,0.7744353000785701,0.20850898379184787,0.0,0.0,0.0,0.0,0.0,0.0,0.0
1.92,0.7478081841846871,-0.4520605335854502,0.045743604868911755,1.8937790919981694,-0.027947713104368797,0.7744353000785701,0.20850898379184787,0.0,0.0,0.0,0.0,0.0,0.0,0.0
1.93,0.7478081841846871,-0.4520605335854502,0.045743604868911755,1.8937790919981694,-0.027947713104368797,0.7744353000785701,0.20850898379184787,0.0,0.0,0.0,0.0,0.0,0.0,0.0
1.94,0.7478081841846871,-0.4520605335854502,0.045743604868911755,1.8937790919981694,-0.027947713104368797,0.7744353000785701,0.20850898379184787,0.0,0.0,0.0,0.0,0.0,0.0,0.0
1.95,0.7478081841846871,-0.4520605335854502,0.045743604868911755,1.8937790919981694,-0.027947713104368797,0.7744353000785701,0.20850898379184787,0.0,0.0,0.0,0.0,0.0,0.0,0.0
1.96,0.7478081841846871,-0.4520605335854502,0.045743604868911755,1.8937790919981694,-0.027947713104368797,0.7744353000785701,0.20850898379184787,0.0,0.0,0.0,0.0,0.0,0.0,0.0
1.97,0.7478081841846871,-0.4520605335854502,0.045743604868911755,1.8937790919981694,-0.027947713104368797,0.7744353000785701,0.20850898379184787,0.0,0.0,0.0,0.0,0.0,0.0,0.0
1.98,0.7478081841846871,-0.4520605335854502,0.045743604868911755,1.8937790919981694,-0.027947713104368797,0.7744353000785701,0.20850898379184787,0.0,0.0,0.0,0.0,0.0,0.0,0.0
1.99,0.7478081841846871,-0.4520605335854502,0.045743604868911755,1.8937790919981694,-0.027947713104368797,0.7744353000785701,0.20850898379184787,0.0,0.0,0.0,0.0,0.0,0.0,0.0
2.0,0.7478081841846871,-0.4520605335854502,0.045743604868911755,1.8937790919981694,-0.027947713104368797,0.7744353000785701,0.20850898379184787,0.0,0.0,0.0,0.0,0.0,0.0,0.0
2.01,0.7478081841846871,-0.4520605335854502,0.045743604868911755,1.8937790919981694,-0.027947713104368797,0.7744353000785701,0.20850898754975153,0.0,0.0,0.0,0.0,0.0,0.0,1.1273384716547303e-06
2.02,0.7478081841846871,-0.4520605335854502,0.045743604868911755,1.8937790919981694,-0.027947713104368797,0.7744353000785701,0.20850901385116227,0.0,0.0,0.0,0.0,0.0,0.0,4.508375201273039e-06
2.03,0.7478081841846871,-0.4520605335854502,0.045743604868911755,1.8937790919981694,-0.027947713104368797,0.7744353000785701,0.20850908522001538,0.0,0.0,0.0,0.0,0.0,0.0,1.0140174704163584e-05
2.04,0.7478081841846871,-0.4520605335854502,0.045743604868911755,1.8937790919981694,-0.027947713104368797,0.7744353000785701,0.20850922414111395,0.0,0.0,0.0,0.0,0.0,0.0,1.8017846410044345e-05
2.05,0.7478081841846871,-0.4520605335854502,0.045743604868911755,1.8937790919981694,-0.027947713104368797,0.7744353000785701,0.2085094530405914,0.0,0.0,0.0,0.0,0.0,0.0,2.8134547518336054e-05
2.06,0.7478081841846871,-0.4520605335854502,0.045743604868911755,1.8937790919981694,-0.027947713104368797,0.7744353000785701,0.20850979426640814,0.0,0.0,0.0,0.0,0.0,0.0,4.048148699356245e-05
2.07,0.7478081841846871,-0.4520605335854502,0.045743604868911755,1.8937790919981694,-0.027947713104368797,0.7744353000785701,0.20851027006889394,0.0,0.0,0.0,0.0,0.0,0.0,5.504793069883093e-05
2.08,0.7478081841846871,-0.4520605335854502,0.045743604868911755,1.8937790919981694,-0.027947713104368797,0.7744353000785701,0.20851090258134738,0.0,0.0,0.0,0.0,0.0,0.0,7.182120766481883e-05
2.09,0.7478081841846871,-0.4520605335854502,0.045743604868911755,1.8937790919981694,-0.027947713104368797,0.7744353000785701,0.20851171380070355,0.0,0.0,0.0,0.0,0.0,0.0,9.078671749108584e-05
2.1,0.7478081841846871,-0.4520605335854502,0.045743604868911755,1.8937790919981694,-0.027947713104368797,0.7744353000785701,0.20851272556828143,0.0,0.0,0.0,0.0,0.0,0.0,0.00011192793887599952
2.11,0.7478081841846871,-0.4520605335854502,0.045743604868911755,1.8937790919981694,-0.027947713104368797,0.7744353000785701,0.20851395955062227,0.0,0.0,0.0,0.0,0.0,0.0,0.00013522643927094718
2.12,0.7478081841846871,-0.4520605335854502,0.045743604868911755,1.8937790919981694,-0.027947713104368797,0.7744353000785701,0.20851543722043,0.0,0.0,0.0,0.0,0.0,0.0,0.00016066188565399024
2.13,0.7478081841846871,-0.4520605335854502,0.045743604868911755,1.8937790919981694,-0.027947713104368797,0.7744353000785701,0.20851717983762505,0.0,0.0,0.0,0.0,0.0,0.0,0.0001882120564174951
2.14,0.7478081841846871,-0.4520605335854502,0.045743604868911755,1.8937790919981694,-0.027947713104368797,0.7744353000785701,0.20851920843052246,0.0,0.0,0.0,0.0,0.0,0.0,0.00021785285436377416
2.15,0.7478081841846871,-0.4520605335854502,0.045743604868911755,1.8937790919981694,-0.027947713104368797,0.7744353000785701,0.20852154377714577,0.0,0.0,0.0,0.0,0.0,0.0,0.0002495583208021443
2.16,0.7478081841846871,-0.4520605335854502,0.045743604868911755,1.8937790919981694,-0.027947713104368797,0.7744353000785701,0.20852420638668687,0.0,0.0,0.0,0.0,0.0,0.0,0.00028330065074032285
2.17,0.7478081841846871,-0.4520605335854502,0.045743604868911755,1.8937790919981694,-0.027947713104368797,0.7744353000785701,0.20852721648112363,0.0,0.0,0.0,0.0,0.0,0.0,0.000319050209162454
2.18,0.7478081841846871,-0.4520605335854502,0.045743604868911755,1.8937790919981694,-0.027947713104368797,0.7744353000785701,0.2085305939770055,0.0,0.0,0.0,0.0,0.0,0.0,0.0003567755483855889
2.19,0.7478081841846871,-0.4520605335854502,0.045743604868911755,1.8937790919981694,-0.027947713104368797,0.7744353000785701,0.20853435846741813,0.0,0.0,0.0,0.0,0.0,0.0,0.0003964434264858077
2.2,0.7478081841846871,-0.4520605335854502,0.045743604868911755,1.8937790919981694,-0.027947713104368797,0.7744353000785701,0.20853852920413746,0.0,0.0,0.0,0.0,0.0,0.0,0.00043801882678472844
2.21,0.7478081841846871,-0.4520605335854502,0.045743604868911755,1.8937790919981694,-0.027947713104368797,0.7744353000785701,0.20854312507998404,0.0,0.0,0.0,0.0,0.0,0.0,0.00048146497838650465
2.22,0.7478081841846871,-0.4520605335854502,0.045743604868911755,1.8937790919981694,-0.027947713104368797,0.7744353000785701,0.20854816461138778,0.0,0.0,0.0,0.0,0.0,0.0,0.0005267433777549899
2.23,0.7478081841846871,-0.4520605335854502,0.045743604868911755,1.8937790919981694,-0.027947713104368797,0.7744353000785701,0.20855366592117383,0.0,0.0,0.0,0.0,0.0,0.0,0.0005738138113201089
2.24,0.7478081841846871,-0.4520605335854502,0.045743604868911755,1.8937790919981694,-0.027947713104368797,0.7744353000785701,0.20855964672157956,0.0,0.0,0.0,0.0,0.0,0.0,0.0006226343791020656
2.25,0.7478081841846871,-0.4520605335854502,0.045743604868911755,1.8937790919981694,-0.027947713104368797,0.7744353000785701,0.20856612429751256,0.0,0.0,0.0,0.0,0.0,0.0,0.0006731615193413813
2.26,0.7478081841846871,-0.4520605335854502,0.045743604868911755,1.8937790919981694,-0.027947713104368797,0.7744353000785701,0.20857311549006036,0.0,0.0,0.0,0.0,0.0,0.0,0.0007253500341223716
2.27,0.7478081841846871,-0.4520605335854502,0.045743604868911755,1.8937790919981694,-0.027947713104368797,0.7744353000785701,0.20858063668026103,0.0,0.0,0.0,0.0,0.0,0.0,0.0007791531159770438
2.28,0.7478081841846871,-0.4520605335854502,0.045743604868911755,1.8937790919981694,-0.027947713104368797,0.7744353000785701,0.20858870377314462,0.0,0.0,0.0,0.0,0.0,0.0,0.0008345223754559772
2.29,0.7478081841846871,-0.4520605335854502,0.045743604868911755,1.8937790919981694,-0.027947713104368797,0.7744353000785701,0.20859733218205523,0.0,0.0,0.0,0.0,0.0,0.0,0.0008914078696522533
2.3,0.7478081841846871,-0.4520605335854502,0.045743604868911755,1.8937790919981694,-0.027947713104368797,0.7744353000785701,0.20860653681326302,0.0,0.0,0.0,0.0,0.0,0.0,0.0009497581316639336
2.31,0.7478081841846871,-0.4520605335854502,0.045743604868911755,1.8937790919981694,-0.027947713104368797,0.7744353000785701,0.20861633205087535,0.0,0.0,0.0,0.0,0.0,0.0,0.001009520200980239
2.32,0.7478081841846871,-0.4520605335854502,0.045743604868911755,1.8937790919981694,-0.027947713104368797,0.7744353000785701,0.20862673174205645,0.0,0.0,0.0,0.0,0.0,0.0,0.001070639654775959
2.33,0.7478081841846871,-0.4520605335854502,0.045743604868911755,1.8937790919981694,-0.027947713104368797,0.7744353000785701,0.20863774918256453,0.0,0.0,0.0,0.0,0.0,0.0,0.0011330606400983074
2.34,0.7478081841846871,-0.4520605335854502,0.045743604868911755,1.8937790919981694,-0.027947713104368797,0.7744353000785701,0.20864939710261493,0.0,0.0,0.0,0.0,0.0,0.0,0.001196725906929825
2.35,0.7478081841846871,-0.4520605335854502,0.045743604868911755,1.8937790919981694,-0.027947713104368797,0.7744353000785701,0.20866168765307855,0.0,0.0,0.0,0.0,0.0,0.0,0.0012615768421106466
2.36,0.7478081841846871,-0.4520605335854502,0.045743604868911755,1.8937790919981694,-0.027947713104368797,0.7744353000785701,0.2086746323920235,0.0,0.0,0.0,0.0,0.0,0.0,0.0013275535041028326
2.37,0.7478081841846871,-0.4520605335854502,0.045743604868911755,1.8937790919981694,-0.027947713104368797,0.7744353000785701,0.2086882422716085,0.0,0.0,0.0,0.0,0.0,0.0,0.0013945946585792069
2.38,0.7478081841846871,-0.4520605335854502,0.045743604868911755,1.8937790919981694,-0.027947713104368797,0.7744353000785701,0.20870252762533645,0.0,0.0,0.0,0.0,0.0,0.0,0.001462637814818545
2.39,0.7478081841846871,-0.4520605335854502,0.045743604868911755,1.8937790919981694,-0.027947713104368797,0.7744353000785701,0.20871749815567558,0.0,0.0,0.0,0.0,0.0,0.0,0.0015316192628887077
2.4,0.7478081841846871,-0.4520605335854502,0.045743604868911755,1.8937790919981694,-0.027947713104368797,0.7744353000785701,0.20873316292205663,0.0,0.0,0.0,0.0,0.0,0.0,0.0016014741115987358
2.41,0.7478081841846871,-0.4520605335854502,0.045743604868911755,1.8937790919981694,-0.027947713104368797,0.7744353000785701,0.2087495303292531,0.0,0.0,0.0,0.0,0.0,0.0,0.0016721363272006985
2.42,0.7478081841846871,-0.4520605335854502,0.045743604868911755,1.8937790919981694,-0.027947713104368797,0.7744353000785701,0.20876660811615216,0.0,0.0,0.0,0.0,0.0,0.0,0.001743538772821518
2.43,0.7478081841846871,-0.4520605335854502,0.045743604868911755,1.8937790919981694,-0.027947713104368797,0.7744353000785701,0.20878440334492365,0.0,0.0,0.0,0.0,0.0,0.0,0.0018156132486047889
2.44,0.7478081841846871,-0.4520605335854502,0.045743604868911755,1.8937790919981694,-0.027947713104368797,0.7744353000785701,0.20880292239059375,0.0,0.0,0.0,0.0,0.0,0.0,0.0018882905325420657
2.45,0.7478081841846871,-0.4520605335854502,0.045743604868911755,1.8937790919981694,-0.027947713104368797,0.7744353000785701,0.20882217093103042,0.0,0.0,0.0,0.0,0.0,0.0,0.001961500421972904
2.46,0.7478081841846871,-0.4520605335854502,0.045743604868911755,1.8937790919981694,-0.027947713104368797,0.7744353000785701,0.20884215393734717,0.0,0.0,0.0,0.0,0.0,0.0,0.002035171775732404
2.47,0.7478081841846871,-0.4520605335854502,0.045743604868911755,1.8937790919981694,-0.027947713104368797,0.7744353000785701,0.20886287566473122,0.0,0.0,0.0,0.0,0.0,0.0,0.0021092325569248686
2.48,0.7478081841846871,-0.4520605335854502,0.045743604868911755,1.8937790919981694,-0.027947713104368797,0.7744353000785701,0.20888433964370276,0.0,0.0,0.0,0.0,0.0,0.0,0.002183609876301624
2.49,0.7478081841846871,-0.4520605335854502,0.045743604868911755,1.8937790919981694,-0.027947713104368797,0.7744353000785701,0.20890654867181063,0.0,0.0,0.0,0.0,0.0,0.0,0.0022582300362209862
2.5,0.7478081841846871,-0.4520605335854502,0.045743604868911755,1.8937790919981694,-0.027947713104368797,0.7744353000785701,0.2089295048057705,0.0,0.0,0.0,0.0,0.0,0.0,0.002333018575167773
2.51,0.7478081841846871,-0.4520605335854502,0.045743604868911755,1.8937790919981694,-0.027947713104368797,0.7744353000785701,0.2089532093540511,0.0,0.0,0.0,0.0,0.0,0.0,0.002407900312809733
2.52,0.7478081841846871,-0.4520605335854502,0.045743604868911755,1.8937790919981694,-0.027947713104368797,0.7744353000785701,0.20897766286991343,0.0,0.0,0.0,0.0,0.0,0.0,0.002482799395567734
2.53,0.7478081841846871,-0.4520605335854502,0.045743604868911755,1.8937790919981694,-0.027947713104368797,0.7744353000785701,0.20900286514490815,0.0,0.0,0.0,0.0,0.0,0.0,0.0025576393426764237
2.54,0.7478081841846871,-0.4520605335854502,0.045743604868911755,1.8937790919981694,-0.027947713104368797,0.7744353000785701,0.20902881520283603,0.0,0.0,0.0,0.0,0.0,0.0,0.0026323430927118023
2.55,0.7478081841846871,-0.4520605335854502,0.045743604868911755,1.8937790919981694,-0.027947713104368797,0.7744353000785701,0.20905551129417582,0.0,0.0,0.0,0.0,0.0,0.0,0.0027068330505617554
2.56,0.7478081841846871,-0.4520605335854502,0.045743604868911755,1.8937790919981694,-0.027947713104368797,0.7744353000785701,0.209082950890984,0.0,0.0,0.0,0.0,0.0,0.0,0.0027810311348155673
2.57,0.7478081841846871,-0.4520605335854502,0.045743604868911755,1.8937790919981694,-0.027947713104368797,0.7744353000785701,0.2091111306822704,0.0,0.0,0.0,0.0,0.0,0.0,0.002854858825547965
2.58,0.7478081841846871,-0.4520605335854502,0.045743604868911755,1.8937790919981694,-0.027947713104368797,0.7744353000785701,0.2091400465698536,0.0,0.0,0.0,0.0,0.0,0.0,0.002928237212473243
2.59,0.7478081841846871,-0.4520605335854502,0.045743604868911755,1.8937790919981694,-0.027947713104368797,0.7744353000785701,0.20916969366469929,0.0,0.0,0.0,0.0,0.0,0.0,0.003001087043444611
2.6,0.7478081841846871,-0.4520605335854502,0.045743604868911755,1.8937790919981694,-0.027947713104368797,0.7744353000785701,0.2092000662837458,0.0,0.0,0.0,0.0,0.0,0.0,0.0030733287732738856
2.61,0.7478081841846871,-0.4520605335854502,0.045743604868911755,1.8937790919981694,-0.027947713104368797,0.7744353000785701,0.20923115794721886,0.0,0.0,0.0,0.0,0.0,0.0,0.0031448826128462936
2.62,0.7478081841846871,-0.4520605335854502,0.045743604868911755,1.8937790919981694,-0.027947713104368797,0.7744353000785701,0.2092629613764391,0.0,0.0,0.0,0.0,0.0,0.0,0.003215668578505144
2.63,0.7478081841846871,-0.4520605335854502,0.045743604868911755,1.8937790919981694,-0.027947713104368797,0.7744353000785701,0.20929546849212458,0.0,0.0,0.0,0.0,0.0,0.0,0.0032856065416807996
2.64,0.7478081841846871,-0.4520605335854502,0.045743604868911755,1.8937790919981694,-0.027947713104368797,0.7744353000785701,0.20932867041319067,0.0,0.0,0.0,0.0,0.0,0.0,0.003354616278738391
2.65,0.7478081841846871,-0.4520605335854502,0.045743604868911755,1.8937790919981694,-0.027947713104368797,0.7744353000785701,0.2093625574560495,0.0,0.0,0.0,0.0,0.0,0.0,0.003422617521018415
2.66,0.7478081841846871,-0.4520605335854502,0.045743604868911755,1.8937790919981694,-0.027947713104368797,0.7744353000785701,0.20939711913441067,0.0,0.0,0.0,0.0,0.0,0.0,0.0034895300050443983
2.67,0.7478081841846871,-0.4520605335854502,0.045743604868911755,1.8937790919981694,-0.027947713104368797,0.7744353000785701,0.20943234415958462,0.0,0.0,0.0,0.0,0.0,0.0,0.0035552735228715267
2.68,0.7478081841846871,-0.4520605335854502,0.045743604868911755,1.8937790919981694,-0.027947713104368797,0.7744353000785701,0.20946822044129024,0.0,0.0,0.0,0.0,0.0,0.0,0.003619767972550217
2.69,0.7478081841846871,-0.4520605335854502,0.045743604868911755,1.8937790919981694,-0.027947713104368797,0.7744353000785701,0.20950473508896744,0.0,0.0,0.0,0.0,0.0,0.0,0.0036829334086783123
2.7,0.7478081841846871,-0.4520605335854502,0.045743604868911755,1.8937790919981694,-0.027947713104368797,0.7744353000785701,0.20954187441359584,0.0,0.0,0.0,0.0,0.0,0.0,0.0037446900930157515
2.71,0.7478081841846871,-0.4520605335854502,0.045743604868911755,1.8937790919981694,-0.027947713104368797,0.7744353000785701,0.20957962393001942,0.0,0.0,0.0,0.0,0.0,0.0,0.003804958545135236
2.72,0.7478081841846871,-0.4520605335854502,0.045743604868911755,1.8937790919981694,-0.027947713104368797,0.7744353000785701,0.20961796835977808,0.0,0.0,0.0,0.0,0.0,0.0,0.0038636595930826123
2.73,0.7478081841846871,-0.4520605335854502,0.045743604868911755,1.8937790919981694,-0.027947713104368797,0.7744353000785701,0.2096568916344455,0.0,0.0,0.0,0.0,0.0,0.0,0.0039207144240204425
2.74,0.7478081841846871,-0.4520605335854502,0.045743604868911755,1.8937790919981694,-0.027947713104368797,0.7744353000785701,0.20969637689947357,0.0,0.0,0.0,0.0,0.0,0.0,0.003976044634828382
2.75,0.7478081841846871,-0.4520605335854502,0.045743604868911755,1.8937790919981694,-0.027947713104368797,0.7744353000785701,0.209736406518542,0.0,0.0,0.0,0.0,0.0,0.0,0.00402957228263383
2.76,0.7478081841846871,-0.4520605335854502,0.045743604868911755,1.8937790919981694,-0.027947713104368797,0.7744353000785701,0.20977696207841326,0.0,0.0,0.0,0.0,0.0,0.0,0.00408121993524642
2.77,0.7478081841846871,-0.4520605335854502,0.045743604868911755,1.8937790919981694,-0.027947713104368797,0.7744353000785701,0.20981802439429106,0.0,0.0,0.0,0.0,0.0,0.0,0.004130910721469879
2.78,0.7478081841846871,-0.4520605335854502,0.045743604868911755,1.8937790919981694,-0.027947713104368797,0.7744353000785701,0.2098595735156811,0.0,0.0,0.0,0.0,0.0,0.0,0.004178568381264795
2.79,0.7478081841846871,-0.4520605335854502,0.045743604868911755,1.8937790919981694,-0.027947713104368797,0.7744353000785701,0.20990158873275294,0.0,0.0,0.0,0.0,0.0,0.0,0.004224117315735954
2.8,0.7478081841846871,-0.4520605335854502,0.045743604868911755,1.8937790919981694,-0.027947713104368797,0.7744353000785701,0.20994404858320037,0.0,0.0,0.0,0.0,0.0,0.0,0.004267482636917834
2.81,0.7478081841846871,-0.4520605335854502,0.045743604868911755,1.8937790919981694,-0.027947713104368797,0.7744353000785701,0.20998693085959877,0.0,0.0,0.0,0.0,0.0,0.0,0.004308590217332026
2.82,0.7478081841846871,-0.4520605335854502,0.045743604868911755,1.8937790919981694,-0.027947713104368797,0.7744353000785701,0.2100302126172567,0.0,0.0,0.0,0.0,0.0,0.0,0.004347366739290336
2.83,0.7478081841846871,-0.4520605335854502,0.045743604868911755,1.8937790919981694,-0.027947713104368797,0.7744353000785701,0.2100738701825593,0.0,0.0,0.0,0.0,0.0,0.0,0.004383739743917486
2.84,0.7478081841846871,-0.4520605335854502,0.045743604868911755,1.8937790919981694,-0.027947713104368797,0.7744353000785701,0.21011787916179994,0.0,0.0,0.0,0.0,0.0,0.0,0.00441763767986736
2.85,0.7478081841846871,-0.4520605335854502,0.045743604868911755,1.8937790919981694,-0.027947713104368797,0.7744353000785701,0.21016221445049804,0.0,0.0,0.0,0.0,0.0,0.0,0.004448989951706921
2.86,0.7478081841846871,-0.4520605335854502,0.045743604868911755,1.8937790919981694,-0.027947713104368797,0.7744353000785701,0.21020685024319855,0.0,0.0,0.0,0.0,0.0,0.0,0.004477726967942009
2.87,0.7478081841846871,-0.4520605335854502,0.045743604868911755,1.8937790919981694,-0.027947713104368797,0.7744353000785701,0.21025176004374974,0.0,0.0,0.0,0.0,0.0,0.0,0.004503780188659384
2.88,0.7478081841846871,-0.4520605335854502,0.045743604868911755,1.8937790919981694,-0.027947713104368797,0.7744353000785701,0.2102969166760557,0.0,0.0,0.0,0.0,0.0,0.0,0.0045270821727595185
2.89,0.7478081841846871,-0.4520605335854502,0.045743604868911755,1.8937790919981694,-0.027947713104368797,0.7744353000785701,0.2103422922952988,0.0,0.0,0.0,0.0,0.0,0.0,0.004547566624754845
2.9,0.7478081841846871,-0.4520605335854502,0.045743604868911755,1.8937790919981694,-0.027947713104368797,0.7744353000785701,0.2103878583996278,0.0,0.0,0.0,0.0,0.0,0.0,0.004565168441108265
2.91,0.7478081841846871,-0.4520605335854502,0.045743604868911755,1.8937790919981694,-0.027947713104368797,0.7744353000785701,0.21043358584230715,0.0,0.0,0.0,0.0,0.0,0.0,0.004579823756087008
2.92,0.7478081841846871,-0.4520605335854502,0.045743604868911755,1.8937790919981694,-0.027947713104368797,0.7744353000785701,0.2104794448443221,0.0,0.0,0.0,0.0,0.0,0.0,0.004591469987107044
2.93,0.7478081841846871,-0.4520605335854502,0.045743604868911755,1.8937790919981694,-0.027947713104368797,0.7744353000785701,0.21052540500743486,0.0,0.0,0.0,0.0,0.0,0.0,0.004600045879543523
2.94,0.7478081841846871,-0.4520605335854502,0.045743604868911755,1.8937790919981694,-0.027947713104368797,0.7744353000785701,0.21057143532768566,0.0,0.0,0.0,0.0,0.0,0.0,0.0046054915509829136
2.95,0.7478081841846871,-0.4520605335854502,0.045743604868911755,1.8937790919981694,-0.027947713104368797,0.7744353000785701,0.21061750420933398,0.0,0.0,0.0,0.0,0.0,0.0,0.004607748534892754
2.96,0.7478081841846871,-0.4520605335854502,0.045743604868911755,1.8937790919981694,-0.027947713104368797,0.7744353000785701,0.21066357947923298,0.0,0.0,0.0,0.0,0.0,0.0,0.004606759823685171
2.97,0.7478081841846871,-0.4520605335854502,0.045743604868911755,1.8937790919981694,-0.027947713104368797,0.7744353000785701,0.21070962840163177,0.0,0.0,0.0,0.0,0.0,0.0,0.004602469911150595
2.98,0.7478081841846871,-0.4520605335854502,0.045743604868911755,1.8937790919981694,-0.027947713104368797,0.7744353000785701,0.21075561769339868,0.0,0.0,0.0,0.0,0.0,0.0,0.004594824834238358
2.99,0.7478081841846871,-0.4520605335854502,0.045743604868911755,1.8937790919981694,-0.027947713104368797,0.7744353000785701,0.2108015135396588,0.0,0.0,0.0,0.0,0.0,0.0,0.0045837722141611565
3.0,0.7478081841846871,-0.4520605335854502,0.045743604868911755,1.8937790919981694,-0.027947713104368797,0.7744353000785701,0.21084728160983934,0.0,0.0,0.0,0.0,0.0,0.0,0.004569261296800627
3.01,0.7478081841846871,-0.4520605335854502,0.045743604868911755,1.8937790919981694,-0.027947713104368797,0.7744353000785701,0.21089288707411538,0.0,0.0,0.0,0.0,0.0,0.0,0.00455124299239164
3.02,0.7478081841846871,-0.4520605335854502,0.045743604868911755,1.8937790919981694,-0.027947713104368797,0.7744353000785701,0.2109382946202486,0.0,0.0,0.0,0.0,0.0,0.0,0.004529669914463153
3.03,0.7478081841846871,-0.4520605335854502,0.045743604868911755,1.8937790919981694,-0.027947713104368797,0.7744353000785701,0.21098346847081192,0.0,0.0,0.0,0.0,0.0,0.0,0.0045044964180139015
3.04,0.7478081841846871,-0.4520605335854502,0.045743604868911755,1.8937790919981694,-0.027947713104368797,0.7744353000785701,0.21102837240079161,0.0,0.0,0.0,0.0,0.0,0.0,0.004475678636901406
3.05,0.7478081841846871,-0.4520605335854502,0.045743604868911755,1.8937790919981694,-0.027947713104368797,0.7744353000785701,0.2110729697555597,0.0,0.0,0.0,0.0,0.0,0.0,0.004443174520423283
3.06,0.7478081841846871,-0.4520605335854502,0.045743604868911755,1.8937790919981694,-0.027947713104368797,0.7744353000785701,0.21111722346920758,0.0,0.0,0.0,0.0,0.0,0.0,0.004406943869070018
3.07,0.7478081841846871,-0.4520605335854502,0.045743604868911755,1.8937790919981694,-0.027947713104368797,0.7744353000785701,0.21116109608323344,0.0,0.0,0.0,0.0,0.0,0.0,0.004366948369428931
3.08,0.7478081841846871,-0.4520605335854502,0.045743604868911755,1.8937790919981694,-0.027947713104368797,0.7744353000785701,0.2112045497655739,0.0,0.0,0.0,0.0,0.0,0.0,0.004323151628219266
3.09,0.7478081841846871,-0.4520605335854502,0.045743604868911755,1.8937790919981694,-0.027947713104368797,0.7744353000785701,0.21124754632997197,0.0,0.0,0.0,0.0,0.0,0.0,0.004275519205438859
3.1,0.7478081841846871,-0.4520605335854502,0.045743604868911755,1.8937790919981694,-0.027947713104368797,0.7744353000785701,0.21129004725567171,0.0,0.0,0.0,0.0,0.0,0.0,0.00422401864660311
3.11,0.7478081841846871,-0.4520605335854502,0.045743604868911755,1.8937790919981694,-0.027947713104368797,0.7744353000785701,0.21133201370743085,0.0,0.0,0.0,0.0,0.0,0.0,0.004168619514057565
3.12,0.7478081841846871,-0.4520605335854502,0.045743604868911755,1.8937790919981694,-0.027947713104368797,0.7744353000785701,0.21137340655584158,0.0,0.0,0.0,0.0,0.0,0.0,0.004109293417345606
3.13,0.7478081841846871,-0.4520605335854502,0.045743604868911755,1.8937790919981694,-0.027947713104368797,0.7744353000785701,0.21141418639795045,0.0,0.0,0.0,0.0,0.0,0.0,0.004046014042613435
3.14,0.7478081841846871,-0.4520605335854502,0.045743604868911755,1.8937790919981694,-0.027947713104368797,0.7744353000785701,0.2114543135781674,0.0,0.0,0.0,0.0,0.0,0.0,0.003978757181034695
3.15,0.7478081841846871,-0.4520605335854502,0.045743604868911755,1.8937790919981694,-0.027947713104368797,0.7744353000785701,0.21149374820945388,0.0,0.0,0.0,0.0,0.0,0.0,0.003907500756237807
3.16,0.7478081841846871,-0.4520605335854502,0.045743604868911755,1.8937790919981694,-0.027947713104368797,0.7744353000785701,0.21153245019478037,0.0,0.0,0.0,0.0,0.0,0.0,0.0038322248507192606
3.17,0.7478081841846871,-0.4520605335854502,0.045743604868911755,1.8937790919981694,-0.027947713104368797,0.7744353000785701,0.21157037924884292,0.0,0.0,0.0,0.0,0.0,0.0,0.003752911731226846
3.18,0.7478081841846871,-0.4520605335854502,0.045743604868911755,1.8937790919981694,-0.027947713104368797,0.7744353000785701,0.21160749492002812,0.0,0.0,0.0,0.0,0.0,0.0,0.00366954587309701
3.19,0.7478081841846871,-0.4520605335854502,0.045743604868911755,1.8937790919981694,-0.027947713104368797,0.7744353000785701,0.21164375661261628,0.0,0.0,0.0,0.0,0.0,0.0,0.003582113983531272
3.2,0.7478081841846871,-0.4520605335854502,0.045743604868911755,1.8937790919981694,-0.027947713104368797,0.7744353000785701,0.21167912360921204,0.0,0.0,0.0,0.0,0.0,0.0,0.0034906050237968373
3.21,0.7478081841846871,-0.4520605335854502,0.045743604868911755,1.8937790919981694,-0.027947713104368797,0.7744353000785701,0.21171355509339143,0.0,0.0,0.0,0.0,0.0,0.0,0.003395010230337324
3.22,0.7478081841846871,-0.4520605335854502,0.045743604868911755,1.8937790919981694,-0.027947713104368797,0.7744353000785701,0.21174701017255465,0.0,0.0,0.0,0.0,0.0,0.0,0.0032953231347797574
3.23,0.7478081841846871,-0.4520605335854502,0.045743604868911755,1.8937790919981694,-0.027947713104368797,0.7744353000785701,0.21177944790097325,0.0,0.0,0.0,0.0,0.0,0.0,0.0031915395828247383
3.24,0.7478081841846871,-0.4520605335854502,0.045743604868911755,1.8937790919981694,-0.027947713104368797,0.7744353000785701,0.21181082730302064,0.0,0.0,0.0,0.0,0.0,0.0,0.0030836577520069646
3.25,0.7478081841846871,-0.4520605335854502,0.045743604868911755,1.8937790919981694,-0.027947713104368797,0.7744353000785701,0.21184110739657447,0.0,0.0,0.0,0.0,0.0,0.0,0.0029716781683140456
3.26,0.7478081841846871,-0.4520605335854502,0.045743604868911755,1.8937790919981694,-0.027947713104368797,0.7744353000785701,0.21187024721657943,0.0,0.0,0.0,0.0,0.0,0.0,0.0028556037216518693
3.27,0.7478081841846871,-0.4520605335854502,0.045743604868911755,1.8937790919981694,-0.027947713104368797,0.7744353000785701,0.21189820583875899,0.0,0.0,0.0,0.0,0.0,0.0,0.0027354396801454765
3.28,0.7478081841846871,-0.4520605335854502,0.045743604868911755,1.8937790919981694,-0.027947713104368797,0.7744353000785701,0.21192494240346404,0.0,0.0,0.0,0.0,0.0,0.0,0.002611193703264862
3.29,0.7478081841846871,-0.4520605335854502,0.045743604868911755,1.8937790919981694,-0.027947713104368797,0.7744353000785701,0.2119504161396473,0.0,0.0,0.0,0.0,0.0,0.0,0.0024828758537655963
3.3,0.7478081841846871,-0.4520605335854502,0.045743604868911755,1.8937790919981694,-0.027947713104368797,0.7744353000785701,0.21197458638895064,0.0,0.0,0.0,0.0,0.0,0.0,0.0023504986084349655
3.31,0.7478081841846871,-0.4520605335854502,0.045743604868911755,1.8937790919981694,-0.027947713104368797,0.7744353000785701,0.21199741262989422,0.0,0.0,0.0,0.0,0.0,0.0,0.0022140768676344996
3.32,0.7478081841846871,-0.4520605335854502,0.045743604868911755,1.8937790919981694,-0.027947713104368797,0.7744353000785701,0.21201885450215496,0.0,0.0,0.0,0.0,0.0,0.0,0.0020736279636307583
3.33,0.7478081841846871,-0.4520605335854502,0.045743604868911755,1.8937790919981694,-0.027947713104368797,0.7744353000785701,0.2120388718309221,0.0,0.0,0.0,0.0,0.0,0.0,0.0019291716677063988
3.34,0.7478081841846871,-0.4520605335854502,0.045743604868911755,1.8937790919981694,-0.027947713104368797,0.7744353000785701,0.21205742465131777,0.0,0.0,0.0,0.0,0.0,0.0,0.0017807301960444527
3.35,0.7478081841846871,-0.4520605335854502,0.045743604868911755,1.8937790919981694,-0.027947713104368797,0.7744353000785701,0.2120744732328704,0.0,0.0,0.0,0.0,0.0,0.0,0.0016283282143790686
3.36,0.7478081841846871,-0.4520605335854502,0.045743604868911755,1.8937790919981694,-0.027947713104368797,0.7744353000785701,0.2120899781040282,0.0,0.0,0.0,0.0,0.0,0.0,0.0014719928414067781
3.37,0.7478081841846871,-0.4520605335854502,0.045743604868911755,1.8937790919981694,-0.027947713104368797,0.7744353000785701,0.21210390007670069,0.0,0.0,0.0,0.0,0.0,0.0,0.0013117536509526624
3.38,0.7478081841846871,-0.4520605335854502,0.045743604868911755,1.8937790919981694,-0.027947713104368797,0.7744353000785701,0.21211620027081565,0.0,0.0,0.0,0.0,0.0,0.0,0.0011476426728867257
3.39,0.7478081841846871,-0.4520605335854502,0.045743604868911755,1.8937790919981694,-0.027947713104368797,0.7744353000785701,0.21212684013887895,0.0,0.0,0.0,0.0,0.0,0.0,0.000979694392785928
3.4,0.7478081841846871,-0.4520605335854502,0.045743604868911755,1.8937790919981694,-0.027947713104368797,0.7744353000785701,0.2121357814905245,0.0,0.0,0.0,0.0,0.0,0.0,0.0008079457503384768
3.41,0.7478081841846871,-0.4520605335854502,0.045743604868911755,1.8937790919981694,-0.027947713104368797,0.7744353000785701,0.21214298651704244,0.0,0.0,0.0,0.0,0.0,0.0,0.0006324361364869694
3.42,0.7478081841846871,-0.4520605335854502,0.045743604868911755,1.8937790919981694,-0.027947713104368797,0.7744353000785701,0.21214841781587185,0.0,0.0,0.0,0.0,0.0,0.0,0.0004532073893081251
3.43,0.7478081841846871,-0.4520605335854502,0.045743604868911755,1.8937790919981694,-0.027947713104368797,0.7744353000785701,0.21215203841504635,0.0,0.0,0.0,0.0,0.0,0.0,0.00027030378862697785
3.44,0.7478081841846871,-0.4520605335854502,0.045743604868911755,1.8937790919981694,-0.027947713104368797,0.7744353000785701,0.21215381179757942,0.0,0.0,0.0,0.0,0.0,0.0,8.377204936447436e-05
3.45,0.7478081841846871,-0.4520605335854502,0.045743604868911755,1.8937790919981694,-0.027947713104368797,0.7744353000785701,0.21215370192577668,-0.0,-0.0,-0.0,-0.0,-0.0,-0.0,-0.00010633868638252315
3.46,0.7478081841846871,-0.4520605335854502,0.045743604868911755,1.8937790919981694,-0.027947713104368797,0.7744353000785701,0.21215167326546291,-0.0,-0.0,-0.0,-0.0,-0.0,-0.0,-0.00029997685852863835
3.47,0.7478081841846871,-0.4520605335854502,0.045743604868911755,1.8937790919981694,-0.027947713104368797,0.7744353000785701,0.21214769081011062,-0.0,-0.0,-0.0,-0.0,-0.0,-0.0,-0.0004970884994545372
3.48,0.7478081841846871,-0.4520605335854502,0.045743604868911755,1.8937790919981694,-0.027947713104368797,0.7744353000785701,0.21214172010485788,-0.0,-0.0,-0.0,-0.0,-0.0,-0.0,-0.0006976172457272738
3.49,0.7478081841846871,-0.4520605335854502,0.045743604868911755,1.8937790919981694,-0.027947713104368797,0.7744353000785701,0.21213372727040258,-0.0,-0.0,-0.0,-0.0,-0.0,-0.0,-0.0009015043510849695
3.5,0.7478081841846871,-0.4520605335854502,0.045743604868911755,1.8937790919981694,-0.027947713104368797,0.7744353000785701,0.21212367902676058,-0.0,-0.0,-0.0,-0.0,-0.0,-0.0,-0.00110868870068326
3.51,0.7478081841846871,-0.4520605335854502,0.045743604868911755,1.8937790919981694,-0.027947713104368797,0.7744353000785701,0.21211154271687493,-0.0,-0.0,-0.0,-0.0,-0.0,-0.0,-0.0013191068266007755
3.52,0.7478081841846871,-0.4520605335854502,0.045743604868911755,1.8937790919981694,-0.027947713104368797,0.7744353000785701,0.21209728633006403,-0.0,-0.0,-0.0,-0.0,-0.0,-0.0,-0.0015326929245999593
3.53,0.7478081841846871,-0.4520605335854502,0.045743604868911755,1.8937790919981694,-0.027947713104368797,0.7744353000785701,0.21208087852529567,-0.0,-0.0,-0.0,-0.0,-0.0,-0.0,-0.0017493788721391287
3.54,0.7478081841846871,-0.4520605335854502,0.045743604868911755,1.8937790919981694,-0.027947713104368797,0.7744353000785701,0.21206228865427487,-0.0,-0.0,-0.0,-0.0,-0.0,-0.0,-0.0019690942476311424
3.55,0.7478081841846871,-0.4520605335854502,0.045743604868911755,1.8937790919981694,-0.027947713104368797,0.7744353000785701,0.21204148678433288,-0.0,-0.0,-0.0,-0.0,-0.0,-0.0,-0.0021917663509430905
3.56,0.7478081841846871,-0.4520605335854502,0.045743604868911755,1.8937790919981694,-0.027947713104368797,0.7744353000785701,0.21201844372110487,-0.0,-0.0,-0.0,-0.0,-0.0,-0.0,-0.0024173202251313317
3.57,0.7478081841846871,-0.4520605335854502,0.045743604868911755,1.8937790919981694,-0.027947713104368797,0.7744353000785701,0.2119931310309844,-0.0,-0.0,-0.0,-0.0,-0.0,-0.0,-0.002645678679404998
3.58,0.7478081841846871,-0.4520605335854502,0.045743604868911755,1.8937790919981694,-0.027947713104368797,0.7744353000785701,0.21196552106334193,-0.0,-0.0,-0.0,-0.0,-0.0,-0.0,-0.0028767623133111675
3.59,0.7478081841846871,-0.4520605335854502,0.045743604868911755,1.8937790919981694,-0.027947713104368797,0.7744353000785701,0.2119355869724954,-0.0,-0.0,-0.0,-0.0,-0.0,-0.0,-0.003110489542133622
3.6,0.7478081841846871,-0.4520605335854502,0.045743604868911755,1.8937790919981694,-0.027947713104368797,0.7744353000785701,0.2119033027394208,-0.0,-0.0,-0.0,-0.0,-0.0,-0.0,-0.0033467766234971533
3.61,0.7478081841846871,-0.4520605335854502,0.045743604868911755,1.8937790919981694,-0.027947713104368797,0.7744353000785701,0.21186864319319096,-0.0,-0.0,-0.0,-0.0,-0.0,-0.0,-0.0035855376851681737
3.62,0.7478081841846871,-0.4520605335854502,0.045743604868911755,1.8937790919981694,-0.027947713104368797,0.7744353000785701,0.21183158403213,-0.0,-0.0,-0.0,-0.0,-0.0,-0.0,-0.0038266847540424187
3.63,0.7478081841846871,-0.4520605335854502,0.045743604868911755,1.8937790919981694,-0.027947713104368797,0.7744353000785701,0.2117921018446722,-0.0,-0.0,-0.0,-0.0,-0.0,-0.0,-0.004070127786309382
3.64,0.7478081841846871,-0.4520605335854502,0.045743604868911755,1.8937790919981694,-0.027947713104368797,0.7744353000785701,0.21175017412991345,-0.0,-0.0,-0.0,-0.0,-0.0,-0.0,-0.004315774698783035
3.65,0.7478081841846871,-0.4520605335854502,0.045743604868911755,1.8937790919981694,-0.027947713104368797,0.7744353000785701,0.2117057793178435,-0.0,-0.0,-0.0,-0.0,-0.0,-0.0,-0.004563531401387281
3.66,0.7478081841846871,-0.4520605335854502,0.045743604868911755,1.8937790919981694,-0.027947713104368797,0.7744353000785701,0.21165889678924765,-0.0,-0.0,-0.0,-0.0,-0.0,-0.0,-0.004813301830784653
3.67,0.7478081841846871,-0.4520605335854502,0.045743604868911755,1.8937790919981694,-0.027947713104368797,0.7744353000785701,0.21160950689526656,-0.0,-0.0,-0.0,-0.0,-0.0,-0.0,-0.00506498798513556
3.68,0.7478081841846871,-0.4520605335854502,0.045743604868911755,1.8937790919981694,-0.027947713104368797,0.7744353000785701,0.21155759097660268,-0.0,-0.0,-0.0,-0.0,-0.0,-0.0,-0.0053184899599753865
3.69,0.7478081841846871,-0.4520605335854502,0.045743604868911755,1.8937790919981694,-0.027947713104368797,0.7744353000785701,0.2115031313823627,-0.0,-0.0,-0.0,-0.0,-0.0,-0.0,-0.005573705985195604
3.7,0.7478081841846871,-0.4520605335854502,0.045743604868911755,1.8937790919981694,-0.027947713104368797,0.7744353000785701,0.21144611148852438,-0.0,-0.0,-0.0,-0.0,-0.0,-0.0,-0.0058305324631152304
3.71,0.7478081841846871,-0.4520605335854502,0.045743604868911755,1.8937790919981694,-0.027947713104368797,0.7744353000785701,0.2113865157160175,-0.0,-0.0,-0.0,-0.0,-0.0,-0.0,-0.006088864007627633
3.72,0.7478081841846871,-0.4520605335854502,0.045743604868911755,1.8937790919981694,-0.027947713104368797,0.7744353000785701,0.2113243295484079,-0.0,-0.0,-0.0,-0.0,-0.0,-0.0,-0.006348593484407866
3.73,0.7478081841846871,-0.4520605335854502,0.045743604868911755,1.8937790919981694,-0.027947713104368797,0.7744353000785701,0.21125953954917442,-0.0,-0.0,-0.0,-0.0,-0.0,-0.0,-0.0066096120521644975
3.74,0.7478081841846871,-0.4520605335854502,0.045743604868911755,1.8937790919981694,-0.027947713104368797,0.7744353000785701,0.2111921333785678,-0.0,-0.0,-0.0,-0.0,-0.0,-0.0,-0.006871809204920103
3.75,0.7478081841846871,-0.4520605335854502,0.045743604868911755,1.8937790919981694,-0.027947713104368797,0.7744353000785701,0.211122099810042,-0.0,-0.0,-0.0,-0.0,-0.0,-0.0,-0.007135072815303305
3.76,0.7478081841846871,-0.4520605335854502,0.045743604868911755,1.8937790919981694,-0.027947713104368797,0.7744353000785701,0.21104942874624769,-0.0,-0.0,-0.0,-0.0,-0.0,-0.0,-0.0073992891788354585
3.77,0.7478081841846871,-0.4520605335854502,0.045743604868911755,1.8937790919981694,-0.027947713104368797,0.7744353000785701,0.2109741112345775,-0.0,-0.0,-0.0,-0.0,-0.0,-0.0,-0.00766434305919393
3.78,0.7478081841846871,-0.4520605335854502,0.045743604868911755,1.8937790919981694,-0.027947713104368797,0.7744353000785701,0.21089613948225436,-0.0,-0.0,-0.0,-0.0,-0.0,-0.0,-0.007930117734433839
3.79,0.7478081841846871,-0.4520605335854502,0.045743604868911755,1.8937790919981694,-0.027947713104368797,0.7744353000785701,0.2108155068709527,-0.0,-0.0,-0.0,-0.0,-0.0,-0.0,-0.008196495044149642
3.8,0.7478081841846871,-0.4520605335854502,0.045743604868911755,1.8937790919981694,-0.027947713104368797,0.7744353000785701,0.21073220797094333,-0.0,-0.0,-0.0,-0.0,-0.0,-0.0,-0.008463355437556996
3.81,0.7478081841846871,-0.4520605335854502,0.045743604868911755,1.8937790919981694,-0.027947713104368797,0.7744353000785701,0.21064623855475303,-0.0,-0.0,-0.0,-0.0,-0.0,-0.0,-0.008730578022475588
3.82,0.7478081841846871,-0.4520605335854502,0.045743604868911755,1.8937790919981694,-0.027947713104368797,0.7744353000785701,0.21055759561032997,-0.0,-0.0,-0.0,-0.0,-0.0,-0.0,-0.008998040615192333
3.83,0.7478081841846871,-0.4520605335854502,0.045743604868911755,1.8937790919981694,-0.027947713104368797,0.7744353000785701,0.2104662773537061,-0.0,-0.0,-0.0,-0.0,-0.0,-0.0,-0.009265619791184738
3.84,0.7478081841846871,-0.4520605335854502,0.045743604868911755,1.8937790919981694,-0.027947713104368797,0.7744353000785701,0.21037228324114826,-0.0,-0.0,-0.0,-0.0,-0.0,-0.0,-0.009533190936682869
3.85,0.7478081841846871,-0.4520605335854502,0.045743604868911755,1.8937790919981694,-0.027947713104368797,0.7744353000785701,0.21027561398078914,-0.0,-0.0,-0.0,-0.0,-0.0,-0.0,-0.009800628301048928
3.86,0.7478081841846871,-0.4520605335854502,0.045743604868911755,1.8937790919981694,-0.027947713104368797,0.7744353000785701,0.21017627154373106,-0.0,-0.0,-0.0,-0.0,-0.0,-0.0,-0.010067805049951844
3.87,0.7478081841846871,-0.4520605335854502,0.045743604868911755,1.8937790919981694,-0.027947713104368797,0.7744353000785701,0.21007425917461356,-0.0,-0.0,-0.0,-0.0,-0.0,-0.0,-0.010334593319315147
3.88,0.7478081841846871,-0.4520605335854502,0.045743604868911755,1.8937790919981694,-0.027947713104368797,0.7744353000785701,0.2099695814016381,-0.0,-0.0,-0.0,-0.0,-0.0,-0.0,-0.010600864270014724
3.89,0.7478081841846871,-0.4520605335854502,0.045743604868911755,1.8937790919981694,-0.027947713104368797,0.7744353000785701,0.209862244046042,-0.0,-0.0,-0.0,-0.0,-0.0,-0.0,-0.010866488143303762
3.9,0.7478081841846871,-0.4520605335854502,0.045743604868911755,1.8937790919981694,-0.027947713104368797,0.7744353000785701,0.20975225423101457,-0.0,-0.0,-0.0,-0.0,-0.0,-0.0,-0.011131334316940798
3.91,0.7478081841846871,-0.4520605335854502,0.045743604868911755,1.8937790919981694,-0.027947713104368797,0.7744353000785701,0.20963962039004855,-0.0,-0.0,-0.0,-0.0,-0.0,-0.0,-0.011395271361997339
3.92,0.7478081841846871,-0.4520605335854502,0.045743604868911755,1.8937790919981694,-0.027947713104368797,0.7744353000785701,0.20952435227472027,-0.0,-0.0,-0.0,-0.0,-0.0,-0.0,-0.011658167100320284
3.93,0.7478081841846871,-0.4520605335854502,0.045743604868911755,1.8937790919981694,-0.027947713104368797,0.7744353000785701,0.20940646096189192,-0.0,-0.0,-0.0,-0.0,-0.0,-0.0,-0.01191988866262481
3.94,0.7478081841846871,-0.4520605335854502,0.045743604868911755,1.8937790919981694,-0.027947713104368797,0.7744353000785701,0.20928595886032986,-0.0,-0.0,-0.0,-0.0,-0.0,-0.0,-0.012180302547192233
3.95,0.7478081841846871,-0.4520605335854502,0.045743604868911755,1.8937790919981694,-0.027947713104368797,0.7744353000785701,0.20916285971673307,-0.0,-0.0,-0.0,-0.0,-0.0,-0.0,-0.012439274679147813
3.96,0.7478081841846871,-0.4520605335854502,0.045743604868911755,1.8937790919981694,-0.027947713104368797,0.7744353000785701,0.20903717862116594,-0.0,-0.0,-0.0,-0.0,-0.0,-0.0,-0.012696670470292458
3.97,0.7478081841846871,-0.4520605335854502,0.045743604868911755,1.8937790919981694,-0.027947713104368797,0.7744353000785701,0.20890893201189023,-0.0,-0.0,-0.0,-0.0,-0.0,-0.0,-0.012952354879462485
3.98,0.7478081841846871,-0.4520605335854502,0.045743604868911755,1.8937790919981694,-0.027947713104368797,0.7744353000785701,0.20877813767959075,-0.0,-0.0,-0.0,-0.0,-0.0,-0.0,-0.013206192473390796
3.99,0.7478081841846871,-0.4520605335854502,0.045743604868911755,1.8937790919981694,-0.027947713104368797,0.7744353000785701,0.2086448147709901,-0.0,-0.0,-0.0,-0.0,-0.0,-0.0,-0.013458047488043088
4.0,0.7478081841846871,-0.4520605335854502,0.045743604868911755,1.8937790919981694,-0.027947713104368797,0.7744353000785701,0.20850898379184787,-0.0,-0.0,-0.0,-0.0,-0.0,-0.0,-0.01370778389040188
4.01,0.7478081841846871,-0.4520605335854502,0.045743604868911755,1.8937790919981694,-0.027947713104368797,0.7744353000785701,0.20837066660933967,-0.0,-0.0,-0.0,-0.0,-0.0,-0.0,-0.013955265440671355
4.02,0.7478081841846871,-0.4520605335854502,0.045743604868911755,1.8937790919981694,-0.027947713104368797,0.7744353000785701,0.2082298864538123,-0.0,-0.0,-0.0,-0.0,-0.0,-0.0,-0.014200355754875223
4.03,0.7478081841846871,-0.4520605335854502,0.045743604868911755,1.8937790919981694,-0.027947713104368797,0.7744353000785701,0.20808666791991104,-0.0,-0.0,-0.0,-0.0,-0.0,-0.0,-0.014442918367820176
4.04,0.7478081841846871,-0.4520605335854502,0.045743604868911755,1.8937790919981694,-0.027947713104368797,0.7744353000785701,0.20794103696707553,-0.0,-0.0,-0.0,-0.0,-0.0,-0.0,-0.014682816796396702
4.05,0.7478081841846871,-0.4520605335854502,0.045743604868911755,1.8937790919981694,-0.027947713104368797,0.7744353000785701,0.20779302091940122,-0.0,-0.0,-0.0,-0.0,-0.0,-0.0,-0.014919914603189269
4.06,0.7478081841846871,-0.4520605335854502,0.045743604868911755,1.8937790919981694,-0.027947713104368797,0.7744353000785701,0.2076426484648631,-0.0,-0.0,-0.0,-0.0,-0.0,-0.0,-0.015154075460367225
4.07,0.7478081841846871,-0.4520605335854502,0.045743604868911755,1.8937790919981694,-0.027947713104368797,0.7744353000785701,0.20748994965389939,-0.0,-0.0,-0.0,-0.0,-0.0,-0.0,-0.015385163213827983
4.08,0.7478081841846871,-0.4520605335854502,0.045743604868911755,1.8937790919981694,-0.027947713104368797,0.7744353000785701,0.20733495589735257,-0.0,-0.0,-0.0,-0.0,-0.0,-0.0,-0.015613041947563487
4.09,0.7478081841846871,-0.4520605335854502,0.045743604868911755,1.8937790919981694,-0.027947713104368797,0.7744353000785701,0.20717769996376587,-0.0,-0.0,-0.0,-0.0,-0.0,-0.0,-0.015837576048221304
4.1,0.7478081841846871,-0.4520605335854502,0.045743604868911755,1.8937790919981694,-0.027947713104368797,0.7744353000785701,0.207018215976033,-0.0,-0.0,-0.0,-0.0,-0.0,-0.0,-0.01605863026983079
4.11,0.7478081841846871,-0.4520605335854502,0.045743604868911755,1.8937790919981694,-0.027947713104368797,0.7744353000785701,0.2068565394074004,-0.0,-0.0,-0.0,-0.0,-0.0,-0.0,-0.016276069798665325
4.12,0.7478081841846871,-0.4520605335854502,0.045743604868911755,1.8937790919981694,-0.027947713104368797,0.7744353000785701,0.2066927070768198,-0.0,-0.0,-0.0,-0.0,-0.0,-0.0,-0.016489760318211012
4.13,0.7478081841846871,-0.4520605335854502,0.045743604868911755,1.8937790919981694,-0.027947713104368797,0.7744353000785701,0.20652675714365104,-0.0,-0.0,-0.0,-0.0,-0.0,-0.0,-0.016699568074212544
4.14,0.7478081841846871,-0.4520605335854502,0.045743604868911755,1.8937790919981694,-0.027947713104368797,0.7744353000785701,0.206358729101714,-0.0,-0.0,-0.0,-0.0,-0.0,-0.0,-0.016905359939766183
4.15,0.7478081841846871,-0.4520605335854502,0.045743604868911755,1.8937790919981694,-0.027947713104368797,0.7744353000785701,0.20618866377268952,-0.0,-0.0,-0.0,-0.0,-0.0,-0.0,-0.017107003480430493
4.16,0.7478081841846871,-0.4520605335854502,0.045743604868911755,1.8937790919981694,-0.027947713104368797,0.7744353000785701,0.20601660329886934,-0.0,-0.0,-0.0,-0.0,-0.0,-0.0,-0.017304367019324616
4.17,0.7478081841846871,-0.4520605335854502,0.045743604868911755,1.8937790919981694,-0.027947713104368797,0.7744353000785701,0.2058425911352551,-0.0,-0.0,-0.0,-0.0,-0.0,-0.0,-0.017497319702184586
4.18,0.7478081841846871,-0.4520605335854502,0.045743604868911755,1.8937790919981694,-0.027947713104368797,0.7744353000785701,0.20566667204100714,-0.0,-0.0,-0.0,-0.0,-0.0,-0.0,-0.01768573156234735
4.19,0.7478081841846871,-0.4520605335854502,0.045743604868911755,1.8937790919981694,-0.027947713104368797,0.7744353000785701,0.2054888920702441,-0.0,-0.0,-0.0,-0.0,-0.0,-0.0,-0.017869473585632626
4.2,0.7478081841846871,-0.4520605335854502,0.045743604868911755,1.8937790919981694,-0.027947713104368797,0.7744353000785701,0.20530929856219413,-0.0,-0.0,-0.0,-0.0,-0.0,-0.0,-0.018048417775092616
4.21,0.7478081841846871,-0.4520605335854502,0.045743604868911755,1.8937790919981694,-0.027947713104368797,0.7744353000785701,0.20512794013069946,-0.0,-0.0,-0.0,-0.0,-0.0,-0.0,-0.018222437215599487
4.22,0.7478081841846871,-0.4520605335854502,0.045743604868911755,1.8937790919981694,-0.027947713104368797,0.7744353000785701,0.20494486665307618,-0.0,-0.0,-0.0,-0.0,-0.0,-0.0,-0.018391406138240484
4.23,0.7478081841846871,-0.4520605335854502,0.045743604868911755,1.8937790919981694,-0.027947713104368797,0.7744353000785701,0.20476012925833087,-0.0,-0.0,-0.0,-0.0,-0.0,-0.0,-0.018555199984490706
4.24,0.7478081841846871,-0.4520605335854502,0.045743604868911755,1.8937790919981694,-0.027947713104368797,0.7744353000785701,0.20457378031473705,-0.0,-0.0,-0.0,-0.0,-0.0,-0.0,-0.018713695470133497
4.25,0.7478081841846871,-0.4520605335854502,0.045743604868911755,1.8937790919981694,-0.027947713104368797,0.7744353000785701,0.2043858734167735,-0.0,-0.0,-0.0,-0.0,-0.0,-0.0,-0.018866770648898558
4.26,0.7478081841846871,-0.4520605335854502,0.045743604868911755,1.8937790919981694,-0.027947713104368797,0.7744353000785701,0.20419646337142802,-0.0,-0.0,-0.0,-0.0,-0.0,-0.0,-0.019014304975787655
4.27,0.7478081841846871,-0.4520605335854502,0.045743604868911755,1.8937790919981694,-0.027947713104368797,0.7744353000785701,0.20400560618386948,-0.0,-0.0,-0.0,-0.0,-0.0,-0.0,-0.019156179370058243
4.28,0.7478081841846871,-0.4520605335854502,0.045743604868911755,1.8937790919981694,-0.027947713104368797,0.7744353000785701,0.20381335904249176,-0.0,-0.0,-0.0,-0.0,-0.0,-0.0,-0.019292276277835165
4.29,0.7478081841846871,-0.4520605335854502,0.045743604868911755,1.8937790919981694,-0.027947713104368797,0.7744353000785701,0.20361978030333383,-0.0,-0.0,-0.0,-0.0,-0.0,-0.0,-0.01942247973432067
4.3,0.7478081841846871,-0.4520605335854502,0.045743604868911755,1.8937790919981694,-0.027947713104368797,0.7744353000785701,0.2034249294738797,-0.0,-0.0,-0.0,-0.0,-0.0,-0.0,-0.019546675425573288
4.31,0.7478081841846871,-0.4520605335854502,0.045743604868911755,1.8937790919981694,-0.027947713104368797,0.7744353000785701,0.20322886719624272,-0.0,-0.0,-0.0,-0.0,-0.0,-0.0,-0.01966475074982596
4.32,0.7478081841846871,-0.4520605335854502,0.045743604868911755,1.8937790919981694,-0.027947713104368797,0.7744353000785701,0.20303165522973943,-0.0,-0.0,-0.0,-0.0,-0.0,-0.0,-0.019776594878314246
4.33,0.7478081841846871,-0.4520605335854502,0.045743604868911755,1.8937790919981694,-0.027947713104368797,0.7744353000785701,0.2028333564328575,-0.0,-0.0,-0.0,-0.0,-0.0,-0.0,-0.0198820988155852
4.34,0.7478081841846871,-0.4520605335854502,0.045743604868911755,1.8937790919981694,-0.027947713104368797,0.7744353000785701,0.20263403474462333,-0.0,-0.0,-0.0,-0.0,-0.0,-0.0,-0.019981155459258226
4.35,0.7478081841846871,-0.4520605335854502,0.045743604868911755,1.8937790919981694,-0.027947713104368797,0.7744353000785701,0.20243375516537485,-0.0,-0.0,-0.0,-0.0,-0.0,-0.0,-0.020073659659208647
4.36,0.7478081841846871,-0.4520605335854502,0.045743604868911755,1.8937790919981694,-0.027947713104368797,0.7744353000785701,0.20223258373694572,-0.0,-0.0,-0.0,-0.0,-0.0,-0.0,-0.020159508276145727
4.37,0.7478081841846871,-0.4520605335854502,0.045743604868911755,1.8937790919981694,-0.027947713104368797,0.7744353000785701,0.20203058752226657,-0.0,-0.0,-0.0,-0.0,-0.0,-0.0,-0.020238600239556384
4.38,0.7478081841846871,-0.4520605335854502,0.045743604868911755,1.8937790919981694,-0.027947713104368797,0.7744353000785701,0.20182783458439038,-0.0,-0.0,-0.0,-0.0,-0.0,-0.0,-0.020310836604986487
4.39,0.7478081841846871,-0.4520605335854502,0.045743604868911755,1.8937790919981694,-0.027947713104368797,0.7744353000785701,0.20162439396494822,-0.0,-0.0,-0.0,-0.0,-0.0,-0.0,-0.02037612061063171
4.4,0.7478081841846871,-0.4520605335854502,0.045743604868911755,1.8937790919981694,-0.027947713104368797,0.7744353000785701,0.20142033566204282,-0.0,-0.0,-0.0,-0.0,-0.0,-0.0,-0.0204343577332101
4.41,0.7478081841846871,-0.4520605335854502,0.045743604868911755,1.8937790919981694,-0.027947713104368797,0.7744353000785701,0.20121573060758724,-0.0,-0.0,-0.0,-0.0,-0.0,-0.0,-0.02048545574308882
4.42,0.7478081841846871,-0.4520605335854502,0.045743604868911755,1.8937790919981694,-0.027947713104368797,0.7744353000785701,0.20101065064409568,-0.0,-0.0,-0.0,-0.0,-0.0,-0.0,-0.020529324758637935
4.43,0.7478081841846871,-0.4520605335854502,0.045743604868911755,1.8937790919981694,-0.027947713104368797,0.7744353000785701,0.20080516850093522,-0.0,-0.0,-0.0,-0.0,-0.0,-0.0,-0.020565877299784062
4.44,0.7478081841846871,-0.4520605335854502,0.045743604868911755,1.8937790919981694,-0.027947713104368797,0.7744353000785701,0.20059935777004578,-0.0,-0.0,-0.0,-0.0,-0.0,-0.0,-0.020595028340737297
4.45,0.7478081841846871,-0.4520605335854502,0.045743604868911755,1.8937790919981694,-0.027947713104368797,0.7744353000785701,0.20039329288113733,-0.0,-0.0,-0.0,-0.0,-0.0,-0.0,-0.020616695361864997
4.46,0.7478081841846871,-0.4520605335854502,0.045743604868911755,1.8937790919981694,-0.027947713104368797,0.7744353000785701,0.20018704907637253,-0.0,-0.0,-0.0,-0.0,-0.0,-0.0,-0.020630798400686344
4.47,0.7478081841846871,-0.4520605335854502,0.045743604868911755,1.8937790919981694,-0.027947713104368797,0.7744353000785701,0.19998070238454393,-0.0,-0.0,-0.0,-0.0,-0.0,-0.0,-0.020637260101961926
4.48,0.7478081841846871,-0.4520605335854502,0.045743604868911755,1.8937790919981694,-0.027947713104368797,0.7744353000785701,0.1997743295947551,-0.0,-0.0,-0.0,-0.0,-0.0,-0.0,-0.02063600576685286
4.49,0.7478081841846871,-0.4520605335854502,0.045743604868911755,1.8937790919981694,-0.027947713104368797,0.7744353000785701,0.1995680082296147,-0.0,-0.0,-0.0,-0.0,-0.0,-0.0,-0.02062696340112458
4.5,0.7478081841846871,-0.4520605335854502,0.045743604868911755,1.8937790919981694,-0.027947713104368797,0.7744353000785701,0.1993618165179536,-0.0,-0.0,-0.0,-0.0,-0.0,-0.0,-0.02061006376237029
4.51,0.7478081841846871,-0.4520605335854502,0.045743604868911755,1.8937790919981694,-0.027947713104368797,0.7744353000785701,0.19915583336707454,-0.0,-0.0,-0.0,-0.0,-0.0,-0.0,-0.02058524040623008
4.52,0.7478081841846871,-0.4520605335854502,0.045743604868911755,1.8937790919981694,-0.027947713104368797,0.7744353000785701,0.1989501383345449,-0.0,-0.0,-0.0,-0.0,-0.0,-0.0,-0.020552429731581487
4.53,0.7478081841846871,-0.4520605335854502,0.045743604868911755,1.8937790919981694,-0.027947713104368797,0.7744353000785701,0.19874481159954271,-0.0,-0.0,-0.0,-0.0,-0.0,-0.0,-0.020511571024678193
4.54,0.7478081841846871,-0.4520605335854502,0.045743604868911755,1.8937790919981694,-0.027947713104368797,0.7744353000785701,0.1985399339337668,-0.0,-0.0,-0.0,-0.0,-0.0,-0.0,-0.02046260650221352
4.55,0.7478081841846871,-0.4520605335854502,0.045743604868911755,1.8937790919981694,-0.027947713104368797,0.7744353000785701,0.19833558667192147,-0.0,-0.0,-0.0,-0.0,-0.0,-0.0,-0.02040548135328611
4.56,0.7478081841846871,-0.4520605335854502,0.045743604868911755,1.8937790919981694,-0.027947713104368797,0.7744353000785701,0.19813185168178735,-0.0,-0.0,-0.0,-0.0,-0.0,-0.0,-0.020340143780245613
4.57,0.7478081841846871,-0.4520605335854502,0.045743604868911755,1.8937790919981694,-0.027947713104368797,0.7744353000785701,0.19792881133388943,-0.0,-0.0,-0.0,-0.0,-0.0,-0.0,-0.02026654503839627
4.58,0.7478081841846871,-0.4520605335854502,0.045743604868911755,1.8937790919981694,-0.027947713104368797,0.7744353000785701,0.19772654847077378,-0.0,-0.0,-0.0,-0.0,-0.0,-0.0,-0.02018463947453728
4.59,0.7478081841846871,-0.4520605335854502,0.045743604868911755,1.8937790919981694,-0.027947713104368797,0.7744353000785701,0.1975251463759049,-0.0,-0.0,-0.0,-0.0,-0.0,-0.0,-0.020094384564318838
4.6,0.7478081841846871,-0.4520605335854502,0.045743604868911755,1.8937790919981694,-0.027947713104368797,0.7744353000785701,0.19732468874219533,-0.0,-0.0,-0.0,-0.0,-0.0,-0.0,-0.019995740948393508
4.61,0.7478081841846871,-0.4520605335854502,0.045743604868911755,1.8937790919981694,-0.027947713104368797,0.7744353000785701,0.19712525964018007,-0.0,-0.0,-0.0,-0.0,-0.0,-0.0,-0.01988867246734288
4.62,0.7478081841846871,-0.4520605335854502,0.045743604868911755,1.8937790919981694,-0.027947713104368797,0.7744353000785701,0.19692694348584783,-0.0,-0.0,-0.0,-0.0,-0.0,-0.0,-0.019773146195360095
4.63,0.7478081841846871,-0.4520605335854502,0.045743604868911755,1.8937790919981694,-0.027947713104368797,0.7744353000785701,0.19672982500814162,-0.0,-0.0,-0.0,-0.0,-0.0,-0.0,-0.019649132472669143
4.64,0.7478081841846871,-0.4520605335854502,0.045743604868911755,1.8937790919981694,-0.027947713104368797,0.7744353000785701,0.19653398921614185,-0.0,-0.0,-0.0,-0.0,-0.0,-0.0,-0.019516604936662695
4.65,0.7478081841846871,-0.4520605335854502,0.045743604868911755,1.8937790919981694,-0.027947713104368797,0.7744353000785701,0.19633952136594426,-0.0,-0.0,-0.0,-0.0,-0.0,-0.0,-0.019375540551740265
4.66,0.7478081841846871,-0.4520605335854502,0.045743604868911755,1.8937790919981694,-0.027947713104368797,0.7744353000785701,0.1961465069272462,-0.0,-0.0,-0.0,-0.0,-0.0,-0.0,-0.019225919637829464
4.67,0.7478081841846871,-0.4520605335854502,0.045743604868911755,1.8937790919981694,-0.027947713104368797,0.7744353000785701,0.19595503154965424,-0.0,-0.0,-0.0,-0.0,-0.0,-0.0,-0.019067725897573377
4.68,0.7478081841846871,-0.4520605335854502,0.045743604868911755,1.8937790919981694,-0.027947713104368797,0.7744353000785701,0.1957651810287267,-0.0,-0.0,-0.0,-0.0,-0.0,-0.0,-0.018900946442167808
4.69,0.7478081841846871,-0.4520605335854502,0.045743604868911755,1.8937790919981694,-0.027947713104368797,0.7744353000785701,0.19557704127176467,-0.0,-0.0,-0.0,-0.0,-0.0,-0.0,-0.018725571815832474
4.7,0.7478081841846871,-0.4520605335854502,0.045743604868911755,1.8937790919981694,-0.027947713104368797,0.7744353000785701,0.19539069826336514,-0.0,-0.0,-0.0,-0.0,-0.0,-0.0,-0.01854159601890124
4.71,0.7478081841846871,-0.4520605335854502,0.045743604868911755,1.8937790919981694,-0.027947713104368797,0.7744353000785701,0.19520623803075018,-0.0,-0.0,-0.0,-0.0,-0.0,-0.0,-0.018349016529516222
4.72,0.7478081841846871,-0.4520605335854502,0.045743604868911755,1.8937790919981694,-0.027947713104368797,0.7744353000785701,0.19502374660888636,-0.0,-0.0,-0.0,-0.0,-0.0,-0.0,-0.018147834323912343
4.73,0.7478081841846871,-0.4520605335854502,0.045743604868911755,1.8937790919981694,-0.027947713104368797,0.7744353000785701,0.1948433100054081,-0.0,-0.0,-0.0,-0.0,-0.0,-0.0,-0.01793805389527826
4.74,0.7478081841846871,-0.4520605335854502,0.045743604868911755,1.8937790919981694,-0.027947713104368797,0.7744353000785701,0.19466501416536014,-0.0,-0.0,-0.0,-0.0,-0.0,-0.0,-0.017719683271181313
4.75,0.7478081841846871,-0.4520605335854502,0.045743604868911755,1.8937790919981694,-0.027947713104368797,0.7744353000785701,0.1944889449357724,-0.0,-0.0,-0.0,-0.0,-0.0,-0.0,-0.01749273402954364
4.76,0.7478081841846871,-0.4520605335854502,0.045743604868911755,1.8937790919981694,-0.027947713104368797,0.7744353000785701,0.1943151880300827,-0.0,-0.0,-0.0,-0.0,-0.0,-0.0,-0.017257221313158256
4.77,0.7478081841846871,-0.4520605335854502,0.045743604868911755,1.8937790919981694,-0.027947713104368797,0.7744353000785701,0.19414382899242155,-0.0,-0.0,-0.0,-0.0,-0.0,-0.0,-0.017013163842733877
4.78,0.7478081841846871,-0.4520605335854502,0.045743604868911755,1.8937790919981694,-0.027947713104368797,0.7744353000785701,0.19397495316177413,-0.0,-0.0,-0.0,-0.0,-0.0,-0.0,-0.01676058392845784
4.79,0.7478081841846871,-0.4520605335854502,0.045743604868911755,1.8937790919981694,-0.027947713104368797,0.7744353000785701,0.1938086456360337,-0.0,-0.0,-0.0,-0.0,-0.0,-0.0,-0.016499507480067607
4.8,0.7478081841846871,-0.4520605335854502,0.045743604868911755,1.8937790919981694,-0.027947713104368797,0.7744353000785701,0.19364499123596202,-0.0,-0.0,-0.0,-0.0,-0.0,-0.0,-0.016229964015421306
4.81,0.7478081841846871,-0.4520605335854502,0.045743604868911755,1.8937790919981694,-0.027947713104368797,0.7744353000785701,0.19348407446907165,-0.0,-0.0,-0.0,-0.0,-0.0,-0.0,-0.01595198666755913
4.82,0.7478081841846871,-0.4520605335854502,0.045743604868911755,1.8937790919981694,-0.027947713104368797,0.7744353000785701,0.1933259794934451,-0.0,-0.0,-0.0,-0.0,-0.0,-0.0,-0.015665612190247237
4.83,0.7478081841846871,-0.4520605335854502,0.045743604868911755,1.8937790919981694,-0.027947713104368797,0.7744353000785701,0.1931707900815062,-0.0,-0.0,-0.0,-0.0,-0.0,-0.0,-0.015370880961997438
4.84,0.7478081841846871,-0.4520605335854502,0.045743604868911755,1.8937790919981694,-0.027947713104368797,0.7744353000785701,0.19301858958375895,-0.0,-0.0,-0.0,-0.0,-0.0,-0.0,-0.015067836988555149
4.85,0.7478081841846871,-0.4520605335854502,0.045743604868911755,1.8937790919981694,-0.027947713104368797,0.7744353000785701,0.19286946089250906,-0.0,-0.0,-0.0,-0.0,-0.0,-0.0,-0.014756527903850713
4.86,0.7478081841846871,-0.4520605335854502,0.045743604868911755,1.8937790919981694,-0.027947713104368797,0.7744353000785701,0.1927234864055839,-0.0,-0.0,-0.0,-0.0,-0.0,-0.0,-0.01443700496940785
4.87,0.7478081841846871,-0.4520605335854502,0.045743604868911755,1.8937790919981694,-0.027947713104368797,0.7744353000785701,0.1925807479900659,-0.0,-0.0,-0.0,-0.0,-0.0,-0.0,-0.014109323072205155
4.88,0.7478081841846871,-0.4520605335854502,0.045743604868911755,1.8937790919981694,-0.027947713104368797,0.7744353000785701,0.19244132694605504,-0.0,-0.0,-0.0,-0.0,-0.0,-0.0,-0.013773540720986174
4.89,0.7478081841846871,-0.4520605335854502,0.045743604868911755,1.8937790919981694,-0.027947713104368797,0.7744353000785701,0.19230530397047643,-0.0,-0.0,-0.0,-0.0,-0.0,-0.0,-0.013429720041015192
4.9,0.7478081841846871,-0.4520605335854502,0.045743604868911755,1.8937790919981694,-0.027947713104368797,0.7744353000785701,0.19217275912094747,-0.0,-0.0,-0.0,-0.0,-0.0,-0.0,-0.01307792676727559
4.91,0.7478081841846871,-0.4520605335854502,0.045743604868911755,1.8937790919981694,-0.027947713104368797,0.7744353000785701,0.1920437717797214,-0.0,-0.0,-0.0,-0.0,-0.0,-0.0,-0.012718230236109426
4.92,0.7478081841846871,-0.4520605335854502,0.045743604868911755,1.8937790919981694,-0.027947713104368797,0.7744353000785701,0.1919184206177219,-0.0,-0.0,-0.0,-0.0,-0.0,-0.0,-0.012350703375295813
4.93,0.7478081841846871,-0.4520605335854502,0.045743604868911755,1.8937790919981694,-0.027947713104368797,0.7744353000785701,0.19179678355868487,-0.0,-0.0,-0.0,-0.0,-0.0,-0.0,-0.011975422692568821
4.94,0.7478081841846871,-0.4520605335854502,0.045743604868911755,1.8937790919981694,-0.027947713104368797,0.7744353000785701,0.19167893774342282,-0.0,-0.0,-0.0,-0.0,-0.0,-0.0,-0.011592468262573772
4.95,0.7478081841846871,-0.4520605335854502,0.045743604868911755,1.8937790919981694,-0.027947713104368797,0.7744353000785701,0.1915649594942274,-0.0,-0.0,-0.0,-0.0,-0.0,-0.0,-0.011201923712263334
4.96,0.7478081841846871,-0.4520605335854502,0.045743604868911755,1.8937790919981694,-0.027947713104368797,0.7744353000785701,0.1914549242794259,-0.0,-0.0,-0.0,-0.0,-0.0,-0.0,-0.01080387620473435
4.97,0.7478081841846871,-0.4520605335854502,0.045743604868911755,1.8937790919981694,-0.027947713104368797,0.7744353000785701,0.19134890667810717,-0.0,-0.0,-0.0,-0.0,-0.0,-0.0,-0.010398416421507815
4.98,0.7478081841846871,-0.4520605335854502,0.045743604868911755,1.8937790919981694,-0.027947713104368797,0.7744353000785701,0.19124698034503232,-0.0,-0.0,-0.0,-0.0,-0.0,-0.0,-0.009985638543254413
4.99,0.7478081841846871,-0.4520605335854502,0.045743604868911755,1.8937790919981694,-0.027947713104368797,0.7744353000785701,0.1911492179757462,-0.0,-0.0,-0.0,-0.0,-0.0,-0.0,-0.009565640228969611
5.0,0.7478081841846871,-0.4520605335854502,0.045743604868911755,1.8937790919981694,-0.027947713104368797,0.7744353000785701,0.19105569127190458,-0.0,-0.0,-0.0,-0.0,-0.0,-0.0,-0.009138522593601263
5.01,0.7478081841846871,-0.4520605335854502,0.045743604868911755,1.8937790919981694,-0.027947713104368797,0.7744353000785701,0.19096647090683302,-0.0,-0.0,-0.0,-0.0,-0.0,-0.0,-0.00870439018413599
5.02,0.7478081841846871,-0.4520605335854502,0.045743604868911755,1.8937790919981694,-0.027947713104368797,0.7744353000785701,0.19088162649133247,-0.0,-0.0,-0.0,-0.0,-0.0,-0.0,-0.008263350954148626
5.03,0.7478081841846871,-0.4520605335854502,0.045743604868911755,1.8937790919981694,-0.027947713104368797,0.7744353000785701,0.19080122653974688,-0.0,-0.0,-0.0,-0.0,-0.0,-0.0,-0.00781551623682118
5.04,0.7478081841846871,-0.4520605335854502,0.045743604868911755,1.8937790919981694,-0.027947713104368797,0.7744353000785701,0.1907253384363086,-0.0,-0.0,-0.0,-0.0,-0.0,-0.0,-0.007361000716438821
5.05,0.7478081841846871,-0.4520605335854502,0.045743604868911755,1.8937790919981694,-0.027947713104368797,0.7744353000785701,0.19065402840177592,-0.0,-0.0,-0.0,-0.0,-0.0,-0.0,-0.00689992239836875
5.06,0.7478081841846871,-0.4520605335854502,0.045743604868911755,1.8937790919981694,-0.027947713104368797,0.7744353000785701,0.19058736146037897,-0.0,-0.0,-0.0,-0.0,-0.0,-0.0,-0.006432402577532106
5.07,0.7478081841846871,-0.4520605335854502,0.045743604868911755,1.8937790919981694,-0.027947713104368797,0.7744353000785701,0.1905254014070877,-0.0,-0.0,-0.0,-0.0,-0.0,-0.0,-0.005958565805376089
5.08,0.7478081841846871,-0.4520605335854502,0.045743604868911755,1.8937790919981694,-0.027947713104368797,0.7744353000785701,0.19046821077521833,-0.0,-0.0,-0.0,-0.0,-0.0,-0.0,-0.005478539855356819
5.09,0.7478081841846871,-0.4520605335854502,0.045743604868911755,1.8937790919981694,-0.027947713104368797,0.7744353000785701,0.19041585080439175,-0.0,-0.0,-0.0,-0.0,-0.0,-0.0,-0.004992455686942321
5.1,0.7478081841846871,-0.4520605335854502,0.045743604868911755,1.8937790919981694,-0.027947713104368797,0.7744353000785701,0.19036838140885962,-0.0,-0.0,-0.0,-0.0,-0.0,-0.0,-0.004500447408147184
5.11,0.7478081841846871,-0.4520605335854502,0.045743604868911755,1.8937790919981694,-0.027947713104368797,0.7744353000785701,0.19032586114621233,-0.0,-0.0,-0.0,-0.0,-0.0,-0.0,-0.004002652236609629
5.12,0.7478081841846871,-0.4520605335854502,0.045743604868911755,1.8937790919981694,-0.027947713104368797,0.7744353000785701,0.19028834718648333,-0.0,-0.0,-0.0,-0.0,-0.0,-0.0,-0.003499210459224091
5.13,0.7478081841846871,-0.4520605335854502,0.045743604868911755,1.8937790919981694,-0.027947713104368797,0.7744353000785701,0.19025589528166442,-0.0,-0.0,-0.0,-0.0,-0.0,-0.0,-0.0029902653903404867
5.14,0.7478081841846871,-0.4520605335854502,0.045743604868911755,1.8937790919981694,-0.027947713104368797,0.7744353000785701,0.1902285597356462,-0.0,-0.0,-0.0,-0.0,-0.0,-0.0,-0.0024759633285455704
5.15,0.7478081841846871,-0.4520605335854502,0.045743604868911755,1.8937790919981694,-0.027947713104368797,0.7744353000785701,0.19020639337459744,-0.0,-0.0,-0.0,-0.0,-0.0,-0.0,-0.001956453512038744
5.16,0.7478081841846871,-0.4520605335854502,0.045743604868911755,1.8937790919981694,-0.027947713104368797,0.7744353000785701,0.19018944751779807,-0.0,-0.0,-0.0,-0.0,-0.0,-0.0,-0.0014318880726180976
5.17,0.7478081841846871,-0.4520605335854502,0.045743604868911755,1.8937790919981694,-0.027947713104368797,0.7744353000785701,0.19017777194893892,-0.0,-0.0,-0.0,-0.0,-0.0,-0.0,-0.0009024219882912253
5.18,0.7478081841846871,-0.4520605335854502,0.045743604868911755,1.8937790919981694,-0.027947713104368797,0.7744353000785701,0.19017141488790232,-0.0,-0.0,-0.0,-0.0,-0.0,-0.0,-0.00036821303452747435
5.19,0.7478081841846871,-0.4520605335854502,0.045743604868911755,1.8937790919981694,-0.027947713104368797,0.7744353000785701,0.1901704229630366,0.0,0.0,0.0,0.0,0.0,0.0,0.00017057826583254798
5.2,0.7478081841846871,-0.4520605335854502,0.045743604868911755,1.8937790919981694,-0.027947713104368797,0.7744353000785701,0.19017484118393868,0.0,0.0,0.0,0.0,0.0,0.0,0.0007137886939919518
5.21,0.7478081841846871,-0.4520605335854502,0.045743604868911755,1.8937790919981694,-0.027947713104368797,0.7744353000785701,0.19018471291475672,0.0,0.0,0.0,0.0,0.0,0.0,0.0012612523879210404
5.22,0.7478081841846871,-0.4520605335854502,0.045743604868911755,1.8937790919981694,-0.027947713104368797,0.7744353000785701,0.19020007984802706,0.0,0.0,0.0,0.0,0.0,0.0,0.00181280089636872
5.23,0.7478081841846871,-0.4520605335854502,0.045743604868911755,1.8937790919981694,-0.027947713104368797,0.7744353000785701,0.19022098197905715,0.0,0.0,0.0,0.0,0.0,0.0,0.0023682632341446457
5.24,0.7478081841846871,-0.4520605335854502,0.045743604868911755,1.8937790919981694,-0.027947713104368797,0.7744353000785701,0.19024745758086792,0.0,0.0,0.0,0.0,0.0,0.0,0.002927465938651484
5.25,0.7478081841846871,-0.4520605335854502,0.045743604868911755,1.8937790919981694,-0.027947713104368797,0.7744353000785701,0.19027954317970744,0.0,0.0,0.0,0.0,0.0,0.0,0.0034902331276478902
5.26,0.7478081841846871,-0.4520605335854502,0.045743604868911755,1.8937790919981694,-0.027947713104368797,0.7744353000785701,0.1903172735311484,0.0,0.0,0.0,0.0,0.0,0.0,0.004056386558220795
5.27,0.7478081841846871,-0.4520605335854502,0.045743604868911755,1.8937790919981694,-0.027947713104368797,0.7744353000785701,0.19036068159678118,0.0,0.0,0.0,0.0,0.0,0.0,0.004625745686946401
5.28,0.7478081841846871,-0.4520605335854502,0.045743604868911755,1.8937790919981694,-0.027947713104368797,0.7744353000785701,0.19040979852151438,0.0,0.0,0.0,0.0,0.0,0.0,0.005198127731217386
5.29,0.7478081841846871,-0.4520605335854502,0.045743604868911755,1.8937790919981694,-0.027947713104368797,0.7744353000785701,0.19046465361149442,0.0,0.0,0.0,0.0,0.0,0.0,0.005773347731714548
5.3,0.7478081841846871,-0.4520605335854502,0.045743604868911755,1.8937790919981694,-0.027947713104368797,0.7744353000785701,0.19052527431265556,0.0,0.0,0.0,0.0,0.0,0.0,0.006351218615999806
5.31,0.7478081841846871,-0.4520605335854502,0.045743604868911755,1.8937790919981694,-0.027947713104368797,0.7744353000785701,0.19059168618991112,0.0,0.0,0.0,0.0,0.0,0.0,0.0069315512632068125
5.32,0.7478081841846871,-0.4520605335854502,0.045743604868911755,1.8937790919981694,-0.027947713104368797,0.7744353000785701,0.19066391290699725,0.0,0.0,0.0,0.0,0.0,0.0,0.007514154569805872
5.33,0.7478081841846871,-0.4520605335854502,0.045743604868911755,1.8937790919981694,-0.027947713104368797,0.7744353000785701,0.1907419762069793,0.0,0.0,0.0,0.0,0.0,0.0,0.008098835516417508
5.34,0.7478081841846871,-0.4520605335854502,0.045743604868911755,1.8937790919981694,-0.027947713104368797,0.7744353000785701,0.19082589589343202,0.0,0.0,0.0,0.0,0.0,0.0,0.008685399235651751
5.35,0.7478081841846871,-0.4520605335854502,0.045743604868911755,1.8937790919981694,-0.027947713104368797,0.7744353000785701,0.19091568981230247,0.0,0.0,0.0,0.0,0.0,0.0,0.009273649080945275
5.36,0.7478081841846871,-0.4520605335854502,0.045743604868911755,1.8937790919981694,-0.027947713104368797,0.7744353000785701,0.19101137383446679,0.0,0.0,0.0,0.0,0.0,0.0,0.009863386696372364
5.37,0.7478081841846871,-0.4520605335854502,0.045743604868911755,1.8937790919981694,-0.027947713104368797,0.7744353000785701,0.1911129618389894,0.0,0.0,0.0,0.0,0.0,0.0,0.01045441208740221
5.38,0.7478081841846871,-0.4520605335854502,0.045743604868911755,1.8937790919981694,-0.027947713104368797,0.7744353000785701,0.1912204656970947,0.0,0.0,0.0,0.0,0.0,0.0,0.011046523692576358
5.39,0.7478081841846871,-0.4520605335854502,0.045743604868911755,1.8937790919981694,-0.027947713104368797,0.7744353000785701,0.1913338952568599,0.0,0.0,0.0,0.0,0.0,0.0,0.011639518456078404
5.4,0.7478081841846871,-0.4520605335854502,0.045743604868911755,1.8937790919981694,-0.027947713104368797,0.7744353000785701,0.19145325832863788,0.0,0.0,0.0,0.0,0.0,0.0,0.012233191901168804
5.41,0.7478081841846871,-0.4520605335854502,0.045743604868911755,1.8937790919981694,-0.027947713104368797,0.7744353000785701,0.19157856067121856,0.0,0.0,0.0,0.0,0.0,0.0,0.012827338204455653
5.42,0.7478081841846871,-0.4520605335854502,0.045743604868911755,1.8937790919981694,-0.027947713104368797,0.7744353000785701,0.19170980597873727,0.0,0.0,0.0,0.0,0.0,0.0,0.01342175027097453
5.43,0.7478081841846871,-0.4520605335854502,0.045743604868911755,1.8937790919981694,-0.027947713104368797,0.7744353000785701,0.1918469958683376,0.0,0.0,0.0,0.0,0.0,0.0,0.014016219810046361
5.44,0.7478081841846871,-0.4520605335854502,0.045743604868911755,1.8937790919981694,-0.027947713104368797,0.7744353000785701,0.19199012986859654,0.0,0.0,0.0,0.0,0.0,0.0,0.014610537411885541
5.45,0.7478081841846871,-0.4520605335854502,0.045743604868911755,1.8937790919981694,-0.027947713104368797,0.7744353000785701,0.19213920540871973,0.0,0.0,0.0,0.0,0.0,0.0,0.01520449262492765
5.46,0.7478081841846871,-0.4520605335854502,0.045743604868911755,1.8937790919981694,-0.027947713104368797,0.7744353000785701,0.19229421780851302,0.0,0.0,0.0,0.0,0.0,0.0,0.015797874033847196
5.47,0.7478081841846871,-0.4520605335854502,0.045743604868911755,1.8937790919981694,-0.027947713104368797,0.7744353000785701,0.19245516026913775,0.0,0.0,0.0,0.0,0.0,0.0,0.016390469338234383
5.48,0.7478081841846871,-0.4520605335854502,0.045743604868911755,1.8937790919981694,-0.027947713104368797,0.7744353000785701,0.192622023864656,0.0,0.0,0.0,0.0,0.0,0.0,0.01698206543190059
5.49,0.7478081841846871,-0.4520605335854502,0.045743604868911755,1.8937790919981694,-0.027947713104368797,0.7744353000785701,0.19279479753437156,0.0,0.0,0.0,0.0,0.0,0.0,0.017572448482780518
5.5,0.7478081841846871,-0.4520605335854502,0.045743604868911755,1.8937790919981694,-0.027947713104368797,0.7744353000785701,0.19297346807597343,0.0,0.0,0.0,0.0,0.0,0.0,0.018161404013401255
5.51,0.7478081841846871,-0.4520605335854502,0.045743604868911755,1.8937790919981694,-0.027947713104368797,0.7744353000785701,0.1931580201394861,0.0,0.0,0.0,0.0,0.0,0.0,0.01874871698188416
5.52,0.7478081841846871,-0.4520605335854502,0.045743604868911755,1.8937790919981694,-0.027947713104368797,0.7744353000785701,0.1933484362220326,0.0,0.0,0.0,0.0,0.0,0.0,0.019334171863449486
5.53,0.7478081841846871,-0.4520605335854502,0.045743604868911755,1.8937790919981694,-0.027947713104368797,0.7744353000785701,0.1935446966634151,0.0,0.0,0.0,0.0,0.0,0.0,0.01991755273239047
5.54,0.7478081841846871,-0.4520605335854502,0.045743604868911755,1.8937790919981694,-0.027947713104368797,0.7744353000785701,0.19374677964251713,0.0,0.0,0.0,0.0,0.0,0.0,0.020498643344483796
5.55,0.7478081841846871,-0.4520605335854502,0.045743604868911755,1.8937790919981694,-0.027947713104368797,0.7744353000785701,0.19395466117453247,0.0,0.0,0.0,0.0,0.0,0.0,0.021077227219805355
5.56,0.7478081841846871,-0.4520605335854502,0.045743604868911755,1.8937790919981694,-0.027947713104368797,0.7744353000785701,0.19416831510902352,0.0,0.0,0.0,0.0,0.0,0.0,0.0216530877259158
5.57,0.7478081841846871,-0.4520605335854502,0.045743604868911755,1.8937790919981694,-0.027947713104368797,0.7744353000785701,0.19438771312881367,0.0,0.0,0.0,0.0,0.0,0.0,0.022226008161384495
5.58,0.7478081841846871,-0.4520605335854502,0.045743604868911755,1.8937790919981694,-0.027947713104368797,0.7744353000785701,0.1946128247497161,0.0,0.0,0.0,0.0,0.0,0.0,0.022795771839617222
5.59,0.7478081841846871,-0.4520605335854502,0.045743604868911755,1.8937790919981694,-0.027947713104368797,0.7744353000785701,0.19484361732110267,0.0,0.0,0.0,0.0,0.0,0.0,0.02336216217295468
5.6,0.7478081841846871,-0.4520605335854502,0.045743604868911755,1.8937790919981694,-0.027947713104368797,0.7744353000785701,0.19508005602731449,0.0,0.0,0.0,0.0,0.0,0.0,0.0239249627570069
5.61,0.7478081841846871,-0.4520605335854502,0.045743604868911755,1.8937790919981694,-0.027947713104368797,0.7744353000785701,0.19532210388991741,0.0,0.0,0.0,0.0,0.0,0.0,0.02448395745519067
5.62,0.7478081841846871,-0.4520605335854502,0.045743604868911755,1.8937790919981694,-0.027947713104368797,0.7744353000785701,0.19556972177080326,0.0,0.0,0.0,0.0,0.0,0.0,0.025038930483434217
5.63,0.7478081841846871,-0.4520605335854502,0.045743604868911755,1.8937790919981694,-0.027947713104368797,0.7744353000785701,0.1958228683761392,0.0,0.0,0.0,0.0,0.0,0.0,0.02558966649501673
5.64,0.7478081841846871,-0.4520605335854502,0.045743604868911755,1.8937790919981694,-0.027947713104368797,0.7744353000785701,0.1960815002611658,0.0,0.0,0.0,0.0,0.0,0.0,0.026135950665506114
5.65,0.7478081841846871,-0.4520605335854502,0.045743604868911755,1.8937790919981694,-0.027947713104368797,0.7744353000785701,0.19634557183584495,0.0,0.0,0.0,0.0,0.0,0.0,0.026677568777761923
5.66,0.7478081841846871,-0.4520605335854502,0.045743604868911755,1.8937790919981694,-0.027947713104368797,0.7744353000785701,0.19661503537135785,0.0,0.0,0.0,0.0,0.0,0.0,0.027214307306967875
5.67,0.7478081841846871,-0.4520605335854502,0.045743604868911755,1.8937790919981694,-0.027947713104368797,0.7744353000785701,0.19688984100745344,0.0,0.0,0.0,0.0,0.0,0.0,0.02774595350565973
5.68,0.7478081841846871,-0.4520605335854502,0.045743604868911755,1.8937790919981694,-0.027947713104368797,0.7744353000785701,0.19716993676064698,0.0,0.0,0.0,0.0,0.0,0.0,0.028272295488713056
5.69,0.7478081841846871,-0.4520605335854502,0.045743604868911755,1.8937790919981694,-0.027947713104368797,0.7744353000785701,0.197455268533268,0.0,0.0,0.0,0.0,0.0,0.0,0.028793122318256724
5.7,0.7478081841846871,-0.4520605335854502,0.045743604868911755,1.8937790919981694,-0.027947713104368797,0.7744353000785701,0.19774578012335695,0.0,0.0,0.0,0.0,0.0,0.0,0.029308224088475866
5.71,0.7478081841846871,-0.4520605335854502,0.045743604868911755,1.8937790919981694,-0.027947713104368797,0.7744353000785701,0.1980414132354093,0.0,0.0,0.0,0.0,0.0,0.0,0.02981739201027142
5.72,0.7478081841846871,-0.4520605335854502,0.045743604868911755,1.8937790919981694,-0.027947713104368797,0.7744353000785701,0.19834210749196513,0.0,0.0,0.0,0.0,0.0,0.0,0.03032041849573892
5.73,0.7478081841846871,-0.4520605335854502,0.045743604868911755,1.8937790919981694,-0.027947713104368797,0.7744353000785701,0.1986478004460427,0.0,0.0,0.0,0.0,0.0,0.0,0.030817097242433165
5.74,0.7478081841846871,-0.4520605335854502,0.045743604868911755,1.8937790919981694,-0.027947713104368797,0.7744353000785701,0.19895842759441318,0.0,0.0,0.0,0.0,0.0,0.0,0.03130722331738311
5.75,0.7478081841846871,-0.4520605335854502,0.045743604868911755,1.8937790919981694,-0.027947713104368797,0.7744353000785701,0.19927392239171454,0.0,0.0,0.0,0.0,0.0,0.0,0.03179059324082239
5.76,0.7478081841846871,-0.4520605335854502,0.045743604868911755,1.8937790919981694,-0.027947713104368797,0.7744353000785701,0.19959421626540078,0.0,0.0,0.0,0.0,0.0,0.0,0.03226700506960028
5.77,0.7478081841846871,-0.4520605335854502,0.045743604868911755,1.8937790919981694,-0.027947713104368797,0.7744353000785701,0.19991923863152358,0.0,0.0,0.0,0.0,0.0,0.0,0.032736258480238326
5.78,0.7478081841846871,-0.4520605335854502,0.045743604868911755,1.8937790919981694,-0.027947713104368797,0.7744353000785701,0.200248916911343,0.0,0.0,0.0,0.0,0.0,0.0,0.0331981548515982
5.79,0.7478081841846871,-0.4520605335854502,0.045743604868911755,1.8937790919981694,-0.027947713104368797,0.7744353000785701,0.20058317654876207,0.0,0.0,0.0,0.0,0.0,0.0,0.03365249734712576
5.8,0.7478081841846871,-0.4520605335854502,0.045743604868911755,1.8937790919981694,-0.027947713104368797,0.7744353000785701,0.20092194102858238,0.0,0.0,0.0,0.0,0.0,0.0,0.03409909099663715
5.81,0.7478081841846871,-0.4520605335854502,0.045743604868911755,1.8937790919981694,-0.027947713104368797,0.7744353000785701,0.2012651318955743,0.0,0.0,0.0,0.0,0.0,0.0,0.03453774277761215
5.82,0.7478081841846871,-0.4520605335854502,0.045743604868911755,1.8937790919981694,-0.027947713104368797,0.7744353000785701,0.20161266877435824,0.0,0.0,0.0,0.0,0.0,0.0,0.034968261695960866
5.83,0.7478081841846871,-0.4520605335854502,0.045743604868911755,1.8937790919981694,-0.027947713104368797,0.7744353000785701,0.2019644693900901,0.0,0.0,0.0,0.0,0.0,0.0,0.035390458866229144
5.84,0.7478081841846871,-0.4520605335854502,0.045743604868911755,1.8937790919981694,-0.027947713104368797,0.7744353000785701,0.20232044958994658,0.0,0.0,0.0,0.0,0.0,0.0,0.0358041475912097
5.85,0.7478081841846871,-0.4520605335854502,0.045743604868911755,1.8937790919981694,-0.027947713104368797,0.7744353000785701,0.2026805233654028,0.0,0.0,0.0,0.0,0.0,0.0,0.03620914344092404
5.86,0.7478081841846871,-0.4520605335854502,0.045743604868911755,1.8937790919981694,-0.027947713104368797,0.7744353000785701,0.20304460287529685,0.0,0.0,0.0,0.0,0.0,0.0,0.03660526433094235
5.87,0.7478081841846871,-0.4520605335854502,0.045743604868911755,1.8937790919981694,-0.027947713104368797,0.7744353000785701,0.20341259846967402,0.0,0.0,0.0,0.0,0.0,0.0,0.036992330600007846
5.88,0.7478081841846871,-0.4520605335854502,0.045743604868911755,1.8937790919981694,-0.027947713104368797,0.7744353000785701,0.20378441871440361,0.0,0.0,0.0,0.0,0.0,0.0,0.03737016508693251
5.89,0.7478081841846871,-0.4520605335854502,0.045743604868911755,1.8937790919981694,-0.027947713104368797,0.7744353000785701,0.20415997041656092,0.0,0.0,0.0,0.0,0.0,0.0,0.03773859320673092
5.9,0.7478081841846871,-0.4520605335854502,0.045743604868911755,1.8937790919981694,-0.027947713104368797,0.7744353000785701,0.20453915865056677,0.0,0.0,0.0,0.0,0.0,0.0,0.038097443025960416
5.91,0.7478081841846871,-0.4520605335854502,0.045743604868911755,1.8937790919981694,-0.027947713104368797,0.7744353000785701,0.20492188678507586,0.0,0.0,0.0,0.0,0.0,0.0,0.038446545337233795
5.92,0.7478081841846871,-0.4520605335854502,0.045743604868911755,1.8937790919981694,-0.027947713104368797,0.7744353000785701,0.2053080565106068,0.0,0.0,0.0,0.0,0.0,0.0,0.038785733732874424
5.93,0.7478081841846871,-0.4520605335854502,0.045743604868911755,1.8937790919981694,-0.027947713104368797,0.7744353000785701,0.2056975678679034,0.0,0.0,0.0,0.0,0.0,0.0,0.03911484467767992
5.94,0.7478081841846871,-0.4520605335854502,0.045743604868911755,1.8937790919981694,-0.027947713104368797,0.7744353000785701,0.20609031927701965,0.0,0.0,0.0,0.0,0.0,0.0,0.03943371758076459
5.95,0.7478081841846871,-0.4520605335854502,0.045743604868911755,1.8937790919981694,-0.027947713104368797,0.7744353000785701,0.2064862075671179,0.0,0.0,0.0,0.0,0.0,0.0,0.03974219486644822
5.96,0.7478081841846871,-0.4520605335854502,0.045743604868911755,1.8937790919981694,-0.027947713104368797,0.7744353000785701,0.2068851280069716,0.0,0.0,0.0,0.0,0.0,0.0,0.04004012204416154
5.97,0.7478081841846871,-0.4520605335854502,0.045743604868911755,1.8937790919981694,-0.027947713104368797,0.7744353000785701,0.20728697433616133,0.0,0.0,0.0,0.0,0.0,0.0,0.040327347777336806
5.98,0.7478081841846871,-0.4520605335854502,0.045743604868911755,1.8937790919981694,-0.027947713104368797,0.7744353000785701,0.2076916387969554,0.0,0.0,0.0,0.0,0.0,0.0,0.04060372395125428
5.99,0.7478081841846871,-0.4520605335854502,0.045743604868911755,1.8937790919981694,-0.027947713104368797,0.7744353000785701,0.20809901216686252,0.0,0.0,0.0,0.0,0.0,0.0,0.04086910573981421
6.0,0.7478081841846871,-0.4520605335854502,0.045743604868911755,1.8937790919981694,-0.027947713104368797,0.7744353000785701,0.20850898379184787,0.0,0.0,0.0,0.0,0.0,0.0,0.04112335167120565
6.01,0.7478081841846871,-0.4520605335854502,0.045743604868911755,1.8937790919981694,-0.027947713104368797,0.7744353000785701,0.20892144162019918,0.0,0.0,0.0,0.0,0.0,0.0,0.0413663236924425
6.02,0.7478081841846871,-0.4520605335854502,0.045743604868911755,1.8937790919981694,-0.027947713104368797,0.7744353000785701,0.20933627223703305,0.0,0.0,0.0,0.0,0.0,0.0,0.04159788723273868
6.03,0.7478081841846871,-0.4520605335854502,0.045743604868911755,1.8937790919981694,-0.027947713104368797,0.7744353000785701,0.2097533608994289,0.0,0.0,0.0,0.0,0.0,0.0,0.04181791126569451
6.04,0.7478081841846871,-0.4520605335854502,0.045743604868911755,1.8937790919981694,-0.027947713104368797,0.7744353000785701,0.21017259157217844,0.0,0.0,0.0,0.0,0.0,0.0,0.04202626837026577
6.05,0.7478081841846871,-0.4520605335854502,0.045743604868911755,1.8937790919981694,-0.027947713104368797,0.7744353000785701,0.2105938469641393,0.0,0.0,0.0,0.0,0.0,0.0,0.04222283479048969
6.06,0.7478081841846871,-0.4520605335854502,0.045743604868911755,1.8937790919981694,-0.027947713104368797,0.7744353000785701,0.21101700856517888,0.0,0.0,0.0,0.0,0.0,0.0,0.04240749049393956
6.07,0.7478081841846871,-0.4520605335854502,0.045743604868911755,1.8937790919981694,-0.027947713104368797,0.7744353000785701,0.21144195668369678,0.0,0.0,0.0,0.0,0.0,0.0,0.042580119228883107
6.08,0.7478081841846871,-0.4520605335854502,0.045743604868911755,1.8937790919981694,-0.027947713104368797,0.7744353000785701,0.21186857048471183,0.0,0.0,0.0,0.0,0.0,0.0,0.04274060858011763
6.09,0.7478081841846871,-0.4520605335854502,0.045743604868911755,1.8937790919981694,-0.027947713104368797,0.7744353000785701,0.21229672802850122,0.0,0.0,0.0,0.0,0.0,0.0,0.04288885002345779
6.1,0.7478081841846871,-0.4520605335854502,0.045743604868911755,1.8937790919981694,-0.027947713104368797,0.7744353000785701,0.21272630630977715,0.0,0.0,0.0,0.0,0.0,0.0,0.04302473897885039
6.11,0.7478081841846871,-0.4520605335854502,0.045743604868911755,1.8937790919981694,-0.027947713104368797,0.7744353000785701,0.21315718129738814,0.0,0.0,0.0,0.0,0.0,0.0,0.04314817486209251
6.12,0.7478081841846871,-0.4520605335854502,0.045743604868911755,1.8937790919981694,-0.027947713104368797,0.7744353000785701,0.21358922797452998,0.0,0.0,0.0,0.0,0.0,0.0,0.04325906113512877
6.13,0.7478081841846871,-0.4520605335854502,0.045743604868911755,1.8937790919981694,-0.027947713104368797,0.7744353000785701,0.21402232037945287,0.0,0.0,0.0,0.0,0.0,0.0,0.04335730535490524
6.14,0.7478081841846871,-0.4520605335854502,0.045743604868911755,1.8937790919981694,-0.027947713104368797,0.7744353000785701,0.2144563316466496,0.0,0.0,0.0,0.0,0.0,0.0,0.04344281922075668
6.15,0.7478081841846871,-0.4520605335854502,0.045743604868911755,1.8937790919981694,-0.027947713104368797,0.7744353000785701,0.21489113404851004,0.0,0.0,0.0,0.0,0.0,0.0,0.04351551862030561
6.16,0.7478081841846871,-0.4520605335854502,0.045743604868911755,1.8937790919981694,-0.027947713104368797,0.7744353000785701,0.21532659903742732,0.0,0.0,0.0,0.0,0.0,0.0,0.04357532367385145
6.17,0.7478081841846871,-0.4520605335854502,0.045743604868911755,1.8937790919981694,-0.027947713104368797,0.7744353000785701,0.21576259728834019,0.0,0.0,0.0,0.0,0.0,0.0,0.04362215877722901
6.18,0.7478081841846871,-0.4520605335854502,0.045743604868911755,1.8937790919981694,-0.027947713104368797,0.7744353000785701,0.21619899874169615,0.0,0.0,0.0,0.0,0.0,0.0,0.04365595264311587
6.19,0.7478081841846871,-0.4520605335854502,0.045743604868911755,1.8937790919981694,-0.027947713104368797,0.7744353000785701,0.21663567264682007,0.0,0.0,0.0,0.0,0.0,0.0,0.04367663834076922
6.2,0.7478081841846871,-0.4520605335854502,0.045743604868911755,1.8937790919981694,-0.027947713104368797,0.7744353000785701,0.21707248760567166,0.0,0.0,0.0,0.0,0.0,0.0,0.04368415333417278
6.21,0.7478081841846871,-0.4520605335854502,0.045743604868911755,1.8937790919981694,-0.027947713104368797,0.7744353000785701,0.21750931161697723,0.0,0.0,0.0,0.0,0.0,0.0,0.043678439518575626
6.22,0.7478081841846871,-0.4520605335854502,0.045743604868911755,1.8937790919981694,-0.027947713104368797,0.7744353000785701,0.21794601212071796,0.0,0.0,0.0,0.0,0.0,0.0,0.04365944325540484
6.23,0.7478081841846871,-0.4520605335854502,0.045743604868911755,1.8937790919981694,-0.027947713104368797,0.7744353000785701,0.21838245604295956,0.0,0.0,0.0,0.0,0.0,0.0,0.043627115405535107
6.24,0.7478081841846871,-0.4520605335854502,0.045743604868911755,1.8937790919981694,-0.027947713104368797,0.7744353000785701,0.21881850984100598,0.0,0.0,0.0,0.0,0.0,0.0,0.04358141136089832
6.25,0.7478081841846871,-0.4520605335854502,0.045743604868911755,1.8937790919981694,-0.027947713104368797,0.7744353000785701,0.2192540395488614,0.0,0.0,0.0,0.0,0.0,0.0,0.043522291074417664
6.26,0.7478081841846871,-0.4520605335854502,0.045743604868911755,1.8937790919981694,-0.027947713104368797,0.7744353000785701,0.21968891082298247,0.0,0.0,0.0,0.0,0.0,0.0,0.04344971908825066
6.27,0.7478081841846871,-0.4520605335854502,0.045743604868911755,1.8937790919981694,-0.027947713104368797,0.7744353000785701,0.2201229889883049,0.0,0.0,0.0,0.0,0.0,0.0,0.0433636645603269
6.28,0.7478081841846871,-0.4520605335854502,0.045743604868911755,1.8937790919981694,-0.027947713104368797,0.7744353000785701,0.2205561390845267,0.0,0.0,0.0,0.0,0.0,0.0,0.04326410128916623
6.29,0.7478081841846871,-0.4520605335854502,0.045743604868911755,1.8937790919981694,-0.027947713104368797,0.7744353000785701,0.22098822591263087,0.0,0.0,0.0,0.0,0.0,0.0,0.04315100773696448
6.3,0.7478081841846871,-0.4520605335854502,0.045743604868911755,1.8937790919981694,-0.027947713104368797,0.7744353000785701,0.22141911408163045,0.0,0.0,0.0,0.0,0.0,0.0,0.04302436705093392
6.31,0.7478081841846871,-0.4520605335854502,0.045743604868911755,1.8937790919981694,-0.027947713104368797,0.7744353000785701,0.22184866805551806,0.0,0.0,0.0,0.0,0.0,0.0,0.04288416708288706
6.32,0.7478081841846871,-0.4520605335854502,0.045743604868911755,1.8937790919981694,-0.027947713104368797,0.7744353000785701,0.2222767522004024,0.0,0.0,0.0,0.0,0.0,0.0,0.04273040040705194
6.33,0.7478081841846871,-0.4520605335854502,0.045743604868911755,1.8937790919981694,-0.027947713104368797,0.7744353000785701,0.22270323083181398,0.0,0.0,0.0,0.0,0.0,0.0,0.04256306433610937
6.34,0.7478081841846871,-0.4520605335854502,0.045743604868911755,1.8937790919981694,-0.027947713104368797,0.7744353000785701,0.22312796826216266,0.0,0.0,0.0,0.0,0.0,0.0,0.042382160935441456
6.35,0.7478081841846871,-0.4520605335854502,0.045743604868911755,1.8937790919981694,-0.027947713104368797,0.7744353000785701,0.22355082884832816,0.0,0.0,0.0,0.0,0.0,0.0,0.04218769703558329
6.36,0.7478081841846871,-0.4520605335854502,0.045743604868911755,1.8937790919981694,-0.027947713104368797,0.7744353000785701,0.22397167703936652,0.0,0.0,0.0,0.0,0.0,0.0,0.04197968424286882
6.37,0.7478081841846871,-0.4520605335854502,0.045743604868911755,1.8937790919981694,-0.027947713104368797,0.7744353000785701,0.2243903774243135,0.0,0.0,0.0,0.0,0.0,0.0,0.041758138948263746
6.38,0.7478081841846871,-0.4520605335854502,0.045743604868911755,1.8937790919981694,-0.027947713104368797,0.7744353000785701,0.22480679478006785,0.0,0.0,0.0,0.0,0.0,0.0,0.0415230823343783
6.39,0.7478081841846871,-0.4520605335854502,0.045743604868911755,1.8937790919981694,-0.027947713104368797,0.7744353000785701,0.22522079411933488,0.0,0.0,0.0,0.0,0.0,0.0,0.0412745403806542
6.4,0.7478081841846871,-0.4520605335854502,0.045743604868911755,1.8937790919981694,-0.027947713104368797,0.7744353000785701,0.22563224073861338,0.0,0.0,0.0,0.0,0.0,0.0,0.041012543866719854
6.41,0.7478081841846871,-0.4520605335854502,0.045743604868911755,1.8937790919981694,-0.027947713104368797,0.7744353000785701,0.2260410002662062,0.0,0.0,0.0,0.0,0.0,0.0,0.04073712837390988
6.42,0.7478081841846871,-0.4520605335854502,0.045743604868911755,1.8937790919981694,-0.027947713104368797,0.7744353000785701,0.22644693871023774,0.0,0.0,0.0,0.0,0.0,0.0,0.040448334284944
6.43,0.7478081841846871,-0.4520605335854502,0.045743604868911755,1.8937790919981694,-0.027947713104368797,0.7744353000785701,0.2268499225066582,0.0,0.0,0.0,0.0,0.0,0.0,0.04014620678176356
6.44,0.7478081841846871,-0.4520605335854502,0.045743604868911755,1.8937790919981694,-0.027947713104368797,0.7744353000785701,0.22724981856721732,0.0,0.0,0.0,0.0,0.0,0.0,0.039830795841521785
6.45,0.7478081841846871,-0.4520605335854502,0.045743604868911755,1.8937790919981694,-0.027947713104368797,0.7744353000785701,0.22764649432738882,0.0,0.0,0.0,0.0,0.0,0.0,0.03950215623072729
6.46,0.7478081841846871,-0.4520605335854502,0.045743604868911755,1.8937790919981694,-0.027947713104368797,0.7744353000785701,0.22803981779422697,0.0,0.0,0.0,0.0,0.0,0.0,0.039160347497539015
6.47,0.7478081841846871,-0.4520605335854502,0.045743604868911755,1.8937790919981694,-0.027947713104368797,0.7744353000785701,0.2284296575941368,0.0,0.0,0.0,0.0,0.0,0.0,0.03880543396221326
6.48,0.7478081841846871,-0.4520605335854502,0.045743604868911755,1.8937790919981694,-0.027947713104368797,0.7744353000785701,0.2288158830205398,0.0,0.0,0.0,0.0,0.0,0.0,0.038437484705702414
6.49,0.7478081841846871,-0.4520605335854502,0.045743604868911755,1.8937790919981694,-0.027947713104368797,0.7744353000785701,0.22919836408141575,0.0,0.0,0.0,0.0,0.0,0.0,0.03805657355640797
6.5,0.7478081841846871,-0.4520605335854502,0.045743604868911755,1.8937790919981694,-0.027947713104368797,0.7744353000785701,0.22957697154670387,0.0,0.0,0.0,0.0,0.0,0.0,0.037662779075088304
6.51,0.7478081841846871,-0.4520605335854502,0.045743604868911755,1.8937790919981694,-0.027947713104368797,0.7744353000785701,0.2299515769955428,0.0,0.0,0.0,0.0,0.0,0.0,0.037256184537925646
6.52,0.7478081841846871,-0.4520605335854502,0.045743604868911755,1.8937790919981694,-0.027947713104368797,0.7744353000785701,0.23032205286333274,0.0,0.0,0.0,0.0,0.0,0.0,0.036836877917754814
6.53,0.7478081841846871,-0.4520605335854502,0.045743604868911755,1.8937790919981694,-0.027947713104368797,0.7744353000785701,0.2306882724886004,0.0,0.0,0.0,0.0,0.0,0.0,0.036404951863458074
6.54,0.7478081841846871,-0.4520605335854502,0.045743604868911755,1.8937790919981694,-0.027947713104368797,0.7744353000785701,0.23105011015964877,0.0,0.0,0.0,0.0,0.0,0.0,0.035960503677532084
6.55,0.7478081841846871,-0.4520605335854502,0.045743604868911755,1.8937790919981694,-0.027947713104368797,0.7744353000785701,0.23140744116097361,0.0,0.0,0.0,0.0,0.0,0.0,0.035503635291831245
6.56,0.7478081841846871,-0.4520605335854502,0.045743604868911755,1.8937790919981694,-0.027947713104368797,0.7744353000785701,0.2317601418194282,0.0,0.0,0.0,0.0,0.0,0.0,0.035034453241495636
6.57,0.7478081841846871,-0.4520605335854502,0.045743604868911755,1.8937790919981694,-0.027947713104368797,0.7744353000785701,0.23210808955011814,0.0,0.0,0.0,0.0,0.0,0.0,0.034553068637069626
6.58,0.7478081841846871,-0.4520605335854502,0.045743604868911755,1.8937790919981694,-0.027947713104368797,0.7744353000785701,0.23245116290200857,0.0,0.0,0.0,0.0,0.0,0.0,0.034059597134819944
6.59,0.7478081841846871,-0.4520605335854502,0.045743604868911755,1.8937790919981694,-0.027947713104368797,0.7744353000785701,0.2327892416032256,0.0,0.0,0.0,0.0,0.0,0.0,0.03355415890526147
6.6,0.7478081841846871,-0.4520605335854502,0.045743604868911755,1.8937790919981694,-0.027947713104368797,0.7744353000785701,0.23312220660603378,0.0,0.0,0.0,0.0,0.0,0.0,0.0330368785999008
6.61,0.7478081841846871,-0.4520605335854502,0.045743604868911755,1.8937790919981694,-0.027947713104368797,0.7744353000785701,0.23344994013147258,0.0,0.0,0.0,0.0,0.0,0.0,0.032507885316207234
6.62,0.7478081841846871,-0.4520605335854502,0.045743604868911755,1.8937790919981694,-0.027947713104368797,0.7744353000785701,0.23377232571363332,0.0,0.0,0.0,0.0,0.0,0.0,0.03196731256082319
6.63,0.7478081841846871,-0.4520605335854502,0.045743604868911755,1.8937790919981694,-0.027947713104368797,0.7744353000785701,0.2340892482435598,0.0,0.0,0.0,0.0,0.0,0.0,0.03141529821102403
6.64,0.7478081841846871,-0.4520605335854502,0.045743604868911755,1.8937790919981694,-0.027947713104368797,0.7744353000785701,0.23440059401275468,0.0,0.0,0.0,0.0,0.0,0.0,0.03085198447444186
6.65,0.7478081841846871,-0.4520605335854502,0.045743604868911755,1.8937790919981694,-0.027947713104368797,0.7744353000785701,0.23470625075627435,0.0,0.0,0.0,0.0,0.0,0.0,0.030277517847064624
6.66,0.7478081841846871,-0.4520605335854502,0.045743604868911755,1.8937790919981694,-0.027947713104368797,0.7744353000785701,0.23500610769539548,0.0,0.0,0.0,0.0,0.0,0.0,0.02969204906952568
6.67,0.7478081841846871,-0.4520605335854502,0.045743604868911755,1.8937790919981694,-0.027947713104368797,0.7744353000785701,0.23530005557983585,0.0,0.0,0.0,0.0,0.0,0.0,0.029095733081697307
6.68,0.7478081841846871,-0.4520605335854502,0.045743604868911755,1.8937790919981694,-0.027947713104368797,0.7744353000785701,0.2355879867295126,0.0,0.0,0.0,0.0,0.0,0.0,0.02848872897560445
6.69,0.7478081841846871,-0.4520605335854502,0.045743604868911755,1.8937790919981694,-0.027947713104368797,0.7744353000785701,0.23586979507582148,0.0,0.0,0.0,0.0,0.0,0.0,0.027871199946673815
6.7,0.7478081841846871,-0.4520605335854502,0.045743604868911755,1.8937790919981694,-0.027947713104368797,0.7744353000785701,0.23614537620242015,0.0,0.0,0.0,0.0,0.0,0.0,0.027243313243336016
6.71,0.7478081841846871,-0.4520605335854502,0.045743604868911755,1.8937790919981694,-0.027947713104368797,0.7744353000785701,0.23641462738549957,0.0,0.0,0.0,0.0,0.0,0.0,0.02660524011499638
6.72,0.7478081841846871,-0.4520605335854502,0.045743604868911755,1.8937790919981694,-0.027947713104368797,0.7744353000785701,0.23667744763352672,0.0,0.0,0.0,0.0,0.0,0.0,0.0259571557583946
6.73,0.7478081841846871,-0.4520605335854502,0.045743604868911755,1.8937790919981694,-0.027947713104368797,0.7744353000785701,0.23693373772644322,0.0,0.0,0.0,0.0,0.0,0.0,0.02529923926237016
6.74,0.7478081841846871,-0.4520605335854502,0.045743604868911755,1.8937790919981694,-0.027947713104368797,0.7744353000785701,0.23718340025430348,0.0,0.0,0.0,0.0,0.0,0.0,0.024631673551053997
6.75,0.7478081841846871,-0.4520605335854502,0.045743604868911755,1.8937790919981694,-0.027947713104368797,0.7744353000785701,0.23742633965533716,0.0,0.0,0.0,0.0,0.0,0.0,0.023954645325505584
6.76,0.7478081841846871,-0.4520605335854502,0.045743604868911755,1.8937790919981694,-0.027947713104368797,0.7744353000785701,0.23766246225342025,0.0,0.0,0.0,0.0,0.0,0.0,0.023268345003816714
6.77,0.7478081841846871,-0.4520605335854502,0.045743604868911755,1.8937790919981694,-0.027947713104368797,0.7744353000785701,0.23789167629493954,0.0,0.0,0.0,0.0,0.0,0.0,0.022572966659703278
6.78,0.7478081841846871,-0.4520605335854502,0.045743604868911755,1.8937790919981694,-0.027947713104368797,0.7744353000785701,0.23811389198503566,0.0,0.0,0.0,0.0,0.0,0.0,0.02186870795960634
6.79,0.7478081841846871,-0.4520605335854502,0.045743604868911755,1.8937790919981694,-0.027947713104368797,0.7744353000785701,0.23832902152320964,0.0,0.0,0.0,0.0,0.0,0.0,0.021155770098325987
6.8,0.7478081841846871,-0.4520605335854502,0.045743604868911755,1.8937790919981694,-0.027947713104368797,0.7744353000785701,0.23853697913827876,0.0,0.0,0.0,0.0,0.0,0.0,0.020434357733210107
6.81,0.7478081841846871,-0.4520605335854502,0.045743604868911755,1.8937790919981694,-0.027947713104368797,0.7744353000785701,0.23873768112266694,0.0,0.0,0.0,0.0,0.0,0.0,0.01970467891692296
6.82,0.7478081841846871,-0.4520605335854502,0.045743604868911755,1.8937790919981694,-0.027947713104368797,0.7744353000785701,0.23893104586601596,0.0,0.0,0.0,0.0,0.0,0.0,0.01896694502881679
6.83,0.7478081841846871,-0.4520605335854502,0.045743604868911755,1.8937790919981694,-0.027947713104368797,0.7744353000785701,0.23911699388810342,0.0,0.0,0.0,0.0,0.0,0.0,0.01822137070493307
6.84,0.7478081841846871,-0.4520605335854502,0.045743604868911755,1.8937790919981694,-0.027947713104368797,0.7744353000785701,0.2392954478710541,0.0,0.0,0.0,0.0,0.0,0.0,0.017468173766656325
6.85,0.7478081841846871,-0.4520605335854502,0.045743604868911755,1.8937790919981694,-0.027947713104368797,0.7744353000785701,0.23946633269083112,0.0,0.0,0.0,0.0,0.0,0.0,0.01670757514804979
6.86,0.7478081841846871,-0.4520605335854502,0.045743604868911755,1.8937790919981694,-0.027947713104368797,0.7744353000785701,0.239629575447994,0.0,0.0,0.0,0.0,0.0,0.0,0.015939798821896996
6.87,0.7478081841846871,-0.4520605335854502,0.045743604868911755,1.8937790919981694,-0.027947713104368797,0.7744353000785701,0.2397851054977107,0.0,0.0,0.0,0.0,0.0,0.0,0.015165071724478119
6.88,0.7478081841846871,-0.4520605335854502,0.045743604868911755,1.8937790919981694,-0.027947713104368797,0.7744353000785701,0.23993285447901155,0.0,0.0,0.0,0.0,0.0,0.0,0.014383623679107707
6.89,0.7478081841846871,-0.4520605335854502,0.045743604868911755,1.8937790919981694,-0.027947713104368797,0.7744353000785701,0.24007275634327188,0.0,0.0,0.0,0.0,0.0,0.0,0.013595687318463142
6.9,0.7478081841846871,-0.4520605335854502,0.045743604868911755,1.8937790919981694,-0.027947713104368797,0.7744353000785701,0.24020474738191266,0.0,0.0,0.0,0.0,0.0,0.0,0.012801498005731535
6.91,0.7478081841846871,-0.4520605335854502,0.045743604868911755,1.8937790919981694,-0.027947713104368797,0.7744353000785701,0.24032876625330638,0.0,0.0,0.0,0.0,0.0,0.0,0.01200129375460598
6.92,0.7478081841846871,-0.4520605335854502,0.045743604868911755,1.8937790919981694,-0.027947713104368797,0.7744353000785701,0.24044475400887735,0.0,0.0,0.0,0.0,0.0,0.0,0.011195315148158276
6.93,0.7478081841846871,-0.4520605335854502,0.045743604868911755,1.8937790919981694,-0.027947713104368797,0.7744353000785701,0.24055265411838544,0.0,0.0,0.0,0.0,0.0,0.0,0.010383805256621676
6.94,0.7478081841846871,-0.4520605335854502,0.045743604868911755,1.8937790919981694,-0.027947713104368797,0.7744353000785701,0.24065241249438213,0.0,0.0,0.0,0.0,0.0,0.0,0.009567009554111699
6.95,0.7478081841846871,-0.4520605335854502,0.045743604868911755,1.8937790919981694,-0.027947713104368797,0.7744353000785701,0.2407439775158285,0.0,0.0,0.0,0.0,0.0,0.0,0.008745175834317885
6.96,0.7478081841846871,-0.4520605335854502,0.045743604868911755,1.8937790919981694,-0.027947713104368797,0.7744353000785701,0.2408273000508654,0.0,0.0,0.0,0.0,0.0,0.0,0.007918554125196951
6.97,0.7478081841846871,-0.4520605335854502,0.045743604868911755,1.8937790919981694,-0.027947713104368797,0.7744353000785701,0.24090233347872553,0.0,0.0,0.0,0.0,0.0,0.0,0.00708739660270055
6.98,0.7478081841846871,-0.4520605335854502,0.045743604868911755,1.8937790919981694,-0.027947713104368797,0.7744353000785701,0.24096903371077807,0.0,0.0,0.0,0.0,0.0,0.0,0.006251957503568959
6.99,0.7478081841846871,-0.4520605335854502,0.045743604868911755,1.8937790919981694,-0.027947713104368797,0.7744353000785701,0.24102735921069687,0.0,0.0,0.0,0.0,0.0,0.0,0.005412493037225277
7.0,0.7478081841846871,-0.4520605335854502,0.045743604868911755,1.8937790919981694,-0.027947713104368797,0.7744353000785701,0.241077271013743,0.0,0.0,0.0,0.0,0.0,0.0,0.004569261296800643
7.01,0.7478081841846871,-0.4520605335854502,0.045743604868911755,1.8937790919981694,-0.027947713104368797,0.7744353000785701,0.24111873274515347,0.0,0.0,0.0,0.0,0.0,0.0,0.0037225221693275557
7.02,0.7478081841846871,-0.4520605335854502,0.045743604868911755,1.8937790919981694,-0.027947713104368797,0.7744353000785701,0.24115171063762803,0.0,0.0,0.0,0.0,0.0,0.0,0.0028725372451325875
7.03,0.7478081841846871,-0.4520605335854502,0.045743604868911755,1.8937790919981694,-0.027947713104368797,0.7744353000785701,0.24117617354790566,0.0,0.0,0.0,0.0,0.0,0.0,0.0020195697264639777
7.04,0.7478081841846871,-0.4520605335854502,0.045743604868911755,1.8937790919981694,-0.027947713104368797,0.7744353000785701,0.24119209297242405,0.0,0.0,0.0,0.0,0.0,0.0,0.0011638843353896612
7.05,0.7478081841846871,-0.4520605335854502,0.045743604868911755,1.8937790919981694,-0.027947713104368797,0.7744353000785701,0.2411994430620542,0.0,0.0,0.0,0.0,0.0,0.0,0.0003057472209981854
7.06,0.7478081841846871,-0.4520605335854502,0.045743604868911755,1.8937790919981694,-0.027947713104368797,0.7744353000785701,0.24119820063590405,-0.0,-0.0,-0.0,-0.0,-0.0,-0.0,-0.0005545741340587375
7.07,0.7478081841846871,-0.4520605335854502,0.045743604868911755,1.8937790919981694,-0.027947713104368797,0.7744353000785701,0.24118834519418406,-0.0,-0.0,-0.0,-0.0,-0.0,-0.0,-0.0014168110076491925
7.08,0.7478081841846871,-0.4520605335854502,0.045743604868911755,1.8937790919981694,-0.027947713104368797,0.7744353000785701,0.24116985893012916,-0.0,-0.0,-0.0,-0.0,-0.0,-0.0,-0.002280693532831937
7.09,0.7478081841846871,-0.4520605335854502,0.045743604868911755,1.8937790919981694,-0.027947713104368797,0.7744353000785701,0.2411427267409712,-0.0,-0.0,-0.0,-0.0,-0.0,-0.0,-0.0031459507930800784
7.1,0.7478081841846871,-0.4520605335854502,0.045743604868911755,1.8937790919981694,-0.027947713104368797,0.7744353000785701,0.2411069362379566,-0.0,-0.0,-0.0,-0.0,-0.0,-0.0,-0.0040123109180201216
7.11,0.7478081841846871,-0.4520605335854502,0.045743604868911755,1.8937790919981694,-0.027947713104368797,0.7744353000785701,0.24106247775540396,-0.0,-0.0,-0.0,-0.0,-0.0,-0.0,-0.004879501179650658
7.12,0.7478081841846871,-0.4520605335854502,0.045743604868911755,1.8937790919981694,-0.027947713104368797,0.7744353000785701,0.2410093443587974,-0.0,-0.0,-0.0,-0.0,-0.0,-0.0,-0.0057472480890026
7.13,0.7478081841846871,-0.4520605335854502,0.045743604868911755,1.8937790919981694,-0.027947713104368797,0.7744353000785701,0.24094753185191145,-0.0,-0.0,-0.0,-0.0,-0.0,-0.0,-0.0066152774932052676
7.14,0.7478081841846871,-0.4520605335854502,0.045743604868911755,1.8937790919981694,-0.027947713104368797,0.7744353000785701,0.24087703878296285,-0.0,-0.0,-0.0,-0.0,-0.0,-0.0,-0.007483314672920208
7.15,0.7478081841846871,-0.4520605335854502,0.045743604868911755,1.8937790919981694,-0.027947713104368797,0.7744353000785701,0.24079786644978696,-0.0,-0.0,-0.0,-0.0,-0.0,-0.0,-0.008351084440105084
7.16,0.7478081841846871,-0.4520605335854502,0.045743604868911755,1.8937790919981694,-0.027947713104368797,0.7744353000785701,0.24071001890403454,-0.0,-0.0,-0.0,-0.0,-0.0,-0.0,-0.009218311236069681
7.17,0.7478081841846871,-0.4520605335854502,0.045743604868911755,1.8937790919981694,-0.027947713104368797,0.7744353000785701,0.24061350295438708,-0.0,-0.0,-0.0,-0.0,-0.0,-0.0,-0.010084719229788664
7.18,0.7478081841846871,-0.4520605335854502,0.045743604868911755,1.8937790919981694,-0.027947713104368797,0.7744353000785701,0.24050832816878737,-0.0,-0.0,-0.0,-0.0,-0.0,-0.0,-0.01095003241642946
7.19,0.7478081841846871,-0.4520605335854502,0.045743604868911755,1.8937790919981694,-0.027947713104368797,0.7744353000785701,0.24039450687568448,-0.0,-0.0,-0.0,-0.0,-0.0,-0.0,-0.011813974716059642
7.2,0.7478081841846871,-0.4520605335854502,0.045743604868911755,1.8937790919981694,-0.027947713104368797,0.7744353000785701,0.24027205416429046,-0.0,-0.0,-0.0,-0.0,-0.0,-0.0,-0.012676270072495402
7.21,0.7478081841846871,-0.4520605335854502,0.045743604868911755,1.8937790919981694,-0.027947713104368797,0.7744353000785701,0.24014098788384813,-0.0,-0.0,-0.0,-0.0,-0.0,-0.0,-0.013536642552252728
7.22,0.7478081841846871,-0.4520605335854502,0.045743604868911755,1.8937790919981694,-0.027947713104368797,0.7744353000785701,0.2400013286419092,-0.0,-0.0,-0.0,-0.0,-0.0,-0.0,-0.014394816443561755
7.23,0.7478081841846871,-0.4520605335854502,0.045743604868911755,1.8937790919981694,-0.027947713104368797,0.7744353000785701,0.23985309980162173,-0.0,-0.0,-0.0,-0.0,-0.0,-0.0,-0.015250516355408635
7.24,0.7478081841846871,-0.4520605335854502,0.045743604868911755,1.8937790919981694,-0.027947713104368797,0.7744353000785701,0.23969632747802766,-0.0,-0.0,-0.0,-0.0,-0.0,-0.0,-0.01610346731656326
7.25,0.7478081841846871,-0.4520605335854502,0.045743604868911755,1.8937790919981694,-0.027947713104368797,0.7744353000785701,0.23953104053336965,-0.0,-0.0,-0.0,-0.0,-0.0,-0.0,-0.016953394874557687
7.26,0.7478081841846871,-0.4520605335854502,0.045743604868911755,1.8937790919981694,-0.027947713104368797,0.7744353000785701,0.23935727057140938,-0.0,-0.0,-0.0,-0.0,-0.0,-0.0,-0.017800025194573715
7.27,0.7478081841846871,-0.4520605335854502,0.045743604868911755,1.8937790919981694,-0.027947713104368797,0.7744353000785701,0.2391750519307567,-0.0,-0.0,-0.0,-0.0,-0.0,-0.0,-0.018643085158204155
7.28,0.7478081841846871,-0.4520605335854502,0.045743604868911755,1.8937790919981694,-0.027947713104368797,0.7744353000785701,0.2389844216772127,-0.0,-0.0,-0.0,-0.0,-0.0,-0.0,-0.019482302462047154
7.29,0.7478081841846871,-0.4520605335854502,0.045743604868911755,1.8937790919981694,-0.027947713104368797,0.7744353000785701,0.23878541959512745,-0.0,-0.0,-0.0,-0.0,-0.0,-0.0,-0.02031740571609552
7.3,0.7478081841846871,-0.4520605335854502,0.045743604868911755,1.8937790919981694,-0.027947713104368797,0.7744353000785701,0.23857808817777496,-0.0,-0.0,-0.0,-0.0,-0.0,-0.0,-0.02114812454188523
7.31,0.7478081841846871,-0.4520605335854502,0.045743604868911755,1.8937790919981694,-0.027947713104368797,0.7744353000785701,0.23836247261674823,-0.0,-0.0,-0.0,-0.0,-0.0,-0.0,-0.021974189670360997
7.32,0.7478081841846871,-0.4520605335854502,0.045743604868911755,1.8937790919981694,-0.027947713104368797,0.7744353000785701,0.23813862079037734,-0.0,-0.0,-0.0,-0.0,-0.0,-0.0,-0.02279533303942346
7.33,0.7478081841846871,-0.4520605335854502,0.045743604868911755,1.8937790919981694,-0.027947713104368797,0.7744353000785701,0.23790658325117334,-0.0,-0.0,-0.0,-0.0,-0.0,-0.0,-0.023611287891119343
7.34,0.7478081841846871,-0.4520605335854502,0.045743604868911755,1.8937790919981694,-0.027947713104368797,0.7744353000785701,0.23766641321230259,-0.0,-0.0,-0.0,-0.0,-0.0,-0.0,-0.024421788868436847
7.35,0.7478081841846871,-0.4520605335854502,0.045743604868911755,1.8937790919981694,-0.027947713104368797,0.7744353000785701,0.23741816653309525,-0.0,-0.0,-0.0,-0.0,-0.0,-0.0,-0.025226572111667116
7.36,0.7478081841846871,-0.4520605335854502,0.045743604868911755,1.8937790919981694,-0.027947713104368797,0.7744353000785701,0.2371619017035922,-0.0,-0.0,-0.0,-0.0,-0.0,-0.0,-0.026025375354296665
7.37,0.7478081841846871,-0.4520605335854502,0.045743604868911755,1.8937790919981694,-0.027947713104368797,0.7744353000785701,0.23689767982813595,-0.0,-0.0,-0.0,-0.0,-0.0,-0.0,-0.02681793801839049
7.38,0.7478081841846871,-0.4520605335854502,0.045743604868911755,1.8937790919981694,-0.027947713104368797,0.7744353000785701,0.23662556460800988,-0.0,-0.0,-0.0,-0.0,-0.0,-0.0,-0.027604001309431296
7.39,0.7478081841846871,-0.4520605335854502,0.045743604868911755,1.8937790919981694,-0.027947713104368797,0.7744353000785701,0.2363456223231327,-0.0,-0.0,-0.0,-0.0,-0.0,-0.0,-0.028383308310574975
7.4,0.7478081841846871,-0.4520605335854502,0.045743604868911755,1.8937790919981694,-0.027947713104368797,0.7744353000785701,0.23605792181281254,-0.0,-0.0,-0.0,-0.0,-0.0,-0.0,-0.029155604076288394
7.41,0.7478081841846871,-0.4520605335854502,0.045743604868911755,1.8937790919981694,-0.027947713104368797,0.7744353000785701,0.23576253445556875,-0.0,-0.0,-0.0,-0.0,-0.0,-0.0,-0.0299206357253299
7.42,0.7478081841846871,-0.4520605335854502,0.045743604868911755,1.8937790919981694,-0.027947713104368797,0.7744353000785701,0.23545953414802684,-0.0,-0.0,-0.0,-0.0,-0.0,-0.0,-0.03067815253303856
7.43,0.7478081841846871,-0.4520605335854502,0.045743604868911755,1.8937790919981694,-0.027947713104368797,0.7744353000785701,0.2351489972828941,-0.0,-0.0,-0.0,-0.0,-0.0,-0.0,-0.03142790602289461
7.44,0.7478081841846871,-0.4520605335854502,0.045743604868911755,1.8937790919981694,-0.027947713104368797,0.7744353000785701,0.23483100272602359,-0.0,-0.0,-0.0,-0.0,-0.0,-0.0,-0.032169650057315625
7.45,0.7478081841846871,-0.4520605335854502,0.045743604868911755,1.8937790919981694,-0.027947713104368797,0.7744353000785701,0.2345056317925745,-0.0,-0.0,-0.0,-0.0,-0.0,-0.0,-0.032903140927651994
7.46,0.7478081841846871,-0.4520605335854502,0.045743604868911755,1.8937790919981694,-0.027947713104368797,0.7744353000785701,0.23417296822227568,-0.0,-0.0,-0.0,-0.0,-0.0,-0.0,-0.03362813744334887
7.47,0.7478081841846871,-0.4520605335854502,0.045743604868911755,1.8937790919981694,-0.027947713104368797,0.7744353000785701,0.23383309815380288,-0.0,-0.0,-0.0,-0.0,-0.0,-0.0,-0.03434440102023618
7.48,0.7478081841846871,-0.4520605335854502,0.045743604868911755,1.8937790919981694,-0.027947713104368797,0.7744353000785701,0.2334861100982772,-0.0,-0.0,-0.0,-0.0,-0.0,-0.0,-0.03505169576791434
7.49,0.7478081841846871,-0.4520605335854502,0.045743604868911755,1.8937790919981694,-0.027947713104368797,0.7744353000785701,0.23313209491189432,-0.0,-0.0,-0.0,-0.0,-0.0,-0.0,-0.03574978857620087
7.5,0.7478081841846871,-0.4520605335854502,0.045743604868911755,1.8937790919981694,-0.027947713104368797,0.7744353000785701,0.23277114576769398,-0.0,-0.0,-0.0,-0.0,-0.0,-0.0,-0.03643844920060373
7.51,0.7478081841846871,-0.4520605335854502,0.045743604868911755,1.8937790919981694,-0.027947713104368797,0.7744353000785701,0.23240335812648005,-0.0,-0.0,-0.0,-0.0,-0.0,-0.0,-0.03711745034678774
7.52,0.7478081841846871,-0.4520605335854502,0.045743604868911755,1.8937790919981694,-0.027947713104368797,0.7744353000785701,0.23202882970690103,-0.0,-0.0,-0.0,-0.0,-0.0,-0.0,-0.03778656775400071
7.53,0.7478081841846871,-0.4520605335854502,0.045743604868911755,1.8937790919981694,-0.027947713104368797,0.7744353000785701,0.23164766045470125,-0.0,-0.0,-0.0,-0.0,-0.0,-0.0,-0.038445580277427484
7.54,0.7478081841846871,-0.4520605335854502,0.045743604868911755,1.8937790919981694,-0.027947713104368797,0.7744353000785701,0.23125995251115467,-0.0,-0.0,-0.0,-0.0,-0.0,-0.0,-0.03909426996943776
7.55,0.7478081841846871,-0.4520605335854502,0.045743604868911755,1.8937790919981694,-0.027947713104368797,0.7744353000785701,0.23086581018069127,-0.0,-0.0,-0.0,-0.0,-0.0,-0.0,-0.03973242215969745
7.56,0.7478081841846871,-0.4520605335854502,0.045743604868911755,1.8937790919981694,-0.027947713104368797,0.7744353000785701,0.2304653398977285,-0.0,-0.0,-0.0,-0.0,-0.0,-0.0,-0.040359825534110993
7.57,0.7478081841846871,-0.4520605335854502,0.045743604868911755,1.8937790919981694,-0.027947713104368797,0.7744353000785701,0.23005865019271896,-0.0,-0.0,-0.0,-0.0,-0.0,-0.0,-0.04097627221256379
7.58,0.7478081841846871,-0.4520605335854502,0.045743604868911755,1.8937790919981694,-0.027947713104368797,0.7744353000785701,0.22964585165742754,-0.0,-0.0,-0.0,-0.0,-0.0,-0.0,-0.04158155782543364
7.59,0.7478081841846871,-0.4520605335854502,0.045743604868911755,1.8937790919981694,-0.027947713104368797,0.7744353000785701,0.22922705690944853,-0.0,-0.0,-0.0,-0.0,-0.0,-0.0,-0.04217548158884275
7.6,0.7478081841846871,-0.4520605335854502,0.045743604868911755,1.8937790919981694,-0.027947713104368797,0.7744353000785701,0.2288023805559775,-0.0,-0.0,-0.0,-0.0,-0.0,-0.0,-0.042757846378618285
7.61,0.7478081841846871,-0.4520605335854502,0.045743604868911755,1.8937790919981694,-0.027947713104368797,0.7744353000785701,0.22837193915685028,-0.0,-0.0,-0.0,-0.0,-0.0,-0.0,-0.04332845880293368
7.62,0.7478081841846871,-0.4520605335854502,0.045743604868911755,1.8937790919981694,-0.027947713104368797,0.7744353000785701,0.22793585118686144,-0.0,-0.0,-0.0,-0.0,-0.0,-0.0,-0.043887129273602145
7.63,0.7478081841846871,-0.4520605335854502,0.045743604868911755,1.8937790919981694,-0.027947713104368797,0.7744353000785701,0.2274942369973772,-0.0,-0.0,-0.0,-0.0,-0.0,-0.0,-0.04443367207599393
7.64,0.7478081841846871,-0.4520605335854502,0.045743604868911755,1.8937790919981694,-0.027947713104368797,0.7744353000785701,0.22704721877725648,-0.0,-0.0,-0.0,-0.0,-0.0,-0.0,-0.044967905437549006
7.65,0.7478081841846871,-0.4520605335854502,0.045743604868911755,1.8937790919981694,-0.027947713104368797,0.7744353000785701,0.22659492051309316,-0.0,-0.0,-0.0,-0.0,-0.0,-0.0,-0.045489651594859924
7.66,0.7478081841846871,-0.4520605335854502,0.045743604868911755,1.8937790919981694,-0.027947713104368797,0.7744353000785701,0.22613746794879544,-0.0,-0.0,-0.0,-0.0,-0.0,-0.0,-0.04599873685929624
7.67,0.7478081841846871,-0.4520605335854502,0.045743604868911755,1.8937790919981694,-0.027947713104368797,0.7744353000785701,0.22567498854451604,-0.0,-0.0,-0.0,-0.0,-0.0,-0.0,-0.04649499168114661
7.68,0.7478081841846871,-0.4520605335854502,0.045743604868911755,1.8937790919981694,-0.027947713104368797,0.7744353000785701,0.22520761143494866,-0.0,-0.0,-0.0,-0.0,-0.0,-0.0,-0.04697825071225134
7.69,0.7478081841846871,-0.4520605335854502,0.045743604868911755,1.8937790919981694,-0.027947713104368797,0.7744353000785701,0.22473546738700545,-0.0,-0.0,-0.0,-0.0,-0.0,-0.0,-0.04744835286710241
7.7,0.7478081841846871,-0.4520605335854502,0.045743604868911755,1.8937790919981694,-0.027947713104368797,0.7744353000785701,0.2242586887568918,-0.0,-0.0,-0.0,-0.0,-0.0,-0.0,-0.04790514138238524
7.71,0.7478081841846871,-0.4520605335854502,0.045743604868911755,1.8937790919981694,-0.027947713104368797,0.7744353000785701,0.22377740944659316,-0.0,-0.0,-0.0,-0.0,-0.0,-0.0,-0.04834846387493984
7.72,0.7478081841846871,-0.4520605335854502,0.045743604868911755,1.8937790919981694,-0.027947713104368797,0.7744353000785701,0.22329176485979005,-0.0,-0.0,-0.0,-0.0,-0.0,-0.0,-0.048778172398118075
7.73,0.7478081841846871,-0.4520605335854502,0.045743604868911755,1.8937790919981694,-0.027947713104368797,0.7744353000785701,0.2228018918572183,-0.0,-0.0,-0.0,-0.0,-0.0,-0.0,-0.04919412349651439
7.74,0.7478081841846871,-0.4520605335854502,0.045743604868911755,1.8937790919981694,-0.027947713104368797,0.7744353000785701,0.2223079287114899,-0.0,-0.0,-0.0,-0.0,-0.0,-0.0,-0.04959617825904839
7.75,0.7478081841846871,-0.4520605335854502,0.045743604868911755,1.8937790919981694,-0.027947713104368797,0.7744353000785701,0.22181001506139092,-0.0,-0.0,-0.0,-0.0,-0.0,-0.0,-0.049984202370379566
7.76,0.7478081841846871,-0.4520605335854502,0.045743604868911755,1.8937790919981694,-0.027947713104368797,0.7744353000785701,0.22130829186567413,-0.0,-0.0,-0.0,-0.0,-0.0,-0.0,-0.05035806616063173
7.77,0.7478081841846871,-0.4520605335854502,0.045743604868911755,1.8937790919981694,-0.027947713104368797,0.7744353000785701,0.2208029013563632,-0.0,-0.0,-0.0,-0.0,-0.0,-0.0,-0.0507176446534089
7.78,0.7478081841846871,-0.4520605335854502,0.045743604868911755,1.8937790919981694,-0.027947713104368797,0.7744353000785701,0.22029398699158456,-0.0,-0.0,-0.0,-0.0,-0.0,-0.0,-0.05106281761208369
7.79,0.7478081841846871,-0.4520605335854502,0.045743604868911755,1.8937790919981694,-0.027947713104368797,0.7744353000785701,0.21978169340794595,-0.0,-0.0,-0.0,-0.0,-0.0,-0.0,-0.05139346958433873
7.8,0.7478081841846871,-0.4520605335854502,0.045743604868911755,1.8937790919981694,-0.027947713104368797,0.7744353000785701,0.21926616637247756,-0.0,-0.0,-0.0,-0.0,-0.0,-0.0,-0.05170948994494504
7.81,0.7478081841846871,-0.4520605335854502,0.045743604868911755,1.8937790919981694,-0.027947713104368797,0.7744353000785701,0.218747552734155,-0.0,-0.0,-0.0,-0.0,-0.0,-0.0,-0.05201077293675898
7.82,0.7478081841846871,-0.4520605335854502,0.045743604868911755,1.8937790919981694,-0.027947713104368797,0.7744353000785701,0.21822600037502066,-0.0,-0.0,-0.0,-0.0,-0.0,-0.0,-0.05229721770992263
7.83,0.7478081841846871,-0.4520605335854502,0.045743604868911755,1.8937790919981694,-0.027947713104368797,0.7744353000785701,0.21770165816092266,-0.0,-0.0,-0.0,-0.0,-0.0,-0.0,-0.052568728359251304
7.84,0.7478081841846871,-0.4520605335854502,0.045743604868911755,1.8937790919981694,-0.027947713104368797,0.7744353000785701,0.2171746758918887,-0.0,-0.0,-0.0,-0.0,-0.0,-0.0,-0.052825213959794004
7.85,0.7478081841846871,-0.4520605335854502,0.045743604868911755,1.8937790919981694,-0.027947713104368797,0.7744353000785701,0.21664520425215344,-0.0,-0.0,-0.0,-0.0,-0.0,-0.0,-0.05306658860055238
7.86,0.7478081841846871,-0.4520605335854502,0.045743604868911755,1.8937790919981694,-0.027947713104368797,0.7744353000785701,0.21611339475985816,-0.0,-0.0,-0.0,-0.0,-0.0,-0.0,-0.05329277141634477
7.87,0.7478081841846871,-0.4520605335854502,0.045743604868911755,1.8937790919981694,-0.027947713104368797,0.7744353000785701,0.2155793997164414,-0.0,-0.0,-0.0,-0.0,-0.0,-0.0,-0.0535036866178029
7.88,0.7478081841846871,-0.4520605335854502,0.045743604868911755,1.8937790919981694,-0.027947713104368797,0.7744353000785701,0.21504337215573813,-0.0,-0.0,-0.0,-0.0,-0.0,-0.0,-0.05369926351948952
7.89,0.7478081841846871,-0.4520605335854502,0.045743604868911755,1.8937790919981694,-0.027947713104368797,0.7744353000785701,0.21450546579280788,-0.0,-0.0,-0.0,-0.0,-0.0,-0.0,-0.05387943656612531
7.9,0.7478081841846871,-0.4520605335854502,0.045743604868911755,1.8937790919981694,-0.027947713104368797,0.7744353000785701,0.2139658349725103,-0.0,-0.0,-0.0,-0.0,-0.0,-0.0,-0.0540441453569152
7.91,0.7478081841846871,-0.4520605335854502,0.045743604868911755,1.8937790919981694,-0.027947713104368797,0.7744353000785701,0.21342463461784622,-0.0,-0.0,-0.0,-0.0,-0.0,-0.0,-0.05419333466796403
7.92,0.7478081841846871,-0.4520605335854502,0.045743604868911755,1.8937790919981694,-0.027947713104368797,0.7744353000785701,0.21288202017808472,-0.0,-0.0,-0.0,-0.0,-0.0,-0.0,-0.054326954472773095
7.93,0.7478081841846871,-0.4520605335854502,0.045743604868911755,1.8937790919981694,-0.027947713104368797,0.7744353000785701,0.21233814757669478,-0.0,-0.0,-0.0,-0.0,-0.0,-0.0,-0.054444959960809086
7.94,0.7478081841846871,-0.4520605335854502,0.045743604868911755,1.8937790919981694,-0.027947713104368797,0.7744353000785701,0.21179317315910062,-0.0,-0.0,-0.0,-0.0,-0.0,-0.0,-0.05454731155413826
7.95,0.7478081841846871,-0.4520605335854502,0.045743604868911755,1.8937790919981694,-0.027947713104368797,0.7744353000785701,0.211247253640281,-0.0,-0.0,-0.0,-0.0,-0.0,-0.0,-0.054633974922119154
7.96,0.7478081841846871,-0.4520605335854502,0.045743604868911755,1.8937790919981694,-0.027947713104368797,0.7744353000785701,0.21070054605223043,-0.0,-0.0,-0.0,-0.0,-0.0,-0.0,-0.0547049209941482
7.97,0.7478081841846871,-0.4520605335854502,0.045743604868911755,1.8937790919981694,-0.027947713104368797,0.7744353000785701,0.21015320769130377,-0.0,-0.0,-0.0,-0.0,-0.0,-0.0,-0.054760125970452815
7.98,0.7478081841846871,-0.4520605335854502,0.045743604868911755,1.8937790919981694,-0.027947713104368797,0.7744353000785701,0.20960539606546155,-0.0,-0.0,-0.0,-0.0,-0.0,-0.0,-0.05479957133092822
7.99,0.7478081841846871,-0.4520605335854502,0.045743604868911755,1.8937790919981694,-0.027947713104368797,0.7744353000785701,0.20905726884143774,-0.0,-0.0,-0.0,-0.0,-0.0,-0.0,-0.05482324384201393
8.0,0.7478081841846871,-0.4520605335854502,0.045743604868911755,1.8937790919981694,-0.027947713104368797,0.7744353000785701,0.20850898379184787,-0.0,-0.0,-0.0,-0.0,-0.0,-0.0,-0.05483113556160755
8.01,0.7478081841846871,-0.4520605335854502,0.045743604868911755,1.8937790919981694,-0.027947713104368797,0.7744353000785701,0.20796069874225803,-0.0,-0.0,-0.0,-0.0,-0.0,-0.0,-0.05482324384201393
8.02,0.7478081841846871,-0.4520605335854502,0.045743604868911755,1.8937790919981694,-0.027947713104368797,0.7744353000785701,0.20741257151823422,-0.0,-0.0,-0.0,-0.0,-0.0,-0.0,-0.05479957133092822
8.03,0.7478081841846871,-0.4520605335854502,0.045743604868911755,1.8937790919981694,-0.027947713104368797,0.7744353000785701,0.20686475989239206,-0.0,-0.0,-0.0,-0.0,-0.0,-0.0,-0.05476012597045282
8.04,0.7478081841846871,-0.4520605335854502,0.045743604868911755,1.8937790919981694,-0.027947713104368797,0.7744353000785701,0.2063174215314654,-0.0,-0.0,-0.0,-0.0,-0.0,-0.0,-0.0547049209941482
8.05,0.7478081841846871,-0.4520605335854502,0.045743604868911755,1.8937790919981694,-0.027947713104368797,0.7744353000785701,0.20577071394341478,-0.0,-0.0,-0.0,-0.0,-0.0,-0.0,-0.054633974922119154
8.06,0.7478081841846871,-0.4520605335854502,0.045743604868911755,1.8937790919981694,-0.027947713104368797,0.7744353000785701,0.2052247944245951,-0.0,-0.0,-0.0,-0.0,-0.0,-0.0,-0.05454731155413825
8.07,0.7478081841846871,-0.4520605335854502,0.045743604868911755,1.8937790919981694,-0.027947713104368797,0.7744353000785701,0.204679820007001,-0.0,-0.0,-0.0,-0.0,-0.0,-0.0,-0.05444495996080909
8.08,0.7478081841846871,-0.4520605335854502,0.045743604868911755,1.8937790919981694,-0.027947713104368797,0.7744353000785701,0.20413594740561106,-0.0,-0.0,-0.0,-0.0,-0.0,-0.0,-0.0543269544727731
8.09,0.7478081841846871,-0.4520605335854502,0.045743604868911755,1.8937790919981694,-0.027947713104368797,0.7744353000785701,0.20359333296584953,-0.0,-0.0,-0.0,-0.0,-0.0,-0.0,-0.054193334667964034
8.1,0.7478081841846871,-0.4520605335854502,0.045743604868911755,1.8937790919981694,-0.027947713104368797,0.7744353000785701,0.2030521326111855,-0.0,-0.0,-0.0,-0.0,-0.0,-0.0,-0.05404414535691521
8.11,0.7478081841846871,-0.4520605335854502,0.045743604868911755,1.8937790919981694,-0.027947713104368797,0.7744353000785701,0.2025125017908879,-0.0,-0.0,-0.0,-0.0,-0.0,-0.0,-0.053879436566125316
8.12,0.7478081841846871,-0.4520605335854502,0.045743604868911755,1.8937790919981694,-0.027947713104368797,0.7744353000785701,0.2019745954279577,-0.0,-0.0,-0.0,-0.0,-0.0,-0.0,-0.05369926351948954
8.13,0.7478081841846871,-0.4520605335854502,0.045743604868911755,1.8937790919981694,-0.027947713104368797,0.7744353000785701,0.20143856786725428,-0.0,-0.0,-0.0,-0.0,-0.0,-0.0,-0.05350368661780289
8.14,0.7478081841846871,-0.4520605335854502,0.045743604868911755,1.8937790919981694,-0.027947713104368797,0.7744353000785701,0.20090457282383756,-0.0,-0.0,-0.0,-0.0,-0.0,-0.0,-0.05329277141634475
8.15,0.7478081841846871,-0.4520605335854502,0.045743604868911755,1.8937790919981694,-0.027947713104368797,0.7744353000785701,0.2003727633315423,-0.0,-0.0,-0.0,-0.0,-0.0,-0.0,-0.05306658860055238
8.16,0.7478081841846871,-0.4520605335854502,0.045743604868911755,1.8937790919981694,-0.027947713104368797,0.7744353000785701,0.19984329169180706,-0.0,-0.0,-0.0,-0.0,-0.0,-0.0,-0.05282521395979401
8.17,0.7478081841846871,-0.4520605335854502,0.045743604868911755,1.8937790919981694,-0.027947713104368797,0.7744353000785701,0.19931630942277312,-0.0,-0.0,-0.0,-0.0,-0.0,-0.0,-0.05256872835925131
8.18,0.7478081841846871,-0.4520605335854502,0.045743604868911755,1.8937790919981694,-0.027947713104368797,0.7744353000785701,0.19879196720867512,-0.0,-0.0,-0.0,-0.0,-0.0,-0.0,-0.05229721770992264
8.19,0.7478081841846871,-0.4520605335854502,0.045743604868911755,1.8937790919981694,-0.027947713104368797,0.7744353000785701,0.19827041484954083,-0.0,-0.0,-0.0,-0.0,-0.0,-0.0,-0.052010772936759014
8.2,0.7478081841846871,-0.4520605335854502,0.045743604868911755,1.8937790919981694,-0.027947713104368797,0.7744353000785701,0.19775180121121827,-0.0,-0.0,-0.0,-0.0,-0.0,-0.0,-0.05170948994494509
8.21,0.7478081841846871,-0.4520605335854502,0.045743604868911755,1.8937790919981694,-0.027947713104368797,0.7744353000785701,0.1972362741757498,-0.0,-0.0,-0.0,-0.0,-0.0,-0.0,-0.05139346958433874
8.22,0.7478081841846871,-0.4520605335854502,0.045743604868911755,1.8937790919981694,-0.027947713104368797,0.7744353000785701,0.19672398059211116,-0.0,-0.0,-0.0,-0.0,-0.0,-0.0,-0.05106281761208367
8.23,0.7478081841846871,-0.4520605335854502,0.045743604868911755,1.8937790919981694,-0.027947713104368797,0.7744353000785701,0.19621506622733256,-0.0,-0.0,-0.0,-0.0,-0.0,-0.0,-0.05071764465340894
8.24,0.7478081841846871,-0.4520605335854502,0.045743604868911755,1.8937790919981694,-0.027947713104368797,0.7744353000785701,0.19570967571802164,-0.0,-0.0,-0.0,-0.0,-0.0,-0.0,-0.050358066160631744
8.25,0.7478081841846871,-0.4520605335854502,0.045743604868911755,1.8937790919981694,-0.027947713104368797,0.7744353000785701,0.19520795252230486,-0.0,-0.0,-0.0,-0.0,-0.0,-0.0,-0.04998420237037958
8.26,0.7478081841846871,-0.4520605335854502,0.045743604868911755,1.8937790919981694,-0.027947713104368797,0.7744353000785701,0.19471003887220584,-0.0,-0.0,-0.0,-0.0,-0.0,-0.0,-0.0495961782590484
8.27,0.7478081841846871,-0.4520605335854502,0.045743604868911755,1.8937790919981694,-0.027947713104368797,0.7744353000785701,0.19421607572647748,-0.0,-0.0,-0.0,-0.0,-0.0,-0.0,-0.04919412349651442
8.28,0.7478081841846871,-0.4520605335854502,0.045743604868911755,1.8937790919981694,-0.027947713104368797,0.7744353000785701,0.19372620272390578,-0.0,-0.0,-0.0,-0.0,-0.0,-0.0,-0.048778172398118144
8.29,0.7478081841846871,-0.4520605335854502,0.045743604868911755,1.8937790919981694,-0.027947713104368797,0.7744353000785701,0.19324055813710267,-0.0,-0.0,-0.0,-0.0,-0.0,-0.0,-0.048348463874939906
8.3,0.7478081841846871,-0.4520605335854502,0.045743604868911755,1.8937790919981694,-0.027947713104368797,0.7744353000785701,0.19275927882680388,-0.0,-0.0,-0.0,-0.0,-0.0,-0.0,-0.047905141382385205
8.31,0.7478081841846871,-0.4520605335854502,0.045743604868911755,1.8937790919981694,-0.027947713104368797,0.7744353000785701,0.19228250019669033,-0.0,-0.0,-0.0,-0.0,-0.0,-0.0,-0.04744835286710243
8.32,0.7478081841846871,-0.4520605335854502,0.045743604868911755,1.8937790919981694,-0.027947713104368797,0.7744353000785701,0.1918103561487471,-0.0,-0.0,-0.0,-0.0,-0.0,-0.0,-0.04697825071225137
8.33,0.7478081841846871,-0.4520605335854502,0.045743604868911755,1.8937790919981694,-0.027947713104368797,0.7744353000785701,0.19134297903917974,-0.0,-0.0,-0.0,-0.0,-0.0,-0.0,-0.046494991681146625
8.34,0.7478081841846871,-0.4520605335854502,0.045743604868911755,1.8937790919981694,-0.027947713104368797,0.7744353000785701,0.19088049963490034,-0.0,-0.0,-0.0,-0.0,-0.0,-0.0,-0.045998736859296264
8.35,0.7478081841846871,-0.4520605335854502,0.045743604868911755,1.8937790919981694,-0.027947713104368797,0.7744353000785701,0.19042304707060262,-0.0,-0.0,-0.0,-0.0,-0.0,-0.0,-0.045489651594859945
8.36,0.7478081841846871,-0.4520605335854502,0.045743604868911755,1.8937790919981694,-0.027947713104368797,0.7744353000785701,0.18997074880643933,-0.0,-0.0,-0.0,-0.0,-0.0,-0.0,-0.04496790543754909
8.37,0.7478081841846871,-0.4520605335854502,0.045743604868911755,1.8937790919981694,-0.027947713104368797,0.7744353000785701,0.18952373058631858,-0.0,-0.0,-0.0,-0.0,-0.0,-0.0,-0.04443367207599397
8.38,0.7478081841846871,-0.4520605335854502,0.045743604868911755,1.8937790919981694,-0.027947713104368797,0.7744353000785701,0.18908211639683428,-0.0,-0.0,-0.0,-0.0,-0.0,-0.0,-0.04388712927360211
8.39,0.7478081841846871,-0.4520605335854502,0.045743604868911755,1.8937790919981694,-0.027947713104368797,0.7744353000785701,0.18864602842684544,-0.0,-0.0,-0.0,-0.0,-0.0,-0.0,-0.04332845880293363
8.4,0.7478081841846871,-0.4520605335854502,0.045743604868911755,1.8937790919981694,-0.027947713104368797,0.7744353000785701,0.18821558702771823,-0.0,-0.0,-0.0,-0.0,-0.0,-0.0,-0.04275784637861832
8.41,0.7478081841846871,-0.4520605335854502,0.045743604868911755,1.8937790919981694,-0.027947713104368797,0.7744353000785701,0.18779091067424725,-0.0,-0.0,-0.0,-0.0,-0.0,-0.0,-0.04217548158884278
8.42,0.7478081841846871,-0.4520605335854502,0.045743604868911755,1.8937790919981694,-0.027947713104368797,0.7744353000785701,0.18737211592626823,-0.0,-0.0,-0.0,-0.0,-0.0,-0.0,-0.041581557825433664
8.43,0.7478081841846871,-0.4520605335854502,0.045743604868911755,1.8937790919981694,-0.027947713104368797,0.7744353000785701,0.18695931739097682,-0.0,-0.0,-0.0,-0.0,-0.0,-0.0,-0.040976272212563836
8.44,0.7478081841846871,-0.4520605335854502,0.045743604868911755,1.8937790919981694,-0.027947713104368797,0.7744353000785701,0.18655262768596734,-0.0,-0.0,-0.0,-0.0,-0.0,-0.0,-0.040359825534111084
8.45,0.7478081841846871,-0.4520605335854502,0.045743604868911755,1.8937790919981694,-0.027947713104368797,0.7744353000785701,0.18615215740300453,-0.0,-0.0,-0.0,-0.0,-0.0,-0.0,-0.039732422159697536
8.46,0.7478081841846871,-0.4520605335854502,0.045743604868911755,1.8937790919981694,-0.027947713104368797,0.7744353000785701,0.18575801507254106,-0.0,-0.0,-0.0,-0.0,-0.0,-0.0,-0.039094269969437725
8.47,0.7478081841846871,-0.4520605335854502,0.045743604868911755,1.8937790919981694,-0.027947713104368797,0.7744353000785701,0.1853703071289945,-0.0,-0.0,-0.0,-0.0,-0.0,-0.0,-0.03844558027742752
8.48,0.7478081841846871,-0.4520605335854502,0.045743604868911755,1.8937790919981694,-0.027947713104368797,0.7744353000785701,0.18498913787679475,-0.0,-0.0,-0.0,-0.0,-0.0,-0.0,-0.03778656775400074
8.49,0.7478081841846871,-0.4520605335854502,0.045743604868911755,1.8937790919981694,-0.027947713104368797,0.7744353000785701,0.18461460945721572,-0.0,-0.0,-0.0,-0.0,-0.0,-0.0,-0.037117450346787775
8.5,0.7478081841846871,-0.4520605335854502,0.045743604868911755,1.8937790919981694,-0.027947713104368797,0.7744353000785701,0.18424682181600177,-0.0,-0.0,-0.0,-0.0,-0.0,-0.0,-0.03643844920060376
8.51,0.7478081841846871,-0.4520605335854502,0.045743604868911755,1.8937790919981694,-0.027947713104368797,0.7744353000785701,0.18388587267180145,-0.0,-0.0,-0.0,-0.0,-0.0,-0.0,-0.03574978857620089
8.52,0.7478081841846871,-0.4520605335854502,0.045743604868911755,1.8937790919981694,-0.027947713104368797,0.7744353000785701,0.18353185748541856,-0.0,-0.0,-0.0,-0.0,-0.0,-0.0,-0.035051695767914386
8.53,0.7478081841846871,-0.4520605335854502,0.045743604868911755,1.8937790919981694,-0.027947713104368797,0.7744353000785701,0.1831848694298929,-0.0,-0.0,-0.0,-0.0,-0.0,-0.0,-0.03434440102023621
8.54,0.7478081841846871,-0.4520605335854502,0.045743604868911755,1.8937790919981694,-0.027947713104368797,0.7744353000785701,0.18284499936142012,-0.0,-0.0,-0.0,-0.0,-0.0,-0.0,-0.03362813744334898
8.55,0.7478081841846871,-0.4520605335854502,0.045743604868911755,1.8937790919981694,-0.027947713104368797,0.7744353000785701,0.18251233579112122,-0.0,-0.0,-0.0,-0.0,-0.0,-0.0,-0.03290314092765195
8.56,0.7478081841846871,-0.4520605335854502,0.045743604868911755,1.8937790919981694,-0.027947713104368797,0.7744353000785701,0.18218696485767213,-0.0,-0.0,-0.0,-0.0,-0.0,-0.0,-0.032169650057315584
8.57,0.7478081841846871,-0.4520605335854502,0.045743604868911755,1.8937790919981694,-0.027947713104368797,0.7744353000785701,0.18186897030080168,-0.0,-0.0,-0.0,-0.0,-0.0,-0.0,-0.03142790602289464
8.58,0.7478081841846871,-0.4520605335854502,0.045743604868911755,1.8937790919981694,-0.027947713104368797,0.7744353000785701,0.1815584334356689,-0.0,-0.0,-0.0,-0.0,-0.0,-0.0,-0.030678152533038596
8.59,0.7478081841846871,-0.4520605335854502,0.045743604868911755,1.8937790919981694,-0.027947713104368797,0.7744353000785701,0.181255433128127,-0.0,-0.0,-0.0,-0.0,-0.0,-0.0,-0.029920635725329936
8.6,0.7478081841846871,-0.4520605335854502,0.045743604868911755,1.8937790919981694,-0.027947713104368797,0.7744353000785701,0.18096004577088323,-0.0,-0.0,-0.0,-0.0,-0.0,-0.0,-0.029155604076288425
8.61,0.7478081841846871,-0.4520605335854502,0.045743604868911755,1.8937790919981694,-0.027947713104368797,0.7744353000785701,0.1806723452605631,-0.0,-0.0,-0.0,-0.0,-0.0,-0.0,-0.0283833083105751
8.62,0.7478081841846871,-0.4520605335854502,0.045743604868911755,1.8937790919981694,-0.027947713104368797,0.7744353000785701,0.1803924029756859,-0.0,-0.0,-0.0,-0.0,-0.0,-0.0,-0.027604001309431424
8.63,0.7478081841846871,-0.4520605335854502,0.045743604868911755,1.8937790919981694,-0.027947713104368797,0.7744353000785701,0.18012028775555983,-0.0,-0.0,-0.0,-0.0,-0.0,-0.0,-0.02681793801839053
8.64,0.7478081841846871,-0.4520605335854502,0.045743604868911755,1.8937790919981694,-0.027947713104368797,0.7744353000785701,0.17985606588010353,-0.0,-0.0,-0.0,-0.0,-0.0,-0.0,-0.026025375354296613
8.65,0.7478081841846871,-0.4520605335854502,0.045743604868911755,1.8937790919981694,-0.027947713104368797,0.7744353000785701,0.1795998010506005,-0.0,-0.0,-0.0,-0.0,-0.0,-0.0,-0.025226572111667143
8.66,0.7478081841846871,-0.4520605335854502,0.045743604868911755,1.8937790919981694,-0.027947713104368797,0.7744353000785701,0.17935155437139316,-0.0,-0.0,-0.0,-0.0,-0.0,-0.0,-0.024421788868436888
8.67,0.7478081841846871,-0.4520605335854502,0.045743604868911755,1.8937790919981694,-0.027947713104368797,0.7744353000785701,0.17911138433252244,-0.0,-0.0,-0.0,-0.0,-0.0,-0.0,-0.02361128789111938
8.68,0.7478081841846871,-0.4520605335854502,0.045743604868911755,1.8937790919981694,-0.027947713104368797,0.7744353000785701,0.17887934679331843,-0.0,-0.0,-0.0,-0.0,-0.0,-0.0,-0.022795333039423493
8.69,0.7478081841846871,-0.4520605335854502,0.045743604868911755,1.8937790919981694,-0.027947713104368797,0.7744353000785701,0.17865549496694752,-0.0,-0.0,-0.0,-0.0,-0.0,-0.0,-0.021974189670361036
8.7,0.7478081841846871,-0.4520605335854502,0.045743604868911755,1.8937790919981694,-0.027947713104368797,0.7744353000785701,0.17843987940592082,-0.0,-0.0,-0.0,-0.0,-0.0,-0.0,-0.021148124541885364
8.71,0.7478081841846871,-0.4520605335854502,0.045743604868911755,1.8937790919981694,-0.027947713104368797,0.7744353000785701,0.17823254798856827,-0.0,-0.0,-0.0,-0.0,-0.0,-0.0,-0.020317405716095464
8.72,0.7478081841846871,-0.4520605335854502,0.045743604868911755,1.8937790919981694,-0.027947713104368797,0.7744353000785701,0.17803354590648302,-0.0,-0.0,-0.0,-0.0,-0.0,-0.0,-0.0194823024620471
8.73,0.7478081841846871,-0.4520605335854502,0.045743604868911755,1.8937790919981694,-0.027947713104368797,0.7744353000785701,0.17784291565293905,-0.0,-0.0,-0.0,-0.0,-0.0,-0.0,-0.018643085158204193
8.74,0.7478081841846871,-0.4520605335854502,0.045743604868911755,1.8937790919981694,-0.027947713104368797,0.7744353000785701,0.1776606970122864,-0.0,-0.0,-0.0,-0.0,-0.0,-0.0,-0.017800025194573754
8.75,0.7478081841846871,-0.4520605335854502,0.045743604868911755,1.8937790919981694,-0.027947713104368797,0.7744353000785701,0.17748692705032612,-0.0,-0.0,-0.0,-0.0,-0.0,-0.0,-0.016953394874557725
8.76,0.7478081841846871,-0.4520605335854502,0.045743604868911755,1.8937790919981694,-0.027947713104368797,0.7744353000785701,0.17732164010566812,-0.0,-0.0,-0.0,-0.0,-0.0,-0.0,-0.0161034673165633
8.77,0.7478081841846871,-0.4520605335854502,0.045743604868911755,1.8937790919981694,-0.027947713104368797,0.7744353000785701,0.17716486778207402,-0.0,-0.0,-0.0,-0.0,-0.0,-0.0,-0.015250516355408672
8.78,0.7478081841846871,-0.4520605335854502,0.045743604868911755,1.8937790919981694,-0.027947713104368797,0.7744353000785701,0.17701663894178657,-0.0,-0.0,-0.0,-0.0,-0.0,-0.0,-0.01439481644356189
8.79,0.7478081841846871,-0.4520605335854502,0.045743604868911755,1.8937790919981694,-0.027947713104368797,0.7744353000785701,0.17687697969984761,-0.0,-0.0,-0.0,-0.0,-0.0,-0.0,-0.01353664255225277
8.8,0.7478081841846871,-0.4520605335854502,0.045743604868911755,1.8937790919981694,-0.027947713104368797,0.7744353000785701,0.1767459134194053,-0.0,-0.0,-0.0,-0.0,-0.0,-0.0,-0.012676270072495348
8.81,0.7478081841846871,-0.4520605335854502,0.045743604868911755,1.8937790919981694,-0.027947713104368797,0.7744353000785701,0.17662346070801127,-0.0,-0.0,-0.0,-0.0,-0.0,-0.0,-0.011813974716059588
8.82,0.7478081841846871,-0.4520605335854502,0.045743604868911755,1.8937790919981694,-0.027947713104368797,0.7744353000785701,0.17650963941490838,-0.0,-0.0,-0.0,-0.0,-0.0,-0.0,-0.0109500324164295
8.83,0.7478081841846871,-0.4520605335854502,0.045743604868911755,1.8937790919981694,-0.027947713104368797,0.7744353000785701,0.17640446462930867,-0.0,-0.0,-0.0,-0.0,-0.0,-0.0,-0.010084719229788708
8.84,0.7478081841846871,-0.4520605335854502,0.045743604868911755,1.8937790919981694,-0.027947713104368797,0.7744353000785701,0.1763079486796612,-0.0,-0.0,-0.0,-0.0,-0.0,-0.0,-0.009218311236069721
8.85,0.7478081841846871,-0.4520605335854502,0.045743604868911755,1.8937790919981694,-0.027947713104368797,0.7744353000785701,0.1762201011339088,-0.0,-0.0,-0.0,-0.0,-0.0,-0.0,-0.008351084440105124
8.86,0.7478081841846871,-0.4520605335854502,0.045743604868911755,1.8937790919981694,-0.027947713104368797,0.7744353000785701,0.1761409288007329,-0.0,-0.0,-0.0,-0.0,-0.0,-0.0,-0.007483314672920344
8.87,0.7478081841846871,-0.4520605335854502,0.045743604868911755,1.8937790919981694,-0.027947713104368797,0.7744353000785701,0.17607043573178432,-0.0,-0.0,-0.0,-0.0,-0.0,-0.0,-0.0066152774932054055
8.88,0.7478081841846871,-0.4520605335854502,0.045743604868911755,1.8937790919981694,-0.027947713104368797,0.7744353000785701,0.17600862322489833,-0.0,-0.0,-0.0,-0.0,-0.0,-0.0,-0.005747248089002543
8.89,0.7478081841846871,-0.4520605335854502,0.045743604868911755,1.8937790919981694,-0.027947713104368797,0.7744353000785701,0.1759554898282918,-0.0,-0.0,-0.0,-0.0,-0.0,-0.0,-0.004879501179650697
8.9,0.7478081841846871,-0.4520605335854502,0.045743604868911755,1.8937790919981694,-0.027947713104368797,0.7744353000785701,0.17591103134573916,-0.0,-0.0,-0.0,-0.0,-0.0,-0.0,-0.004012310918020161
8.91,0.7478081841846871,-0.4520605335854502,0.045743604868911755,1.8937790919981694,-0.027947713104368797,0.7744353000785701,0.17587524084272455,-0.0,-0.0,-0.0,-0.0,-0.0,-0.0,-0.00314595079308012
8.92,0.7478081841846871,-0.4520605335854502,0.045743604868911755,1.8937790919981694,-0.027947713104368797,0.7744353000785701,0.1758481086535666,-0.0,-0.0,-0.0,-0.0,-0.0,-0.0,-0.002280693532831927
8.93,0.7478081841846871,-0.4520605335854502,0.045743604868911755,1.8937790919981694,-0.027947713104368797,0.7744353000785701,0.1758296223895117,-0.0,-0.0,-0.0,-0.0,-0.0,-0.0,-0.0014168110076492324
8.94,0.7478081841846871,-0.4520605335854502,0.045743604868911755,1.8937790919981694,-0.027947713104368797,0.7744353000785701,0.1758197669477917,-0.0,-0.0,-0.0,-0.0,-0.0,-0.0,-0.0005545741340588726
8.95,0.7478081841846871,-0.4520605335854502,0.045743604868911755,1.8937790919981694,-0.027947713104368797,0.7744353000785701,0.17581852452164154,0.0,0.0,0.0,0.0,0.0,0.0,0.0003057472209980953
8.96,0.7478081841846871,-0.4520605335854502,0.045743604868911755,1.8937790919981694,-0.027947713104368797,0.7744353000785701,0.1758258746112717,0.0,0.0,0.0,0.0,0.0,0.0,0.0011638843353897169
8.97,0.7478081841846871,-0.4520605335854502,0.045743604868911755,1.8937790919981694,-0.027947713104368797,0.7744353000785701,0.1758417940357901,0.0,0.0,0.0,0.0,0.0,0.0,0.002019569726464035
8.98,0.7478081841846871,-0.4520605335854502,0.045743604868911755,1.8937790919981694,-0.027947713104368797,0.7744353000785701,0.17586625694606772,0.0,0.0,0.0,0.0,0.0,0.0,0.002872537245132498
8.99,0.7478081841846871,-0.4520605335854502,0.045743604868911755,1.8937790919981694,-0.027947713104368797,0.7744353000785701,0.17589923483854228,0.0,0.0,0.0,0.0,0.0,0.0,0.0037225221693275618
9.0,0.7478081841846871,-0.4520605335854502,0.045743604868911755,1.8937790919981694,-0.027947713104368797,0.7744353000785701,0.17594069656995276,0.0,0.0,0.0,0.0,0.0,0.0,0.004569261296800604
9.01,0.7478081841846871,-0.4520605335854502,0.045743604868911755,1.8937790919981694,-0.027947713104368797,0.7744353000785701,0.17599060837299887,0.0,0.0,0.0,0.0,0.0,0.0,0.005412493037225187
9.02,0.7478081841846871,-0.4520605335854502,0.045743604868911755,1.8937790919981694,-0.027947713104368797,0.7744353000785701,0.17604893387291767,0.0,0.0,0.0,0.0,0.0,0.0,0.0062519575035689685
9.03,0.7478081841846871,-0.4520605335854502,0.045743604868911755,1.8937790919981694,-0.027947713104368797,0.7744353000785701,0.17611563410497022,0.0,0.0,0.0,0.0,0.0,0.0,0.007087396602700418
9.04,0.7478081841846871,-0.4520605335854502,0.045743604868911755,1.8937790919981694,-0.027947713104368797,0.7744353000785701,0.17619066753283036,0.0,0.0,0.0,0.0,0.0,0.0,0.00791855412519682
9.05,0.7478081841846871,-0.4520605335854502,0.045743604868911755,1.8937790919981694,-0.027947713104368797,0.7744353000785701,0.17627399006786726,0.0,0.0,0.0,0.0,0.0,0.0,0.008745175834317892
9.06,0.7478081841846871,-0.4520605335854502,0.045743604868911755,1.8937790919981694,-0.027947713104368797,0.7744353000785701,0.17636555508931362,0.0,0.0,0.0,0.0,0.0,0.0,0.009567009554111758
9.07,0.7478081841846871,-0.4520605335854502,0.045743604868911755,1.8937790919981694,-0.027947713104368797,0.7744353000785701,0.17646531346531028,0.0,0.0,0.0,0.0,0.0,0.0,0.01038380525662164
9.08,0.7478081841846871,-0.4520605335854502,0.045743604868911755,1.8937790919981694,-0.027947713104368797,0.7744353000785701,0.1765732135748184,0.0,0.0,0.0,0.0,0.0,0.0,0.011195315148158197
9.09,0.7478081841846871,-0.4520605335854502,0.045743604868911755,1.8937790919981694,-0.027947713104368797,0.7744353000785701,0.17668920133038937,0.0,0.0,0.0,0.0,0.0,0.0,0.012001293754605942
9.1,0.7478081841846871,-0.4520605335854502,0.045743604868911755,1.8937790919981694,-0.027947713104368797,0.7744353000785701,0.17681322020178306,0.0,0.0,0.0,0.0,0.0,0.0,0.0128014980057315
9.11,0.7478081841846871,-0.4520605335854502,0.045743604868911755,1.8937790919981694,-0.027947713104368797,0.7744353000785701,0.17694521124042384,0.0,0.0,0.0,0.0,0.0,0.0,0.013595687318463058
9.12,0.7478081841846871,-0.4520605335854502,0.045743604868911755,1.8937790919981694,-0.027947713104368797,0.7744353000785701,0.1770851131046842,0.0,0.0,0.0,0.0,0.0,0.0,0.014383623679107628
9.13,0.7478081841846871,-0.4520605335854502,0.045743604868911755,1.8937790919981694,-0.027947713104368797,0.7744353000785701,0.17723286208598504,0.0,0.0,0.0,0.0,0.0,0.0,0.015165071724478169
9.14,0.7478081841846871,-0.4520605335854502,0.045743604868911755,1.8937790919981694,-0.027947713104368797,0.7744353000785701,0.17738839213570176,0.0,0.0,0.0,0.0,0.0,0.0,0.015939798821897
9.15,0.7478081841846871,-0.4520605335854502,0.045743604868911755,1.8937790919981694,-0.027947713104368797,0.7744353000785701,0.17755163489286463,0.0,0.0,0.0,0.0,0.0,0.0,0.016707575148049797
9.16,0.7478081841846871,-0.4520605335854502,0.045743604868911755,1.8937790919981694,-0.027947713104368797,0.7744353000785701,0.17772251971264164,0.0,0.0,0.0,0.0,0.0,0.0,0.017468173766656294
9.17,0.7478081841846871,-0.4520605335854502,0.045743604868911755,1.8937790919981694,-0.027947713104368797,0.7744353000785701,0.17790097369559232,0.0,0.0,0.0,0.0,0.0,0.0,0.018221370704932995
9.18,0.7478081841846871,-0.4520605335854502,0.045743604868911755,1.8937790919981694,-0.027947713104368797,0.7744353000785701,0.17808692171767979,0.0,0.0,0.0,0.0,0.0,0.0,0.018966945028816806
9.19,0.7478081841846871,-0.4520605335854502,0.045743604868911755,1.8937790919981694,-0.027947713104368797,0.7744353000785701,0.17828028646102878,0.0,0.0,0.0,0.0,0.0,0.0,0.019704678916922843
9.2,0.7478081841846871,-0.4520605335854502,0.045743604868911755,1.8937790919981694,-0.027947713104368797,0.7744353000785701,0.17848098844541693,0.0,0.0,0.0,0.0,0.0,0.0,0.020434357733209996
9.21,0.7478081841846871,-0.4520605335854502,0.045743604868911755,1.8937790919981694,-0.027947713104368797,0.7744353000785701,0.1786889460604861,0.0,0.0,0.0,0.0,0.0,0.0,0.02115577009832599
9.22,0.7478081841846871,-0.4520605335854502,0.045743604868911755,1.8937790919981694,-0.027947713104368797,0.7744353000785701,0.17890407559866012,0.0,0.0,0.0,0.0,0.0,0.0,0.02186870795960639
9.23,0.7478081841846871,-0.4520605335854502,0.045743604868911755,1.8937790919981694,-0.027947713104368797,0.7744353000785701,0.1791262912887562,0.0,0.0,0.0,0.0,0.0,0.0,0.022572966659703247
9.24,0.7478081841846871,-0.4520605335854502,0.045743604868911755,1.8937790919981694,-0.027947713104368797,0.7744353000785701,0.1793555053302755,0.0,0.0,0.0,0.0,0.0,0.0,0.023268345003816644
9.25,0.7478081841846871,-0.4520605335854502,0.045743604868911755,1.8937790919981694,-0.027947713104368797,0.7744353000785701,0.1795916279283586,0.0,0.0,0.0,0.0,0.0,0.0,0.023954645325505553
9.26,0.7478081841846871,-0.4520605335854502,0.045743604868911755,1.8937790919981694,-0.027947713104368797,0.7744353000785701,0.17983456732939224,0.0,0.0,0.0,0.0,0.0,0.0,0.02463167355105397
9.27,0.7478081841846871,-0.4520605335854502,0.045743604868911755,1.8937790919981694,-0.027947713104368797,0.7744353000785701,0.1800842298572525,0.0,0.0,0.0,0.0,0.0,0.0,0.025299239262370092
9.28,0.7478081841846871,-0.4520605335854502,0.045743604868911755,1.8937790919981694,-0.027947713104368797,0.7744353000785701,0.180340519950169,0.0,0.0,0.0,0.0,0.0,0.0,0.02595715575839453
9.29,0.7478081841846871,-0.4520605335854502,0.045743604868911755,1.8937790919981694,-0.027947713104368797,0.7744353000785701,0.18060334019819616,0.0,0.0,0.0,0.0,0.0,0.0,0.02660524011499628
9.3,0.7478081841846871,-0.4520605335854502,0.045743604868911755,1.8937790919981694,-0.027947713104368797,0.7744353000785701,0.1808725913812756,0.0,0.0,0.0,0.0,0.0,0.0,0.02724331324333602
9.31,0.7478081841846871,-0.4520605335854502,0.045743604868911755,1.8937790919981694,-0.027947713104368797,0.7744353000785701,0.18114817250787427,0.0,0.0,0.0,0.0,0.0,0.0,0.027871199946673815
9.32,0.7478081841846871,-0.4520605335854502,0.045743604868911755,1.8937790919981694,-0.027947713104368797,0.7744353000785701,0.18142998085418316,0.0,0.0,0.0,0.0,0.0,0.0,0.028488728975604418
9.33,0.7478081841846871,-0.4520605335854502,0.045743604868911755,1.8937790919981694,-0.027947713104368797,0.7744353000785701,0.18171791200385987,0.0,0.0,0.0,0.0,0.0,0.0,0.029095733081697276
9.34,0.7478081841846871,-0.4520605335854502,0.045743604868911755,1.8937790919981694,-0.027947713104368797,0.7744353000785701,0.18201185988830026,0.0,0.0,0.0,0.0,0.0,0.0,0.02969204906952569
9.35,0.7478081841846871,-0.4520605335854502,0.045743604868911755,1.8937790919981694,-0.027947713104368797,0.7744353000785701,0.18231171682742137,0.0,0.0,0.0,0.0,0.0,0.0,0.030277517847064596
9.36,0.7478081841846871,-0.4520605335854502,0.045743604868911755,1.8937790919981694,-0.027947713104368797,0.7744353000785701,0.18261737357094104,0.0,0.0,0.0,0.0,0.0,0.0,0.03085198447444176
9.37,0.7478081841846871,-0.4520605335854502,0.045743604868911755,1.8937790919981694,-0.027947713104368797,0.7744353000785701,0.1829287193401359,0.0,0.0,0.0,0.0,0.0,0.0,0.03141529821102398
9.38,0.7478081841846871,-0.4520605335854502,0.045743604868911755,1.8937790919981694,-0.027947713104368797,0.7744353000785701,0.18324564187006248,0.0,0.0,0.0,0.0,0.0,0.0,0.03196731256082322
9.39,0.7478081841846871,-0.4520605335854502,0.045743604868911755,1.8937790919981694,-0.027947713104368797,0.7744353000785701,0.1835680274522232,0.0,0.0,0.0,0.0,0.0,0.0,0.03250788531620726
9.4,0.7478081841846871,-0.4520605335854502,0.045743604868911755,1.8937790919981694,-0.027947713104368797,0.7744353000785701,0.18389576097766194,0.0,0.0,0.0,0.0,0.0,0.0,0.033036878599900746
9.41,0.7478081841846871,-0.4520605335854502,0.045743604868911755,1.8937790919981694,-0.027947713104368797,0.7744353000785701,0.18422872598047016,0.0,0.0,0.0,0.0,0.0,0.0,0.03355415890526148
9.42,0.7478081841846871,-0.4520605335854502,0.045743604868911755,1.8937790919981694,-0.027947713104368797,0.7744353000785701,0.18456680468168715,0.0,0.0,0.0,0.0,0.0,0.0,0.03405959713481993
9.43,0.7478081841846871,-0.4520605335854502,0.045743604868911755,1.8937790919981694,-0.027947713104368797,0.7744353000785701,0.18490987803357758,0.0,0.0,0.0,0.0,0.0,0.0,0.03455306863706958
9.44,0.7478081841846871,-0.4520605335854502,0.045743604868911755,1.8937790919981694,-0.027947713104368797,0.7744353000785701,0.18525782576426753,0.0,0.0,0.0,0.0,0.0,0.0,0.035034453241495594
9.45,0.7478081841846871,-0.4520605335854502,0.045743604868911755,1.8937790919981694,-0.027947713104368797,0.7744353000785701,0.18561052642272208,0.0,0.0,0.0,0.0,0.0,0.0,0.035503635291831176
9.46,0.7478081841846871,-0.4520605335854502,0.045743604868911755,1.8937790919981694,-0.027947713104368797,0.7744353000785701,0.185967857424047,0.0,0.0,0.0,0.0,0.0,0.0,0.0359605036775321
9.47,0.7478081841846871,-0.4520605335854502,0.045743604868911755,1.8937790919981694,-0.027947713104368797,0.7744353000785701,0.18632969509509534,0.0,0.0,0.0,0.0,0.0,0.0,0.03640495186345807
9.48,0.7478081841846871,-0.4520605335854502,0.045743604868911755,1.8937790919981694,-0.027947713104368797,0.7744353000785701,0.18669591472036298,0.0,0.0,0.0,0.0,0.0,0.0,0.0368368779177548
9.49,0.7478081841846871,-0.4520605335854502,0.045743604868911755,1.8937790919981694,-0.027947713104368797,0.7744353000785701,0.18706639058815291,0.0,0.0,0.0,0.0,0.0,0.0,0.03725618453792563
9.5,0.7478081841846871,-0.4520605335854502,0.045743604868911755,1.8937790919981694,-0.027947713104368797,0.7744353000785701,0.18744099603699185,0.0,0.0,0.0,0.0,0.0,0.0,0.037662779075088255
9.51,0.7478081841846871,-0.4520605335854502,0.045743604868911755,1.8937790919981694,-0.027947713104368797,0.7744353000785701,0.18781960350228,0.0,0.0,0.0,0.0,0.0,0.0,0.03805657355640796
9.52,0.7478081841846871,-0.4520605335854502,0.045743604868911755,1.8937790919981694,-0.027947713104368797,0.7744353000785701,0.18820208456315596,0.0,0.0,0.0,0.0,0.0,0.0,0.0384374847057024
9.53,0.7478081841846871,-0.4520605335854502,0.045743604868911755,1.8937790919981694,-0.027947713104368797,0.7744353000785701,0.18858830998955892,0.0,0.0,0.0,0.0,0.0,0.0,0.03880543396221322
9.54,0.7478081841846871,-0.4520605335854502,0.045743604868911755,1.8937790919981694,-0.027947713104368797,0.7744353000785701,0.18897814978946875,0.0,0.0,0.0,0.0,0.0,0.0,0.03916034749753899
9.55,0.7478081841846871,-0.4520605335854502,0.045743604868911755,1.8937790919981694,-0.027947713104368797,0.7744353000785701,0.18937147325630696,0.0,0.0,0.0,0.0,0.0,0.0,0.039502156230727295
9.56,0.7478081841846871,-0.4520605335854502,0.045743604868911755,1.8937790919981694,-0.027947713104368797,0.7744353000785701,0.18976814901647843,0.0,0.0,0.0,0.0,0.0,0.0,0.03983079584152179
9.57,0.7478081841846871,-0.4520605335854502,0.045743604868911755,1.8937790919981694,-0.027947713104368797,0.7744353000785701,0.19016804507703755,0.0,0.0,0.0,0.0,0.0,0.0,0.04014620678176355
9.58,0.7478081841846871,-0.4520605335854502,0.045743604868911755,1.8937790919981694,-0.027947713104368797,0.7744353000785701,0.19057102887345798,0.0,0.0,0.0,0.0,0.0,0.0,0.040448334284943994
9.59,0.7478081841846871,-0.4520605335854502,0.045743604868911755,1.8937790919981694,-0.027947713104368797,0.7744353000785701,0.1909769673174895,0.0,0.0,0.0,0.0,0.0,0.0,0.040737128373909845
9.6,0.7478081841846871,-0.4520605335854502,0.045743604868911755,1.8937790919981694,-0.027947713104368797,0.7744353000785701,0.19138572684508237,0.0,0.0,0.0,0.0,0.0,0.0,0.041012543866719875
9.61,0.7478081841846871,-0.4520605335854502,0.045743604868911755,1.8937790919981694,-0.027947713104368797,0.7744353000785701,0.19179717346436082,0.0,0.0,0.0,0.0,0.0,0.0,0.04127454038065417
9.62,0.7478081841846871,-0.4520605335854502,0.045743604868911755,1.8937790919981694,-0.027947713104368797,0.7744353000785701,0.19221117280362784,0.0,0.0,0.0,0.0,0.0,0.0,0.041523082334378264
9.63,0.7478081841846871,-0.4520605335854502,0.045743604868911755,1.8937790919981694,-0.027947713104368797,0.7744353000785701,0.19262759015938224,0.0,0.0,0.0,0.0,0.0,0.0,0.041758138948263746
9.64,0.7478081841846871,-0.4520605335854502,0.045743604868911755,1.8937790919981694,-0.027947713104368797,0.7744353000785701,0.19304629054432926,0.0,0.0,0.0,0.0,0.0,0.0,0.041979684242868846
9.65,0.7478081841846871,-0.4520605335854502,0.045743604868911755,1.8937790919981694,-0.027947713104368797,0.7744353000785701,0.19346713873536756,0.0,0.0,0.0,0.0,0.0,0.0,0.04218769703558328
9.66,0.7478081841846871,-0.4520605335854502,0.045743604868911755,1.8937790919981694,-0.027947713104368797,0.7744353000785701,0.19388999932153303,0.0,0.0,0.0,0.0,0.0,0.0,0.042382160935441435
9.67,0.7478081841846871,-0.4520605335854502,0.045743604868911755,1.8937790919981694,-0.027947713104368797,0.7744353000785701,0.19431473675188174,0.0,0.0,0.0,0.0,0.0,0.0,0.04256306433610937
9.68,0.7478081841846871,-0.4520605335854502,0.045743604868911755,1.8937790919981694,-0.027947713104368797,0.7744353000785701,0.1947412153832933,0.0,0.0,0.0,0.0,0.0,0.0,0.04273040040705194
9.69,0.7478081841846871,-0.4520605335854502,0.045743604868911755,1.8937790919981694,-0.027947713104368797,0.7744353000785701,0.19516929952817763,0.0,0.0,0.0,0.0,0.0,0.0,0.04288416708288705
9.7,0.7478081841846871,-0.4520605335854502,0.045743604868911755,1.8937790919981694,-0.027947713104368797,0.7744353000785701,0.19559885350206524,0.0,0.0,0.0,0.0,0.0,0.0,0.04302436705093391
9.71,0.7478081841846871,-0.4520605335854502,0.045743604868911755,1.8937790919981694,-0.027947713104368797,0.7744353000785701,0.1960297416710649,0.0,0.0,0.0,0.0,0.0,0.0,0.04315100773696449
9.72,0.7478081841846871,-0.4520605335854502,0.045743604868911755,1.8937790919981694,-0.027947713104368797,0.7744353000785701,0.19646182849916904,0.0,0.0,0.0,0.0,0.0,0.0,0.04326410128916623
9.73,0.7478081841846871,-0.4520605335854502,0.045743604868911755,1.8937790919981694,-0.027947713104368797,0.7744353000785701,0.19689497859539085,0.0,0.0,0.0,0.0,0.0,0.0,0.0433636645603269
9.74,0.7478081841846871,-0.4520605335854502,0.045743604868911755,1.8937790919981694,-0.027947713104368797,0.7744353000785701,0.19732905676071325,0.0,0.0,0.0,0.0,0.0,0.0,0.04344971908825067
9.75,0.7478081841846871,-0.4520605335854502,0.045743604868911755,1.8937790919981694,-0.027947713104368797,0.7744353000785701,0.1977639280348343,0.0,0.0,0.0,0.0,0.0,0.0,0.043522291074417664
9.76,0.7478081841846871,-0.4520605335854502,0.045743604868911755,1.8937790919981694,-0.027947713104368797,0.7744353000785701,0.19819945774268977,0.0,0.0,0.0,0.0,0.0,0.0,0.04358141136089832
9.77,0.7478081841846871,-0.4520605335854502,0.045743604868911755,1.8937790919981694,-0.027947713104368797,0.7744353000785701,0.1986355115407362,0.0,0.0,0.0,0.0,0.0,0.0,0.0436271154055351
9.78,0.7478081841846871,-0.4520605335854502,0.045743604868911755,1.8937790919981694,-0.027947713104368797,0.7744353000785701,0.1990719554629777,0.0,0.0,0.0,0.0,0.0,0.0,0.04365944325540483
9.79,0.7478081841846871,-0.4520605335854502,0.045743604868911755,1.8937790919981694,-0.027947713104368797,0.7744353000785701,0.19950865596671846,0.0,0.0,0.0,0.0,0.0,0.0,0.04367843951857562
9.8,0.7478081841846871,-0.4520605335854502,0.045743604868911755,1.8937790919981694,-0.027947713104368797,0.7744353000785701,0.19994547997802412,0.0,0.0,0.0,0.0,0.0,0.0,0.04368415333417277
9.81,0.7478081841846871,-0.4520605335854502,0.045743604868911755,1.8937790919981694,-0.027947713104368797,0.7744353000785701,0.2003822949368757,0.0,0.0,0.0,0.0,0.0,0.0,0.043676638340769215
9.82,0.7478081841846871,-0.4520605335854502,0.045743604868911755,1.8937790919981694,-0.027947713104368797,0.7744353000785701,0.20081896884199957,0.0,0.0,0.0,0.0,0.0,0.0,0.04365595264311586
9.83,0.7478081841846871,-0.4520605335854502,0.045743604868911755,1.8937790919981694,-0.027947713104368797,0.7744353000785701,0.2012553702953556,0.0,0.0,0.0,0.0,0.0,0.0,0.04362215877722901
9.84,0.7478081841846871,-0.4520605335854502,0.045743604868911755,1.8937790919981694,-0.027947713104368797,0.7744353000785701,0.20169136854626843,0.0,0.0,0.0,0.0,0.0,0.0,0.04357532367385147
9.85,0.7478081841846871,-0.4520605335854502,0.045743604868911755,1.8937790919981694,-0.027947713104368797,0.7744353000785701,0.20212683353518565,0.0,0.0,0.0,0.0,0.0,0.0,0.043515518620305636
9.86,0.7478081841846871,-0.4520605335854502,0.045743604868911755,1.8937790919981694,-0.027947713104368797,0.7744353000785701,0.2025616359370461,0.0,0.0,0.0,0.0,0.0,0.0,0.04344281922075669
9.87,0.7478081841846871,-0.4520605335854502,0.045743604868911755,1.8937790919981694,-0.027947713104368797,0.7744353000785701,0.2029956472042428,0.0,0.0,0.0,0.0,0.0,0.0,0.04335730535490526
9.88,0.7478081841846871,-0.4520605335854502,0.045743604868911755,1.8937790919981694,-0.027947713104368797,0.7744353000785701,0.20342873960916577,0.0,0.0,0.0,0.0,0.0,0.0,0.043259061135128785
9.89,0.7478081841846871,-0.4520605335854502,0.045743604868911755,1.8937790919981694,-0.027947713104368797,0.7744353000785701,0.2038607862863076,0.0,0.0,0.0,0.0,0.0,0.0,0.04314817486209252
9.9,0.7478081841846871,-0.4520605335854502,0.045743604868911755,1.8937790919981694,-0.027947713104368797,0.7744353000785701,0.2042916612739186,0.0,0.0,0.0,0.0,0.0,0.0,0.0430247389788504
9.91,0.7478081841846871,-0.4520605335854502,0.045743604868911755,1.8937790919981694,-0.027947713104368797,0.7744353000785701,0.2047212395551945,0.0,0.0,0.0,0.0,0.0,0.0,0.04288885002345779
9.92,0.7478081841846871,-0.4520605335854502,0.045743604868911755,1.8937790919981694,-0.027947713104368797,0.7744353000785701,0.20514939709898392,0.0,0.0,0.0,0.0,0.0,0.0,0.04274060858011762
9.93,0.7478081841846871,-0.4520605335854502,0.045743604868911755,1.8937790919981694,-0.027947713104368797,0.7744353000785701,0.20557601089999894,0.0,0.0,0.0,0.0,0.0,0.0,0.042580119228883107
9.94,0.7478081841846871,-0.4520605335854502,0.045743604868911755,1.8937790919981694,-0.027947713104368797,0.7744353000785701,0.2060009590185168,0.0,0.0,0.0,0.0,0.0,0.0,0.0424074904939396
9.95,0.7478081841846871,-0.4520605335854502,0.045743604868911755,1.8937790919981694,-0.027947713104368797,0.7744353000785701,0.20642412061955642,0.0,0.0,0.0,0.0,0.0,0.0,0.042222834790489695
9.96,0.7478081841846871,-0.4520605335854502,0.045743604868911755,1.8937790919981694,-0.027947713104368797,0.7744353000785701,0.20684537601151734,0.0,0.0,0.0,0.0,0.0,0.0,0.042026268370265754
9.97,0.7478081841846871,-0.4520605335854502,0.045743604868911755,1.8937790919981694,-0.027947713104368797,0.7744353000785701,0.20726460668426688,0.0,0.0,0.0,0.0,0.0,0.0,0.041817911265694487
9.98,0.7478081841846871,-0.4520605335854502,0.045743604868911755,1.8937790919981694,-0.027947713104368797,0.7744353000785701,0.20768169534666264,0.0,0.0,0.0,0.0,0.0,0.0,0.0415978872327387
9.99,0.7478081841846871,-0.4520605335854502,0.045743604868911755,1.8937790919981694,-0.027947713104368797,0.7744353000785701,0.20809652596349656,0.0,0.0,0.0,0.0,0.0,0.0,0.0413663236924425
10.0,0.7478081841846871,-0.4520605335854502,0.045743604868911755,1.8937790919981694,-0.027947713104368797,0.7744353000785701,0.20850898379184787,0.0,0.0,0.0,0.0,0.0,0.0,0.04112335167120568
10.01,0.7478081841846871,-0.4520605335854502,0.045743604868911755,1.8937790919981694,-0.027947713104368797,0.7744353000785701,0.2089189554168332,0.0,0.0,0.0,0.0,0.0,0.0,0.04086910573981424
10.02,0.7478081841846871,-0.4520605335854502,0.045743604868911755,1.8937790919981694,-0.027947713104368797,0.7744353000785701,0.20932632878674037,0.0,0.0,0.0,0.0,0.0,0.0,0.04060372395125428
10.03,0.7478081841846871,-0.4520605335854502,0.045743604868911755,1.8937790919981694,-0.027947713104368797,0.7744353000785701,0.20973099324753436,0.0,0.0,0.0,0.0,0.0,0.0,0.04032734777733683
10.04,0.7478081841846871,-0.4520605335854502,0.045743604868911755,1.8937790919981694,-0.027947713104368797,0.7744353000785701,0.2101328395767241,0.0,0.0,0.0,0.0,0.0,0.0,0.04004012204416159
10.05,0.7478081841846871,-0.4520605335854502,0.045743604868911755,1.8937790919981694,-0.027947713104368797,0.7744353000785701,0.21053176001657783,0.0,0.0,0.0,0.0,0.0,0.0,0.039742194866448234
10.06,0.7478081841846871,-0.4520605335854502,0.045743604868911755,1.8937790919981694,-0.027947713104368797,0.7744353000785701,0.21092764830667612,0.0,0.0,0.0,0.0,0.0,0.0,0.03943371758076456
10.07,0.7478081841846871,-0.4520605335854502,0.045743604868911755,1.8937790919981694,-0.027947713104368797,0.7744353000785701,0.21132039971579233,0.0,0.0,0.0,0.0,0.0,0.0,0.039114844677679936
10.08,0.7478081841846871,-0.4520605335854502,0.045743604868911755,1.8937790919981694,-0.027947713104368797,0.7744353000785701,0.2117099110730889,0.0,0.0,0.0,0.0,0.0,0.0,0.03878573373287446
10.09,0.7478081841846871,-0.4520605335854502,0.045743604868911755,1.8937790919981694,-0.027947713104368797,0.7744353000785701,0.21209608079861986,0.0,0.0,0.0,0.0,0.0,0.0,0.0384465453372338
10.1,0.7478081841846871,-0.4520605335854502,0.045743604868911755,1.8937790919981694,-0.027947713104368797,0.7744353000785701,0.21247880893312895,0.0,0.0,0.0,0.0,0.0,0.0,0.03809744302596042
10.11,0.7478081841846871,-0.4520605335854502,0.045743604868911755,1.8937790919981694,-0.027947713104368797,0.7744353000785701,0.2128579971671348,0.0,0.0,0.0,0.0,0.0,0.0,0.03773859320673097
10.12,0.7478081841846871,-0.4520605335854502,0.045743604868911755,1.8937790919981694,-0.027947713104368797,0.7744353000785701,0.2132335488692921,0.0,0.0,0.0,0.0,0.0,0.0,0.03737016508693254
10.13,0.7478081841846871,-0.4520605335854502,0.045743604868911755,1.8937790919981694,-0.027947713104368797,0.7744353000785701,0.21360536911402175,0.0,0.0,0.0,0.0,0.0,0.0,0.03699233060000781
10.14,0.7478081841846871,-0.4520605335854502,0.045743604868911755,1.8937790919981694,-0.027947713104368797,0.7744353000785701,0.21397336470839892,0.0,0.0,0.0,0.0,0.0,0.0,0.036605264330942335
10.15,0.7478081841846871,-0.4520605335854502,0.045743604868911755,1.8937790919981694,-0.027947713104368797,0.7744353000785701,0.21433744421829298,0.0,0.0,0.0,0.0,0.0,0.0,0.03620914344092404
10.16,0.7478081841846871,-0.4520605335854502,0.045743604868911755,1.8937790919981694,-0.027947713104368797,0.7744353000785701,0.21469751799374914,0.0,0.0,0.0,0.0,0.0,0.0,0.03580414759120974
10.17,0.7478081841846871,-0.4520605335854502,0.045743604868911755,1.8937790919981694,-0.027947713104368797,0.7744353000785701,0.2150534981936056,0.0,0.0,0.0,0.0,0.0,0.0,0.0353904588662292
10.18,0.7478081841846871,-0.4520605335854502,0.045743604868911755,1.8937790919981694,-0.027947713104368797,0.7744353000785701,0.2154052988093375,0.0,0.0,0.0,0.0,0.0,0.0,0.034968261695960866
10.19,0.7478081841846871,-0.4520605335854502,0.045743604868911755,1.8937790919981694,-0.027947713104368797,0.7744353000785701,0.2157528356881214,0.0,0.0,0.0,0.0,0.0,0.0,0.03453774277761222
10.2,0.7478081841846871,-0.4520605335854502,0.045743604868911755,1.8937790919981694,-0.027947713104368797,0.7744353000785701,0.2160960265551133,0.0,0.0,0.0,0.0,0.0,0.0,0.03409909099663724
10.21,0.7478081841846871,-0.4520605335854502,0.045743604868911755,1.8937790919981694,-0.027947713104368797,0.7744353000785701,0.21643479103493368,0.0,0.0,0.0,0.0,0.0,0.0,0.03365249734712576
10.22,0.7478081841846871,-0.4520605335854502,0.045743604868911755,1.8937790919981694,-0.027947713104368797,0.7744353000785701,0.21676905067235278,0.0,0.0,0.0,0.0,0.0,0.0,0.03319815485159817
10.23,0.7478081841846871,-0.4520605335854502,0.045743604868911755,1.8937790919981694,-0.027947713104368797,0.7744353000785701,0.21709872895217214,0.0,0.0,0.0,0.0,0.0,0.0,0.03273625848023834
10.24,0.7478081841846871,-0.4520605335854502,0.045743604868911755,1.8937790919981694,-0.027947713104368797,0.7744353000785701,0.21742375131829494,0.0,0.0,0.0,0.0,0.0,0.0,0.03226700506960032
10.25,0.7478081841846871,-0.4520605335854502,0.045743604868911755,1.8937790919981694,-0.027947713104368797,0.7744353000785701,0.21774404519198118,0.0,0.0,0.0,0.0,0.0,0.0,0.0317905932408224
10.26,0.7478081841846871,-0.4520605335854502,0.045743604868911755,1.8937790919981694,-0.027947713104368797,0.7744353000785701,0.21805953998928257,0.0,0.0,0.0,0.0,0.0,0.0,0.03130722331738313
10.27,0.7478081841846871,-0.4520605335854502,0.045743604868911755,1.8937790919981694,-0.027947713104368797,0.7744353000785701,0.21837016713765303,0.0,0.0,0.0,0.0,0.0,0.0,0.0308170972424332
10.28,0.7478081841846871,-0.4520605335854502,0.045743604868911755,1.8937790919981694,-0.027947713104368797,0.7744353000785701,0.2186758600917306,0.0,0.0,0.0,0.0,0.0,0.0,0.030320418495738986
10.29,0.7478081841846871,-0.4520605335854502,0.045743604868911755,1.8937790919981694,-0.027947713104368797,0.7744353000785701,0.21897655434828642,0.0,0.0,0.0,0.0,0.0,0.0,0.029817392010271514
10.3,0.7478081841846871,-0.4520605335854502,0.045743604868911755,1.8937790919981694,-0.027947713104368797,0.7744353000785701,0.2192721874603388,0.0,0.0,0.0,0.0,0.0,0.0,0.029308224088475842
10.31,0.7478081841846871,-0.4520605335854502,0.045743604868911755,1.8937790919981694,-0.027947713104368797,0.7744353000785701,0.21956269905042775,0.0,0.0,0.0,0.0,0.0,0.0,0.028793122318256707
10.32,0.7478081841846871,-0.4520605335854502,0.045743604868911755,1.8937790919981694,-0.027947713104368797,0.7744353000785701,0.21984803082304877,0.0,0.0,0.0,0.0,0.0,0.0,0.028272295488713094
10.33,0.7478081841846871,-0.4520605335854502,0.045743604868911755,1.8937790919981694,-0.027947713104368797,0.7744353000785701,0.22012812657624228,0.0,0.0,0.0,0.0,0.0,0.0,0.02774595350565976
10.34,0.7478081841846871,-0.4520605335854502,0.045743604868911755,1.8937790919981694,-0.027947713104368797,0.7744353000785701,0.22040293221233792,0.0,0.0,0.0,0.0,0.0,0.0,0.02721430730696787
10.35,0.7478081841846871,-0.4520605335854502,0.045743604868911755,1.8937790919981694,-0.027947713104368797,0.7744353000785701,0.22067239574785077,0.0,0.0,0.0,0.0,0.0,0.0,0.026677568777761954
10.36,0.7478081841846871,-0.4520605335854502,0.045743604868911755,1.8937790919981694,-0.027947713104368797,0.7744353000785701,0.22093646732252992,0.0,0.0,0.0,0.0,0.0,0.0,0.0261359506655062
10.37,0.7478081841846871,-0.4520605335854502,0.045743604868911755,1.8937790919981694,-0.027947713104368797,0.7744353000785701,0.22119509920755653,0.0,0.0,0.0,0.0,0.0,0.0,0.02558966649501678
10.38,0.7478081841846871,-0.4520605335854502,0.045743604868911755,1.8937790919981694,-0.027947713104368797,0.7744353000785701,0.22144824581289252,0.0,0.0,0.0,0.0,0.0,0.0,0.025038930483434176
10.39,0.7478081841846871,-0.4520605335854502,0.045743604868911755,1.8937790919981694,-0.027947713104368797,0.7744353000785701,0.22169586369377833,0.0,0.0,0.0,0.0,0.0,0.0,0.024483957455190636
10.4,0.7478081841846871,-0.4520605335854502,0.045743604868911755,1.8937790919981694,-0.027947713104368797,0.7744353000785701,0.22193791155638123,0.0,0.0,0.0,0.0,0.0,0.0,0.02392496275700695
10.41,0.7478081841846871,-0.4520605335854502,0.045743604868911755,1.8937790919981694,-0.027947713104368797,0.7744353000785701,0.22217435026259308,0.0,0.0,0.0,0.0,0.0,0.0,0.023362162172954663
10.42,0.7478081841846871,-0.4520605335854502,0.045743604868911755,1.8937790919981694,-0.027947713104368797,0.7744353000785701,0.2224051428339796,0.0,0.0,0.0,0.0,0.0,0.0,0.022795771839617243
10.43,0.7478081841846871,-0.4520605335854502,0.045743604868911755,1.8937790919981694,-0.027947713104368797,0.7744353000785701,0.22263025445488205,0.0,0.0,0.0,0.0,0.0,0.0,0.02222600816138455
10.44,0.7478081841846871,-0.4520605335854502,0.045743604868911755,1.8937790919981694,-0.027947713104368797,0.7744353000785701,0.2228496524746722,0.0,0.0,0.0,0.0,0.0,0.0,0.02165308772591586
10.45,0.7478081841846871,-0.4520605335854502,0.045743604868911755,1.8937790919981694,-0.027947713104368797,0.7744353000785701,0.22306330640916325,0.0,0.0,0.0,0.0,0.0,0.0,0.021077227219805456
10.46,0.7478081841846871,-0.4520605335854502,0.045743604868911755,1.8937790919981694,-0.027947713104368797,0.7744353000785701,0.22327118794117862,0.0,0.0,0.0,0.0,0.0,0.0,0.02049864334448379
10.47,0.7478081841846871,-0.4520605335854502,0.045743604868911755,1.8937790919981694,-0.027947713104368797,0.7744353000785701,0.22347327092028066,0.0,0.0,0.0,0.0,0.0,0.0,0.019917552732390466
10.48,0.7478081841846871,-0.4520605335854502,0.045743604868911755,1.8937790919981694,-0.027947713104368797,0.7744353000785701,0.22366953136166315,0.0,0.0,0.0,0.0,0.0,0.0,0.019334171863449524
10.49,0.7478081841846871,-0.4520605335854502,0.045743604868911755,1.8937790919981694,-0.027947713104368797,0.7744353000785701,0.22385994744420964,0.0,0.0,0.0,0.0,0.0,0.0,0.018748716981884198
10.5,0.7478081841846871,-0.4520605335854502,0.045743604868911755,1.8937790919981694,-0.027947713104368797,0.7744353000785701,0.22404449950772232,0.0,0.0,0.0,0.0,0.0,0.0,0.018161404013401248
10.51,0.7478081841846871,-0.4520605335854502,0.045743604868911755,1.8937790919981694,-0.027947713104368797,0.7744353000785701,0.22422317004932418,0.0,0.0,0.0,0.0,0.0,0.0,0.017572448482780553
10.52,0.7478081841846871,-0.4520605335854502,0.045743604868911755,1.8937790919981694,-0.027947713104368797,0.7744353000785701,0.22439594371903976,0.0,0.0,0.0,0.0,0.0,0.0,0.01698206543190062
10.53,0.7478081841846871,-0.4520605335854502,0.045743604868911755,1.8937790919981694,-0.027947713104368797,0.7744353000785701,0.22456280731455797,0.0,0.0,0.0,0.0,0.0,0.0,0.01639046933823444
10.54,0.7478081841846871,-0.4520605335854502,0.045743604868911755,1.8937790919981694,-0.027947713104368797,0.7744353000785701,0.2247237497751827,0.0,0.0,0.0,0.0,0.0,0.0,0.015797874033847248
10.55,0.7478081841846871,-0.4520605335854502,0.045743604868911755,1.8937790919981694,-0.027947713104368797,0.7744353000785701,0.22487876217497602,0.0,0.0,0.0,0.0,0.0,0.0,0.015204492624927603
10.56,0.7478081841846871,-0.4520605335854502,0.045743604868911755,1.8937790919981694,-0.027947713104368797,0.7744353000785701,0.2250278377150992,0.0,0.0,0.0,0.0,0.0,0.0,0.014610537411885541
10.57,0.7478081841846871,-0.4520605335854502,0.045743604868911755,1.8937790919981694,-0.027947713104368797,0.7744353000785701,0.22517097171535816,0.0,0.0,0.0,0.0,0.0,0.0,0.014016219810046348
10.58,0.7478081841846871,-0.4520605335854502,0.045743604868911755,1.8937790919981694,-0.027947713104368797,0.7744353000785701,0.22530816160495845,0.0,0.0,0.0,0.0,0.0,0.0,0.013421750270974558
10.59,0.7478081841846871,-0.4520605335854502,0.045743604868911755,1.8937790919981694,-0.027947713104368797,0.7744353000785701,0.22543940691247716,0.0,0.0,0.0,0.0,0.0,0.0,0.012827338204455706
10.6,0.7478081841846871,-0.4520605335854502,0.045743604868911755,1.8937790919981694,-0.027947713104368797,0.7744353000785701,0.2255647092550579,0.0,0.0,0.0,0.0,0.0,0.0,0.012233191901168807
10.61,0.7478081841846871,-0.4520605335854502,0.045743604868911755,1.8937790919981694,-0.027947713104368797,0.7744353000785701,0.22568407232683585,0.0,0.0,0.0,0.0,0.0,0.0,0.011639518456078494
10.62,0.7478081841846871,-0.4520605335854502,0.045743604868911755,1.8937790919981694,-0.027947713104368797,0.7744353000785701,0.22579750188660103,0.0,0.0,0.0,0.0,0.0,0.0,0.011046523692576457
10.63,0.7478081841846871,-0.4520605335854502,0.045743604868911755,1.8937790919981694,-0.027947713104368797,0.7744353000785701,0.22590500574470634,0.0,0.0,0.0,0.0,0.0,0.0,0.010454412087402203
10.64,0.7478081841846871,-0.4520605335854502,0.045743604868911755,1.8937790919981694,-0.027947713104368797,0.7744353000785701,0.22600659374922896,0.0,0.0,0.0,0.0,0.0,0.0,0.009863386696372331
10.65,0.7478081841846871,-0.4520605335854502,0.045743604868911755,1.8937790919981694,-0.027947713104368797,0.7744353000785701,0.22610227777139327,0.0,0.0,0.0,0.0,0.0,0.0,0.009273649080945304
10.66,0.7478081841846871,-0.4520605335854502,0.045743604868911755,1.8937790919981694,-0.027947713104368797,0.7744353000785701,0.22619207169026373,0.0,0.0,0.0,0.0,0.0,0.0,0.008685399235651814
10.67,0.7478081841846871,-0.4520605335854502,0.045743604868911755,1.8937790919981694,-0.027947713104368797,0.7744353000785701,0.22627599137671645,0.0,0.0,0.0,0.0,0.0,0.0,0.00809883551641753
10.68,0.7478081841846871,-0.4520605335854502,0.045743604868911755,1.8937790919981694,-0.027947713104368797,0.7744353000785701,0.2263540546766985,0.0,0.0,0.0,0.0,0.0,0.0,0.007514154569805901
10.69,0.7478081841846871,-0.4520605335854502,0.045743604868911755,1.8937790919981694,-0.027947713104368797,0.7744353000785701,0.2264262813937846,0.0,0.0,0.0,0.0,0.0,0.0,0.006931551263206872
10.7,0.7478081841846871,-0.4520605335854502,0.045743604868911755,1.8937790919981694,-0.027947713104368797,0.7744353000785701,0.22649269327104016,0.0,0.0,0.0,0.0,0.0,0.0,0.00635121861599986
10.71,0.7478081841846871,-0.4520605335854502,0.045743604868911755,1.8937790919981694,-0.027947713104368797,0.7744353000785701,0.22655331397220133,0.0,0.0,0.0,0.0,0.0,0.0,0.005773347731714508
10.72,0.7478081841846871,-0.4520605335854502,0.045743604868911755,1.8937790919981694,-0.027947713104368797,0.7744353000785701,0.22660816906218137,0.0,0.0,0.0,0.0,0.0,0.0,0.005198127731217383
10.73,0.7478081841846871,-0.4520605335854502,0.045743604868911755,1.8937790919981694,-0.027947713104368797,0.7744353000785701,0.22665728598691456,0.0,0.0,0.0,0.0,0.0,0.0,0.004625745686946392
10.74,0.7478081841846871,-0.4520605335854502,0.045743604868911755,1.8937790919981694,-0.027947713104368797,0.7744353000785701,0.22670069405254734,0.0,0.0,0.0,0.0,0.0,0.0,0.004056386558220823
10.75,0.7478081841846871,-0.4520605335854502,0.045743604868911755,1.8937790919981694,-0.027947713104368797,0.7744353000785701,0.22673842440398828,0.0,0.0,0.0,0.0,0.0,0.0,0.003490233127647913
10.76,0.7478081841846871,-0.4520605335854502,0.045743604868911755,1.8937790919981694,-0.027947713104368797,0.7744353000785701,0.22677051000282783,0.0,0.0,0.0,0.0,0.0,0.0,0.002927465938651481
10.77,0.7478081841846871,-0.4520605335854502,0.045743604868911755,1.8937790919981694,-0.027947713104368797,0.7744353000785701,0.22679698560463862,0.0,0.0,0.0,0.0,0.0,0.0,0.0023682632341446765
10.78,0.7478081841846871,-0.4520605335854502,0.045743604868911755,1.8937790919981694,-0.027947713104368797,0.7744353000785701,0.2268178877356687,0.0,0.0,0.0,0.0,0.0,0.0,0.0018128008963688102
10.79,0.7478081841846871,-0.4520605335854502,0.045743604868911755,1.8937790919981694,-0.027947713104368797,0.7744353000785701,0.22683325466893903,0.0,0.0,0.0,0.0,0.0,0.0,0.0012612523879210994
10.8,0.7478081841846871,-0.4520605335854502,0.045743604868911755,1.8937790919981694,-0.027947713104368797,0.7744353000785701,0.2268431263997571,0.0,0.0,0.0,0.0,0.0,0.0,0.000713788693991918
10.81,0.7478081841846871,-0.4520605335854502,0.045743604868911755,1.8937790919981694,-0.027947713104368797,0.7744353000785701,0.22684754462065915,0.0,0.0,0.0,0.0,0.0,0.0,0.00017057826583251407
10.82,0.7478081841846871,-0.4520605335854502,0.045743604868911755,1.8937790919981694,-0.027947713104368797,0.7744353000785701,0.22684655269579346,-0.0,-0.0,-0.0,-0.0,-0.0,-0.0,-0.00036821303452741526
10.83,0.7478081841846871,-0.4520605335854502,0.045743604868911755,1.8937790919981694,-0.027947713104368797,0.7744353000785701,0.22684019563475682,-0.0,-0.0,-0.0,-0.0,-0.0,-0.0,-0.00090242198829123
10.84,0.7478081841846871,-0.4520605335854502,0.045743604868911755,1.8937790919981694,-0.027947713104368797,0.7744353000785701,0.22682852006589768,-0.0,-0.0,-0.0,-0.0,-0.0,-0.0,-0.0014318880726180714
10.85,0.7478081841846871,-0.4520605335854502,0.045743604868911755,1.8937790919981694,-0.027947713104368797,0.7744353000785701,0.2268115742090983,-0.0,-0.0,-0.0,-0.0,-0.0,-0.0,-0.0019564535120386905
10.86,0.7478081841846871,-0.4520605335854502,0.045743604868911755,1.8937790919981694,-0.027947713104368797,0.7744353000785701,0.22678940784804955,-0.0,-0.0,-0.0,-0.0,-0.0,-0.0,-0.00247596332854552
10.87,0.7478081841846871,-0.4520605335854502,0.045743604868911755,1.8937790919981694,-0.027947713104368797,0.7744353000785701,0.22676207230203133,-0.0,-0.0,-0.0,-0.0,-0.0,-0.0,-0.0029902653903404095
10.88,0.7478081841846871,-0.4520605335854502,0.045743604868911755,1.8937790919981694,-0.027947713104368797,0.7744353000785701,0.22672962039721242,-0.0,-0.0,-0.0,-0.0,-0.0,-0.0,-0.003499210459224096
10.89,0.7478081841846871,-0.4520605335854502,0.045743604868911755,1.8937790919981694,-0.027947713104368797,0.7744353000785701,0.22669210643748341,-0.0,-0.0,-0.0,-0.0,-0.0,-0.0,-0.004002652236609635
10.9,0.7478081841846871,-0.4520605335854502,0.045743604868911755,1.8937790919981694,-0.027947713104368797,0.7744353000785701,0.22664958617483613,-0.0,-0.0,-0.0,-0.0,-0.0,-0.0,-0.0045004474081471605
10.91,0.7478081841846871,-0.4520605335854502,0.045743604868911755,1.8937790919981694,-0.027947713104368797,0.7744353000785701,0.226602116779304,-0.0,-0.0,-0.0,-0.0,-0.0,-0.0,-0.004992455686942298
10.92,0.7478081841846871,-0.4520605335854502,0.045743604868911755,1.8937790919981694,-0.027947713104368797,0.7744353000785701,0.22654975680847741,-0.0,-0.0,-0.0,-0.0,-0.0,-0.0,-0.005478539855356824
10.93,0.7478081841846871,-0.4520605335854502,0.045743604868911755,1.8937790919981694,-0.027947713104368797,0.7744353000785701,0.22649256617660804,-0.0,-0.0,-0.0,-0.0,-0.0,-0.0,-0.005958565805376068
10.94,0.7478081841846871,-0.4520605335854502,0.045743604868911755,1.8937790919981694,-0.027947713104368797,0.7744353000785701,0.2264306061233168,-0.0,-0.0,-0.0,-0.0,-0.0,-0.0,-0.0064324025775320285
10.95,0.7478081841846871,-0.4520605335854502,0.045743604868911755,1.8937790919981694,-0.027947713104368797,0.7744353000785701,0.22636393918191983,-0.0,-0.0,-0.0,-0.0,-0.0,-0.0,-0.006899922398368701
10.96,0.7478081841846871,-0.4520605335854502,0.045743604868911755,1.8937790919981694,-0.027947713104368797,0.7744353000785701,0.22629262914738715,-0.0,-0.0,-0.0,-0.0,-0.0,-0.0,-0.007361000716438852
10.97,0.7478081841846871,-0.4520605335854502,0.045743604868911755,1.8937790919981694,-0.027947713104368797,0.7744353000785701,0.22621674104394887,-0.0,-0.0,-0.0,-0.0,-0.0,-0.0,-0.007815516236821212
10.98,0.7478081841846871,-0.4520605335854502,0.045743604868911755,1.8937790919981694,-0.027947713104368797,0.7744353000785701,0.2261363410923633,-0.0,-0.0,-0.0,-0.0,-0.0,-0.0,-0.008263350954148579
10.99,0.7478081841846871,-0.4520605335854502,0.045743604868911755,1.8937790919981694,-0.027947713104368797,0.7744353000785701,0.22605149667686272,-0.0,-0.0,-0.0,-0.0,-0.0,-0.0,-0.008704390184135994
11.0,0.7478081841846871,-0.4520605335854502,0.045743604868911755,1.8937790919981694,-0.027947713104368797,0.7744353000785701,0.22596227631179117,-0.0,-0.0,-0.0,-0.0,-0.0,-0.0,-0.00913852259360124
11.01,0.7478081841846871,-0.4520605335854502,0.045743604868911755,1.8937790919981694,-0.027947713104368797,0.7744353000785701,0.22586874960794956,-0.0,-0.0,-0.0,-0.0,-0.0,-0.0,-0.009565640228969566
11.02,0.7478081841846871,-0.4520605335854502,0.045743604868911755,1.8937790919981694,-0.027947713104368797,0.7744353000785701,0.2257709872386634,-0.0,-0.0,-0.0,-0.0,-0.0,-0.0,-0.009985638543254419
11.03,0.7478081841846871,-0.4520605335854502,0.045743604868911755,1.8937790919981694,-0.027947713104368797,0.7744353000785701,0.22566906090558858,-0.0,-0.0,-0.0,-0.0,-0.0,-0.0,-0.010398416421507751
11.04,0.7478081841846871,-0.4520605335854502,0.045743604868911755,1.8937790919981694,-0.027947713104368797,0.7744353000785701,0.22556304330426985,-0.0,-0.0,-0.0,-0.0,-0.0,-0.0,-0.010803876204734284
11.05,0.7478081841846871,-0.4520605335854502,0.045743604868911755,1.8937790919981694,-0.027947713104368797,0.7744353000785701,0.22545300808946836,-0.0,-0.0,-0.0,-0.0,-0.0,-0.0,-0.01120192371226334
11.06,0.7478081841846871,-0.4520605335854502,0.045743604868911755,1.8937790919981694,-0.027947713104368797,0.7744353000785701,0.22533902984027293,-0.0,-0.0,-0.0,-0.0,-0.0,-0.0,-0.011592468262573794
11.07,0.7478081841846871,-0.4520605335854502,0.045743604868911755,1.8937790919981694,-0.027947713104368797,0.7744353000785701,0.22522118402501087,-0.0,-0.0,-0.0,-0.0,-0.0,-0.0,-0.011975422692568802
11.08,0.7478081841846871,-0.4520605335854502,0.045743604868911755,1.8937790919981694,-0.027947713104368797,0.7744353000785701,0.22509954696597384,-0.0,-0.0,-0.0,-0.0,-0.0,-0.0,-0.012350703375295773
11.09,0.7478081841846871,-0.4520605335854502,0.045743604868911755,1.8937790919981694,-0.027947713104368797,0.7744353000785701,0.22497419580397435,-0.0,-0.0,-0.0,-0.0,-0.0,-0.0,-0.012718230236109409
11.1,0.7478081841846871,-0.4520605335854502,0.045743604868911755,1.8937790919981694,-0.027947713104368797,0.7744353000785701,0.22484520846274827,-0.0,-0.0,-0.0,-0.0,-0.0,-0.0,-0.013077926767275573
11.11,0.7478081841846871,-0.4520605335854502,0.045743604868911755,1.8937790919981694,-0.027947713104368797,0.7744353000785701,0.22471266361321932,-0.0,-0.0,-0.0,-0.0,-0.0,-0.0,-0.013429720041015157
11.12,0.7478081841846871,-0.4520605335854502,0.045743604868911755,1.8937790919981694,-0.027947713104368797,0.7744353000785701,0.2245766406376407,-0.0,-0.0,-0.0,-0.0,-0.0,-0.0,-0.013773540720986138
11.13,0.7478081841846871,-0.4520605335854502,0.045743604868911755,1.8937790919981694,-0.027947713104368797,0.7744353000785701,0.22443721959362986,-0.0,-0.0,-0.0,-0.0,-0.0,-0.0,-0.014109323072205181
11.14,0.7478081841846871,-0.4520605335854502,0.045743604868911755,1.8937790919981694,-0.027947713104368797,0.7744353000785701,0.22429448117811185,-0.0,-0.0,-0.0,-0.0,-0.0,-0.0,-0.014437004969407858
11.15,0.7478081841846871,-0.4520605335854502,0.045743604868911755,1.8937790919981694,-0.027947713104368797,0.7744353000785701,0.2241485066911867,-0.0,-0.0,-0.0,-0.0,-0.0,-0.0,-0.014756527903850718
11.16,0.7478081841846871,-0.4520605335854502,0.045743604868911755,1.8937790919981694,-0.027947713104368797,0.7744353000785701,0.2239993779999368,-0.0,-0.0,-0.0,-0.0,-0.0,-0.0,-0.015067836988555135
11.17,0.7478081841846871,-0.4520605335854502,0.045743604868911755,1.8937790919981694,-0.027947713104368797,0.7744353000785701,0.22384717750218955,-0.0,-0.0,-0.0,-0.0,-0.0,-0.0,-0.01537088096199741
11.18,0.7478081841846871,-0.4520605335854502,0.045743604868911755,1.8937790919981694,-0.027947713104368797,0.7744353000785701,0.22369198809025065,-0.0,-0.0,-0.0,-0.0,-0.0,-0.0,-0.01566561219024724
11.19,0.7478081841846871,-0.4520605335854502,0.045743604868911755,1.8937790919981694,-0.027947713104368797,0.7744353000785701,0.22353389311462413,-0.0,-0.0,-0.0,-0.0,-0.0,-0.0,-0.015951986667559086
11.2,0.7478081841846871,-0.4520605335854502,0.045743604868911755,1.8937790919981694,-0.027947713104368797,0.7744353000785701,0.22337297634773376,-0.0,-0.0,-0.0,-0.0,-0.0,-0.0,-0.016229964015421258
11.21,0.7478081841846871,-0.4520605335854502,0.045743604868911755,1.8937790919981694,-0.027947713104368797,0.7744353000785701,0.22320932194766205,-0.0,-0.0,-0.0,-0.0,-0.0,-0.0,-0.016499507480067607
11.22,0.7478081841846871,-0.4520605335854502,0.045743604868911755,1.8937790919981694,-0.027947713104368797,0.7744353000785701,0.2230430144219216,-0.0,-0.0,-0.0,-0.0,-0.0,-0.0,-0.016760583928457858
11.23,0.7478081841846871,-0.4520605335854502,0.045743604868911755,1.8937790919981694,-0.027947713104368797,0.7744353000785701,0.2228741385912742,-0.0,-0.0,-0.0,-0.0,-0.0,-0.0,-0.017013163842733867
11.24,0.7478081841846871,-0.4520605335854502,0.045743604868911755,1.8937790919981694,-0.027947713104368797,0.7744353000785701,0.2227027795536131,-0.0,-0.0,-0.0,-0.0,-0.0,-0.0,-0.01725722131315823
11.25,0.7478081841846871,-0.4520605335854502,0.045743604868911755,1.8937790919981694,-0.027947713104368797,0.7744353000785701,0.22252902264792335,-0.0,-0.0,-0.0,-0.0,-0.0,-0.0,-0.017492734029543634
11.26,0.7478081841846871,-0.4520605335854502,0.045743604868911755,1.8937790919981694,-0.027947713104368797,0.7744353000785701,0.2223529534183356,-0.0,-0.0,-0.0,-0.0,-0.0,-0.0,-0.017719683271181307
11.27,0.7478081841846871,-0.4520605335854502,0.045743604868911755,1.8937790919981694,-0.027947713104368797,0.7744353000785701,0.22217465757828767,-0.0,-0.0,-0.0,-0.0,-0.0,-0.0,-0.017938053895278246
11.28,0.7478081841846871,-0.4520605335854502,0.045743604868911755,1.8937790919981694,-0.027947713104368797,0.7744353000785701,0.22199422097480942,-0.0,-0.0,-0.0,-0.0,-0.0,-0.0,-0.018147834323912315
11.29,0.7478081841846871,-0.4520605335854502,0.045743604868911755,1.8937790919981694,-0.027947713104368797,0.7744353000785701,0.2218117295529456,-0.0,-0.0,-0.0,-0.0,-0.0,-0.0,-0.018349016529516194
11.3,0.7478081841846871,-0.4520605335854502,0.045743604868911755,1.8937790919981694,-0.027947713104368797,0.7744353000785701,0.2216272693203306,-0.0,-0.0,-0.0,-0.0,-0.0,-0.0,-0.018541596018901242
11.31,0.7478081841846871,-0.4520605335854502,0.045743604868911755,1.8937790919981694,-0.027947713104368797,0.7744353000785701,0.22144092631193107,-0.0,-0.0,-0.0,-0.0,-0.0,-0.0,-0.018725571815832478
11.32,0.7478081841846871,-0.4520605335854502,0.045743604868911755,1.8937790919981694,-0.027947713104368797,0.7744353000785701,0.22125278655496905,-0.0,-0.0,-0.0,-0.0,-0.0,-0.0,-0.0189009464421678
11.33,0.7478081841846871,-0.4520605335854502,0.045743604868911755,1.8937790919981694,-0.027947713104368797,0.7744353000785701,0.2210629360340415,-0.0,-0.0,-0.0,-0.0,-0.0,-0.0,-0.01906772589757337
11.34,0.7478081841846871,-0.4520605335854502,0.045743604868911755,1.8937790919981694,-0.027947713104368797,0.7744353000785701,0.22087146065644955,-0.0,-0.0,-0.0,-0.0,-0.0,-0.0,-0.01922591963782946
11.35,0.7478081841846871,-0.4520605335854502,0.045743604868911755,1.8937790919981694,-0.027947713104368797,0.7744353000785701,0.22067844621775148,-0.0,-0.0,-0.0,-0.0,-0.0,-0.0,-0.019375540551740258
11.36,0.7478081841846871,-0.4520605335854502,0.045743604868911755,1.8937790919981694,-0.027947713104368797,0.7744353000785701,0.22048397836755393,-0.0,-0.0,-0.0,-0.0,-0.0,-0.0,-0.019516604936662674
11.37,0.7478081841846871,-0.4520605335854502,0.045743604868911755,1.8937790919981694,-0.027947713104368797,0.7744353000785701,0.22028814257555415,-0.0,-0.0,-0.0,-0.0,-0.0,-0.0,-0.019649132472669136
11.38,0.7478081841846871,-0.4520605335854502,0.045743604868911755,1.8937790919981694,-0.027947713104368797,0.7744353000785701,0.22009102409784792,-0.0,-0.0,-0.0,-0.0,-0.0,-0.0,-0.019773146195360095
11.39,0.7478081841846871,-0.4520605335854502,0.045743604868911755,1.8937790919981694,-0.027947713104368797,0.7744353000785701,0.21989270794351565,-0.0,-0.0,-0.0,-0.0,-0.0,-0.0,-0.019888672467342876
11.4,0.7478081841846871,-0.4520605335854502,0.045743604868911755,1.8937790919981694,-0.027947713104368797,0.7744353000785701,0.21969327884150042,-0.0,-0.0,-0.0,-0.0,-0.0,-0.0,-0.019995740948393497
11.41,0.7478081841846871,-0.4520605335854502,0.045743604868911755,1.8937790919981694,-0.027947713104368797,0.7744353000785701,0.21949282120779084,-0.0,-0.0,-0.0,-0.0,-0.0,-0.0,-0.02009438456431884
11.42,0.7478081841846871,-0.4520605335854502,0.045743604868911755,1.8937790919981694,-0.027947713104368797,0.7744353000785701,0.219291419112922,-0.0,-0.0,-0.0,-0.0,-0.0,-0.0,-0.02018463947453728
11.43,0.7478081841846871,-0.4520605335854502,0.045743604868911755,1.8937790919981694,-0.027947713104368797,0.7744353000785701,0.21908915624980635,-0.0,-0.0,-0.0,-0.0,-0.0,-0.0,-0.02026654503839627
11.44,0.7478081841846871,-0.4520605335854502,0.045743604868911755,1.8937790919981694,-0.027947713104368797,0.7744353000785701,0.21888611590190843,-0.0,-0.0,-0.0,-0.0,-0.0,-0.0,-0.02034014378024561
11.45,0.7478081841846871,-0.4520605335854502,0.045743604868911755,1.8937790919981694,-0.027947713104368797,0.7744353000785701,0.2186823809117743,-0.0,-0.0,-0.0,-0.0,-0.0,-0.0,-0.0204054813532861
11.46,0.7478081841846871,-0.4520605335854502,0.045743604868911755,1.8937790919981694,-0.027947713104368797,0.7744353000785701,0.21847803364992896,-0.0,-0.0,-0.0,-0.0,-0.0,-0.0,-0.020462606502213525
11.47,0.7478081841846871,-0.4520605335854502,0.045743604868911755,1.8937790919981694,-0.027947713104368797,0.7744353000785701,0.21827315598415306,-0.0,-0.0,-0.0,-0.0,-0.0,-0.0,-0.020511571024678203
11.48,0.7478081841846871,-0.4520605335854502,0.045743604868911755,1.8937790919981694,-0.027947713104368797,0.7744353000785701,0.21806782924915089,-0.0,-0.0,-0.0,-0.0,-0.0,-0.0,-0.020552429731581494
11.49,0.7478081841846871,-0.4520605335854502,0.045743604868911755,1.8937790919981694,-0.027947713104368797,0.7744353000785701,0.21786213421662123,-0.0,-0.0,-0.0,-0.0,-0.0,-0.0,-0.02058524040623007
11.5,0.7478081841846871,-0.4520605335854502,0.045743604868911755,1.8937790919981694,-0.027947713104368797,0.7744353000785701,0.21765615106574215,-0.0,-0.0,-0.0,-0.0,-0.0,-0.0,-0.020610063762370286
11.51,0.7478081841846871,-0.4520605335854502,0.045743604868911755,1.8937790919981694,-0.027947713104368797,0.7744353000785701,0.21744995935408104,-0.0,-0.0,-0.0,-0.0,-0.0,-0.0,-0.02062696340112457
11.52,0.7478081841846871,-0.4520605335854502,0.045743604868911755,1.8937790919981694,-0.027947713104368797,0.7744353000785701,0.21724363798894067,-0.0,-0.0,-0.0,-0.0,-0.0,-0.0,-0.020636005766852854
11.53,0.7478081841846871,-0.4520605335854502,0.045743604868911755,1.8937790919981694,-0.027947713104368797,0.7744353000785701,0.2170372651991518,-0.0,-0.0,-0.0,-0.0,-0.0,-0.0,-0.020637260101961926
11.54,0.7478081841846871,-0.4520605335854502,0.045743604868911755,1.8937790919981694,-0.027947713104368797,0.7744353000785701,0.21683091850732325,-0.0,-0.0,-0.0,-0.0,-0.0,-0.0,-0.020630798400686354
11.55,0.7478081841846871,-0.4520605335854502,0.045743604868911755,1.8937790919981694,-0.027947713104368797,0.7744353000785701,0.2166246747025584,-0.0,-0.0,-0.0,-0.0,-0.0,-0.0,-0.020616695361864987
11.56,0.7478081841846871,-0.4520605335854502,0.045743604868911755,1.8937790919981694,-0.027947713104368797,0.7744353000785701,0.21641860981364996,-0.0,-0.0,-0.0,-0.0,-0.0,-0.0,-0.020595028340737287
11.57,0.7478081841846871,-0.4520605335854502,0.045743604868911755,1.8937790919981694,-0.027947713104368797,0.7744353000785701,0.21621279908276053,-0.0,-0.0,-0.0,-0.0,-0.0,-0.0,-0.020565877299784072
11.58,0.7478081841846871,-0.4520605335854502,0.045743604868911755,1.8937790919981694,-0.027947713104368797,0.7744353000785701,0.21600731693960007,-0.0,-0.0,-0.0,-0.0,-0.0,-0.0,-0.020529324758637942
11.59,0.7478081841846871,-0.4520605335854502,0.045743604868911755,1.8937790919981694,-0.027947713104368797,0.7744353000785701,0.21580223697610854,-0.0,-0.0,-0.0,-0.0,-0.0,-0.0,-0.020485455743088823
11.6,0.7478081841846871,-0.4520605335854502,0.045743604868911755,1.8937790919981694,-0.027947713104368797,0.7744353000785701,0.21559763192165293,-0.0,-0.0,-0.0,-0.0,-0.0,-0.0,-0.0204343577332101
11.61,0.7478081841846871,-0.4520605335854502,0.045743604868911755,1.8937790919981694,-0.027947713104368797,0.7744353000785701,0.21539357361874756,-0.0,-0.0,-0.0,-0.0,-0.0,-0.0,-0.020376120610631727
11.62,0.7478081841846871,-0.4520605335854502,0.045743604868911755,1.8937790919981694,-0.027947713104368797,0.7744353000785701,0.2151901329993054,-0.0,-0.0,-0.0,-0.0,-0.0,-0.0,-0.0203108366049865
11.63,0.7478081841846871,-0.4520605335854502,0.045743604868911755,1.8937790919981694,-0.027947713104368797,0.7744353000785701,0.21498738006142917,-0.0,-0.0,-0.0,-0.0,-0.0,-0.0,-0.02023860023955639
11.64,0.7478081841846871,-0.4520605335854502,0.045743604868911755,1.8937790919981694,-0.027947713104368797,0.7744353000785701,0.21478538384675003,-0.0,-0.0,-0.0,-0.0,-0.0,-0.0,-0.020159508276145724
11.65,0.7478081841846871,-0.4520605335854502,0.045743604868911755,1.8937790919981694,-0.027947713104368797,0.7744353000785701,0.2145842124183209,-0.0,-0.0,-0.0,-0.0,-0.0,-0.0,-0.020073659659208647
11.66,0.7478081841846871,-0.4520605335854502,0.045743604868911755,1.8937790919981694,-0.027947713104368797,0.7744353000785701,0.21438393283907245,-0.0,-0.0,-0.0,-0.0,-0.0,-0.0,-0.01998115545925823
11.67,0.7478081841846871,-0.4520605335854502,0.045743604868911755,1.8937790919981694,-0.027947713104368797,0.7744353000785701,0.21418461115083826,-0.0,-0.0,-0.0,-0.0,-0.0,-0.0,-0.0198820988155852
11.68,0.7478081841846871,-0.4520605335854502,0.045743604868911755,1.8937790919981694,-0.027947713104368797,0.7744353000785701,0.21398631235395635,-0.0,-0.0,-0.0,-0.0,-0.0,-0.0,-0.019776594878314242
11.69,0.7478081841846871,-0.4520605335854502,0.045743604868911755,1.8937790919981694,-0.027947713104368797,0.7744353000785701,0.21378910038745305,-0.0,-0.0,-0.0,-0.0,-0.0,-0.0,-0.019664750749825977
11.7,0.7478081841846871,-0.4520605335854502,0.045743604868911755,1.8937790919981694,-0.027947713104368797,0.7744353000785701,0.21359303810981609,-0.0,-0.0,-0.0,-0.0,-0.0,-0.0,-0.019546675425573305
11.71,0.7478081841846871,-0.4520605335854502,0.045743604868911755,1.8937790919981694,-0.027947713104368797,0.7744353000785701,0.2133981872803619,-0.0,-0.0,-0.0,-0.0,-0.0,-0.0,-0.019422479734320656
11.72,0.7478081841846871,-0.4520605335854502,0.045743604868911755,1.8937790919981694,-0.027947713104368797,0.7744353000785701,0.213204608541204,-0.0,-0.0,-0.0,-0.0,-0.0,-0.0,-0.019292276277835155
11.73,0.7478081841846871,-0.4520605335854502,0.045743604868911755,1.8937790919981694,-0.027947713104368797,0.7744353000785701,0.21301236139982627,-0.0,-0.0,-0.0,-0.0,-0.0,-0.0,-0.019156179370058243
11.74,0.7478081841846871,-0.4520605335854502,0.045743604868911755,1.8937790919981694,-0.027947713104368797,0.7744353000785701,0.21282150421226773,-0.0,-0.0,-0.0,-0.0,-0.0,-0.0,-0.019014304975787665
11.75,0.7478081841846871,-0.4520605335854502,0.045743604868911755,1.8937790919981694,-0.027947713104368797,0.7744353000785701,0.21263209416692228,-0.0,-0.0,-0.0,-0.0,-0.0,-0.0,-0.01886677064889858
11.76,0.7478081841846871,-0.4520605335854502,0.045743604868911755,1.8937790919981694,-0.027947713104368797,0.7744353000785701,0.2124441872689587,-0.0,-0.0,-0.0,-0.0,-0.0,-0.0,-0.018713695470133497
11.77,0.7478081841846871,-0.4520605335854502,0.045743604868911755,1.8937790919981694,-0.027947713104368797,0.7744353000785701,0.21225783832536488,-0.0,-0.0,-0.0,-0.0,-0.0,-0.0,-0.01855519998449071
11.78,0.7478081841846871,-0.4520605335854502,0.045743604868911755,1.8937790919981694,-0.027947713104368797,0.7744353000785701,0.2120731009306196,-0.0,-0.0,-0.0,-0.0,-0.0,-0.0,-0.018391406138240505
11.79,0.7478081841846871,-0.4520605335854502,0.045743604868911755,1.8937790919981694,-0.027947713104368797,0.7744353000785701,0.21189002745299632,-0.0,-0.0,-0.0,-0.0,-0.0,-0.0,-0.0182224372155995
11.8,0.7478081841846871,-0.4520605335854502,0.045743604868911755,1.8937790919981694,-0.027947713104368797,0.7744353000785701,0.21170866902150162,-0.0,-0.0,-0.0,-0.0,-0.0,-0.0,-0.018048417775092605
11.81,0.7478081841846871,-0.4520605335854502,0.045743604868911755,1.8937790919981694,-0.027947713104368797,0.7744353000785701,0.21152907551345165,-0.0,-0.0,-0.0,-0.0,-0.0,-0.0,-0.01786947358563262
11.82,0.7478081841846871,-0.4520605335854502,0.045743604868911755,1.8937790919981694,-0.027947713104368797,0.7744353000785701,0.2113512955426886,-0.0,-0.0,-0.0,-0.0,-0.0,-0.0,-0.017685731562347363
11.83,0.7478081841846871,-0.4520605335854502,0.045743604868911755,1.8937790919981694,-0.027947713104368797,0.7744353000785701,0.21117537644844064,-0.0,-0.0,-0.0,-0.0,-0.0,-0.0,-0.01749731970218458
11.84,0.7478081841846871,-0.4520605335854502,0.045743604868911755,1.8937790919981694,-0.027947713104368797,0.7744353000785701,0.2110013642848264,-0.0,-0.0,-0.0,-0.0,-0.0,-0.0,-0.01730436701932462
11.85,0.7478081841846871,-0.4520605335854502,0.045743604868911755,1.8937790919981694,-0.027947713104368797,0.7744353000785701,0.21082930381100626,-0.0,-0.0,-0.0,-0.0,-0.0,-0.0,-0.017107003480430507
11.86,0.7478081841846871,-0.4520605335854502,0.045743604868911755,1.8937790919981694,-0.027947713104368797,0.7744353000785701,0.2106592384819818,-0.0,-0.0,-0.0,-0.0,-0.0,-0.0,-0.01690535993976621
11.87,0.7478081841846871,-0.4520605335854502,0.045743604868911755,1.8937790919981694,-0.027947713104368797,0.7744353000785701,0.21049121044004473,-0.0,-0.0,-0.0,-0.0,-0.0,-0.0,-0.016699568074212582
11.88,0.7478081841846871,-0.4520605335854502,0.045743604868911755,1.8937790919981694,-0.027947713104368797,0.7744353000785701,0.21032526050687594,-0.0,-0.0,-0.0,-0.0,-0.0,-0.0,-0.016489760318211
11.89,0.7478081841846871,-0.4520605335854502,0.045743604868911755,1.8937790919981694,-0.027947713104368797,0.7744353000785701,0.21016142817629535,-0.0,-0.0,-0.0,-0.0,-0.0,-0.0,-0.016276069798665322
11.9,0.7478081841846871,-0.4520605335854502,0.045743604868911755,1.8937790919981694,-0.027947713104368797,0.7744353000785701,0.20999975160766274,-0.0,-0.0,-0.0,-0.0,-0.0,-0.0,-0.016058630269830797
11.91,0.7478081841846871,-0.4520605335854502,0.045743604868911755,1.8937790919981694,-0.027947713104368797,0.7744353000785701,0.20984026761992988,-0.0,-0.0,-0.0,-0.0,-0.0,-0.0,-0.015837576048221325
11.92,0.7478081841846871,-0.4520605335854502,0.045743604868911755,1.8937790919981694,-0.027947713104368797,0.7744353000785701,0.20968301168634315,-0.0,-0.0,-0.0,-0.0,-0.0,-0.0,-0.015613041947563484
11.93,0.7478081841846871,-0.4520605335854502,0.045743604868911755,1.8937790919981694,-0.027947713104368797,0.7744353000785701,0.20952801792979636,-0.0,-0.0,-0.0,-0.0,-0.0,-0.0,-0.015385163213827994
11.94,0.7478081841846871,-0.4520605335854502,0.045743604868911755,1.8937790919981694,-0.027947713104368797,0.7744353000785701,0.20937531911883267,-0.0,-0.0,-0.0,-0.0,-0.0,-0.0,-0.015154075460367265
11.95,0.7478081841846871,-0.4520605335854502,0.045743604868911755,1.8937790919981694,-0.027947713104368797,0.7744353000785701,0.20922494666429453,-0.0,-0.0,-0.0,-0.0,-0.0,-0.0,-0.014919914603189284
11.96,0.7478081841846871,-0.4520605335854502,0.045743604868911755,1.8937790919981694,-0.027947713104368797,0.7744353000785701,0.2090769306166202,-0.0,-0.0,-0.0,-0.0,-0.0,-0.0,-0.01468281679639668
11.97,0.7478081841846871,-0.4520605335854502,0.045743604868911755,1.8937790919981694,-0.027947713104368797,0.7744353000785701,0.2089312996637847,-0.0,-0.0,-0.0,-0.0,-0.0,-0.0,-0.014442918367820166
11.98,0.7478081841846871,-0.4520605335854502,0.045743604868911755,1.8937790919981694,-0.027947713104368797,0.7744353000785701,0.20878808112988345,-0.0,-0.0,-0.0,-0.0,-0.0,-0.0,-0.014200355754875243
11.99,0.7478081841846871,-0.4520605335854502,0.045743604868911755,1.8937790919981694,-0.027947713104368797,0.7744353000785701,0.20864730097435608,-0.0,-0.0,-0.0,-0.0,-0.0,-0.0,-0.013955265440671353
12.0,0.7478081841846871,-0.4520605335854502,0.045743604868911755,1.8937790919981694,-0.027947713104368797,0.7744353000785701,0.20850898379184787,-0.0,-0.0,-0.0,-0.0,-0.0,-0.0,-0.013707783890401889
12.01,0.7478081841846871,-0.4520605335854502,0.045743604868911755,1.8937790919981694,-0.027947713104368797,0.7744353000785701,0.20837315281270566,-0.0,-0.0,-0.0,-0.0,-0.0,-0.0,-0.013458047488043095
12.02,0.7478081841846871,-0.4520605335854502,0.045743604868911755,1.8937790919981694,-0.027947713104368797,0.7744353000785701,0.20823982990410503,-0.0,-0.0,-0.0,-0.0,-0.0,-0.0,-0.01320619247339081
12.03,0.7478081841846871,-0.4520605335854502,0.045743604868911755,1.8937790919981694,-0.027947713104368797,0.7744353000785701,0.20810903557180555,-0.0,-0.0,-0.0,-0.0,-0.0,-0.0,-0.012952354879462518
12.04,0.7478081841846871,-0.4520605335854502,0.045743604868911755,1.8937790919981694,-0.027947713104368797,0.7744353000785701,0.20798078896252983,-0.0,-0.0,-0.0,-0.0,-0.0,-0.0,-0.012696670470292515
12.05,0.7478081841846871,-0.4520605335854502,0.045743604868911755,1.8937790919981694,-0.027947713104368797,0.7744353000785701,0.20785510786696268,-0.0,-0.0,-0.0,-0.0,-0.0,-0.0,-0.012439274679147804
12.06,0.7478081841846871,-0.4520605335854502,0.045743604868911755,1.8937790919981694,-0.027947713104368797,0.7744353000785701,0.2077320087233659,-0.0,-0.0,-0.0,-0.0,-0.0,-0.0,-0.012180302547192233
12.07,0.7478081841846871,-0.4520605335854502,0.045743604868911755,1.8937790919981694,-0.027947713104368797,0.7744353000785701,0.20761150662180383,-0.0,-0.0,-0.0,-0.0,-0.0,-0.0,-0.011919888662624825
12.08,0.7478081841846871,-0.4520605335854502,0.045743604868911755,1.8937790919981694,-0.027947713104368797,0.7744353000785701,0.2074936153089755,-0.0,-0.0,-0.0,-0.0,-0.0,-0.0,-0.011658167100320317
12.09,0.7478081841846871,-0.4520605335854502,0.045743604868911755,1.8937790919981694,-0.027947713104368797,0.7744353000785701,0.20737834719364723,-0.0,-0.0,-0.0,-0.0,-0.0,-0.0,-0.011395271361997344
12.1,0.7478081841846871,-0.4520605335854502,0.045743604868911755,1.8937790919981694,-0.027947713104368797,0.7744353000785701,0.2072657133526812,-0.0,-0.0,-0.0,-0.0,-0.0,-0.0,-0.011131334316940824
12.11,0.7478081841846871,-0.4520605335854502,0.045743604868911755,1.8937790919981694,-0.027947713104368797,0.7744353000785701,0.20715572353765374,-0.0,-0.0,-0.0,-0.0,-0.0,-0.0,-0.010866488143303767
12.12,0.7478081841846871,-0.4520605335854502,0.045743604868911755,1.8937790919981694,-0.027947713104368797,0.7744353000785701,0.20704838618205765,-0.0,-0.0,-0.0,-0.0,-0.0,-0.0,-0.010600864270014752
12.13,0.7478081841846871,-0.4520605335854502,0.045743604868911755,1.8937790919981694,-0.027947713104368797,0.7744353000785701,0.2069437084090822,-0.0,-0.0,-0.0,-0.0,-0.0,-0.0,-0.010334593319315133
12.14,0.7478081841846871,-0.4520605335854502,0.045743604868911755,1.8937790919981694,-0.027947713104368797,0.7744353000785701,0.2068416960399647,-0.0,-0.0,-0.0,-0.0,-0.0,-0.0,-0.01006780504995185
12.15,0.7478081841846871,-0.4520605335854502,0.045743604868911755,1.8937790919981694,-0.027947713104368797,0.7744353000785701,0.2067423536029066,-0.0,-0.0,-0.0,-0.0,-0.0,-0.0,-0.009800628301048914
12.16,0.7478081841846871,-0.4520605335854502,0.045743604868911755,1.8937790919981694,-0.027947713104368797,0.7744353000785701,0.20664568434254751,-0.0,-0.0,-0.0,-0.0,-0.0,-0.0,-0.009533190936682878
12.17,0.7478081841846871,-0.4520605335854502,0.045743604868911755,1.8937790919981694,-0.027947713104368797,0.7744353000785701,0.20655169022998965,-0.0,-0.0,-0.0,-0.0,-0.0,-0.0,-0.009265619791184749
12.18,0.7478081841846871,-0.4520605335854502,0.045743604868911755,1.8937790919981694,-0.027947713104368797,0.7744353000785701,0.2064603719733658,-0.0,-0.0,-0.0,-0.0,-0.0,-0.0,-0.008998040615192354
12.19,0.7478081841846871,-0.4520605335854502,0.045743604868911755,1.8937790919981694,-0.027947713104368797,0.7744353000785701,0.2063717290289427,-0.0,-0.0,-0.0,-0.0,-0.0,-0.0,-0.008730578022475583
12.2,0.7478081841846871,-0.4520605335854502,0.045743604868911755,1.8937790919981694,-0.027947713104368797,0.7744353000785701,0.20628575961275242,-0.0,-0.0,-0.0,-0.0,-0.0,-0.0,-0.008463355437557052
12.21,0.7478081841846871,-0.4520605335854502,0.045743604868911755,1.8937790919981694,-0.027947713104368797,0.7744353000785701,0.206202460712743,-0.0,-0.0,-0.0,-0.0,-0.0,-0.0,-0.008196495044149614
12.22,0.7478081841846871,-0.4520605335854502,0.045743604868911755,1.8937790919981694,-0.027947713104368797,0.7744353000785701,0.2061218281014414,-0.0,-0.0,-0.0,-0.0,-0.0,-0.0,-0.007930117734433854
12.23,0.7478081841846871,-0.4520605335854502,0.045743604868911755,1.8937790919981694,-0.027947713104368797,0.7744353000785701,0.20604385634911826,-0.0,-0.0,-0.0,-0.0,-0.0,-0.0,-0.007664343059193938
12.24,0.7478081841846871,-0.4520605335854502,0.045743604868911755,1.8937790919981694,-0.027947713104368797,0.7744353000785701,0.20596853883744806,-0.0,-0.0,-0.0,-0.0,-0.0,-0.0,-0.007399289178835454
12.25,0.7478081841846871,-0.4520605335854502,0.045743604868911755,1.8937790919981694,-0.027947713104368797,0.7744353000785701,0.20589586777365373,-0.0,-0.0,-0.0,-0.0,-0.0,-0.0,-0.007135072815303345
12.26,0.7478081841846871,-0.4520605335854502,0.045743604868911755,1.8937790919981694,-0.027947713104368797,0.7744353000785701,0.20582583420512796,-0.0,-0.0,-0.0,-0.0,-0.0,-0.0,-0.006871809204920114
12.27,0.7478081841846871,-0.4520605335854502,0.045743604868911755,1.8937790919981694,-0.027947713104368797,0.7744353000785701,0.20575842803452132,-0.0,-0.0,-0.0,-0.0,-0.0,-0.0,-0.006609612052164499
12.28,0.7478081841846871,-0.4520605335854502,0.045743604868911755,1.8937790919981694,-0.027947713104368797,0.7744353000785701,0.20569363803528784,-0.0,-0.0,-0.0,-0.0,-0.0,-0.0,-0.006348593484407915
12.29,0.7478081841846871,-0.4520605335854502,0.045743604868911755,1.8937790919981694,-0.027947713104368797,0.7744353000785701,0.20563145186767828,-0.0,-0.0,-0.0,-0.0,-0.0,-0.0,-0.006088864007627668
12.3,0.7478081841846871,-0.4520605335854502,0.045743604868911755,1.8937790919981694,-0.027947713104368797,0.7744353000785701,0.20557185609517137,-0.0,-0.0,-0.0,-0.0,-0.0,-0.0,-0.0058305324631151845
12.31,0.7478081841846871,-0.4520605335854502,0.045743604868911755,1.8937790919981694,-0.027947713104368797,0.7744353000785701,0.20551483620133307,-0.0,-0.0,-0.0,-0.0,-0.0,-0.0,-0.005573705985195615
12.32,0.7478081841846871,-0.4520605335854502,0.045743604868911755,1.8937790919981694,-0.027947713104368797,0.7744353000785701,0.20546037660709307,-0.0,-0.0,-0.0,-0.0,-0.0,-0.0,-0.00531848995997538
12.33,0.7478081841846871,-0.4520605335854502,0.045743604868911755,1.8937790919981694,-0.027947713104368797,0.7744353000785701,0.2054084606884292,-0.0,-0.0,-0.0,-0.0,-0.0,-0.0,-0.005064987985135554
12.34,0.7478081841846871,-0.4520605335854502,0.045743604868911755,1.8937790919981694,-0.027947713104368797,0.7744353000785701,0.2053590707944481,-0.0,-0.0,-0.0,-0.0,-0.0,-0.0,-0.004813301830784676
12.35,0.7478081841846871,-0.4520605335854502,0.045743604868911755,1.8937790919981694,-0.027947713104368797,0.7744353000785701,0.20531218826585224,-0.0,-0.0,-0.0,-0.0,-0.0,-0.0,-0.004563531401387306
12.36,0.7478081841846871,-0.4520605335854502,0.045743604868911755,1.8937790919981694,-0.027947713104368797,0.7744353000785701,0.2052677934537823,-0.0,-0.0,-0.0,-0.0,-0.0,-0.0,-0.00431577469878304
12.37,0.7478081841846871,-0.4520605335854502,0.045743604868911755,1.8937790919981694,-0.027947713104368797,0.7744353000785701,0.20522586573902354,-0.0,-0.0,-0.0,-0.0,-0.0,-0.0,-0.00407012778630944
12.38,0.7478081841846871,-0.4520605335854502,0.045743604868911755,1.8937790919981694,-0.027947713104368797,0.7744353000785701,0.20518638355156574,-0.0,-0.0,-0.0,-0.0,-0.0,-0.0,-0.0038266847540423983
12.39,0.7478081841846871,-0.4520605335854502,0.045743604868911755,1.8937790919981694,-0.027947713104368797,0.7744353000785701,0.2051493243905048,-0.0,-0.0,-0.0,-0.0,-0.0,-0.0,-0.0035855376851681936
12.4,0.7478081841846871,-0.4520605335854502,0.045743604868911755,1.8937790919981694,-0.027947713104368797,0.7744353000785701,0.20511466484427496,-0.0,-0.0,-0.0,-0.0,-0.0,-0.0,-0.003346776623497169
12.41,0.7478081841846871,-0.4520605335854502,0.045743604868911755,1.8937790919981694,-0.027947713104368797,0.7744353000785701,0.20508238061120038,-0.0,-0.0,-0.0,-0.0,-0.0,-0.0,-0.003110489542133625
12.42,0.7478081841846871,-0.4520605335854502,0.045743604868911755,1.8937790919981694,-0.027947713104368797,0.7744353000785701,0.20505244652035381,-0.0,-0.0,-0.0,-0.0,-0.0,-0.0,-0.002876762313311149
12.43,0.7478081841846871,-0.4520605335854502,0.045743604868911755,1.8937790919981694,-0.027947713104368797,0.7744353000785701,0.20502483655271134,-0.0,-0.0,-0.0,-0.0,-0.0,-0.0,-0.002645678679405028
12.44,0.7478081841846871,-0.4520605335854502,0.045743604868911755,1.8937790919981694,-0.027947713104368797,0.7744353000785701,0.20499952386259088,-0.0,-0.0,-0.0,-0.0,-0.0,-0.0,-0.002417320225131344
12.45,0.7478081841846871,-0.4520605335854502,0.045743604868911755,1.8937790919981694,-0.027947713104368797,0.7744353000785701,0.20497648079936287,-0.0,-0.0,-0.0,-0.0,-0.0,-0.0,-0.002191766350943103
12.46,0.7478081841846871,-0.4520605335854502,0.045743604868911755,1.8937790919981694,-0.027947713104368797,0.7744353000785701,0.20495567892942088,-0.0,-0.0,-0.0,-0.0,-0.0,-0.0,-0.001969094247631134
12.47,0.7478081841846871,-0.4520605335854502,0.045743604868911755,1.8937790919981694,-0.027947713104368797,0.7744353000785701,0.20493708905840008,-0.0,-0.0,-0.0,-0.0,-0.0,-0.0,-0.0017493788721391122
12.48,0.7478081841846871,-0.4520605335854502,0.045743604868911755,1.8937790919981694,-0.027947713104368797,0.7744353000785701,0.20492068125363172,-0.0,-0.0,-0.0,-0.0,-0.0,-0.0,-0.0015326929245999797
12.49,0.7478081841846871,-0.4520605335854502,0.045743604868911755,1.8937790919981694,-0.027947713104368797,0.7744353000785701,0.2049064248668208,-0.0,-0.0,-0.0,-0.0,-0.0,-0.0,-0.0013191068266007872
12.5,0.7478081841846871,-0.4520605335854502,0.045743604868911755,1.8937790919981694,-0.027947713104368797,0.7744353000785701,0.20489428855693517,-0.0,-0.0,-0.0,-0.0,-0.0,-0.0,-0.001108688700683261
12.51,0.7478081841846871,-0.4520605335854502,0.045743604868911755,1.8937790919981694,-0.027947713104368797,0.7744353000785701,0.20488424031329316,-0.0,-0.0,-0.0,-0.0,-0.0,-0.0,-0.0009015043510849937
12.52,0.7478081841846871,-0.4520605335854502,0.045743604868911755,1.8937790919981694,-0.027947713104368797,0.7744353000785701,0.20487624747883787,-0.0,-0.0,-0.0,-0.0,-0.0,-0.0,-0.0006976172457272952
12.53,0.7478081841846871,-0.4520605335854502,0.045743604868911755,1.8937790919981694,-0.027947713104368797,0.7744353000785701,0.20487027677358513,-0.0,-0.0,-0.0,-0.0,-0.0,-0.0,-0.0004970884994545459
12.54,0.7478081841846871,-0.4520605335854502,0.045743604868911755,1.8937790919981694,-0.027947713104368797,0.7744353000785701,0.20486629431823283,-0.0,-0.0,-0.0,-0.0,-0.0,-0.0,-0.0002999768585286887
12.55,0.7478081841846871,-0.4520605335854502,0.045743604868911755,1.8937790919981694,-0.027947713104368797,0.7744353000785701,0.20486426565791907,-0.0,-0.0,-0.0,-0.0,-0.0,-0.0,-0.00010633868638251443
12.56,0.7478081841846871,-0.4520605335854502,0.045743604868911755,1.8937790919981694,-0.027947713104368797,0.7744353000785701,0.20486415578611633,0.0,0.0,0.0,0.0,0.0,0.0,8.377204936448987e-05
12.57,0.7478081841846871,-0.4520605335854502,0.045743604868911755,1.8937790919981694,-0.027947713104368797,0.7744353000785701,0.2048659291686494,0.0,0.0,0.0,0.0,0.0,0.0,0.0002703037886269624
12.58,0.7478081841846871,-0.4520605335854502,0.045743604868911755,1.8937790919981694,-0.027947713104368797,0.7744353000785701,0.2048695497678239,0.0,0.0,0.0,0.0,0.0,0.0,0.00045320738930811733
12.59,0.7478081841846871,-0.4520605335854502,0.045743604868911755,1.8937790919981694,-0.027947713104368797,0.7744353000785701,0.2048749810666533,0.0,0.0,0.0,0.0,0.0,0.0,0.0006324361364869771
12.6,0.7478081841846871,-0.4520605335854502,0.045743604868911755,1.8937790919981694,-0.027947713104368797,0.7744353000785701,0.20488218609317124,0.0,0.0,0.0,0.0,0.0,0.0,0.0008079457503384487
12.61,0.7478081841846871,-0.4520605335854502,0.045743604868911755,1.8937790919981694,-0.027947713104368797,0.7744353000785701,0.2048911274448168,0.0,0.0,0.0,0.0,0.0,0.0,0.000979694392785912
12.62,0.7478081841846871,-0.4520605335854502,0.045743604868911755,1.8937790919981694,-0.027947713104368797,0.7744353000785701,0.2049017673128801,0.0,0.0,0.0,0.0,0.0,0.0,0.0011476426728867124
12.63,0.7478081841846871,-0.4520605335854502,0.045743604868911755,1.8937790919981694,-0.027947713104368797,0.7744353000785701,0.20491406750699506,0.0,0.0,0.0,0.0,0.0,0.0,0.0013117536509526656
12.64,0.7478081841846871,-0.4520605335854502,0.045743604868911755,1.8937790919981694,-0.027947713104368797,0.7744353000785701,0.20492798947966756,0.0,0.0,0.0,0.0,0.0,0.0,0.0014719928414067844
12.65,0.7478081841846871,-0.4520605335854502,0.045743604868911755,1.8937790919981694,-0.027947713104368797,0.7744353000785701,0.20494349435082534,0.0,0.0,0.0,0.0,0.0,0.0,0.0016283282143790823
12.66,0.7478081841846871,-0.4520605335854502,0.045743604868911755,1.8937790919981694,-0.027947713104368797,0.7744353000785701,0.20496054293237798,0.0,0.0,0.0,0.0,0.0,0.0,0.001780730196044439
12.67,0.7478081841846871,-0.4520605335854502,0.045743604868911755,1.8937790919981694,-0.027947713104368797,0.7744353000785701,0.20497909575277365,0.0,0.0,0.0,0.0,0.0,0.0,0.001929171667706396
12.68,0.7478081841846871,-0.4520605335854502,0.045743604868911755,1.8937790919981694,-0.027947713104368797,0.7744353000785701,0.20499911308154078,0.0,0.0,0.0,0.0,0.0,0.0,0.0020736279636307605
12.69,0.7478081841846871,-0.4520605335854502,0.045743604868911755,1.8937790919981694,-0.027947713104368797,0.7744353000785701,0.20502055495380153,0.0,0.0,0.0,0.0,0.0,0.0,0.002214076867634477
12.7,0.7478081841846871,-0.4520605335854502,0.045743604868911755,1.8937790919981694,-0.027947713104368797,0.7744353000785701,0.2050433811947451,0.0,0.0,0.0,0.0,0.0,0.0,0.0023504986084349477
12.71,0.7478081841846871,-0.4520605335854502,0.045743604868911755,1.8937790919981694,-0.027947713104368797,0.7744353000785701,0.20506755144404845,0.0,0.0,0.0,0.0,0.0,0.0,0.0024828758537655915
12.72,0.7478081841846871,-0.4520605335854502,0.045743604868911755,1.8937790919981694,-0.027947713104368797,0.7744353000785701,0.20509302518023168,0.0,0.0,0.0,0.0,0.0,0.0,0.002611193703264859
12.73,0.7478081841846871,-0.4520605335854502,0.045743604868911755,1.8937790919981694,-0.027947713104368797,0.7744353000785701,0.20511976174493676,0.0,0.0,0.0,0.0,0.0,0.0,0.0027354396801454834
12.74,0.7478081841846871,-0.4520605335854502,0.045743604868911755,1.8937790919981694,-0.027947713104368797,0.7744353000785701,0.2051477203671163,0.0,0.0,0.0,0.0,0.0,0.0,0.002855603721651852
12.75,0.7478081841846871,-0.4520605335854502,0.045743604868911755,1.8937790919981694,-0.027947713104368797,0.7744353000785701,0.20517686018712128,0.0,0.0,0.0,0.0,0.0,0.0,0.002971678168314037
12.76,0.7478081841846871,-0.4520605335854502,0.045743604868911755,1.8937790919981694,-0.027947713104368797,0.7744353000785701,0.2052071402806751,0.0,0.0,0.0,0.0,0.0,0.0,0.0030836577520069646
12.77,0.7478081841846871,-0.4520605335854502,0.045743604868911755,1.8937790919981694,-0.027947713104368797,0.7744353000785701,0.20523851968272247,0.0,0.0,0.0,0.0,0.0,0.0,0.0031915395828247192
12.78,0.7478081841846871,-0.4520605335854502,0.045743604868911755,1.8937790919981694,-0.027947713104368797,0.7744353000785701,0.2052709574111411,0.0,0.0,0.0,0.0,0.0,0.0,0.0032953231347797422
12.79,0.7478081841846871,-0.4520605335854502,0.045743604868911755,1.8937790919981694,-0.027947713104368797,0.7744353000785701,0.20530441249030432,0.0,0.0,0.0,0.0,0.0,0.0,0.003395010230337313
12.8,0.7478081841846871,-0.4520605335854502,0.045743604868911755,1.8937790919981694,-0.027947713104368797,0.7744353000785701,0.2053388439744837,0.0,0.0,0.0,0.0,0.0,0.0,0.0034906050237968347
12.81,0.7478081841846871,-0.4520605335854502,0.045743604868911755,1.8937790919981694,-0.027947713104368797,0.7744353000785701,0.20537421097107947,0.0,0.0,0.0,0.0,0.0,0.0,0.0035821139835312712
12.82,0.7478081841846871,-0.4520605335854502,0.045743604868911755,1.8937790919981694,-0.027947713104368797,0.7744353000785701,0.20541047266366763,0.0,0.0,0.0,0.0,0.0,0.0,0.0036695458730970176
12.83,0.7478081841846871,-0.4520605335854502,0.045743604868911755,1.8937790919981694,-0.027947713104368797,0.7744353000785701,0.20544758833485283,0.0,0.0,0.0,0.0,0.0,0.0,0.0037529117312268333
12.84,0.7478081841846871,-0.4520605335854502,0.045743604868911755,1.8937790919981694,-0.027947713104368797,0.7744353000785701,0.20548551738891538,0.0,0.0,0.0,0.0,0.0,0.0,0.003832224850719257
12.85,0.7478081841846871,-0.4520605335854502,0.045743604868911755,1.8937790919981694,-0.027947713104368797,0.7744353000785701,0.20552421937424187,0.0,0.0,0.0,0.0,0.0,0.0,0.003907500756237804
12.86,0.7478081841846871,-0.4520605335854502,0.045743604868911755,1.8937790919981694,-0.027947713104368797,0.7744353000785701,0.20556365400552834,0.0,0.0,0.0,0.0,0.0,0.0,0.003978757181034683
12.87,0.7478081841846871,-0.4520605335854502,0.045743604868911755,1.8937790919981694,-0.027947713104368797,0.7744353000785701,0.2056037811857453,0.0,0.0,0.0,0.0,0.0,0.0,0.004046014042613424
12.88,0.7478081841846871,-0.4520605335854502,0.045743604868911755,1.8937790919981694,-0.027947713104368797,0.7744353000785701,0.2056445610278542,0.0,0.0,0.0,0.0,0.0,0.0,0.004109293417345615
12.89,0.7478081841846871,-0.4520605335854502,0.045743604868911755,1.8937790919981694,-0.027947713104368797,0.7744353000785701,0.2056859538762649,0.0,0.0,0.0,0.0,0.0,0.0,0.004168619514057563
12.9,0.7478081841846871,-0.4520605335854502,0.045743604868911755,1.8937790919981694,-0.027947713104368797,0.7744353000785701,0.20572792032802403,0.0,0.0,0.0,0.0,0.0,0.0,0.004224018646603112
12.91,0.7478081841846871,-0.4520605335854502,0.045743604868911755,1.8937790919981694,-0.027947713104368797,0.7744353000785701,0.2057704212537238,0.0,0.0,0.0,0.0,0.0,0.0,0.0042755192054388606
12.92,0.7478081841846871,-0.4520605335854502,0.045743604868911755,1.8937790919981694,-0.027947713104368797,0.7744353000785701,0.20581341781812185,0.0,0.0,0.0,0.0,0.0,0.0,0.004323151628219262
12.93,0.7478081841846871,-0.4520605335854502,0.045743604868911755,1.8937790919981694,-0.027947713104368797,0.7744353000785701,0.2058568715004623,0.0,0.0,0.0,0.0,0.0,0.0,0.004366948369428925
12.94,0.7478081841846871,-0.4520605335854502,0.045743604868911755,1.8937790919981694,-0.027947713104368797,0.7744353000785701,0.20590074411448817,0.0,0.0,0.0,0.0,0.0,0.0,0.004406943869070019
12.95,0.7478081841846871,-0.4520605335854502,0.045743604868911755,1.8937790919981694,-0.027947713104368797,0.7744353000785701,0.20594499782813605,0.0,0.0,0.0,0.0,0.0,0.0,0.004443174520423275
12.96,0.7478081841846871,-0.4520605335854502,0.045743604868911755,1.8937790919981694,-0.027947713104368797,0.7744353000785701,0.20598959518290413,0.0,0.0,0.0,0.0,0.0,0.0,0.004475678636901407
12.97,0.7478081841846871,-0.4520605335854502,0.045743604868911755,1.8937790919981694,-0.027947713104368797,0.7744353000785701,0.20603449911288382,0.0,0.0,0.0,0.0,0.0,0.0,0.004504496418013897
12.98,0.7478081841846871,-0.4520605335854502,0.045743604868911755,1.8937790919981694,-0.027947713104368797,0.7744353000785701,0.20607967296344715,0.0,0.0,0.0,0.0,0.0,0.0,0.004529669914463149
12.99,0.7478081841846871,-0.4520605335854502,0.045743604868911755,1.8937790919981694,-0.027947713104368797,0.7744353000785701,0.20612508050958037,0.0,0.0,0.0,0.0,0.0,0.0,0.004551242992391643
13.0,0.7478081841846871,-0.4520605335854502,0.045743604868911755,1.8937790919981694,-0.027947713104368797,0.7744353000785701,0.20617068597385638,0.0,0.0,0.0,0.0,0.0,0.0,0.004569261296800624
13.01,0.7478081841846871,-0.4520605335854502,0.045743604868911755,1.8937790919981694,-0.027947713104368797,0.7744353000785701,0.20621645404403693,0.0,0.0,0.0,0.0,0.0,0.0,0.004583772214161157
13.02,0.7478081841846871,-0.4520605335854502,0.045743604868911755,1.8937790919981694,-0.027947713104368797,0.7744353000785701,0.20626234989029707,0.0,0.0,0.0,0.0,0.0,0.0,0.004594824834238358
13.03,0.7478081841846871,-0.4520605335854502,0.045743604868911755,1.8937790919981694,-0.027947713104368797,0.7744353000785701,0.20630833918206398,0.0,0.0,0.0,0.0,0.0,0.0,0.004602469911150593
13.04,0.7478081841846871,-0.4520605335854502,0.045743604868911755,1.8937790919981694,-0.027947713104368797,0.7744353000785701,0.20635438810446277,0.0,0.0,0.0,0.0,0.0,0.0,0.0046067598236851715
13.05,0.7478081841846871,-0.4520605335854502,0.045743604868911755,1.8937790919981694,-0.027947713104368797,0.7744353000785701,0.2064004633743618,0.0,0.0,0.0,0.0,0.0,0.0,0.004607748534892754
13.06,0.7478081841846871,-0.4520605335854502,0.045743604868911755,1.8937790919981694,-0.027947713104368797,0.7744353000785701,0.2064465322560101,0.0,0.0,0.0,0.0,0.0,0.0,0.004605491550982916
13.07,0.7478081841846871,-0.4520605335854502,0.045743604868911755,1.8937790919981694,-0.027947713104368797,0.7744353000785701,0.2064925625762609,0.0,0.0,0.0,0.0,0.0,0.0,0.004600045879543523
13.08,0.7478081841846871,-0.4520605335854502,0.045743604868911755,1.8937790919981694,-0.027947713104368797,0.7744353000785701,0.20653852273937365,0.0,0.0,0.0,0.0,0.0,0.0,0.004591469987107041
13.09,0.7478081841846871,-0.4520605335854502,0.045743604868911755,1.8937790919981694,-0.027947713104368797,0.7744353000785701,0.2065843817413886,0.0,0.0,0.0,0.0,0.0,0.0,0.004579823756087011
13.1,0.7478081841846871,-0.4520605335854502,0.045743604868911755,1.8937790919981694,-0.027947713104368797,0.7744353000785701,0.20663010918406796,0.0,0.0,0.0,0.0,0.0,0.0,0.004565168441108264
13.11,0.7478081841846871,-0.4520605335854502,0.045743604868911755,1.8937790919981694,-0.027947713104368797,0.7744353000785701,0.20667567528839695,0.0,0.0,0.0,0.0,0.0,0.0,0.004547566624754849
13.12,0.7478081841846871,-0.4520605335854502,0.045743604868911755,1.8937790919981694,-0.027947713104368797,0.7744353000785701,0.20672105090764004,0.0,0.0,0.0,0.0,0.0,0.0,0.004527082172759522
13.13,0.7478081841846871,-0.4520605335854502,0.045743604868911755,1.8937790919981694,-0.027947713104368797,0.7744353000785701,0.206766207539946,0.0,0.0,0.0,0.0,0.0,0.0,0.004503780188659379
13.14,0.7478081841846871,-0.4520605335854502,0.045743604868911755,1.8937790919981694,-0.027947713104368797,0.7744353000785701,0.2068111173404972,0.0,0.0,0.0,0.0,0.0,0.0,0.00447772696794201
13.15,0.7478081841846871,-0.4520605335854502,0.045743604868911755,1.8937790919981694,-0.027947713104368797,0.7744353000785701,0.2068557531331977,0.0,0.0,0.0,0.0,0.0,0.0,0.00444898995170692
13.16,0.7478081841846871,-0.4520605335854502,0.045743604868911755,1.8937790919981694,-0.027947713104368797,0.7744353000785701,0.2069000884218958,0.0,0.0,0.0,0.0,0.0,0.0,0.004417637679867363
13.17,0.7478081841846871,-0.4520605335854502,0.045743604868911755,1.8937790919981694,-0.027947713104368797,0.7744353000785701,0.20694409740113645,0.0,0.0,0.0,0.0,0.0,0.0,0.004383739743917485
13.18,0.7478081841846871,-0.4520605335854502,0.045743604868911755,1.8937790919981694,-0.027947713104368797,0.7744353000785701,0.206987754966439,0.0,0.0,0.0,0.0,0.0,0.0,0.004347366739290345
13.19,0.7478081841846871,-0.4520605335854502,0.045743604868911755,1.8937790919981694,-0.027947713104368797,0.7744353000785701,0.20703103672409698,0.0,0.0,0.0,0.0,0.0,0.0,0.004308590217332029
13.2,0.7478081841846871,-0.4520605335854502,0.045743604868911755,1.8937790919981694,-0.027947713104368797,0.7744353000785701,0.20707391900049538,0.0,0.0,0.0,0.0,0.0,0.0,0.004267482636917833
13.21,0.7478081841846871,-0.4520605335854502,0.045743604868911755,1.8937790919981694,-0.027947713104368797,0.7744353000785701,0.2071163788509428,0.0,0.0,0.0,0.0,0.0,0.0,0.004224117315735957
13.22,0.7478081841846871,-0.4520605335854502,0.045743604868911755,1.8937790919981694,-0.027947713104368797,0.7744353000785701,0.20715839406801465,0.0,0.0,0.0,0.0,0.0,0.0,0.004178568381264793
13.23,0.7478081841846871,-0.4520605335854502,0.045743604868911755,1.8937790919981694,-0.027947713104368797,0.7744353000785701,0.20719994318940468,0.0,0.0,0.0,0.0,0.0,0.0,0.004130910721469871
13.24,0.7478081841846871,-0.4520605335854502,0.045743604868911755,1.8937790919981694,-0.027947713104368797,0.7744353000785701,0.20724100550528246,0.0,0.0,0.0,0.0,0.0,0.0,0.004081219935246424
13.25,0.7478081841846871,-0.4520605335854502,0.045743604868911755,1.8937790919981694,-0.027947713104368797,0.7744353000785701,0.20728156106515375,0.0,0.0,0.0,0.0,0.0,0.0,0.004029572282633826
13.26,0.7478081841846871,-0.4520605335854502,0.045743604868911755,1.8937790919981694,-0.027947713104368797,0.7744353000785701,0.20732159068422218,0.0,0.0,0.0,0.0,0.0,0.0,0.003976044634828382
13.27,0.7478081841846871,-0.4520605335854502,0.045743604868911755,1.8937790919981694,-0.027947713104368797,0.7744353000785701,0.2073610759492502,0.0,0.0,0.0,0.0,0.0,0.0,0.003920714424020447
13.28,0.7478081841846871,-0.4520605335854502,0.045743604868911755,1.8937790919981694,-0.027947713104368797,0.7744353000785701,0.20739999922391766,0.0,0.0,0.0,0.0,0.0,0.0,0.0038636595930826205
13.29,0.7478081841846871,-0.4520605335854502,0.045743604868911755,1.8937790919981694,-0.027947713104368797,0.7744353000785701,0.20743834365367633,0.0,0.0,0.0,0.0,0.0,0.0,0.0038049585451352384
13.3,0.7478081841846871,-0.4520605335854502,0.045743604868911755,1.8937790919981694,-0.027947713104368797,0.7744353000785701,0.2074760931700999,0.0,0.0,0.0,0.0,0.0,0.0,0.0037446900930157468
13.31,0.7478081841846871,-0.4520605335854502,0.045743604868911755,1.8937790919981694,-0.027947713104368797,0.7744353000785701,0.2075132324947283,0.0,0.0,0.0,0.0,0.0,0.0,0.003682933408678312
13.32,0.7478081841846871,-0.4520605335854502,0.045743604868911755,1.8937790919981694,-0.027947713104368797,0.7744353000785701,0.2075497471424055,0.0,0.0,0.0,0.0,0.0,0.0,0.0036197679725502195
13.33,0.7478081841846871,-0.4520605335854502,0.045743604868911755,1.8937790919981694,-0.027947713104368797,0.7744353000785701,0.20758562342411113,0.0,0.0,0.0,0.0,0.0,0.0,0.0035552735228715354
13.34,0.7478081841846871,-0.4520605335854502,0.045743604868911755,1.8937790919981694,-0.027947713104368797,0.7744353000785701,0.20762084844928508,0.0,0.0,0.0,0.0,0.0,0.0,0.0034895300050443987
13.35,0.7478081841846871,-0.4520605335854502,0.045743604868911755,1.8937790919981694,-0.027947713104368797,0.7744353000785701,0.20765541012764624,0.0,0.0,0.0,0.0,0.0,0.0,0.0034226175210184317
13.36,0.7478081841846871,-0.4520605335854502,0.045743604868911755,1.8937790919981694,-0.027947713104368797,0.7744353000785701,0.20768929717050508,0.0,0.0,0.0,0.0,0.0,0.0,0.0033546162787384004
13.37,0.7478081841846871,-0.4520605335854502,0.045743604868911755,1.8937790919981694,-0.027947713104368797,0.7744353000785701,0.20772249909157117,0.0,0.0,0.0,0.0,0.0,0.0,0.0032856065416808026
13.38,0.7478081841846871,-0.4520605335854502,0.045743604868911755,1.8937790919981694,-0.027947713104368797,0.7744353000785701,0.20775500620725665,0.0,0.0,0.0,0.0,0.0,0.0,0.0032156685785051493
13.39,0.7478081841846871,-0.4520605335854502,0.045743604868911755,1.8937790919981694,-0.027947713104368797,0.7744353000785701,0.2077868096364769,0.0,0.0,0.0,0.0,0.0,0.0,0.0031448826128462927
13.4,0.7478081841846871,-0.4520605335854502,0.045743604868911755,1.8937790919981694,-0.027947713104368797,0.7744353000785701,0.20781790129994998,0.0,0.0,0.0,0.0,0.0,0.0,0.0030733287732738765
13.41,0.7478081841846871,-0.4520605335854502,0.045743604868911755,1.8937790919981694,-0.027947713104368797,0.7744353000785701,0.20784827391899646,0.0,0.0,0.0,0.0,0.0,0.0,0.00300108704344462
13.42,0.7478081841846871,-0.4520605335854502,0.045743604868911755,1.8937790919981694,-0.027947713104368797,0.7744353000785701,0.20787792101384214,0.0,0.0,0.0,0.0,0.0,0.0,0.002928237212473243
13.43,0.7478081841846871,-0.4520605335854502,0.045743604868911755,1.8937790919981694,-0.027947713104368797,0.7744353000785701,0.2079068369014253,0.0,0.0,0.0,0.0,0.0,0.0,0.0028548588255479703
13.44,0.7478081841846871,-0.4520605335854502,0.045743604868911755,1.8937790919981694,-0.027947713104368797,0.7744353000785701,0.20793501669271175,0.0,0.0,0.0,0.0,0.0,0.0,0.002781031134815577
13.45,0.7478081841846871,-0.4520605335854502,0.045743604868911755,1.8937790919981694,-0.027947713104368797,0.7744353000785701,0.20796245628951993,0.0,0.0,0.0,0.0,0.0,0.0,0.0027068330505617697
13.46,0.7478081841846871,-0.4520605335854502,0.045743604868911755,1.8937790919981694,-0.027947713104368797,0.7744353000785701,0.20798915238085972,0.0,0.0,0.0,0.0,0.0,0.0,0.0026323430927117945
13.47,0.7478081841846871,-0.4520605335854502,0.045743604868911755,1.8937790919981694,-0.027947713104368797,0.7744353000785701,0.2080151024387876,0.0,0.0,0.0,0.0,0.0,0.0,0.0025576393426764246
13.48,0.7478081841846871,-0.4520605335854502,0.045743604868911755,1.8937790919981694,-0.027947713104368797,0.7744353000785701,0.20804030471378232,0.0,0.0,0.0,0.0,0.0,0.0,0.0024827993955677356
13.49,0.7478081841846871,-0.4520605335854502,0.045743604868911755,1.8937790919981694,-0.027947713104368797,0.7744353000785701,0.20806475822964465,0.0,0.0,0.0,0.0,0.0,0.0,0.0024079003128097297
13.5,0.7478081841846871,-0.4520605335854502,0.045743604868911755,1.8937790919981694,-0.027947713104368797,0.7744353000785701,0.20808846277792525,0.0,0.0,0.0,0.0,0.0,0.0,0.0023330185751677846
13.51,0.7478081841846871,-0.4520605335854502,0.045743604868911755,1.8937790919981694,-0.027947713104368797,0.7744353000785701,0.20811141891188512,0.0,0.0,0.0,0.0,0.0,0.0,0.002258230036220988
13.52,0.7478081841846871,-0.4520605335854502,0.045743604868911755,1.8937790919981694,-0.027947713104368797,0.7744353000785701,0.208133627939993,0.0,0.0,0.0,0.0,0.0,0.0,0.0021836098763016215
13.53,0.7478081841846871,-0.4520605335854502,0.045743604868911755,1.8937790919981694,-0.027947713104368797,0.7744353000785701,0.2081550919189645,0.0,0.0,0.0,0.0,0.0,0.0,0.00210923255692488
13.54,0.7478081841846871,-0.4520605335854502,0.045743604868911755,1.8937790919981694,-0.027947713104368797,0.7744353000785701,0.20817581364634857,0.0,0.0,0.0,0.0,0.0,0.0,0.0020351717757324107
13.55,0.7478081841846871,-0.4520605335854502,0.045743604868911755,1.8937790919981694,-0.027947713104368797,0.7744353000785701,0.20819579665266533,0.0,0.0,0.0,0.0,0.0,0.0,0.001961500421972911
13.56,0.7478081841846871,-0.4520605335854502,0.045743604868911755,1.8937790919981694,-0.027947713104368797,0.7744353000785701,0.208215045193102,0.0,0.0,0.0,0.0,0.0,0.0,0.0018882905325420679
13.57,0.7478081841846871,-0.4520605335854502,0.045743604868911755,1.8937790919981694,-0.027947713104368797,0.7744353000785701,0.2082335642387721,0.0,0.0,0.0,0.0,0.0,0.0,0.0018156132486047826
13.58,0.7478081841846871,-0.4520605335854502,0.045743604868911755,1.8937790919981694,-0.027947713104368797,0.7744353000785701,0.20825135946754358,0.0,0.0,0.0,0.0,0.0,0.0,0.001743538772821529
13.59,0.7478081841846871,-0.4520605335854502,0.045743604868911755,1.8937790919981694,-0.027947713104368797,0.7744353000785701,0.20826843725444263,0.0,0.0,0.0,0.0,0.0,0.0,0.0016721363272007017
13.6,0.7478081841846871,-0.4520605335854502,0.045743604868911755,1.8937790919981694,-0.027947713104368797,0.7744353000785701,0.20828480466163912,0.0,0.0,0.0,0.0,0.0,0.0,0.0016014741115987425
13.61,0.7478081841846871,-0.4520605335854502,0.045743604868911755,1.8937790919981694,-0.027947713104368797,0.7744353000785701,0.20830046942802016,0.0,0.0,0.0,0.0,0.0,0.0,0.0015316192628887066
13.62,0.7478081841846871,-0.4520605335854502,0.045743604868911755,1.8937790919981694,-0.027947713104368797,0.7744353000785701,0.2083154399583593,0.0,0.0,0.0,0.0,0.0,0.0,0.0014626378148185604
13.63,0.7478081841846871,-0.4520605335854502,0.045743604868911755,1.8937790919981694,-0.027947713104368797,0.7744353000785701,0.20832972531208724,0.0,0.0,0.0,0.0,0.0,0.0,0.0013945946585792017
13.64,0.7478081841846871,-0.4520605335854502,0.045743604868911755,1.8937790919981694,-0.027947713104368797,0.7744353000785701,0.20834333519167225,0.0,0.0,0.0,0.0,0.0,0.0,0.0013275535041028354
13.65,0.7478081841846871,-0.4520605335854502,0.045743604868911755,1.8937790919981694,-0.027947713104368797,0.7744353000785701,0.2083562799306172,0.0,0.0,0.0,0.0,0.0,0.0,0.00126157684211065
13.66,0.7478081841846871,-0.4520605335854502,0.045743604868911755,1.8937790919981694,-0.027947713104368797,0.7744353000785701,0.20836857048108082,0.0,0.0,0.0,0.0,0.0,0.0,0.001196725906929824
13.67,0.7478081841846871,-0.4520605335854502,0.045743604868911755,1.8937790919981694,-0.027947713104368797,0.7744353000785701,0.20838021840113122,0.0,0.0,0.0,0.0,0.0,0.0,0.0011330606400983187
13.68,0.7478081841846871,-0.4520605335854502,0.045743604868911755,1.8937790919981694,-0.027947713104368797,0.7744353000785701,0.2083912358416393,0.0,0.0,0.0,0.0,0.0,0.0,0.0010706396547759658
13.69,0.7478081841846871,-0.4520605335854502,0.045743604868911755,1.8937790919981694,-0.027947713104368797,0.7744353000785701,0.2084016355328204,0.0,0.0,0.0,0.0,0.0,0.0,0.0010095202009802388
13.7,0.7478081841846871,-0.4520605335854502,0.045743604868911755,1.8937790919981694,-0.027947713104368797,0.7744353000785701,0.20841143077043273,0.0,0.0,0.0,0.0,0.0,0.0,0.0009497581316639475
13.71,0.7478081841846871,-0.4520605335854502,0.045743604868911755,1.8937790919981694,-0.027947713104368797,0.7744353000785701,0.20842063540164052,0.0,0.0,0.0,0.0,0.0,0.0,0.0008914078696522497
13.72,0.7478081841846871,-0.4520605335854502,0.045743604868911755,1.8937790919981694,-0.027947713104368797,0.7744353000785701,0.20842926381055113,0.0,0.0,0.0,0.0,0.0,0.0,0.0008345223754559698
13.73,0.7478081841846871,-0.4520605335854502,0.045743604868911755,1.8937790919981694,-0.027947713104368797,0.7744353000785701,0.20843733090343472,0.0,0.0,0.0,0.0,0.0,0.0,0.000779153115977047
13.74,0.7478081841846871,-0.4520605335854502,0.045743604868911755,1.8937790919981694,-0.027947713104368797,0.7744353000785701,0.2084448520936354,0.0,0.0,0.0,0.0,0.0,0.0,0.0007253500341223712
13.75,0.7478081841846871,-0.4520605335854502,0.045743604868911755,1.8937790919981694,-0.027947713104368797,0.7744353000785701,0.20845184328618319,0.0,0.0,0.0,0.0,0.0,0.0,0.0006731615193413815
13.76,0.7478081841846871,-0.4520605335854502,0.045743604868911755,1.8937790919981694,-0.027947713104368797,0.7744353000785701,0.2084583208621162,0.0,0.0,0.0,0.0,0.0,0.0,0.0006226343791020695
13.77,0.7478081841846871,-0.4520605335854502,0.045743604868911755,1.8937790919981694,-0.027947713104368797,0.7744353000785701,0.2084643016625219,0.0,0.0,0.0,0.0,0.0,0.0,0.000573813811320115
13.78,0.7478081841846871,-0.4520605335854502,0.045743604868911755,1.8937790919981694,-0.027947713104368797,0.7744353000785701,0.20846980297230797,0.0,0.0,0.0,0.0,0.0,0.0,0.0005267433777549906
13.79,0.7478081841846871,-0.4520605335854502,0.045743604868911755,1.8937790919981694,-0.027947713104368797,0.7744353000785701,0.2084748425037117,0.0,0.0,0.0,0.0,0.0,0.0,0.00048146497838651576
13.8,0.7478081841846871,-0.4520605335854502,0.045743604868911755,1.8937790919981694,-0.027947713104368797,0.7744353000785701,0.2084794383795583,0.0,0.0,0.0,0.0,0.0,0.0,0.00043801882678472654
13.81,0.7478081841846871,-0.4520605335854502,0.045743604868911755,1.8937790919981694,-0.027947713104368797,0.7744353000785701,0.2084836091162776,0.0,0.0,0.0,0.0,0.0,0.0,0.0003964434264858108
13.82,0.7478081841846871,-0.4520605335854502,0.045743604868911755,1.8937790919981694,-0.027947713104368797,0.7744353000785701,0.20848737360669026,0.0,0.0,0.0,0.0,0.0,0.0,0.000356775548385592
13.83,0.7478081841846871,-0.4520605335854502,0.045743604868911755,1.8937790919981694,-0.027947713104368797,0.7744353000785701,0.20849075110257212,0.0,0.0,0.0,0.0,0.0,0.0,0.00031905020916245464
13.84,0.7478081841846871,-0.4520605335854502,0.045743604868911755,1.8937790919981694,-0.027947713104368797,0.7744353000785701,0.20849376119700888,0.0,0.0,0.0,0.0,0.0,0.0,0.0002833006507403195
13.85,0.7478081841846871,-0.4520605335854502,0.045743604868911755,1.8937790919981694,-0.027947713104368797,0.7744353000785701,0.20849642380654998,0.0,0.0,0.0,0.0,0.0,0.0,0.00024955832080214883
13.86,0.7478081841846871,-0.4520605335854502,0.045743604868911755,1.8937790919981694,-0.027947713104368797,0.7744353000785701,0.20849875915317329,0.0,0.0,0.0,0.0,0.0,0.0,0.00021785285436377508
13.87,0.7478081841846871,-0.4520605335854502,0.045743604868911755,1.8937790919981694,-0.027947713104368797,0.7744353000785701,0.2085007877460707,0.0,0.0,0.0,0.0,0.0,0.0,0.00018821205641749727
13.88,0.7478081841846871,-0.4520605335854502,0.045743604868911755,1.8937790919981694,-0.027947713104368797,0.7744353000785701,0.20850253036326574,0.0,0.0,0.0,0.0,0.0,0.0,0.00016066188565398945
13.89,0.7478081841846871,-0.4520605335854502,0.045743604868911755,1.8937790919981694,-0.027947713104368797,0.7744353000785701,0.20850400803307348,0.0,0.0,0.0,0.0,0.0,0.0,0.00013522643927094482
13.9,0.7478081841846871,-0.4520605335854502,0.045743604868911755,1.8937790919981694,-0.027947713104368797,0.7744353000785701,0.20850524201541432,0.0,0.0,0.0,0.0,0.0,0.0,0.00011192793887600163
13.91,0.7478081841846871,-0.4520605335854502,0.045743604868911755,1.8937790919981694,-0.027947713104368797,0.7744353000785701,0.2085062537829922,0.0,0.0,0.0,0.0,0.0,0.0,9.078671749108641e-05
13.92,0.7478081841846871,-0.4520605335854502,0.045743604868911755,1.8937790919981694,-0.027947713104368797,0.7744353000785701,0.20850706500234836,0.0,0.0,0.0,0.0,0.0,0.0,7.18212076648194e-05
13.93,0.7478081841846871,-0.4520605335854502,0.045743604868911755,1.8937790919981694,-0.027947713104368797,0.7744353000785701,0.2085076975148018,0.0,0.0,0.0,0.0,0.0,0.0,5.5047930698833367e-05
13.94,0.7478081841846871,-0.4520605335854502,0.045743604868911755,1.8937790919981694,-0.027947713104368797,0.7744353000785701,0.2085081733172876,0.0,0.0,0.0,0.0,0.0,0.0,4.048148699356459e-05
13.95,0.7478081841846871,-0.4520605335854502,0.045743604868911755,1.8937790919981694,-0.027947713104368797,0.7744353000785701,0.20850851454310435,0.0,0.0,0.0,0.0,0.0,0.0,2.81345475183371e-05
13.96,0.7478081841846871,-0.4520605335854502,0.045743604868911755,1.8937790919981694,-0.027947713104368797,0.7744353000785701,0.2085087434425818,0.0,0.0,0.0,0.0,0.0,0.0,1.801784641004419e-05
13.97,0.7478081841846871,-0.4520605335854502,0.045743604868911755,1.8937790919981694,-0.027947713104368797,0.7744353000785701,0.20850888236368037,0.0,0.0,0.0,0.0,0.0,0.0,1.0140174704163792e-05
13.98,0.7478081841846871,-0.4520605335854502,0.045743604868911755,1.8937790919981694,-0.027947713104368797,0.7744353000785701,0.20850895373253348,0.0,0.0,0.0,0.0,0.0,0.0,4.508375201272681e-06
13.99,0.7478081841846871,-0.4520605335854502,0.045743604868911755,1.8937790919981694,-0.027947713104368797,0.7744353000785701,0.20850898003394422,0.0,0.0,0.0,0.0,0.0,0.0,1.1273384716550833e-06
14.0,0.7478081841846871,-0.4520605335854502,0.045743604868911755,1.8937790919981694,-0.027947713104368797,0.7744353000785701,0.20850898379184787,0.0,0.0,0.0,0.0,0.0,0.0,2.467005958589381e-33
14.01,0.7478081841846871,-0.4520605335854502,0.045743604868911755,1.8937790919981694,-0.027947713104368797,0.7744353000785701,0.20850898379184787,0.0,0.0,0.0,0.0,0.0,0.0,2.467005958589381e-33
14.02,0.7478081841846871,-0.4520605335854502,0.045743604868911755,1.8937790919981694,-0.027947713104368797,0.7744353000785701,0.20850898379184787,0.0,0.0,0.0,0.0,0.0,0.0,2.467005958589381e-33
14.03,0.7478081841846871,-0.4520605335854502,0.045743604868911755,1.8937790919981694,-0.027947713104368797,0.7744353000785701,0.20850898379184787,0.0,0.0,0.0,0.0,0.0,0.0,2.467005958589381e-33
14.04,0.7478081841846871,-0.4520605335854502,0.045743604868911755,1.8937790919981694,-0.027947713104368797,0.7744353000785701,0.20850898379184787,0.0,0.0,0.0,0.0,0.0,0.0,2.467005958589381e-33
14.05,0.7478081841846871,-0.4520605335854502,0.045743604868911755,1.8937790919981694,-0.027947713104368797,0.7744353000785701,0.20850898379184787,0.0,0.0,0.0,0.0,0.0,0.0,2.467005958589381e-33
14.06,0.7478081841846871,-0.4520605335854502,0.045743604868911755,1.8937790919981694,-0.027947713104368797,0.7744353000785701,0.20850898379184787,0.0,0.0,0.0,0.0,0.0,0.0,2.467005958589381e-33
14.07,0.7478081841846871,-0.4520605335854502,0.045743604868911755,1.8937790919981694,-0.027947713104368797,0.7744353000785701,0.20850898379184787,0.0,0.0,0.0,0.0,0.0,0.0,2.467005958589381e-33
14.08,0.7478081841846871,-0.4520605335854502,0.045743604868911755,1.8937790919981694,-0.027947713104368797,0.7744353000785701,0.20850898379184787,0.0,0.0,0.0,0.0,0.0,0.0,2.467005958589381e-33
14.09,0.7478081841846871,-0.4520605335854502,0.045743604868911755,1.8937790919981694,-0.027947713104368797,0.7744353000785701,0.20850898379184787,0.0,0.0,0.0,0.0,0.0,0.0,2.467005958589381e-33
14.1,0.7478081841846871,-0.4520605335854502,0.045743604868911755,1.8937790919981694,-0.027947713104368797,0.7744353000785701,0.20850898379184787,0.0,0.0,0.0,0.0,0.0,0.0,2.467005958589381e-33
14.11,0.7478081841846871,-0.4520605335854502,0.045743604868911755,1.8937790919981694,-0.027947713104368797,0.7744353000785701,0.20850898379184787,0.0,0.0,0.0,0.0,0.0,0.0,2.467005958589381e-33
14.12,0.7478081841846871,-0.4520605335854502,0.045743604868911755,1.8937790919981694,-0.027947713104368797,0.7744353000785701,0.20850898379184787,0.0,0.0,0.0,0.0,0.0,0.0,2.467005958589381e-33
14.13,0.7478081841846871,-0.4520605335854502,0.045743604868911755,1.8937790919981694,-0.027947713104368797,0.7744353000785701,0.20850898379184787,0.0,0.0,0.0,0.0,0.0,0.0,2.467005958589381e-33
14.14,0.7478081841846871,-0.4520605335854502,0.045743604868911755,1.8937790919981694,-0.027947713104368797,0.7744353000785701,0.20850898379184787,0.0,0.0,0.0,0.0,0.0,0.0,2.467005958589381e-33
14.15,0.7478081841846871,-0.4520605335854502,0.045743604868911755,1.8937790919981694,-0.027947713104368797,0.7744353000785701,0.20850898379184787,0.0,0.0,0.0,0.0,0.0,0.0,2.467005958589381e-33
14.16,0.7478081841846871,-0.4520605335854502,0.045743604868911755,1.8937790919981694,-0.027947713104368797,0.7744353000785701,0.20850898379184787,0.0,0.0,0.0,0.0,0.0,0.0,2.467005958589381e-33
14.17,0.7478081841846871,-0.4520605335854502,0.045743604868911755,1.8937790919981694,-0.027947713104368797,0.7744353000785701,0.20850898379184787,0.0,0.0,0.0,0.0,0.0,0.0,2.467005958589381e-33
14.18,0.7478081841846871,-0.4520605335854502,0.045743604868911755,1.8937790919981694,-0.027947713104368797,0.7744353000785701,0.20850898379184787,0.0,0.0,0.0,0.0,0.0,0.0,2.467005958589381e-33
14.19,0.7478081841846871,-0.4520605335854502,0.045743604868911755,1.8937790919981694,-0.027947713104368797,0.7744353000785701,0.20850898379184787,0.0,0.0,0.0,0.0,0.0,0.0,2.467005958589381e-33
14.2,0.7478081841846871,-0.4520605335854502,0.045743604868911755,1.8937790919981694,-0.027947713104368797,0.7744353000785701,0.20850898379184787,0.0,0.0,0.0,0.0,0.0,0.0,2.467005958589381e-33
14.21,0.7478081841846871,-0.4520605335854502,0.045743604868911755,1.8937790919981694,-0.027947713104368797,0.7744353000785701,0.20850898379184787,0.0,0.0,0.0,0.0,0.0,0.0,2.467005958589381e-33
14.22,0.7478081841846871,-0.4520605335854502,0.045743604868911755,1.8937790919981694,-0.027947713104368797,0.7744353000785701,0.20850898379184787,0.0,0.0,0.0,0.0,0.0,0.0,2.467005958589381e-33
14.23,0.7478081841846871,-0.4520605335854502,0.045743604868911755,1.8937790919981694,-0.027947713104368797,0.7744353000785701,0.20850898379184787,0.0,0.0,0.0,0.0,0.0,0.0,2.467005958589381e-33
14.24,0.7478081841846871,-0.4520605335854502,0.045743604868911755,1.8937790919981694,-0.027947713104368797,0.7744353000785701,0.20850898379184787,0.0,0.0,0.0,0.0,0.0,0.0,2.467005958589381e-33
14.25,0.7478081841846871,-0.4520605335854502,0.045743604868911755,1.8937790919981694,-0.027947713104368797,0.7744353000785701,0.20850898379184787,0.0,0.0,0.0,0.0,0.0,0.0,2.467005958589381e-33
14.26,0.7478081841846871,-0.4520605335854502,0.045743604868911755,1.8937790919981694,-0.027947713104368797,0.7744353000785701,0.20850898379184787,0.0,0.0,0.0,0.0,0.0,0.0,2.467005958589381e-33
14.27,0.7478081841846871,-0.4520605335854502,0.045743604868911755,1.8937790919981694,-0.027947713104368797,0.7744353000785701,0.20850898379184787,0.0,0.0,0.0,0.0,0.0,0.0,2.467005958589381e-33
14.28,0.7478081841846871,-0.4520605335854502,0.045743604868911755,1.8937790919981694,-0.027947713104368797,0.7744353000785701,0.20850898379184787,0.0,0.0,0.0,0.0,0.0,0.0,2.467005958589381e-33
14.29,0.7478081841846871,-0.4520605335854502,0.045743604868911755,1.8937790919981694,-0.027947713104368797,0.7744353000785701,0.20850898379184787,0.0,0.0,0.0,0.0,0.0,0.0,2.467005958589381e-33
14.3,0.7478081841846871,-0.4520605335854502,0.045743604868911755,1.8937790919981694,-0.027947713104368797,0.7744353000785701,0.20850898379184787,0.0,0.0,0.0,0.0,0.0,0.0,2.467005958589381e-33
14.31,0.7478081841846871,-0.4520605335854502,0.045743604868911755,1.8937790919981694,-0.027947713104368797,0.7744353000785701,0.20850898379184787,0.0,0.0,0.0,0.0,0.0,0.0,2.467005958589381e-33
14.32,0.7478081841846871,-0.4520605335854502,0.045743604868911755,1.8937790919981694,-0.027947713104368797,0.7744353000785701,0.20850898379184787,0.0,0.0,0.0,0.0,0.0,0.0,2.467005958589381e-33
14.33,0.7478081841846871,-0.4520605335854502,0.045743604868911755,1.8937790919981694,-0.027947713104368797,0.7744353000785701,0.20850898379184787,0.0,0.0,0.0,0.0,0.0,0.0,2.467005958589381e-33
14.34,0.7478081841846871,-0.4520605335854502,0.045743604868911755,1.8937790919981694,-0.027947713104368797,0.7744353000785701,0.20850898379184787,0.0,0.0,0.0,0.0,0.0,0.0,2.467005958589381e-33
14.35,0.7478081841846871,-0.4520605335854502,0.045743604868911755,1.8937790919981694,-0.027947713104368797,0.7744353000785701,0.20850898379184787,0.0,0.0,0.0,0.0,0.0,0.0,2.467005958589381e-33
14.36,0.7478081841846871,-0.4520605335854502,0.045743604868911755,1.8937790919981694,-0.027947713104368797,0.7744353000785701,0.20850898379184787,0.0,0.0,0.0,0.0,0.0,0.0,2.467005958589381e-33
14.37,0.7478081841846871,-0.4520605335854502,0.045743604868911755,1.8937790919981694,-0.027947713104368797,0.7744353000785701,0.20850898379184787,0.0,0.0,0.0,0.0,0.0,0.0,2.467005958589381e-33
14.38,0.7478081841846871,-0.4520605335854502,0.045743604868911755,1.8937790919981694,-0.027947713104368797,0.7744353000785701,0.20850898379184787,0.0,0.0,0.0,0.0,0.0,0.0,2.467005958589381e-33
14.39,0.7478081841846871,-0.4520605335854502,0.045743604868911755,1.8937790919981694,-0.027947713104368797,0.7744353000785701,0.20850898379184787,0.0,0.0,0.0,0.0,0.0,0.0,2.467005958589381e-33
14.4,0.7478081841846871,-0.4520605335854502,0.045743604868911755,1.8937790919981694,-0.027947713104368797,0.7744353000785701,0.20850898379184787,0.0,0.0,0.0,0.0,0.0,0.0,2.467005958589381e-33
14.41,0.7478081841846871,-0.4520605335854502,0.045743604868911755,1.8937790919981694,-0.027947713104368797,0.7744353000785701,0.20850898379184787,0.0,0.0,0.0,0.0,0.0,0.0,2.467005958589381e-33
14.42,0.7478081841846871,-0.4520605335854502,0.045743604868911755,1.8937790919981694,-0.027947713104368797,0.7744353000785701,0.20850898379184787,0.0,0.0,0.0,0.0,0.0,0.0,2.467005958589381e-33
14.43,0.7478081841846871,-0.4520605335854502,0.045743604868911755,1.8937790919981694,-0.027947713104368797,0.7744353000785701,0.20850898379184787,0.0,0.0,0.0,0.0,0.0,0.0,2.467005958589381e-33
14.44,0.7478081841846871,-0.4520605335854502,0.045743604868911755,1.8937790919981694,-0.027947713104368797,0.7744353000785701,0.20850898379184787,0.0,0.0,0.0,0.0,0.0,0.0,2.467005958589381e-33
14.45,0.7478081841846871,-0.4520605335854502,0.045743604868911755,1.8937790919981694,-0.027947713104368797,0.7744353000785701,0.20850898379184787,0.0,0.0,0.0,0.0,0.0,0.0,2.467005958589381e-33
14.46,0.7478081841846871,-0.4520605335854502,0.045743604868911755,1.8937790919981694,-0.027947713104368797,0.7744353000785701,0.20850898379184787,0.0,0.0,0.0,0.0,0.0,0.0,2.467005958589381e-33
14.47,0.7478081841846871,-0.4520605335854502,0.045743604868911755,1.8937790919981694,-0.027947713104368797,0.7744353000785701,0.20850898379184787,0.0,0.0,0.0,0.0,0.0,0.0,2.467005958589381e-33
14.48,0.7478081841846871,-0.4520605335854502,0.045743604868911755,1.8937790919981694,-0.027947713104368797,0.7744353000785701,0.20850898379184787,0.0,0.0,0.0,0.0,0.0,0.0,2.467005958589381e-33
14.49,0.7478081841846871,-0.4520605335854502,0.045743604868911755,1.8937790919981694,-0.027947713104368797,0.7744353000785701,0.20850898379184787,0.0,0.0,0.0,0.0,0.0,0.0,2.467005958589381e-33
14.5,0.7478081841846871,-0.4520605335854502,0.045743604868911755,1.8937790919981694,-0.027947713104368797,0.7744353000785701,0.20850898379184787,0.0,0.0,0.0,0.0,0.0,0.0,2.467005958589381e-33
14.51,0.7478081841846871,-0.4520605335854502,0.045743604868911755,1.8937790919981694,-0.027947713104368797,0.7744353000785701,0.20850898379184787,0.0,0.0,0.0,0.0,0.0,0.0,2.467005958589381e-33
14.52,0.7478081841846871,-0.4520605335854502,0.045743604868911755,1.8937790919981694,-0.027947713104368797,0.7744353000785701,0.20850898379184787,0.0,0.0,0.0,0.0,0.0,0.0,2.467005958589381e-33
14.53,0.7478081841846871,-0.4520605335854502,0.045743604868911755,1.8937790919981694,-0.027947713104368797,0.7744353000785701,0.20850898379184787,0.0,0.0,0.0,0.0,0.0,0.0,2.467005958589381e-33
14.54,0.7478081841846871,-0.4520605335854502,0.045743604868911755,1.8937790919981694,-0.027947713104368797,0.7744353000785701,0.20850898379184787,0.0,0.0,0.0,0.0,0.0,0.0,2.467005958589381e-33
14.55,0.7478081841846871,-0.4520605335854502,0.045743604868911755,1.8937790919981694,-0.027947713104368797,0.7744353000785701,0.20850898379184787,0.0,0.0,0.0,0.0,0.0,0.0,2.467005958589381e-33
14.56,0.7478081841846871,-0.4520605335854502,0.045743604868911755,1.8937790919981694,-0.027947713104368797,0.7744353000785701,0.20850898379184787,0.0,0.0,0.0,0.0,0.0,0.0,2.467005958589381e-33
14.57,0.7478081841846871,-0.4520605335854502,0.045743604868911755,1.8937790919981694,-0.027947713104368797,0.7744353000785701,0.20850898379184787,0.0,0.0,0.0,0.0,0.0,0.0,2.467005958589381e-33
14.58,0.7478081841846871,-0.4520605335854502,0.045743604868911755,1.8937790919981694,-0.027947713104368797,0.7744353000785701,0.20850898379184787,0.0,0.0,0.0,0.0,0.0,0.0,2.467005958589381e-33
14.59,0.7478081841846871,-0.4520605335854502,0.045743604868911755,1.8937790919981694,-0.027947713104368797,0.7744353000785701,0.20850898379184787,0.0,0.0,0.0,0.0,0.0,0.0,2.467005958589381e-33
14.6,0.7478081841846871,-0.4520605335854502,0.045743604868911755,1.8937790919981694,-0.027947713104368797,0.7744353000785701,0.20850898379184787,0.0,0.0,0.0,0.0,0.0,0.0,2.467005958589381e-33
14.61,0.7478081841846871,-0.4520605335854502,0.045743604868911755,1.8937790919981694,-0.027947713104368797,0.7744353000785701,0.20850898379184787,0.0,0.0,0.0,0.0,0.0,0.0,2.467005958589381e-33
14.62,0.7478081841846871,-0.4520605335854502,0.045743604868911755,1.8937790919981694,-0.027947713104368797,0.7744353000785701,0.20850898379184787,0.0,0.0,0.0,0.0,0.0,0.0,2.467005958589381e-33
14.63,0.7478081841846871,-0.4520605335854502,0.045743604868911755,1.8937790919981694,-0.027947713104368797,0.7744353000785701,0.20850898379184787,0.0,0.0,0.0,0.0,0.0,0.0,2.467005958589381e-33
14.64,0.7478081841846871,-0.4520605335854502,0.045743604868911755,1.8937790919981694,-0.027947713104368797,0.7744353000785701,0.20850898379184787,0.0,0.0,0.0,0.0,0.0,0.0,2.467005958589381e-33
14.65,0.7478081841846871,-0.4520605335854502,0.045743604868911755,1.8937790919981694,-0.027947713104368797,0.7744353000785701,0.20850898379184787,0.0,0.0,0.0,0.0,0.0,0.0,2.467005958589381e-33
14.66,0.7478081841846871,-0.4520605335854502,0.045743604868911755,1.8937790919981694,-0.027947713104368797,0.7744353000785701,0.20850898379184787,0.0,0.0,0.0,0.0,0.0,0.0,2.467005958589381e-33
14.67,0.7478081841846871,-0.4520605335854502,0.045743604868911755,1.8937790919981694,-0.027947713104368797,0.7744353000785701,0.20850898379184787,0.0,0.0,0.0,0.0,0.0,0.0,2.467005958589381e-33
14.68,0.7478081841846871,-0.4520605335854502,0.045743604868911755,1.8937790919981694,-0.027947713104368797,0.7744353000785701,0.20850898379184787,0.0,0.0,0.0,0.0,0.0,0.0,2.467005958589381e-33
14.69,0.7478081841846871,-0.4520605335854502,0.045743604868911755,1.8937790919981694,-0.027947713104368797,0.7744353000785701,0.20850898379184787,0.0,0.0,0.0,0.0,0.0,0.0,2.467005958589381e-33
14.7,0.7478081841846871,-0.4520605335854502,0.045743604868911755,1.8937790919981694,-0.027947713104368797,0.7744353000785701,0.20850898379184787,0.0,0.0,0.0,0.0,0.0,0.0,2.467005958589381e-33
14.71,0.7478081841846871,-0.4520605335854502,0.045743604868911755,1.8937790919981694,-0.027947713104368797,0.7744353000785701,0.20850898379184787,0.0,0.0,0.0,0.0,0.0,0.0,2.467005958589381e-33
14.72,0.7478081841846871,-0.4520605335854502,0.045743604868911755,1.8937790919981694,-0.027947713104368797,0.7744353000785701,0.20850898379184787,0.0,0.0,0.0,0.0,0.0,0.0,2.467005958589381e-33
14.73,0.7478081841846871,-0.4520605335854502,0.045743604868911755,1.8937790919981694,-0.027947713104368797,0.7744353000785701,0.20850898379184787,0.0,0.0,0.0,0.0,0.0,0.0,2.467005958589381e-33
14.74,0.7478081841846871,-0.4520605335854502,0.045743604868911755,1.8937790919981694,-0.027947713104368797,0.7744353000785701,0.20850898379184787,0.0,0.0,0.0,0.0,0.0,0.0,2.467005958589381e-33
14.75,0.7478081841846871,-0.4520605335854502,0.045743604868911755,1.8937790919981694,-0.027947713104368797,0.7744353000785701,0.20850898379184787,0.0,0.0,0.0,0.0,0.0,0.0,2.467005958589381e-33
14.76,0.7478081841846871,-0.4520605335854502,0.045743604868911755,1.8937790919981694,-0.027947713104368797,0.7744353000785701,0.20850898379184787,0.0,0.0,0.0,0.0,0.0,0.0,2.467005958589381e-33
14.77,0.7478081841846871,-0.4520605335854502,0.045743604868911755,1.8937790919981694,-0.027947713104368797,0.7744353000785701,0.20850898379184787,0.0,0.0,0.0,0.0,0.0,0.0,2.467005958589381e-33
14.78,0.7478081841846871,-0.4520605335854502,0.045743604868911755,1.8937790919981694,-0.027947713104368797,0.7744353000785701,0.20850898379184787,0.0,0.0,0.0,0.0,0.0,0.0,2.467005958589381e-33
14.79,0.7478081841846871,-0.4520605335854502,0.045743604868911755,1.8937790919981694,-0.027947713104368797,0.7744353000785701,0.20850898379184787,0.0,0.0,0.0,0.0,0.0,0.0,2.467005958589381e-33
14.8,0.7478081841846871,-0.4520605335854502,0.045743604868911755,1.8937790919981694,-0.027947713104368797,0.7744353000785701,0.20850898379184787,0.0,0.0,0.0,0.0,0.0,0.0,2.467005958589381e-33
14.81,0.7478081841846871,-0.4520605335854502,0.045743604868911755,1.8937790919981694,-0.027947713104368797,0.7744353000785701,0.20850898379184787,0.0,0.0,0.0,0.0,0.0,0.0,2.467005958589381e-33
14.82,0.7478081841846871,-0.4520605335854502,0.045743604868911755,1.8937790919981694,-0.027947713104368797,0.7744353000785701,0.20850898379184787,0.0,0.0,0.0,0.0,0.0,0.0,2.467005958589381e-33
14.83,0.7478081841846871,-0.4520605335854502,0.045743604868911755,1.8937790919981694,-0.027947713104368797,0.7744353000785701,0.20850898379184787,0.0,0.0,0.0,0.0,0.0,0.0,2.467005958589381e-33
14.84,0.7478081841846871,-0.4520605335854502,0.045743604868911755,1.8937790919981694,-0.027947713104368797,0.7744353000785701,0.20850898379184787,0.0,0.0,0.0,0.0,0.0,0.0,2.467005958589381e-33
14.85,0.7478081841846871,-0.4520605335854502,0.045743604868911755,1.8937790919981694,-0.027947713104368797,0.7744353000785701,0.20850898379184787,0.0,0.0,0.0,0.0,0.0,0.0,2.467005958589381e-33
14.86,0.7478081841846871,-0.4520605335854502,0.045743604868911755,1.8937790919981694,-0.027947713104368797,0.7744353000785701,0.20850898379184787,0.0,0.0,0.0,0.0,0.0,0.0,2.467005958589381e-33
14.87,0.7478081841846871,-0.4520605335854502,0.045743604868911755,1.8937790919981694,-0.027947713104368797,0.7744353000785701,0.20850898379184787,0.0,0.0,0.0,0.0,0.0,0.0,2.467005958589381e-33
14.88,0.7478081841846871,-0.4520605335854502,0.045743604868911755,1.8937790919981694,-0.027947713104368797,0.7744353000785701,0.20850898379184787,0.0,0.0,0.0,0.0,0.0,0.0,2.467005958589381e-33
14.89,0.7478081841846871,-0.4520605335854502,0.045743604868911755,1.8937790919981694,-0.027947713104368797,0.7744353000785701,0.20850898379184787,0.0,0.0,0.0,0.0,0.0,0.0,2.467005958589381e-33
14.9,0.7478081841846871,-0.4520605335854502,0.045743604868911755,1.8937790919981694,-0.027947713104368797,0.7744353000785701,0.20850898379184787,0.0,0.0,0.0,0.0,0.0,0.0,2.467005958589381e-33
14.91,0.7478081841846871,-0.4520605335854502,0.045743604868911755,1.8937790919981694,-0.027947713104368797,0.7744353000785701,0.20850898379184787,0.0,0.0,0.0,0.0,0.0,0.0,2.467005958589381e-33
14.92,0.7478081841846871,-0.4520605335854502,0.045743604868911755,1.8937790919981694,-0.027947713104368797,0.7744353000785701,0.20850898379184787,0.0,0.0,0.0,0.0,0.0,0.0,2.467005958589381e-33
14.93,0.7478081841846871,-0.4520605335854502,0.045743604868911755,1.8937790919981694,-0.027947713104368797,0.7744353000785701,0.20850898379184787,0.0,0.0,0.0,0.0,0.0,0.0,2.467005958589381e-33
14.94,0.7478081841846871,-0.4520605335854502,0.045743604868911755,1.8937790919981694,-0.027947713104368797,0.7744353000785701,0.20850898379184787,0.0,0.0,0.0,0.0,0.0,0.0,2.467005958589381e-33
14.95,0.7478081841846871,-0.4520605335854502,0.045743604868911755,1.8937790919981694,-0.027947713104368797,0.7744353000785701,0.20850898379184787,0.0,0.0,0.0,0.0,0.0,0.0,2.467005958589381e-33
14.96,0.7478081841846871,-0.4520605335854502,0.045743604868911755,1.8937790919981694,-0.027947713104368797,0.7744353000785701,0.20850898379184787,0.0,0.0,0.0,0.0,0.0,0.0,2.467005958589381e-33
14.97,0.7478081841846871,-0.4520605335854502,0.045743604868911755,1.8937790919981694,-0.027947713104368797,0.7744353000785701,0.20850898379184787,0.0,0.0,0.0,0.0,0.0,0.0,2.467005958589381e-33
14.98,0.7478081841846871,-0.4520605335854502,0.045743604868911755,1.8937790919981694,-0.027947713104368797,0.7744353000785701,0.20850898379184787,0.0,0.0,0.0,0.0,0.0,0.0,2.467005958589381e-33
14.99,0.7478081841846871,-0.4520605335854502,0.045743604868911755,1.8937790919981694,-0.027947713104368797,0.7744353000785701,0.20850898379184787,0.0,0.0,0.0,0.0,0.0,0.0,2.467005958589381e-33
15.0,0.7478081841846871,-0.4520605335854502,0.045743604868911755,1.8937790919981694,-0.027947713104368797,0.7744353000785701,0.20850898379184787,0.0,0.0,0.0,0.0,0.0,0.0,2.467005958589381e-33
15.01,0.7478081841846871,-0.4520605335854502,0.045743604868911755,1.8937790919981694,-0.027947713104368797,0.7744353000785701,0.20850898379184787,0.0,0.0,0.0,0.0,0.0,0.0,2.467005958589381e-33
15.02,0.7478081841846871,-0.4520605335854502,0.045743604868911755,1.8937790919981694,-0.027947713104368797,0.7744353000785701,0.20850898379184787,0.0,0.0,0.0,0.0,0.0,0.0,2.467005958589381e-33
15.03,0.7478081841846871,-0.4520605335854502,0.045743604868911755,1.8937790919981694,-0.027947713104368797,0.7744353000785701,0.20850898379184787,0.0,0.0,0.0,0.0,0.0,0.0,2.467005958589381e-33
15.04,0.7478081841846871,-0.4520605335854502,0.045743604868911755,1.8937790919981694,-0.027947713104368797,0.7744353000785701,0.20850898379184787,0.0,0.0,0.0,0.0,0.0,0.0,2.467005958589381e-33
15.05,0.7478081841846871,-0.4520605335854502,0.045743604868911755,1.8937790919981694,-0.027947713104368797,0.7744353000785701,0.20850898379184787,0.0,0.0,0.0,0.0,0.0,0.0,2.467005958589381e-33
15.06,0.7478081841846871,-0.4520605335854502,0.045743604868911755,1.8937790919981694,-0.027947713104368797,0.7744353000785701,0.20850898379184787,0.0,0.0,0.0,0.0,0.0,0.0,2.467005958589381e-33
15.07,0.7478081841846871,-0.4520605335854502,0.045743604868911755,1.8937790919981694,-0.027947713104368797,0.7744353000785701,0.20850898379184787,0.0,0.0,0.0,0.0,0.0,0.0,2.467005958589381e-33
15.08,0.7478081841846871,-0.4520605335854502,0.045743604868911755,1.8937790919981694,-0.027947713104368797,0.7744353000785701,0.20850898379184787,0.0,0.0,0.0,0.0,0.0,0.0,2.467005958589381e-33
15.09,0.7478081841846871,-0.4520605335854502,0.045743604868911755,1.8937790919981694,-0.027947713104368797,0.7744353000785701,0.20850898379184787,0.0,0.0,0.0,0.0,0.0,0.0,2.467005958589381e-33
15.1,0.7478081841846871,-0.4520605335854502,0.045743604868911755,1.8937790919981694,-0.027947713104368797,0.7744353000785701,0.20850898379184787,0.0,0.0,0.0,0.0,0.0,0.0,2.467005958589381e-33
15.11,0.7478081841846871,-0.4520605335854502,0.045743604868911755,1.8937790919981694,-0.027947713104368797,0.7744353000785701,0.20850898379184787,0.0,0.0,0.0,0.0,0.0,0.0,2.467005958589381e-33
15.12,0.7478081841846871,-0.4520605335854502,0.045743604868911755,1.8937790919981694,-0.027947713104368797,0.7744353000785701,0.20850898379184787,0.0,0.0,0.0,0.0,0.0,0.0,2.467005958589381e-33
15.13,0.7478081841846871,-0.4520605335854502,0.045743604868911755,1.8937790919981694,-0.027947713104368797,0.7744353000785701,0.20850898379184787,0.0,0.0,0.0,0.0,0.0,0.0,2.467005958589381e-33
15.14,0.7478081841846871,-0.4520605335854502,0.045743604868911755,1.8937790919981694,-0.027947713104368797,0.7744353000785701,0.20850898379184787,0.0,0.0,0.0,0.0,0.0,0.0,2.467005958589381e-33
15.15,0.7478081841846871,-0.4520605335854502,0.045743604868911755,1.8937790919981694,-0.027947713104368797,0.7744353000785701,0.20850898379184787,0.0,0.0,0.0,0.0,0.0,0.0,2.467005958589381e-33
15.16,0.7478081841846871,-0.4520605335854502,0.045743604868911755,1.8937790919981694,-0.027947713104368797,0.7744353000785701,0.20850898379184787,0.0,0.0,0.0,0.0,0.0,0.0,2.467005958589381e-33
15.17,0.7478081841846871,-0.4520605335854502,0.045743604868911755,1.8937790919981694,-0.027947713104368797,0.7744353000785701,0.20850898379184787,0.0,0.0,0.0,0.0,0.0,0.0,2.467005958589381e-33
15.18,0.7478081841846871,-0.4520605335854502,0.045743604868911755,1.8937790919981694,-0.027947713104368797,0.7744353000785701,0.20850898379184787,0.0,0.0,0.0,0.0,0.0,0.0,2.467005958589381e-33
15.19,0.7478081841846871,-0.4520605335854502,0.045743604868911755,1.8937790919981694,-0.027947713104368797,0.7744353000785701,0.20850898379184787,0.0,0.0,0.0,0.0,0.0,0.0,2.467005958589381e-33
15.2,0.7478081841846871,-0.4520605335854502,0.045743604868911755,1.8937790919981694,-0.027947713104368797,0.7744353000785701,0.20850898379184787,0.0,0.0,0.0,0.0,0.0,0.0,2.467005958589381e-33
15.21,0.7478081841846871,-0.4520605335854502,0.045743604868911755,1.8937790919981694,-0.027947713104368797,0.7744353000785701,0.20850898379184787,0.0,0.0,0.0,0.0,0.0,0.0,2.467005958589381e-33
15.22,0.7478081841846871,-0.4520605335854502,0.045743604868911755,1.8937790919981694,-0.027947713104368797,0.7744353000785701,0.20850898379184787,0.0,0.0,0.0,0.0,0.0,0.0,2.467005958589381e-33
15.23,0.7478081841846871,-0.4520605335854502,0.045743604868911755,1.8937790919981694,-0.027947713104368797,0.7744353000785701,0.20850898379184787,0.0,0.0,0.0,0.0,0.0,0.0,2.467005958589381e-33
15.24,0.7478081841846871,-0.4520605335854502,0.045743604868911755,1.8937790919981694,-0.027947713104368797,0.7744353000785701,0.20850898379184787,0.0,0.0,0.0,0.0,0.0,0.0,2.467005958589381e-33
15.25,0.7478081841846871,-0.4520605335854502,0.045743604868911755,1.8937790919981694,-0.027947713104368797,0.7744353000785701,0.20850898379184787,0.0,0.0,0.0,0.0,0.0,0.0,2.467005958589381e-33
15.26,0.7478081841846871,-0.4520605335854502,0.045743604868911755,1.8937790919981694,-0.027947713104368797,0.7744353000785701,0.20850898379184787,0.0,0.0,0.0,0.0,0.0,0.0,2.467005958589381e-33
15.27,0.7478081841846871,-0.4520605335854502,0.045743604868911755,1.8937790919981694,-0.027947713104368797,0.7744353000785701,0.20850898379184787,0.0,0.0,0.0,0.0,0.0,0.0,2.467005958589381e-33
15.28,0.7478081841846871,-0.4520605335854502,0.045743604868911755,1.8937790919981694,-0.027947713104368797,0.7744353000785701,0.20850898379184787,0.0,0.0,0.0,0.0,0.0,0.0,2.467005958589381e-33
15.29,0.7478081841846871,-0.4520605335854502,0.045743604868911755,1.8937790919981694,-0.027947713104368797,0.7744353000785701,0.20850898379184787,0.0,0.0,0.0,0.0,0.0,0.0,2.467005958589381e-33
15.3,0.7478081841846871,-0.4520605335854502,0.045743604868911755,1.8937790919981694,-0.027947713104368797,0.7744353000785701,0.20850898379184787,0.0,0.0,0.0,0.0,0.0,0.0,2.467005958589381e-33
15.31,0.7478081841846871,-0.4520605335854502,0.045743604868911755,1.8937790919981694,-0.027947713104368797,0.7744353000785701,0.20850898379184787,0.0,0.0,0.0,0.0,0.0,0.0,2.467005958589381e-33
15.32,0.7478081841846871,-0.4520605335854502,0.045743604868911755,1.8937790919981694,-0.027947713104368797,0.7744353000785701,0.20850898379184787,0.0,0.0,0.0,0.0,0.0,0.0,2.467005958589381e-33
15.33,0.7478081841846871,-0.4520605335854502,0.045743604868911755,1.8937790919981694,-0.027947713104368797,0.7744353000785701,0.20850898379184787,0.0,0.0,0.0,0.0,0.0,0.0,2.467005958589381e-33
15.34,0.7478081841846871,-0.4520605335854502,0.045743604868911755,1.8937790919981694,-0.027947713104368797,0.7744353000785701,0.20850898379184787,0.0,0.0,0.0,0.0,0.0,0.0,2.467005958589381e-33
15.35,0.7478081841846871,-0.4520605335854502,0.045743604868911755,1.8937790919981694,-0.027947713104368797,0.7744353000785701,0.20850898379184787,0.0,0.0,0.0,0.0,0.0,0.0,2.467005958589381e-33
15.36,0.7478081841846871,-0.4520605335854502,0.045743604868911755,1.8937790919981694,-0.027947713104368797,0.7744353000785701,0.20850898379184787,0.0,0.0,0.0,0.0,0.0,0.0,2.467005958589381e-33
15.37,0.7478081841846871,-0.4520605335854502,0.045743604868911755,1.8937790919981694,-0.027947713104368797,0.7744353000785701,0.20850898379184787,0.0,0.0,0.0,0.0,0.0,0.0,2.467005958589381e-33
15.38,0.7478081841846871,-0.4520605335854502,0.045743604868911755,1.8937790919981694,-0.027947713104368797,0.7744353000785701,0.20850898379184787,0.0,0.0,0.0,0.0,0.0,0.0,2.467005958589381e-33
15.39,0.7478081841846871,-0.4520605335854502,0.045743604868911755,1.8937790919981694,-0.027947713104368797,0.7744353000785701,0.20850898379184787,0.0,0.0,0.0,0.0,0.0,0.0,2.467005958589381e-33
15.4,0.7478081841846871,-0.4520605335854502,0.045743604868911755,1.8937790919981694,-0.027947713104368797,0.7744353000785701,0.20850898379184787,0.0,0.0,0.0,0.0,0.0,0.0,2.467005958589381e-33
15.41,0.7478081841846871,-0.4520605335854502,0.045743604868911755,1.8937790919981694,-0.027947713104368797,0.7744353000785701,0.20850898379184787,0.0,0.0,0.0,0.0,0.0,0.0,2.467005958589381e-33
15.42,0.7478081841846871,-0.4520605335854502,0.045743604868911755,1.8937790919981694,-0.027947713104368797,0.7744353000785701,0.20850898379184787,0.0,0.0,0.0,0.0,0.0,0.0,2.467005958589381e-33
15.43,0.7478081841846871,-0.4520605335854502,0.045743604868911755,1.8937790919981694,-0.027947713104368797,0.7744353000785701,0.20850898379184787,0.0,0.0,0.0,0.0,0.0,0.0,2.467005958589381e-33
15.44,0.7478081841846871,-0.4520605335854502,0.045743604868911755,1.8937790919981694,-0.027947713104368797,0.7744353000785701,0.20850898379184787,0.0,0.0,0.0,0.0,0.0,0.0,2.467005958589381e-33
15.45,0.7478081841846871,-0.4520605335854502,0.045743604868911755,1.8937790919981694,-0.027947713104368797,0.7744353000785701,0.20850898379184787,0.0,0.0,0.0,0.0,0.0,0.0,2.467005958589381e-33
15.46,0.7478081841846871,-0.4520605335854502,0.045743604868911755,1.8937790919981694,-0.027947713104368797,0.7744353000785701,0.20850898379184787,0.0,0.0,0.0,0.0,0.0,0.0,2.467005958589381e-33
15.47,0.7478081841846871,-0.4520605335854502,0.045743604868911755,1.8937790919981694,-0.027947713104368797,0.7744353000785701,0.20850898379184787,0.0,0.0,0.0,0.0,0.0,0.0,2.467005958589381e-33
15.48,0.7478081841846871,-0.4520605335854502,0.045743604868911755,1.8937790919981694,-0.027947713104368797,0.7744353000785701,0.20850898379184787,0.0,0.0,0.0,0.0,0.0,0.0,2.467005958589381e-33
15.49,0.7478081841846871,-0.4520605335854502,0.045743604868911755,1.8937790919981694,-0.027947713104368797,0.7744353000785701,0.20850898379184787,0.0,0.0,0.0,0.0,0.0,0.0,2.467005958589381e-33
15.5,0.7478081841846871,-0.4520605335854502,0.045743604868911755,1.8937790919981694,-0.027947713104368797,0.7744353000785701,0.20850898379184787,0.0,0.0,0.0,0.0,0.0,0.0,2.467005958589381e-33
15.51,0.7478081841846871,-0.4520605335854502,0.045743604868911755,1.8937790919981694,-0.027947713104368797,0.7744353000785701,0.20850898379184787,0.0,0.0,0.0,0.0,0.0,0.0,2.467005958589381e-33
15.52,0.7478081841846871,-0.4520605335854502,0.045743604868911755,1.8937790919981694,-0.027947713104368797,0.7744353000785701,0.20850898379184787,0.0,0.0,0.0,0.0,0.0,0.0,2.467005958589381e-33
15.53,0.7478081841846871,-0.4520605335854502,0.045743604868911755,1.8937790919981694,-0.027947713104368797,0.7744353000785701,0.20850898379184787,0.0,0.0,0.0,0.0,0.0,0.0,2.467005958589381e-33
15.54,0.7478081841846871,-0.4520605335854502,0.045743604868911755,1.8937790919981694,-0.027947713104368797,0.7744353000785701,0.20850898379184787,0.0,0.0,0.0,0.0,0.0,0.0,2.467005958589381e-33
15.55,0.7478081841846871,-0.4520605335854502,0.045743604868911755,1.8937790919981694,-0.027947713104368797,0.7744353000785701,0.20850898379184787,0.0,0.0,0.0,0.0,0.0,0.0,2.467005958589381e-33
15.56,0.7478081841846871,-0.4520605335854502,0.045743604868911755,1.8937790919981694,-0.027947713104368797,0.7744353000785701,0.20850898379184787,0.0,0.0,0.0,0.0,0.0,0.0,2.467005958589381e-33
15.57,0.7478081841846871,-0.4520605335854502,0.045743604868911755,1.8937790919981694,-0.027947713104368797,0.7744353000785701,0.20850898379184787,0.0,0.0,0.0,0.0,0.0,0.0,2.467005958589381e-33
15.58,0.7478081841846871,-0.4520605335854502,0.045743604868911755,1.8937790919981694,-0.027947713104368797,0.7744353000785701,0.20850898379184787,0.0,0.0,0.0,0.0,0.0,0.0,2.467005958589381e-33
15.59,0.7478081841846871,-0.4520605335854502,0.045743604868911755,1.8937790919981694,-0.027947713104368797,0.7744353000785701,0.20850898379184787,0.0,0.0,0.0,0.0,0.0,0.0,2.467005958589381e-33
15.6,0.7478081841846871,-0.4520605335854502,0.045743604868911755,1.8937790919981694,-0.027947713104368797,0.7744353000785701,0.20850898379184787,0.0,0.0,0.0,0.0,0.0,0.0,2.467005958589381e-33
15.61,0.7478081841846871,-0.4520605335854502,0.045743604868911755,1.8937790919981694,-0.027947713104368797,0.7744353000785701,0.20850898379184787,0.0,0.0,0.0,0.0,0.0,0.0,2.467005958589381e-33
15.62,0.7478081841846871,-0.4520605335854502,0.045743604868911755,1.8937790919981694,-0.027947713104368797,0.7744353000785701,0.20850898379184787,0.0,0.0,0.0,0.0,0.0,0.0,2.467005958589381e-33
15.63,0.7478081841846871,-0.4520605335854502,0.045743604868911755,1.8937790919981694,-0.027947713104368797,0.7744353000785701,0.20850898379184787,0.0,0.0,0.0,0.0,0.0,0.0,2.467005958589381e-33
15.64,0.7478081841846871,-0.4520605335854502,0.045743604868911755,1.8937790919981694,-0.027947713104368797,0.7744353000785701,0.20850898379184787,0.0,0.0,0.0,0.0,0.0,0.0,2.467005958589381e-33
15.65,0.7478081841846871,-0.4520605335854502,0.045743604868911755,1.8937790919981694,-0.027947713104368797,0.7744353000785701,0.20850898379184787,0.0,0.0,0.0,0.0,0.0,0.0,2.467005958589381e-33
15.66,0.7478081841846871,-0.4520605335854502,0.045743604868911755,1.8937790919981694,-0.027947713104368797,0.7744353000785701,0.20850898379184787,0.0,0.0,0.0,0.0,0.0,0.0,2.467005958589381e-33
15.67,0.7478081841846871,-0.4520605335854502,0.045743604868911755,1.8937790919981694,-0.027947713104368797,0.7744353000785701,0.20850898379184787,0.0,0.0,0.0,0.0,0.0,0.0,2.467005958589381e-33
15.68,0.7478081841846871,-0.4520605335854502,0.045743604868911755,1.8937790919981694,-0.027947713104368797,0.7744353000785701,0.20850898379184787,0.0,0.0,0.0,0.0,0.0,0.0,2.467005958589381e-33
15.69,0.7478081841846871,-0.4520605335854502,0.045743604868911755,1.8937790919981694,-0.027947713104368797,0.7744353000785701,0.20850898379184787,0.0,0.0,0.0,0.0,0.0,0.0,2.467005958589381e-33
15.7,0.7478081841846871,-0.4520605335854502,0.045743604868911755,1.8937790919981694,-0.027947713104368797,0.7744353000785701,0.20850898379184787,0.0,0.0,0.0,0.0,0.0,0.0,2.467005958589381e-33
15.71,0.7478081841846871,-0.4520605335854502,0.045743604868911755,1.8937790919981694,-0.027947713104368797,0.7744353000785701,0.20850898379184787,0.0,0.0,0.0,0.0,0.0,0.0,2.467005958589381e-33
15.72,0.7478081841846871,-0.4520605335854502,0.045743604868911755,1.8937790919981694,-0.027947713104368797,0.7744353000785701,0.20850898379184787,0.0,0.0,0.0,0.0,0.0,0.0,2.467005958589381e-33
15.73,0.7478081841846871,-0.4520605335854502,0.045743604868911755,1.8937790919981694,-0.027947713104368797,0.7744353000785701,0.20850898379184787,0.0,0.0,0.0,0.0,0.0,0.0,2.467005958589381e-33
15.74,0.7478081841846871,-0.4520605335854502,0.045743604868911755,1.8937790919981694,-0.027947713104368797,0.7744353000785701,0.20850898379184787,0.0,0.0,0.0,0.0,0.0,0.0,2.467005958589381e-33
15.75,0.7478081841846871,-0.4520605335854502,0.045743604868911755,1.8937790919981694,-0.027947713104368797,0.7744353000785701,0.20850898379184787,0.0,0.0,0.0,0.0,0.0,0.0,2.467005958589381e-33
15.76,0.7478081841846871,-0.4520605335854502,0.045743604868911755,1.8937790919981694,-0.027947713104368797,0.7744353000785701,0.20850898379184787,0.0,0.0,0.0,0.0,0.0,0.0,2.467005958589381e-33
15.77,0.7478081841846871,-0.4520605335854502,0.045743604868911755,1.8937790919981694,-0.027947713104368797,0.7744353000785701,0.20850898379184787,0.0,0.0,0.0,0.0,0.0,0.0,2.467005958589381e-33
15.78,0.7478081841846871,-0.4520605335854502,0.045743604868911755,1.8937790919981694,-0.027947713104368797,0.7744353000785701,0.20850898379184787,0.0,0.0,0.0,0.0,0.0,0.0,2.467005958589381e-33
15.79,0.7478081841846871,-0.4520605335854502,0.045743604868911755,1.8937790919981694,-0.027947713104368797,0.7744353000785701,0.20850898379184787,0.0,0.0,0.0,0.0,0.0,0.0,2.467005958589381e-33
15.8,0.7478081841846871,-0.4520605335854502,0.045743604868911755,1.8937790919981694,-0.027947713104368797,0.7744353000785701,0.20850898379184787,0.0,0.0,0.0,0.0,0.0,0.0,2.467005958589381e-33
15.81,0.7478081841846871,-0.4520605335854502,0.045743604868911755,1.8937790919981694,-0.027947713104368797,0.7744353000785701,0.20850898379184787,0.0,0.0,0.0,0.0,0.0,0.0,2.467005958589381e-33
15.82,0.7478081841846871,-0.4520605335854502,0.045743604868911755,1.8937790919981694,-0.027947713104368797,0.7744353000785701,0.20850898379184787,0.0,0.0,0.0,0.0,0.0,0.0,2.467005958589381e-33
15.83,0.7478081841846871,-0.4520605335854502,0.045743604868911755,1.8937790919981694,-0.027947713104368797,0.7744353000785701,0.20850898379184787,0.0,0.0,0.0,0.0,0.0,0.0,2.467005958589381e-33
15.84,0.7478081841846871,-0.4520605335854502,0.045743604868911755,1.8937790919981694,-0.027947713104368797,0.7744353000785701,0.20850898379184787,0.0,0.0,0.0,0.0,0.0,0.0,2.467005958589381e-33
15.85,0.7478081841846871,-0.4520605335854502,0.045743604868911755,1.8937790919981694,-0.027947713104368797,0.7744353000785701,0.20850898379184787,0.0,0.0,0.0,0.0,0.0,0.0,2.467005958589381e-33
15.86,0.7478081841846871,-0.4520605335854502,0.045743604868911755,1.8937790919981694,-0.027947713104368797,0.7744353000785701,0.20850898379184787,0.0,0.0,0.0,0.0,0.0,0.0,2.467005958589381e-33
15.87,0.7478081841846871,-0.4520605335854502,0.045743604868911755,1.8937790919981694,-0.027947713104368797,0.7744353000785701,0.20850898379184787,0.0,0.0,0.0,0.0,0.0,0.0,2.467005958589381e-33
15.88,0.7478081841846871,-0.4520605335854502,0.045743604868911755,1.8937790919981694,-0.027947713104368797,0.7744353000785701,0.20850898379184787,0.0,0.0,0.0,0.0,0.0,0.0,2.467005958589381e-33
15.89,0.7478081841846871,-0.4520605335854502,0.045743604868911755,1.8937790919981694,-0.027947713104368797,0.7744353000785701,0.20850898379184787,0.0,0.0,0.0,0.0,0.0,0.0,2.467005958589381e-33
15.9,0.7478081841846871,-0.4520605335854502,0.045743604868911755,1.8937790919981694,-0.027947713104368797,0.7744353000785701,0.20850898379184787,0.0,0.0,0.0,0.0,0.0,0.0,2.467005958589381e-33
15.91,0.7478081841846871,-0.4520605335854502,0.045743604868911755,1.8937790919981694,-0.027947713104368797,0.7744353000785701,0.20850898379184787,0.0,0.0,0.0,0.0,0.0,0.0,2.467005958589381e-33
15.92,0.7478081841846871,-0.4520605335854502,0.045743604868911755,1.8937790919981694,-0.027947713104368797,0.7744353000785701,0.20850898379184787,0.0,0.0,0.0,0.0,0.0,0.0,2.467005958589381e-33
15.93,0.7478081841846871,-0.4520605335854502,0.045743604868911755,1.8937790919981694,-0.027947713104368797,0.7744353000785701,0.20850898379184787,0.0,0.0,0.0,0.0,0.0,0.0,2.467005958589381e-33
15.94,0.7478081841846871,-0.4520605335854502,0.045743604868911755,1.8937790919981694,-0.027947713104368797,0.7744353000785701,0.20850898379184787,0.0,0.0,0.0,0.0,0.0,0.0,2.467005958589381e-33
15.95,0.7478081841846871,-0.4520605335854502,0.045743604868911755,1.8937790919981694,-0.027947713104368797,0.7744353000785701,0.20850898379184787,0.0,0.0,0.0,0.0,0.0,0.0,2.467005958589381e-33
15.96,0.7478081841846871,-0.4520605335854502,0.045743604868911755,1.8937790919981694,-0.027947713104368797,0.7744353000785701,0.20850898379184787,0.0,0.0,0.0,0.0,0.0,0.0,2.467005958589381e-33
15.97,0.7478081841846871,-0.4520605335854502,0.045743604868911755,1.8937790919981694,-0.027947713104368797,0.7744353000785701,0.20850898379184787,0.0,0.0,0.0,0.0,0.0,0.0,2.467005958589381e-33
15.98,0.7478081841846871,-0.4520605335854502,0.045743604868911755,1.8937790919981694,-0.027947713104368797,0.7744353000785701,0.20850898379184787,0.0,0.0,0.0,0.0,0.0,0.0,2.467005958589381e-33
15.99,0.7478081841846871,-0.4520605335854502,0.045743604868911755,1.8937790919981694,-0.027947713104368797,0.7744353000785701,0.20850898379184787,0.0,0.0,0.0,0.0,0.0,0.0,2.467005958589381e-33
16.0,0.7478081841846871,-0.4520605335854502,0.045743604868911755,1.8937790919981694,-0.027947713104368797,0.7744353000785701,0.20850898379184787,0.0,0.0,0.0,0.0,0.0,0.0,2.467005958589381e-33
