time_s,q1_rad,q2_rad,q3_rad,q4_rad,q5_rad,q6_rad,q7_rad,dq1_rad_s,dq2_rad_s,dq3_rad_s,dq4_rad_s,dq5_rad_s,dq6_rad_s,dq7_rad_s
0.0,0.7478081841846871,-0.4520605335854502,0.045743604868911755,1.8937790919981694,-0.027947713104368797,0.7744353000785701,0.20850898379184787,0.0,0.0,0.0,0.0,0.0,0.0,0.0
0.01,0.7478081841846871,-0.4520605335854502,0.045743604868911755,1.8937790919981694,-0.027947713104368797,0.7744353000785701,0.20850898379184787,0.0,0.0,0.0,0.0,0.0,0.0,0.0
0.02,0.7478081841846871,-0.4520605335854502,0.045743604868911755,1.8937790919981694,-0.027947713104368797,0.7744353000785701,0.20850898379184787,0.0,0.0,0.0,0.0,0.0,0.0,0.0
0.03,0.7478081841846871,-0.4520605335854502,0.045743604868911755,1.8937790919981694,-0.027947713104368797,0.7744353000785701,0.20850898379184787,0.0,0.0,0.0,0.0,0.0,0.0,0.0
0.04,0.7478081841846871,-0.4520605335854502,0.045743604868911755,1.8937790919981694,-0.027947713104368797,0.7744353000785701,0.20850898379184787,0.0,0.0,0.0,0.0,0.0,0.0,0.0
0.05,0.7478081841846871,-0.4520605335854502,0.045743604868911755,1.8937790919981694,-0.027947713104368797,0.7744353000785701,0.20850898379184787,0.0,0.0,0.0,0.0,0.0,0.0,0.0
0.06,0.7478081841846871,-0.4520605335854502,0.045743604868911755,1.8937790919981694,-0.027947713104368797,0.7744353000785701,0.20850898379184787,0.0,0.0,0.0,0.0,0.0,0.0,0.0
0.07,0.7478081841846871,-0.4520605335854502,0.045743604868911755,1.8937790919981694,-0.027947713104368797,0.7744353000785701,0.20850898379184787,0.0,0.0,0.0,0.0,0.0,0.0,0.0
0.08,0.7478081841846871,-0.4520605335854502,0.045743604868911755,1.8937790919981694,-0.027947713104368797,0.7744353000785701,0.20850898379184787,0.0,0.0,0.0,0.0,0.0,0.0,0.0
0.09,0.7478081841846871,-0.4520605335854502,0.045743604868911755,1.8937790919981694,-0.027947713104368797,0.7744353000785701,0.20850898379184787,0.0,0.0,0.0,0.0,0.0,0.0,0.0
0.1,0.7478081841846871,-0.4520605335854502,0.045743604868911755,1.8937790919981694,-0.027947713104368797,0.7744353000785701,0.20850898379184787,0.0,0.0,0.0,0.0,0.0,0.0,0.0
0.11,0.7478081841846871,-0.4520605335854502,0.045743604868911755,1.8937790919981694,-0.027947713104368797,0.7744353000785701,0.20850898379184787,0.0,0.0,0.0,0.0,0.0,0.0,0.0
0.12,0.7478081841846871,-0.4520605335854502,0.045743604868911755,1.8937790919981694,-0.027947713104368797,0.7744353000785701,0.20850898379184787,0.0,0.0,0.0,0.0,0.0,0.0,0.0
0.13,0.7478081841846871,-0.4520605335854502,0.045743604868911755,1.8937790919981694,-0.027947713104368797,0.7744353000785701,0.20850898379184787,0.0,0.0,0.0,0.0,0.0,0.0,0.0
0.14,0.7478081841846871,-0.4520605335854502,0.045743604868911755,1.8937790919981694,-0.027947713104368797,0.7744353000785701,0.20850898379184787,0.0,0.0,0.0,0.0,0.0,0.0,0.0
0.15,0.7478081841846871,-0.4520605335854502,0.045743604868911755,1.8937790919981694,-0.027947713104368797,0.7744353000785701,0.20850898379184787,0.0,0.0,0.0,0.0,0.0,0.0,0.0
0.16,0.7478081841846871,-0.4520605335854502,0.045743604868911755,1.8937790919981694,-0.027947713104368797,0.7744353000785701,0.20850898379184787,0.0,0.0,0.0,0.0,0.0,0.0,0.0
0.17,0.7478081841846871,-0.4520605335854502,0.045743604868911755,1.8937790919981694,-0.027947713104368797,0.7744353000785701,0.20850898379184787,0.0,0.0,0.0,0.0,0.0,0.0,0.0
0.18,0.7478081841846871,-0.4520605335854502,0.045743604868911755,1.8937790919981694,-0.027947713104368797,0.7744353000785701,0.20850898379184787,0.0,0.0,0.0,0.0,0.0,0.0,0.0
0.19,0.7478081841846871,-0.4520605335854502,0.045743604868911755,1.8937790919981694,-0.027947713104368797,0.7744353000785701,0.20850898379184787,0.0,0.0,0.0,0.0,0.0,0.0,0.0
0.2,0.7478081841846871,-0.4520605335854502,0.045743604868911755,1.8937790919981694,-0.027947713104368797,0.7744353000785701,0.20850898379184787,0.0,0.0,0.0,0.0,0.0,0.0,0.0
0.21,0.7478081841846871,-0.4520605335854502,0.045743604868911755,1.8937790919981694,-0.027947713104368797,0.7744353000785701,0.20850898379184787,0.0,0.0,0.0,0.0,0.0,0.0,0.0
0.22,0.7478081841846871,-0.4520605335854502,0.045743604868911755,1.8937790919981694,-0.027947713104368797,0.7744353000785701,0.20850898379184787,0.0,0.0,0.0,0.0,0.0,0.0,0.0
0.23,0.7478081841846871,-0.4520605335854502,0.045743604868911755,1.8937790919981694,-0.027947713104368797,0.7744353000785701,0.20850898379184787,0.0,0.0,0.0,0.0,0.0,0.0,0.0
0.24,0.7478081841846871,-0.4520605335854502,0.045743604868911755,1.8937790919981694,-0.027947713104368797,0.7744353000785701,0.20850898379184787,0.0,0.0,0.0,0.0,0.0,0.0,0.0
0.25,0.7478081841846871,-0.4520605335854502,0.045743604868911755,1.8937790919981694,-0.027947713104368797,0.7744353000785701,0.20850898379184787,0.0,0.0,0.0,0.0,0.0,0.0,0.0
0.26,0.7478081841846871,-0.4520605335854502,0.045743604868911755,1.8937790919981694,-0.027947713104368797,0.7744353000785701,0.20850898379184787,0.0,0.0,0.0,0.0,0.0,0.0,0.0
0.27,0.7478081841846871,-0.4520605335854502,0.045743604868911755,1.8937790919981694,-0.027947713104368797,0.7744353000785701,0.20850898379184787,0.0,0.0,0.0,0.0,0.0,0.0,0.0
0.28,0.7478081841846871,-0.4520605335854502,0.045743604868911755,1.8937790919981694,-0.027947713104368797,0.7744353000785701,0.20850898379184787,0.0,0.0,0.0,0.0,0.0,0.0,0.0
0.29,0.7478081841846871,-0.4520605335854502,0.045743604868911755,1.8937790919981694,-0.027947713104368797,0.7744353000785701,0.20850898379184787,0.0,0.0,0.0,0.0,0.0,0.0,0.0
0.3,0.7478081841846871,-0.4520605335854502,0.045743604868911755,1.8937790919981694,-0.027947713104368797,0.7744353000785701,0.20850898379184787,0.0,0.0,0.0,0.0,0.0,0.0,0.0
0.31,0.7478081841846871,-0.4520605335854502,0.045743604868911755,1.8937790919981694,-0.027947713104368797,0.7744353000785701,0.20850898379184787,0.0,0.0,0.0,0.0,0.0,0.0,0.0
0.32,0.7478081841846871,-0.4520605335854502,0.045743604868911755,1.8937790919981694,-0.027947713104368797,0.7744353000785701,0.20850898379184787,0.0,0.0,0.0,0.0,0.0,0.0,0.0
0.33,0.7478081841846871,-0.4520605335854502,0.045743604868911755,1.8937790919981694,-0.027947713104368797,0.7744353000785701,0.20850898379184787,0.0,0.0,0.0,0.0,0.0,0.0,0.0
0.34,0.7478081841846871,-0.4520605335854502,0.045743604868911755,1.8937790919981694,-0.027947713104368797,0.7744353000785701,0.20850898379184787,0.0,0.0,0.0,0.0,0.0,0.0,0.0
0.35,0.7478081841846871,-0.4520605335854502,0.045743604868911755,1.8937790919981694,-0.027947713104368797,0.7744353000785701,0.20850898379184787,0.0,0.0,0.0,0.0,0.0,0.0,0.0
0.36,0.7478081841846871,-0.4520605335854502,0.045743604868911755,1.8937790919981694,-0.027947713104368797,0.7744353000785701,0.20850898379184787,0.0,0.0,0.0,0.0,0.0,0.0,0.0
0.37,0.7478081841846871,-0.4520605335854502,0.045743604868911755,1.8937790919981694,-0.027947713104368797,0.7744353000785701,0.20850898379184787,0.0,0.0,0.0,0.0,0.0,0.0,0.0
0.38,0.7478081841846871,-0.4520605335854502,0.045743604868911755,1.8937790919981694,-0.027947713104368797,0.7744353000785701,0.20850898379184787,0.0,0.0,0.0,0.0,0.0,0.0,0.0
0.39,0.7478081841846871,-0.4520605335854502,0.045743604868911755,1.8937790919981694,-0.027947713104368797,0.7744353000785701,0.20850898379184787,0.0,0.0,0.0,0.0,0.0,0.0,0.0
0.4,0.7478081841846871,-0.4520605335854502,0.045743604868911755,1.8937790919981694,-0.027947713104368797,0.7744353000785701,0.20850898379184787,0.0,0.0,0.0,0.0,0.0,0.0,0.0
0.41,0.7478081841846871,-0.4520605335854502,0.045743604868911755,1.8937790919981694,-0.027947713104368797,0.7744353000785701,0.20850898379184787,0.0,0.0,0.0,0.0,0.0,0.0,0.0
0.42,0.7478081841846871,-0.4520605335854502,0.045743604868911755,1.8937790919981694,-0.027947713104368797,0.7744353000785701,0.20850898379184787,0.0,0.0,0.0,0.0,0.0,0.0,0.0
0.43,0.7478081841846871,-0.4520605335854502,0.045743604868911755,1.8937790919981694,-0.027947713104368797,0.7744353000785701,0.20850898379184787,0.0,0.0,0.0,0.0,0.0,0.0,0.0
0.44,0.7478081841846871,-0.4520605335854502,0.045743604868911755,1.8937790919981694,-0.027947713104368797,0.7744353000785701,0.20850898379184787,0.0,0.0,0.0,0.0,0.0,0.0,0.0
0.45,0.7478081841846871,-0.4520605335854502,0.045743604868911755,1.8937790919981694,-0.027947713104368797,0.7744353000785701,0.20850898379184787,0.0,0.0,0.0,0.0,0.0,0.0,0.0
0.46,0.7478081841846871,-0.4520605335854502,0.045743604868911755,1.8937790919981694,-0.027947713104368797,0.7744353000785701,0.20850898379184787,0.0,0.0,0.0,0.0,0.0,0.0,0.0
0.47,0.7478081841846871,-0.4520605335854502,0.045743604868911755,1.8937790919981694,-0.027947713104368797,0.7744353000785701,0.20850898379184787,0.0,0.0,0.0,0.0,0.0,0.0,0.0
0.48,0.7478081841846871,-0.4520605335854502,0.045743604868911755,1.8937790919981694,-0.027947713104368797,0.7744353000785701,0.20850898379184787,0.0,0.0,0.0,0.0,0.0,0.0,0.0
0.49,0.7478081841846871,-0.4520605335854502,0.045743604868911755,1.8937790919981694,-0.027947713104368797,0.7744353000785701,0.20850898379184787,0.0,0.0,0.0,0.0,0.0,0.0,0.0
0.5,0.7478081841846871,-0.4520605335854502,0.045743604868911755,1.8937790919981694,-0.027947713104368797,0.7744353000785701,0.20850898379184787,0.0,0.0,0.0,0.0,0.0,0.0,0.0
0.51,0.7478081841846871,-0.4520605335854502,0.045743604868911755,1.8937790919981694,-0.027947713104368797,0.7744353000785701,0.20850898379184787,0.0,0.0,0.0,0.0,0.0,0.0,0.0
0.52,0.7478081841846871,-0.4520605335854502,0.045743604868911755,1.8937790919981694,-0.027947713104368797,0.7744353000785701,0.20850898379184787,0.0,0.0,0.0,0.0,0.0,0.0,0.0
0.53,0.7478081841846871,-0.4520605335854502,0.045743604868911755,1.8937790919981694,-0.027947713104368797,0.7744353000785701,0.20850898379184787,0.0,0.0,0.0,0.0,0.0,0.0,0.0
0.54,0.7478081841846871,-0.4520605335854502,0.045743604868911755,1.8937790919981694,-0.027947713104368797,0.7744353000785701,0.20850898379184787,0.0,0.0,0.0,0.0,0.0,0.0,0.0
0.55,0.7478081841846871,-0.4520605335854502,0.045743604868911755,1.8937790919981694,-0.027947713104368797,0.7744353000785701,0.20850898379184787,0.0,0.0,0.0,0.0,0.0,0.0,0.0
0.56,0.7478081841846871,-0.4520605335854502,0.045743604868911755,1.8937790919981694,-0.027947713104368797,0.7744353000785701,0.20850898379184787,0.0,0.0,0.0,0.0,0.0,0.0,0.0
0.57,0.7478081841846871,-0.4520605335854502,0.045743604868911755,1.8937790919981694,-0.027947713104368797,0.7744353000785701,0.20850898379184787,0.0,0.0,0.0,0.0,0.0,0.0,0.0
0.58,0.7478081841846871,-0.4520605335854502,0.045743604868911755,1.8937790919981694,-0.027947713104368797,0.7744353000785701,0.20850898379184787,0.0,0.0,0.0,0.0,0.0,0.0,0.0
0.59,0.7478081841846871,-0.4520605335854502,0.045743604868911755,1.8937790919981694,-0.027947713104368797,0.7744353000785701,0.20850898379184787,0.0,0.0,0.0,0.0,0.0,0.0,0.0
0.6,0.7478081841846871,-0.4520605335854502,0.045743604868911755,1.8937790919981694,-0.027947713104368797,0.7744353000785701,0.20850898379184787,0.0,0.0,0.0,0.0,0.0,0.0,0.0
0.61,0.7478081841846871,-0.4520605335854502,0.045743604868911755,1.8937790919981694,-0.027947713104368797,0.7744353000785701,0.20850898379184787,0.0,0.0,0.0,0.0,0.0,0.0,0.0
0.62,0.7478081841846871,-0.4520605335854502,0.045743604868911755,1.8937790919981694,-0.027947713104368797,0.7744353000785701,0.20850898379184787,0.0,0.0,0.0,0.0,0.0,0.0,0.0
0.63,0.7478081841846871,-0.4520605335854502,0.045743604868911755,1.8937790919981694,-0.027947713104368797,0.7744353000785701,0.20850898379184787,0.0,0.0,0.0,0.0,0.0,0.0,0.0
0.64,0.7478081841846871,-0.4520605335854502,0.045743604868911755,1.8937790919981694,-0.027947713104368797,0.7744353000785701,0.20850898379184787,0.0,0.0,0.0,0.0,0.0,0.0,0.0
0.65,0.7478081841846871,-0.4520605335854502,0.045743604868911755,1.8937790919981694,-0.027947713104368797,0.7744353000785701,0.20850898379184787,0.0,0.0,0.0,0.0,0.0,0.0,0.0
0.66,0.7478081841846871,-0.4520605335854502,0.045743604868911755,1.8937790919981694,-0.027947713104368797,0.7744353000785701,0.20850898379184787,0.0,0.0,0.0,0.0,0.0,0.0,0.0
0.67,0.7478081841846871,-0.4520605335854502,0.045743604868911755,1.8937790919981694,-0.027947713104368797,0.7744353000785701,0.20850898379184787,0.0,0.0,0.0,0.0,0.0,0.0,0.0
0.68,0.7478081841846871,-0.4520605335854502,0.045743604868911755,1.8937790919981694,-0.027947713104368797,0.7744353000785701,0.20850898379184787,0.0,0.0,0.0,0.0,0.0,0.0,0.0
0.69,0.7478081841846871,-0.4520605335854502,0.045743604868911755,1.8937790919981694,-0.027947713104368797,0.7744353000785701,0.20850898379184787,0.0,0.0,0.0,0.0,0.0,0.0,0.0
0.7,0.7478081841846871,-0.4520605335854502,0.045743604868911755,1.8937790919981694,-0.027947713104368797,0.7744353000785701,0.20850898379184787,0.0,0.0,0.0,0.0,0.0,0.0,0.0
0.71,0.7478081841846871,-0.4520605335854502,0.045743604868911755,1.8937790919981694,-0.027947713104368797,0.7744353000785701,0.20850898379184787,0.0,0.0,0.0,0.0,0.0,0.0,0.0
0.72,0.7478081841846871,-0.4520605335854502,0.045743604868911755,1.8937790919981694,-0.027947713104368797,0.7744353000785701,0.20850898379184787,0.0,0.0,0.0,0.0,0.0,0.0,0.0
0.73,0.7478081841846871,-0.4520605335854502,0.045743604868911755,1.8937790919981694,-0.027947713104368797,0.7744353000785701,0.20850898379184787,0.0,0.0,0.0,0.0,0.0,0.0,0.0
0.74,0.7478081841846871,-0.4520605335854502,0.045743604868911755,1.8937790919981694,-0.027947713104368797,0.7744353000785701,0.20850898379184787,0.0,0.0,0.0,0.0,0.0,0.0,0.0
0.75,0.7478081841846871,-0.4520605335854502,0.045743604868911755,1.8937790919981694,-0.027947713104368797,0.7744353000785701,0.20850898379184787,0.0,0.0,0.0,0.0,0.0,0.0,0.0
0.76,0.7478081841846871,-0.4520605335854502,0.045743604868911755,1.8937790919981694,-0.027947713104368797,0.7744353000785701,0.20850898379184787,0.0,0.0,0.0,0.0,0.0,0.0,0.0
0.77,0.7478081841846871,-0.4520605335854502,0.045743604868911755,1.8937790919981694,-0.027947713104368797,0.7744353000785701,0.20850898379184787,0.0,0.0,0.0,0.0,0.0,0.0,0.0
0.78,0.7478081841846871,-0.4520605335854502,0.045743604868911755,1.8937790919981694,-0.027947713104368797,0.7744353000785701,0.20850898379184787,0.0,0.0,0.0,0.0,0.0,0.0,0.0
0.79,0.7478081841846871,-0.4520605335854502,0.045743604868911755,1.8937790919981694,-0.027947713104368797,0.7744353000785701,0.20850898379184787,0.0,0.0,0.0,0.0,0.0,0.0,0.0
0.8,0.7478081841846871,-0.4520605335854502,0.045743604868911755,1.8937790919981694,-0.027947713104368797,0.7744353000785701,0.20850898379184787,0.0,0.0,0.0,0.0,0.0,0.0,0.0
0.81,0.7478081841846871,-0.4520605335854502,0.045743604868911755,1.8937790919981694,-0.027947713104368797,0.7744353000785701,0.20850898379184787,0.0,0.0,0.0,0.0,0.0,0.0,0.0
0.82,0.7478081841846871,-0.4520605335854502,0.045743604868911755,1.8937790919981694,-0.027947713104368797,0.7744353000785701,0.20850898379184787,0.0,0.0,0.0,0.0,0.0,0.0,0.0
0.83,0.7478081841846871,-0.4520605335854502,0.045743604868911755,1.8937790919981694,-0.027947713104368797,0.7744353000785701,0.20850898379184787,0.0,0.0,0.0,0.0,0.0,0.0,0.0
0.84,0.7478081841846871,-0.4520605335854502,0.045743604868911755,1.8937790919981694,-0.027947713104368797,0.7744353000785701,0.20850898379184787,0.0,0.0,0.0,0.0,0.0,0.0,0.0
0.85,0.7478081841846871,-0.4520605335854502,0.045743604868911755,1.8937790919981694,-0.027947713104368797,0.7744353000785701,0.20850898379184787,0.0,0.0,0.0,0.0,0.0,0.0,0.0
0.86,0.7478081841846871,-0.4520605335854502,0.045743604868911755,1.8937790919981694,-0.027947713104368797,0.7744353000785701,0.20850898379184787,0.0,0.0,0.0,0.0,0.0,0.0,0.0
0.87,0.7478081841846871,-0.4520605335854502,0.045743604868911755,1.8937790919981694,-0.027947713104368797,0.7744353000785701,0.20850898379184787,0.0,0.0,0.0,0.0,0.0,0.0,0.0
0.88,0.7478081841846871,-0.4520605335854502,0.045743604868911755,1.8937790919981694,-0.027947713104368797,0.7744353000785701,0.20850898379184787,0.0,0.0,0.0,0.0,0.0,0.0,0.0
0.89,0.7478081841846871,-0.4520605335854502,0.045743604868911755,1.8937790919981694,-0.027947713104368797,0.7744353000785701,0.20850898379184787,0.0,0.0,0.0,0.0,0.0,0.0,0.0
0.9,0.7478081841846871,-0.4520605335854502,0.045743604868911755,1.8937790919981694,-0.027947713104368797,0.7744353000785701,0.20850898379184787,0.0,0.0,0.0,0.0,0.0,0.0,0.0
0.91,0.7478081841846871,-0.4520605335854502,0.045743604868911755,1.8937790919981694,-0.027947713104368797,0.7744353000785701,0.20850898379184787,0.0,0.0,0.0,0.0,0.0,0.0,0.0
0.92,0.7478081841846871,-0.4520605335854502,0.045743604868911755,1.8937790919981694,-0.027947713104368797,0.7744353000785701,0.20850898379184787,0.0,0.0,0.0,0.0,0.0,0.0,0.0
0.93,0.7478081841846871,-0.4520605335854502,0.045743604868911755,1.8937790919981694,-0.027947713104368797,0.7744353000785701,0.20850898379184787,0.0,0.0,0.0,0.0,0.0,0.0,0.0
0.94,0.7478081841846871,-0.4520605335854502,0.045743604868911755,1.8937790919981694,-0.027947713104368797,0.7744353000785701,0.20850898379184787,0.0,0.0,0.0,0.0,0.0,0.0,0.0
0.95,0.7478081841846871,-0.4520605335854502,0.045743604868911755,1.8937790919981694,-0.027947713104368797,0.7744353000785701,0.20850898379184787,0.0,0.0,0.0,0.0,0.0,0.0,0.0
0.96,0.7478081841846871,-0.4520605335854502,0.045743604868911755,1.8937790919981694,-0.027947713104368797,0.7744353000785701,0.20850898379184787,0.0,0.0,0.0,0.0,0.0,0.0,0.0
0.97,0.7478081841846871,-0.4520605335854502,0.045743604868911755,1.8937790919981694,-0.027947713104368797,0.7744353000785701,0.20850898379184787,0.0,0.0,0.0,0.0,0.0,0.0,0.0
0.98,0.7478081841846871,-0.4520605335854502,0.045743604868911755,1.8937790919981694,-0.027947713104368797,0.7744353000785701,0.20850898379184787,0.0,0.0,0.0,0.0,0.0,0.0,0.0
0.99,0.7478081841846871,-0.4520605335854502,0.045743604868911755,1.8937790919981694,-0.027947713104368797,0.7744353000785701,0.20850898379184787,0.0,0.0,0.0,0.0,0.0,0.0,0.0
1.0,0.7478081841846871,-0.4520605335854502,0.045743604868911755,1.8937790919981694,-0.027947713104368797,0.7744353000785701,0.20850898379184787,0.0,0.0,0.0,0.0,0.0,0.0,0.0
1.01,0.7478081841846871,-0.4520605335854502,0.045743604868911755,1.8937790919981694,-0.027947713104368797,0.7744353000785701,0.20850898379184787,0.0,0.0,0.0,0.0,0.0,0.0,0.0
1.02,0.7478081841846871,-0.4520605335854502,0.045743604868911755,1.8937790919981694,-0.027947713104368797,0.7744353000785701,0.20850898379184787,0.0,0.0,0.0,0.0,0.0,0.0,0.0
1.03,0.7478081841846871,-0.4520605335854502,0.045743604868911755,1.8937790919981694,-0.027947713104368797,0.7744353000785701,0.20850898379184787,0.0,0.0,0.0,0.0,0.0,0.0,0.0
1.04,0.7478081841846871,-0.4520605335854502,0.045743604868911755,1.8937790919981694,-0.027947713104368797,0.7744353000785701,0.20850898379184787,0.0,0.0,0.0,0.0,0.0,0.0,0.0
1.05,0.7478081841846871,-0.4520605335854502,0.045743604868911755,1.8937790919981694,-0.027947713104368797,0.7744353000785701,0.20850898379184787,0.0,0.0,0.0,0.0,0.0,0.0,0.0
1.06,0.7478081841846871,-0.4520605335854502,0.045743604868911755,1.8937790919981694,-0.027947713104368797,0.7744353000785701,0.20850898379184787,0.0,0.0,0.0,0.0,0.0,0.0,0.0
1.07,0.7478081841846871,-0.4520605335854502,0.045743604868911755,1.8937790919981694,-0.027947713104368797,0.7744353000785701,0.20850898379184787,0.0,0.0,0.0,0.0,0.0,0.0,0.0
1.08,0.7478081841846871,-0.4520605335854502,0.045743604868911755,1.8937790919981694,-0.027947713104368797,0.7744353000785701,0.20850898379184787,0.0,0.0,0.0,0.0,0.0,0.0,0.0
1.09,0.7478081841846871,-0.4520605335854502,0.045743604868911755,1.8937790919981694,-0.027947713104368797,0.7744353000785701,0.20850898379184787,0.0,0.0,0.0,0.0,0.0,0.0,0.0
1.1,0.7478081841846871,-0.4520605335854502,0.045743604868911755,1.8937790919981694,-0.027947713104368797,0.7744353000785701,0.20850898379184787,0.0,0.0,0.0,0.0,0.0,0.0,0.0
1.11,0.7478081841846871,-0.4520605335854502,0.045743604868911755,1.8937790919981694,-0.027947713104368797,0.7744353000785701,0.20850898379184787,0.0,0.0,0.0,0.0,0.0,0.0,0.0
1.12,0.7478081841846871,-0.4520605335854502,0.045743604868911755,1.8937790919981694,-0.027947713104368797,0.7744353000785701,0.20850898379184787,0.0,0.0,0.0,0.0,0.0,0.0,0.0
1.13,0.7478081841846871,-0.4520605335854502,0.045743604868911755,1.8937790919981694,-0.027947713104368797,0.7744353000785701,0.20850898379184787,0.0,0.0,0.0,0.0,0.0,0.0,0.0
1.14,0.7478081841846871,-0.4520605335854502,0.045743604868911755,1.8937790919981694,-0.027947713104368797,0.7744353000785701,0.20850898379184787,0.0,0.0,0.0,0.0,0.0,0.0,0.0
1.15,0.7478081841846871,-0.4520605335854502,0.045743604868911755,1.8937790919981694,-0.027947713104368797,0.7744353000785701,0.20850898379184787,0.0,0.0,0.0,0.0,0.0,0.0,0.0
1.16,0.7478081841846871,-0.4520605335854502,0.045743604868911755,1.8937790919981694,-0.027947713104368797,0.7744353000785701,0.20850898379184787,0.0,0.0,0.0,0.0,0.0,0.0,0.0
1.17,0.7478081841846871,-0.4520605335854502,0.045743604868911755,1.8937790919981694,-0.027947713104368797,0.7744353000785701,0.20850898379184787,0.0,0.0,0.0,0.0,0.0,0.0,0.0
1.18,0.7478081841846871,-0.4520605335854502,0.045743604868911755,1.8937790919981694,-0.027947713104368797,0.7744353000785701,0.20850898379184787,0.0,0.0,0.0,0.0,0.0,0.0,0.0
1.19,0.7478081841846871,-0.4520605335854502,0.045743604868911755,1.8937790919981694,-0.027947713104368797,0.7744353000785701,0.20850898379184787,0.0,0.0,0.0,0.0,0.0,0.0,0.0
1.2,0.7478081841846871,-0.4520605335854502,0.045743604868911755,1.8937790919981694,-0.027947713104368797,0.7744353000785701,0.20850898379184787,0.0,0.0,0.0,0.0,0.0,0.0,0.0
1.21,0.7478081841846871,-0.4520605335854502,0.045743604868911755,1.8937790919981694,-0.027947713104368797,0.7744353000785701,0.20850898379184787,0.0,0.0,0.0,0.0,0.0,0.0,0.0
1.22,0.7478081841846871,-0.4520605335854502,0.045743604868911755,1.8937790919981694,-0.027947713104368797,0.7744353000785701,0.20850898379184787,0.0,0.0,0.0,0.0,0.0,0.0,0.0
1.23,0.7478081841846871,-0.4520605335854502,0.045743604868911755,1.8937790919981694,-0.027947713104368797,0.7744353000785701,0.20850898379184787,0.0,0.0,0.0,0.0,0.0,0.0,0.0
1.24,0.7478081841846871,-0.4520605335854502,0.045743604868911755,1.8937790919981694,-0.027947713104368797,0.7744353000785701,0.20850898379184787,0.0,0.0,0.0,0.0,0.0,0.0,0.0
1.25,0.7478081841846871,-0.4520605335854502,0.045743604868911755,1.8937790919981694,-0.027947713104368797,0.7744353000785701,0.20850898379184787,0.0,0.0,0.0,0.0,0.0,0.0,0.0
1.26,0.7478081841846871,-0.4520605335854502,0.045743604868911755,1.8937790919981694,-0.027947713104368797,0.7744353000785701,0.20850898379184787,0.0,0.0,0.0,0.0,0.0,0.0,0.0
1.27,0.7478081841846871,-0.4520605335854502,0.045743604868911755,1.8937790919981694,-0.027947713104368797,0.7744353000785701,0.20850898379184787,0.0,0.0,0.0,0.0,0.0,0.0,0.0
1.28,0.7478081841846871,-0.4520605335854502,0.045743604868911755,1.8937790919981694,-0.027947713104368797,0.7744353000785701,0.20850898379184787,0.0,0.0,0.0,0.0,0.0,0.0,0.0
1.29,0.7478081841846871,-0.4520605335854502,0.045743604868911755,1.8937790919981694,-0.027947713104368797,0.7744353000785701,0.20850898379184787,0.0,0.0,0.0,0.0,0.0,0.0,0.0
1.3,0.7478081841846871,-0.4520605335854502,0.045743604868911755,1.8937790919981694,-0.027947713104368797,0.7744353000785701,0.20850898379184787,0.0,0.0,0.0,0.0,0.0,0.0,0.0
1.31,0.7478081841846871,-0.4520605335854502,0.045743604868911755,1.8937790919981694,-0.027947713104368797,0.7744353000785701,0.20850898379184787,0.0,0.0,0.0,0.0,0.0,0.0,0.0
1.32,0.7478081841846871,-0.4520605335854502,0.045743604868911755,1.8937790919981694,-0.027947713104368797,0.7744353000785701,0.20850898379184787,0.0,0.0,0.0,0.0,0.0,0.0,0.0
1.33,0.7478081841846871,-0.4520605335854502,0.045743604868911755,1.8937790919981694,-0.027947713104368797,0.7744353000785701,0.20850898379184787,0.0,0.0,0.0,0.0,0.0,0.0,0.0
1.34,0.7478081841846871,-0.4520605335854502,0.045743604868911755,1.8937790919981694,-0.027947713104368797,0.7744353000785701,0.20850898379184787,0.0,0.0,0.0,0.0,0.0,0.0,0.0
1.35,0.7478081841846871,-0.4520605335854502,0.045743604868911755,1.8937790919981694,-0.027947713104368797,0.7744353000785701,0.20850898379184787,0.0,0.0,0.0,0.0,0.0,0.0,0.0
1.36,0.7478081841846871,-0.4520605335854502,0.045743604868911755,1.8937790919981694,-0.027947713104368797,0.7744353000785701,0.20850898379184787,0.0,0.0,0.0,0.0,0.0,0.0,0.0
1.37,0.7478081841846871,-0.4520605335854502,0.045743604868911755,1.8937790919981694,-0.027947713104368797,0.7744353000785701,0.20850898379184787,0.0,0.0,0.0,0.0,0.0,0.0,0.0
1.38,0.7478081841846871,-0.4520605335854502,0.045743604868911755,1.8937790919981694,-0.027947713104368797,0.7744353000785701,0.20850898379184787,0.0,0.0,0.0,0.0,0.0,0.0,0.0
1.39,0.7478081841846871,-0.4520605335854502,0.045743604868911755,1.8937790919981694,-0.027947713104368797,0.7744353000785701,0.20850898379184787,0.0,0.0,0.0,0.0,0.0,0.0,0.0
1.4,0.7478081841846871,-0.4520605335854502,0.045743604868911755,1.8937790919981694,-0.027947713104368797,0.7744353000785701,0.20850898379184787,0.0,0.0,0.0,0.0,0.0,0.0,0.0
1.41,0.7478081841846871,-0.4520605335854502,0.045743604868911755,1.8937790919981694,-0.027947713104368797,0.7744353000785701,0.20850898379184787,0.0,0.0,0.0,0.0,0.0,0.0,0.0
1.42,0.7478081841846871,-0.4520605335854502,0.045743604868911755,1.8937790919981694,-0.027947713104368797,0.7744353000785701,0.20850898379184787,0.0,0.0,0.0,0.0,0.0,0.0,0.0
1.43,0.7478081841846871,-0.4520605335854502,0.045743604868911755,1.8937790919981694,-0.027947713104368797,0.7744353000785701,0.20850898379184787,0.0,0.0,0.0,0.0,0.0,0.0,0.0
1.44,0.7478081841846871,-0.4520605335854502,0.045743604868911755,1.8937790919981694,-0.027947713104368797,0.7744353000785701,0.20850898379184787,0.0,0.0,0.0,0.0,0.0,0.0,0.0
1.45,0.7478081841846871,-0.4520605335854502,0.045743604868911755,1.8937790919981694,-0.027947713104368797,0.7744353000785701,0.20850898379184787,0.0,0.0,0.0,0.0,0.0,0.0,0.0
1.46,0.7478081841846871,-0.4520605335854502,0.045743604868911755,1.8937790919981694,-0.027947713104368797,0.7744353000785701,0.20850898379184787,0.0,0.0,0.0,0.0,0.0,0.0,0.0
1.47,0.7478081841846871,-0.4520605335854502,0.045743604868911755,1.8937790919981694,-0.027947713104368797,0.7744353000785701,0.20850898379184787,0.0,0.0,0.0,0.0,0.0,0.0,0.0
1.48,0.7478081841846871,-0.4520605335854502,0.045743604868911755,1.8937790919981694,-0.027947713104368797,0.7744353000785701,0.20850898379184787,0.0,0.0,0.0,0.0,0.0,0.0,0.0
1.49,0.7478081841846871,-0.4520605335854502,0.045743604868911755,1.8937790919981694,-0.027947713104368797,0.7744353000785701,0.20850898379184787,0.0,0.0,0.0,0.0,0.0,0.0,0.0
1.5,0.7478081841846871,-0.4520605335854502,0.045743604868911755,1.8937790919981694,-0.027947713104368797,0.7744353000785701,0.20850898379184787,0.0,0.0,0.0,0.0,0.0,0.0,0.0
1.51,0.7478081841846871,-0.4520605335854502,0.045743604868911755,1.8937790919981694,-0.027947713104368797,0.7744353000785701,0.20850898379184787,0.0,0.0,0.0,0.0,0.0,0.0,0.0
1.52,0.7478081841846871,-0.4520605335854502,0.045743604868911755,1.8937790919981694,-0.027947713104368797,0.7744353000785701,0.20850898379184787,0.0,0.0,0.0,0.0,0.0,0.0,0.0
1.53,0.7478081841846871,-0.4520605335854502,0.045743604868911755,1.8937790919981694,-0.027947713104368797,0.7744353000785701,0.20850898379184787,0.0,0.0,0.0,0.0,0.0,0.0,0.0
1.54,0.7478081841846871,-0.4520605335854502,0.045743604868911755,1.8937790919981694,-0.027947713104368797,0.7744353000785701,0.20850898379184787,0.0,0.0,0.0,0.0,0.0,0.0,0.0
1.55,0.7478081841846871,-0.4520605335854502,0.045743604868911755,1.8937790919981694,-0.027947713104368797,0.7744353000785701,0.20850898379184787,0.0,0.0,0.0,0.0,0.0,0.0,0.0
1.56,0.7478081841846871,-0.4520605335854502,0.045743604868911755,1.8937790919981694,-0.027947713104368797,0.7744353000785701,0.20850898379184787,0.0,0.0,0.0,0.0,0.0,0.0,0.0
1.57,0.7478081841846871,-0.4520605335854502,0.045743604868911755,1.8937790919981694,-0.027947713104368797,0.7744353000785701,0.20850898379184787,0.0,0.0,0.0,0.0,0.0,0.0,0.0
1.58,0.7478081841846871,-0.4520605335854502,0.045743604868911755,1.8937790919981694,-0.027947713104368797,0.7744353000785701,0.20850898379184787,0.0,0.0,0.0,0.0,0.0,0.0,0.0
1.59,0.7478081841846871,-0.4520605335854502,0.045743604868911755,1.8937790919981694,-0.027947713104368797,0.7744353000785701,0.20850898379184787,0.0,0.0,0.0,0.0,0.0,0.0,0.0
1.6,0.7478081841846871,-0.4520605335854502,0.045743604868911755,1.8937790919981694,-0.027947713104368797,0.7744353000785701,0.20850898379184787,0.0,0.0,0.0,0.0,0.0,0.0,0.0
1.61,0.7478081841846871,-0.4520605335854502,0.045743604868911755,1.8937790919981694,-0.027947713104368797,0.7744353000785701,0.20850898379184787,0.0,0.0,0.0,0.0,0.0,0.0,0.0
1.62,0.7478081841846871,-0.4520605335854502,0.045743604868911755,1.8937790919981694,-0.027947713104368797,0.7744353000785701,0.20850898379184787,0.0,0.0,0.0,0.0,0.0,0.0,0.0
1.63,0.7478081841846871,-0.4520605335854502,0.045743604868911755,1.8937790919981694,-0.027947713104368797,0.7744353000785701,0.20850898379184787,0.0,0.0,0.0,0.0,0.0,0.0,0.0
1.64,0.7478081841846871,-0.4520605335854502,0.045743604868911755,1.8937790919981694,-0.027947713104368797,0.7744353000785701,0.20850898379184787,0.0,0.0,0.0,0.0,0.0,0.0,0.0
1.65,0.7478081841846871,-0.4520605335854502,0.045743604868911755,1.8937790919981694,-0.027947713104368797,0.7744353000785701,0.20850898379184787,0.0,0.0,0.0,0.0,0.0,0.0,0.0
1.66,0.7478081841846871,-0.4520605335854502,0.045743604868911755,1.8937790919981694,-0.027947713104368797,0.7744353000785701,0.20850898379184787,0.0,0.0,0.0,0.0,0.0,0.0,0.0
1.67,0.7478081841846871,-0.4520605335854502,0.045743604868911755,1.8937790919981694,-0.027947713104368797,0.7744353000785701,0.20850898379184787,0.0,0.0,0.0,0.0,0.0,0.0,0.0
1.68,0.7478081841846871,-0.4520605335854502,0.045743604868911755,1.8937790919981694,-0.027947713104368797,0.7744353000785701,0.20850898379184787,0.0,0.0,0.0,0.0,0.0,0.0,0.0
1.69,0.7478081841846871,-0.4520605335854502,0.045743604868911755,1.8937790919981694,-0.027947713104368797,0.7744353000785701,0.20850898379184787,0.0,0.0,0.0,0.0,0.0,0.0,0.0
1.7,0.7478081841846871,-0.4520605335854502,0.045743604868911755,1.8937790919981694,-0.027947713104368797,0.7744353000785701,0.20850898379184787,0.0,0.0,0.0,0.0,0.0,0.0,0.0
1.71,0.7478081841846871,-0.4520605335854502,0.045743604868911755,1.8937790919981694,-0.027947713104368797,0.7744353000785701,0.20850898379184787,0.0,0.0,0.0,0.0,0.0,0.0,0.0
1.72,0.7478081841846871,-0.4520605335854502,0.045743604868911755,1.8937790919981694,-0.027947713104368797,0.7744353000785701,0.20850898379184787,0.0,0.0,0.0,0.0,0.0,0.0,0.0
1.73,0.7478081841846871,-0.4520605335854502,0.045743604868911755,1.8937790919981694,-0.027947713104368797,0.7744353000785701,0.20850898379184787,0.0,0.0,0.0,0.0,0.0,0.0,0.0
1.74,0.7478081841846871,-0.4520605335854502,0.045743604868911755,1.8937790919981694,-0.027947713104368797,0.7744353000785701,0.20850898379184787,0.0,0.0,0.0,0.0,0.0,0.0,0.0
1.75,0.7478081841846871,-0.4520605335854502,0.045743604868911755,1.8937790919981694,-0.027947713104368797,0.7744353000785701,0.20850898379184787,0.0,0.0,0.0,0.0,0.0,0.0,0.0
1.76,0.7478081841846871,-0.4520605335854502,0.045743604868911755,1.8937790919981694,-0.027947713104368797,0.7744353000785701,0.20850898379184787,0.0,0.0,0.0,0.0,0.0,0.0,0.0
1.77,0.7478081841846871,-0.4520605335854502,0.045743604868911755,1.8937790919981694,-0.027947713104368797,0.7744353000785701,0.20850898379184787,0.0,0.0,0.0,0.0,0.0,0.0,0.0
1.78,0.7478081841846871,-0.4520605335854502,0.045743604868911755,1.8937790919981694,-0.027947713104368797,0.7744353000785701,0.20850898379184787,0.0,0.0,0.0,0.0,0.0,0.0,0.0
1.79,0.7478081841846871,-0.4520605335854502,0.045743604868911755,1.8937790919981694,-0.027947713104368797,0.7744353000785701,0.20850898379184787,0.0,0.0,0.0,0.0,0.0,0.0,0.0
1.8,0.7478081841846871,-0.4520605335854502,0.045743604868911755,1.8937790919981694,-0.027947713104368797,0.7744353000785701,0.20850898379184787,0.0,0.0,0.0,0.0,0.0,0.0,0.0
1.81,0.7478081841846871,-0.4520605335854502,0.045743604868911755,1.8937790919981694,-0.027947713104368797,0.7744353000785701,0.20850898379184787,0.0,0.0,0.0,0.0,0.0,0.0,0.0
1.82,0.7478081841846871,-0.4520605335854502,0.045743604868911755,1.8937790919981694,-0.027947713104368797,0.7744353000785701,0.20850898379184787,0.0,0.0,0.0,0.0,0.0,0.0,0.0
1.83,0.7478081841846871,-0.4520605335854502,0.045743604868911755,1.8937790919981694,-0.027947713104368797,0.7744353000785701,0.20850898379184787,0.0,0.0,0.0,0.0,0.0,0.0,0.0
1.84,0.7478081841846871,-0.4520605335854502,0.045743604868911755,1.8937790919981694,-0.027947713104368797,0.7744353000785701,0.20850898379184787,0.0,0.0,0.0,0.0,0.0,0.0,0.0
1.85,0.7478081841846871,-0.4520605335854502,0.045743604868911755,1.8937790919981694,-0.027947713104368797,0.7744353000785701,0.20850898379184787,0.0,0.0,0.0,0.0,0.0,0.0,0.0
1.86,0.7478081841846871,-0.4520605335854502,0.045743604868911755,1.8937790919981694,-0.027947713104368797,0.7744353000785701,0.20850898379184787,0.0,0.0,0.0,0.0,0.0,0.0,0.0
1.87,0.7478081841846871,-0.4520605335854502,0.045743604868911755,1.8937790919981694,-0.027947713104368797,0.7744353000785701,0.20850898379184787,0.0,0.0,0.0,0.0,0.0,0.0,0.0
1.88,0.7478081841846871,-0.4520605335854502,0.045743604868911755,1.8937790919981694,-0.027947713104368797,0.7744353000785701,0.20850898379184787,0.0,0.0,0.0,0.0,0.0,0.0,0.0
1.89,0.7478081841846871,-0.4520605335854502,0.045743604868911755,1.8937790919981694,-0.027947713104368797,0.7744353000785701,0.20850898379184787,0.0,0.0,0.0,0.0,0.0,0.0,0.0
1.9,0.7478081841846871,-0.4520605335854502,0.045743604868911755,1.8937790919981694,-0.027947713104368797,0.7744353000785701,0.20850898379184787,0.0,0.0,0.0,0.0,0.0,0.0,0.0
1.91,0.7478081841846871,-0.4520605335854502,0.045743604868911755,1.8937790919981694,-0.027947713104368797,0.7744353000785701,0.20850898379184787,0.0,0.0,0.0,0.0,0.0,0.0,0.0
1.92,0.7478081841846871,-0.4520605335854502,0.045743604868911755,1.8937790919981694,-0.027947713104368797,0.7744353000785701,0.20850898379184787,0.0,0.0,0.0,0.0,0.0,0.0,0.0
1.93,0.7478081841846871,-0.4520605335854502,0.045743604868911755,1.8937790919981694,-0.027947713104368797,0.7744353000785701,0.20850898379184787,0.0,0.0,0.0,0.0,0.0,0.0,0.0
1.94,0.7478081841846871,-0.4520605335854502,0.045743604868911755,1.8937790919981694,-0.027947713104368797,0.7744353000785701,0.20850898379184787,0.0,0.0,0.0,0.0,0.0,0.0,0.0
1.95,0.7478081841846871,-0.4520605335854502,0.045743604868911755,1.8937790919981694,-0.027947713104368797,0.7744353000785701,0.20850898379184787,0.0,0.0,0.0,0.0,0.0,0.0,0.0
1.96,0.7478081841846871,-0.4520605335854502,0.045743604868911755,1.8937790919981694,-0.027947713104368797,0.7744353000785701,0.20850898379184787,0.0,0.0,0.0,0.0,0.0,0.0,0.0
1.97,0.7478081841846871,-0.4520605335854502,0.045743604868911755,1.8937790919981694,-0.027947713104368797,0.7744353000785701,0.20850898379184787,0.0,0.0,0.0,0.0,0.0,0.0,0.0
1.98,0.7478081841846871,-0.4520605335854502,0.045743604868911755,1.8937790919981694,-0.027947713104368797,0.7744353000785701,0.20850898379184787,0.0,0.0,0.0,0.0,0.0,0.0,0.0
1.99,0.7478081841846871,-0.4520605335854502,0.045743604868911755,1.8937790919981694,-0.027947713104368797,0.7744353000785701,0.20850898379184787,0.0,0.0,0.0,0.0,0.0,0.0,0.0
2.0,0.7478081841846871,-0.4520605335854502,0.045743604868911755,1.8937790919981694,-0.027947713104368797,0.7744353000785701,0.20850898379184787,0.0,0.0,0.0,0.0,0.0,0.0,0.0
2.01,0.7478081841846871,-0.4520605335854502,0.04574360862681541,1.8937790919981694,-0.027947713104368797,0.7744353000785701,0.20850898379184787,0.0,0.0,1.1273384716547303e-06,0.0,0.0,0.0,0.0
2.02,0.7478081841846871,-0.4520605335854502,0.045743634928226154,1.8937790919981694,-0.027947713104368797,0.7744353000785701,0.20850898379184787,0.0,0.0,4.508375201273039e-06,0.0,0.0,0.0,0.0
2.03,0.7478081841846871,-0.4520605335854502,0.04574370629707926,1.8937790919981694,-0.027947713104368797,0.7744353000785701,0.20850898379184787,0.0,0.0,1.0140174704163584e-05,0.0,0.0,0.0,0.0
2.04,0.7478081841846871,-0.4520605335854502,0.04574384521817784,1.8937790919981694,-0.027947713104368797,0.7744353000785701,0.20850898379184787,0.0,0.0,1.8017846410044345e-05,0.0,0.0,0.0,0.0
2.05,0.7478081841846871,-0.4520605335854502,0.04574407411765529,1.8937790919981694,-0.027947713104368797,0.7744353000785701,0.20850898379184787,0.0,0.0,2.8134547518336054e-05,0.0,0.0,0.0,0.0
2.06,0.7478081841846871,-0.4520605335854502,0.04574441534347201,1.8937790919981694,-0.027947713104368797,0.7744353000785701,0.20850898379184787,0.0,0.0,4.048148699356245e-05,0.0,0.0,0.0,0.0
2.07,0.7478081841846871,-0.4520605335854502,0.04574489114595781,1.8937790919981694,-0.027947713104368797,0.7744353000785701,0.20850898379184787,0.0,0.0,5.504793069883093e-05,0.0,0.0,0.0,0.0
2.08,0.7478081841846871,-0.4520605335854502,0.04574552365841125,1.8937790919981694,-0.027947713104368797,0.7744353000785701,0.20850898379184787,0.0,0.0,7.182120766481883e-05,0.0,0.0,0.0,0.0
2.09,0.7478081841846871,-0.4520605335854502,0.04574633487776743,1.8937790919981694,-0.027947713104368797,0.7744353000785701,0.20850898379184787,0.0,0.0,9.078671749108584e-05,0.0,0.0,0.0,0.0
2.1,0.7478081841846871,-0.4520605335854502,0.04574734664534531,1.8937790919981694,-0.027947713104368797,0.7744353000785701,0.20850898379184787,0.0,0.0,0.00011192793887599952,0.0,0.0,0.0,0.0
2.11,0.7478081841846871,-0.4520605335854502,0.04574858062768616,1.8937790919981694,-0.027947713104368797,0.7744353000785701,0.20850898379184787,0.0,0.0,0.00013522643927094718,0.0,0.0,0.0,0.0
2.12,0.7478081841846871,-0.4520605335854502,0.04575005829749389,1.8937790919981694,-0.027947713104368797,0.7744353000785701,0.20850898379184787,0.0,0.0,0.00016066188565399024,0.0,0.0,0.0,0.0
2.13,0.7478081841846871,-0.4520605335854502,0.04575180091468892,1.8937790919981694,-0.027947713104368797,0.7744353000785701,0.20850898379184787,0.0,0.0,0.0001882120564174951,0.0,0.0,0.0,0.0
2.14,0.7478081841846871,-0.4520605335854502,0.04575382950758636,1.8937790919981694,-0.027947713104368797,0.7744353000785701,0.20850898379184787,0.0,0.0,0.00021785285436377416,0.0,0.0,0.0,0.0
2.15,0.7478081841846871,-0.4520605335854502,0.045756164854209656,1.8937790919981694,-0.027947713104368797,0.7744353000785701,0.20850898379184787,0.0,0.0,0.0002495583208021443,0.0,0.0,0.0,0.0
2.16,0.7478081841846871,-0.4520605335854502,0.04575882746375075,1.8937790919981694,-0.027947713104368797,0.7744353000785701,0.20850898379184787,0.0,0.0,0.00028330065074032285,0.0,0.0,0.0,0.0
2.17,0.7478081841846871,-0.4520605335854502,0.0457618375581875,1.8937790919981694,-0.027947713104368797,0.7744353000785701,0.20850898379184787,0.0,0.0,0.000319050209162454,0.0,0.0,0.0,0.0
2.18,0.7478081841846871,-0.4520605335854502,0.04576521505406938,1.8937790919981694,-0.027947713104368797,0.7744353000785701,0.20850898379184787,0.0,0.0,0.0003567755483855889,0.0,0.0,0.0,0.0
2.19,0.7478081841846871,-0.4520605335854502,0.04576897954448201,1.8937790919981694,-0.027947713104368797,0.7744353000785701,0.20850898379184787,0.0,0.0,0.0003964434264858077,0.0,0.0,0.0,0.0
2.2,0.7478081841846871,-0.4520605335854502,0.045773150281201345,1.8937790919981694,-0.027947713104368797,0.7744353000785701,0.20850898379184787,0.0,0.0,0.00043801882678472844,0.0,0.0,0.0,0.0
2.21,0.7478081841846871,-0.4520605335854502,0.04577774615704791,1.8937790919981694,-0.027947713104368797,0.7744353000785701,0.20850898379184787,0.0,0.0,0.00048146497838650465,0.0,0.0,0.0,0.0
2.22,0.7478081841846871,-0.4520605335854502,0.04578278568845165,1.8937790919981694,-0.027947713104368797,0.7744353000785701,0.20850898379184787,0.0,0.0,0.0005267433777549899,0.0,0.0,0.0,0.0
2.23,0.7478081841846871,-0.4520605335854502,0.045788286998237726,1.8937790919981694,-0.027947713104368797,0.7744353000785701,0.20850898379184787,0.0,0.0,0.0005738138113201089,0.0,0.0,0.0,0.0
2.24,0.7478081841846871,-0.4520605335854502,0.04579426779864343,1.8937790919981694,-0.027947713104368797,0.7744353000785701,0.20850898379184787,0.0,0.0,0.0006226343791020656,0.0,0.0,0.0,0.0
2.25,0.7478081841846871,-0.4520605335854502,0.04580074537457643,1.8937790919981694,-0.027947713104368797,0.7744353000785701,0.20850898379184787,0.0,0.0,0.0006731615193413813,0.0,0.0,0.0,0.0
2.26,0.7478081841846871,-0.4520605335854502,0.04580773656712425,1.8937790919981694,-0.027947713104368797,0.7744353000785701,0.20850898379184787,0.0,0.0,0.0007253500341223716,0.0,0.0,0.0,0.0
2.27,0.7478081841846871,-0.4520605335854502,0.045815257757324916,1.8937790919981694,-0.027947713104368797,0.7744353000785701,0.20850898379184787,0.0,0.0,0.0007791531159770438,0.0,0.0,0.0,0.0
2.28,0.7478081841846871,-0.4520605335854502,0.04582332485020849,1.8937790919981694,-0.027947713104368797,0.7744353000785701,0.20850898379184787,0.0,0.0,0.0008345223754559772,0.0,0.0,0.0,0.0
2.29,0.7478081841846871,-0.4520605335854502,0.0458319532591191,1.8937790919981694,-0.027947713104368797,0.7744353000785701,0.20850898379184787,0.0,0.0,0.0008914078696522533,0.0,0.0,0.0,0.0
2.3,0.7478081841846871,-0.4520605335854502,0.04584115789032689,1.8937790919981694,-0.027947713104368797,0.7744353000785701,0.20850898379184787,0.0,0.0,0.0009497581316639336,0.0,0.0,0.0,0.0
2.31,0.7478081841846871,-0.4520605335854502,0.04585095312793922,1.8937790919981694,-0.027947713104368797,0.7744353000785701,0.20850898379184787,0.0,0.0,0.001009520200980239,0.0,0.0,0.0,0.0
2.32,0.7478081841846871,-0.4520605335854502,0.04586135281912034,1.8937790919981694,-0.027947713104368797,0.7744353000785701,0.20850898379184787,0.0,0.0,0.001070639654775959,0.0,0.0,0.0,0.0
2.33,0.7478081841846871,-0.4520605335854502,0.045872370259628405,1.8937790919981694,-0.027947713104368797,0.7744353000785701,0.20850898379184787,0.0,0.0,0.0011330606400983074,0.0,0.0,0.0,0.0
2.34,0.7478081841846871,-0.4520605335854502,0.045884018179678805,1.8937790919981694,-0.027947713104368797,0.7744353000785701,0.20850898379184787,0.0,0.0,0.001196725906929825,0.0,0.0,0.0,0.0
2.35,0.7478081841846871,-0.4520605335854502,0.04589630873014244,1.8937790919981694,-0.027947713104368797,0.7744353000785701,0.20850898379184787,0.0,0.0,0.0012615768421106466,0.0,0.0,0.0,0.0
2.36,0.7478081841846871,-0.4520605335854502,0.04590925346908738,1.8937790919981694,-0.027947713104368797,0.7744353000785701,0.20850898379184787,0.0,0.0,0.0013275535041028326,0.0,0.0,0.0,0.0
2.37,0.7478081841846871,-0.4520605335854502,0.045922863348672384,1.8937790919981694,-0.027947713104368797,0.7744353000785701,0.20850898379184787,0.0,0.0,0.0013945946585792069,0.0,0.0,0.0,0.0
2.38,0.7478081841846871,-0.4520605335854502,0.045937148702400316,1.8937790919981694,-0.027947713104368797,0.7744353000785701,0.20850898379184787,0.0,0.0,0.001462637814818545,0.0,0.0,0.0,0.0
2.39,0.7478081841846871,-0.4520605335854502,0.04595211923273945,1.8937790919981694,-0.027947713104368797,0.7744353000785701,0.20850898379184787,0.0,0.0,0.0015316192628887077,0.0,0.0,0.0,0.0
2.4,0.7478081841846871,-0.4520605335854502,0.04596778399912052,1.8937790919981694,-0.027947713104368797,0.7744353000785701,0.20850898379184787,0.0,0.0,0.0016014741115987358,0.0,0.0,0.0,0.0
2.41,0.7478081841846871,-0.4520605335854502,0.04598415140631698,1.8937790919981694,-0.027947713104368797,0.7744353000785701,0.20850898379184787,0.0,0.0,0.0016721363272006985,0.0,0.0,0.0,0.0
2.42,0.7478081841846871,-0.4520605335854502,0.046001229193216045,1.8937790919981694,-0.027947713104368797,0.7744353000785701,0.20850898379184787,0.0,0.0,0.001743538772821518,0.0,0.0,0.0,0.0
2.43,0.7478081841846871,-0.4520605335854502,0.046019024421987534,1.8937790919981694,-0.027947713104368797,0.7744353000785701,0.20850898379184787,0.0,0.0,0.0018156132486047889,0.0,0.0,0.0,0.0
2.44,0.7478081841846871,-0.4520605335854502,0.04603754346765763,1.8937790919981694,-0.027947713104368797,0.7744353000785701,0.20850898379184787,0.0,0.0,0.0018882905325420657,0.0,0.0,0.0,0.0
2.45,0.7478081841846871,-0.4520605335854502,0.04605679200809431,1.8937790919981694,-0.027947713104368797,0.7744353000785701,0.20850898379184787,0.0,0.0,0.001961500421972904,0.0,0.0,0.0,0.0
2.46,0.7478081841846871,-0.4520605335854502,0.04607677501441105,1.8937790919981694,-0.027947713104368797,0.7744353000785701,0.20850898379184787,0.0,0.0,0.002035171775732404,0.0,0.0,0.0,0.0
2.47,0.7478081841846871,-0.4520605335854502,0.04609749674179511,1.8937790919981694,-0.027947713104368797,0.7744353000785701,0.20850898379184787,0.0,0.0,0.0021092325569248686,0.0,0.0,0.0,0.0
2.48,0.7478081841846871,-0.4520605335854502,0.046118960720766655,1.8937790919981694,-0.027947713104368797,0.7744353000785701,0.20850898379184787,0.0,0.0,0.002183609876301624,0.0,0.0,0.0,0.0
2.49,0.7478081841846871,-0.4520605335854502,0.0461411697488745,1.8937790919981694,-0.027947713104368797,0.7744353000785701,0.20850898379184787,0.0,0.0,0.0022582300362209862,0.0,0.0,0.0,0.0
2.5,0.7478081841846871,-0.4520605335854502,0.046164125882834375,1.8937790919981694,-0.027947713104368797,0.7744353000785701,0.20850898379184787,0.0,0.0,0.002333018575167773,0.0,0.0,0.0,0.0
2.51,0.7478081841846871,-0.4520605335854502,0.04618783043111498,1.8937790919981694,-0.027947713104368797,0.7744353000785701,0.20850898379184787,0.0,0.0,0.002407900312809733,0.0,0.0,0.0,0.0
2.52,0.7478081841846871,-0.4520605335854502,0.046212283946977316,1.8937790919981694,-0.027947713104368797,0.7744353000785701,0.20850898379184787,0.0,0.0,0.002482799395567734,0.0,0.0,0.0,0.0
2.53,0.7478081841846871,-0.4520605335854502,0.04623748622197203,1.8937790919981694,-0.027947713104368797,0.7744353000785701,0.20850898379184787,0.0,0.0,0.0025576393426764237,0.0,0.0,0.0,0.0
2.54,0.7478081841846871,-0.4520605335854502,0.04626343627989991,1.8937790919981694,-0.027947713104368797,0.7744353000785701,0.20850898379184787,0.0,0.0,0.0026323430927118023,0.0,0.0,0.0,0.0
2.55,0.7478081841846871,-0.4520605335854502,0.04629013237123969,1.8937790919981694,-0.027947713104368797,0.7744353000785701,0.20850898379184787,0.0,0.0,0.0027068330505617554,0.0,0.0,0.0,0.0
2.56,0.7478081841846871,-0.4520605335854502,0.04631757196804788,1.8937790919981694,-0.027947713104368797,0.7744353000785701,0.20850898379184787,0.0,0.0,0.0027810311348155673,0.0,0.0,0.0,0.0
2.57,0.7478081841846871,-0.4520605335854502,0.04634575175933431,1.8937790919981694,-0.027947713104368797,0.7744353000785701,0.20850898379184787,0.0,0.0,0.002854858825547965,0.0,0.0,0.0,0.0
2.58,0.7478081841846871,-0.4520605335854502,0.04637466764691747,1.8937790919981694,-0.027947713104368797,0.7744353000785701,0.20850898379184787,0.0,0.0,0.002928237212473243,0.0,0.0,0.0,0.0
2.59,0.7478081841846871,-0.4520605335854502,0.04640431474176316,1.8937790919981694,-0.027947713104368797,0.7744353000785701,0.20850898379184787,0.0,0.0,0.003001087043444611,0.0,0.0,0.0,0.0
2.6,0.7478081841846871,-0.4520605335854502,0.04643468736080966,1.8937790919981694,-0.027947713104368797,0.7744353000785701,0.20850898379184787,0.0,0.0,0.0030733287732738856,0.0,0.0,0.0,0.0
2.61,0.7478081841846871,-0.4520605335854502,0.046465779024282734,1.8937790919981694,-0.027947713104368797,0.7744353000785701,0.20850898379184787,0.0,0.0,0.0031448826128462936,0.0,0.0,0.0,0.0
2.62,0.7478081841846871,-0.4520605335854502,0.04649758245350298,1.8937790919981694,-0.027947713104368797,0.7744353000785701,0.20850898379184787,0.0,0.0,0.003215668578505144,0.0,0.0,0.0,0.0
2.63,0.7478081841846871,-0.4520605335854502,0.04653008956918846,1.8937790919981694,-0.027947713104368797,0.7744353000785701,0.20850898379184787,0.0,0.0,0.0032856065416807996,0.0,0.0,0.0,0.0
2.64,0.7478081841846871,-0.4520605335854502,0.046563291490254545,1.8937790919981694,-0.027947713104368797,0.7744353000785701,0.20850898379184787,0.0,0.0,0.003354616278738391,0.0,0.0,0.0,0.0
2.65,0.7478081841846871,-0.4520605335854502,0.04659717853311339,1.8937790919981694,-0.027947713104368797,0.7744353000785701,0.20850898379184787,0.0,0.0,0.003422617521018415,0.0,0.0,0.0,0.0
2.66,0.7478081841846871,-0.4520605335854502,0.046631740211474565,1.8937790919981694,-0.027947713104368797,0.7744353000785701,0.20850898379184787,0.0,0.0,0.0034895300050443983,0.0,0.0,0.0,0.0
2.67,0.7478081841846871,-0.4520605335854502,0.046666965236648504,1.8937790919981694,-0.027947713104368797,0.7744353000785701,0.20850898379184787,0.0,0.0,0.0035552735228715267,0.0,0.0,0.0,0.0
2.68,0.7478081841846871,-0.4520605335854502,0.046702841518354105,1.8937790919981694,-0.027947713104368797,0.7744353000785701,0.20850898379184787,0.0,0.0,0.003619767972550217,0.0,0.0,0.0,0.0
2.69,0.7478081841846871,-0.4520605335854502,0.04673935616603132,1.8937790919981694,-0.027947713104368797,0.7744353000785701,0.20850898379184787,0.0,0.0,0.0036829334086783123,0.0,0.0,0.0,0.0
2.7,0.7478081841846871,-0.4520605335854502,0.04677649549065972,1.8937790919981694,-0.027947713104368797,0.7744353000785701,0.20850898379184787,0.0,0.0,0.0037446900930157515,0.0,0.0,0.0,0.0
2.71,0.7478081841846871,-0.4520605335854502,0.046814245007083304,1.8937790919981694,-0.027947713104368797,0.7744353000785701,0.20850898379184787,0.0,0.0,0.003804958545135236,0.0,0.0,0.0,0.0
2.72,0.7478081841846871,-0.4520605335854502,0.04685258943684195,1.8937790919981694,-0.027947713104368797,0.7744353000785701,0.20850898379184787,0.0,0.0,0.0038636595930826123,0.0,0.0,0.0,0.0
2.73,0.7478081841846871,-0.4520605335854502,0.0468915127115094,1.8937790919981694,-0.027947713104368797,0.7744353000785701,0.20850898379184787,0.0,0.0,0.0039207144240204425,0.0,0.0,0.0,0.0
2.74,0.7478081841846871,-0.4520605335854502,0.04693099797653746,1.8937790919981694,-0.027947713104368797,0.7744353000785701,0.20850898379184787,0.0,0.0,0.003976044634828382,0.0,0.0,0.0,0.0
2.75,0.7478081841846871,-0.4520605335854502,0.04697102759560588,1.8937790919981694,-0.027947713104368797,0.7744353000785701,0.20850898379184787,0.0,0.0,0.00402957228263383,0.0,0.0,0.0,0.0
2.76,0.7478081841846871,-0.4520605335854502,0.047011583155477155,1.8937790919981694,-0.027947713104368797,0.7744353000785701,0.20850898379184787,0.0,0.0,0.00408121993524642,0.0,0.0,0.0,0.0
2.77,0.7478081841846871,-0.4520605335854502,0.04705264547135494,1.8937790919981694,-0.027947713104368797,0.7744353000785701,0.20850898379184787,0.0,0.0,0.004130910721469879,0.0,0.0,0.0,0.0
2.78,0.7478081841846871,-0.4520605335854502,0.04709419459274499,1.8937790919981694,-0.027947713104368797,0.7744353000785701,0.20850898379184787,0.0,0.0,0.004178568381264795,0.0,0.0,0.0,0.0
2.79,0.7478081841846871,-0.4520605335854502,0.04713620980981682,1.8937790919981694,-0.027947713104368797,0.7744353000785701,0.20850898379184787,0.0,0.0,0.004224117315735954,0.0,0.0,0.0,0.0
2.8,0.7478081841846871,-0.4520605335854502,0.047178669660264246,1.8937790919981694,-0.027947713104368797,0.7744353000785701,0.20850898379184787,0.0,0.0,0.004267482636917834,0.0,0.0,0.0,0.0
2.81,0.7478081841846871,-0.4520605335854502,0.047221551936662644,1.8937790919981694,-0.027947713104368797,0.7744353000785701,0.20850898379184787,0.0,0.0,0.004308590217332026,0.0,0.0,0.0,0.0
2.82,0.7478081841846871,-0.4520605335854502,0.04726483369432061,1.8937790919981694,-0.027947713104368797,0.7744353000785701,0.20850898379184787,0.0,0.0,0.004347366739290336,0.0,0.0,0.0,0.0
2.83,0.7478081841846871,-0.4520605335854502,0.04730849125962317,1.8937790919981694,-0.027947713104368797,0.7744353000785701,0.20850898379184787,0.0,0.0,0.004383739743917486,0.0,0.0,0.0,0.0
2.84,0.7478081841846871,-0.4520605335854502,0.047352500238863816,1.8937790919981694,-0.027947713104368797,0.7744353000785701,0.20850898379184787,0.0,0.0,0.00441763767986736,0.0,0.0,0.0,0.0
2.85,0.7478081841846871,-0.4520605335854502,0.04739683552756193,1.8937790919981694,-0.027947713104368797,0.7744353000785701,0.20850898379184787,0.0,0.0,0.004448989951706921,0.0,0.0,0.0,0.0
2.86,0.7478081841846871,-0.4520605335854502,0.04744147132026242,1.8937790919981694,-0.027947713104368797,0.7744353000785701,0.20850898379184787,0.0,0.0,0.004477726967942009,0.0,0.0,0.0,0.0
2.87,0.7478081841846871,-0.4520605335854502,0.04748638112081362,1.8937790919981694,-0.027947713104368797,0.7744353000785701,0.20850898379184787,0.0,0.0,0.004503780188659384,0.0,0.0,0.0,0.0
2.88,0.7478081841846871,-0.4520605335854502,0.047531537753119586,1.8937790919981694,-0.027947713104368797,0.7744353000785701,0.20850898379184787,0.0,0.0,0.0045270821727595185,0.0,0.0,0.0,0.0
2.89,0.7478081841846871,-0.4520605335854502,0.04757691337236268,1.8937790919981694,-0.027947713104368797,0.7744353000785701,0.20850898379184787,0.0,0.0,0.004547566624754845,0.0,0.0,0.0,0.0
2.9,0.7478081841846871,-0.4520605335854502,0.047622479476691675,1.8937790919981694,-0.027947713104368797,0.7744353000785701,0.20850898379184787,0.0,0.0,0.004565168441108265,0.0,0.0,0.0,0.0
2.91,0.7478081841846871,-0.4520605335854502,0.047668206919371015,1.8937790919981694,-0.027947713104368797,0.7744353000785701,0.20850898379184787,0.0,0.0,0.004579823756087008,0.0,0.0,0.0,0.0
2.92,0.7478081841846871,-0.4520605335854502,0.047714065921385995,1.8937790919981694,-0.027947713104368797,0.7744353000785701,0.20850898379184787,0.0,0.0,0.004591469987107044,0.0,0.0,0.0,0.0
2.93,0.7478081841846871,-0.4520605335854502,0.04776002608449874,1.8937790919981694,-0.027947713104368797,0.7744353000785701,0.20850898379184787,0.0,0.0,0.004600045879543523,0.0,0.0,0.0,0.0
2.94,0.7478081841846871,-0.4520605335854502,0.047806056404749546,1.8937790919981694,-0.027947713104368797,0.7744353000785701,0.20850898379184787,0.0,0.0,0.0046054915509829136,0.0,0.0,0.0,0.0
2.95,0.7478081841846871,-0.4520605335854502,0.04785212528639785,1.8937790919981694,-0.027947713104368797,0.7744353000785701,0.20850898379184787,0.0,0.0,0.004607748534892754,0.0,0.0,0.0,0.0
2.96,0.7478081841846871,-0.4520605335854502,0.047898200556296844,1.8937790919981694,-0.027947713104368797,0.7744353000785701,0.20850898379184787,0.0,0.0,0.004606759823685171,0.0,0.0,0.0,0.0
2.97,0.7478081841846871,-0.4520605335854502,0.04794424947869566,1.8937790919981694,-0.027947713104368797,0.7744353000785701,0.20850898379184787,0.0,0.0,0.004602469911150595,0.0,0.0,0.0,0.0
2.98,0.7478081841846871,-0.4520605335854502,0.04799023877046256,1.8937790919981694,-0.027947713104368797,0.7744353000785701,0.20850898379184787,0.0,0.0,0.004594824834238358,0.0,0.0,0.0,0.0
2.99,0.7478081841846871,-0.4520605335854502,0.04803613461672268,1.8937790919981694,-0.027947713104368797,0.7744353000785701,0.20850898379184787,0.0,0.0,0.0045837722141611565,0.0,0.0,0.0,0.0
3.0,0.7478081841846871,-0.4520605335854502,0.04808190268690324,1.8937790919981694,-0.027947713104368797,0.7744353000785701,0.20850898379184787,0.0,0.0,0.004569261296800627,0.0,0.0,0.0,0.0
3.01,0.7478081841846871,-0.4520605335854502,0.04812750815117926,1.8937790919981694,-0.027947713104368797,0.7744353000785701,0.20850898379184787,0.0,0.0,0.00455124299239164,0.0,0.0,0.0,0.0
3.02,0.7478081841846871,-0.4520605335854502,0.048172915697312496,1.8937790919981694,-0.027947713104368797,0.7744353000785701,0.20850898379184787,0.0,0.0,0.004529669914463153,0.0,0.0,0.0,0.0
3.03,0.7478081841846871,-0.4520605335854502,0.0482180895478758,1.8937790919981694,-0.027947713104368797,0.7744353000785701,0.20850898379184787,0.0,0.0,0.0045044964180139015,0.0,0.0,0.0,0.0
3.04,0.7478081841846871,-0.4520605335854502,0.0482629934778555,1.8937790919981694,-0.027947713104368797,0.7744353000785701,0.20850898379184787,0.0,0.0,0.004475678636901406,0.0,0.0,0.0,0.0
3.05,0.7478081841846871,-0.4520605335854502,0.04830759083262357,1.8937790919981694,-0.027947713104368797,0.7744353000785701,0.20850898379184787,0.0,0.0,0.004443174520423283,0.0,0.0,0.0,0.0
3.06,0.7478081841846871,-0.4520605335854502,0.04835184454627148,1.8937790919981694,-0.027947713104368797,0.7744353000785701,0.20850898379184787,0.0,0.0,0.004406943869070018,0.0,0.0,0.0,0.0
3.07,0.7478081841846871,-0.4520605335854502,0.04839571716029732,1.8937790919981694,-0.027947713104368797,0.7744353000785701,0.20850898379184787,0.0,0.0,0.004366948369428931,0.0,0.0,0.0,0.0
3.08,0.7478081841846871,-0.4520605335854502,0.04843917084263778,1.8937790919981694,-0.027947713104368797,0.7744353000785701,0.20850898379184787,0.0,0.0,0.004323151628219266,0.0,0.0,0.0,0.0
3.09,0.7478081841846871,-0.4520605335854502,0.04848216740703585,1.8937790919981694,-0.027947713104368797,0.7744353000785701,0.20850898379184787,0.0,0.0,0.004275519205438859,0.0,0.0,0.0,0.0
3.1,0.7478081841846871,-0.4520605335854502,0.0485246683327356,1.8937790919981694,-0.027947713104368797,0.7744353000785701,0.20850898379184787,0.0,0.0,0.00422401864660311,0.0,0.0,0.0,0.0
3.11,0.7478081841846871,-0.4520605335854502,0.04856663478449473,1.8937790919981694,-0.027947713104368797,0.7744353000785701,0.20850898379184787,0.0,0.0,0.004168619514057565,0.0,0.0,0.0,0.0
3.12,0.7478081841846871,-0.4520605335854502,0.048608027632905455,1.8937790919981694,-0.027947713104368797,0.7744353000785701,0.20850898379184787,0.0,0.0,0.004109293417345606,0.0,0.0,0.0,0.0
3.13,0.7478081841846871,-0.4520605335854502,0.048648807475014336,1.8937790919981694,-0.027947713104368797,0.7744353000785701,0.20850898379184787,0.0,0.0,0.004046014042613435,0.0,0.0,0.0,0.0
3.14,0.7478081841846871,-0.4520605335854502,0.04868893465523128,1.8937790919981694,-0.027947713104368797,0.7744353000785701,0.20850898379184787,0.0,0.0,0.003978757181034695,0.0,0.0,0.0,0.0
3.15,0.7478081841846871,-0.4520605335854502,0.04872836928651775,1.8937790919981694,-0.027947713104368797,0.7744353000785701,0.20850898379184787,0.0,0.0,0.003907500756237807,0.0,0.0,0.0,0.0
3.16,0.7478081841846871,-0.4520605335854502,0.04876707127184426,1.8937790919981694,-0.027947713104368797,0.7744353000785701,0.20850898379184787,0.0,0.0,0.0038322248507192606,0.0,0.0,0.0,0.0
3.17,0.7478081841846871,-0.4520605335854502,0.04880500032590681,1.8937790919981694,-0.027947713104368797,0.7744353000785701,0.20850898379184787,0.0,0.0,0.003752911731226846,0.0,0.0,0.0,0.0
3.18,0.7478081841846871,-0.4520605335854502,0.048842115997092005,1.8937790919981694,-0.027947713104368797,0.7744353000785701,0.20850898379184787,0.0,0.0,0.00366954587309701,0.0,0.0,0.0,0.0
3.19,0.7478081841846871,-0.4520605335854502,0.04887837768968016,1.8937790919981694,-0.027947713104368797,0.7744353000785701,0.20850898379184787,0.0,0.0,0.003582113983531272,0.0,0.0,0.0,0.0
3.2,0.7478081841846871,-0.4520605335854502,0.04891374468627592,1.8937790919981694,-0.027947713104368797,0.7744353000785701,0.20850898379184787,0.0,0.0,0.0034906050237968373,0.0,0.0,0.0,0.0
3.21,0.7478081841846871,-0.4520605335854502,0.04894817617045531,1.8937790919981694,-0.027947713104368797,0.7744353000785701,0.20850898379184787,0.0,0.0,0.003395010230337324,0.0,0.0,0.0,0.0
3.22,0.7478081841846871,-0.4520605335854502,0.04898163124961854,1.8937790919981694,-0.027947713104368797,0.7744353000785701,0.20850898379184787,0.0,0.0,0.0032953231347797574,0.0,0.0,0.0,0.0
3.23,0.7478081841846871,-0.4520605335854502,0.049014068978037145,1.8937790919981694,-0.027947713104368797,0.7744353000785701,0.20850898379184787,0.0,0.0,0.0031915395828247383,0.0,0.0,0.0,0.0
3.24,0.7478081841846871,-0.4520605335854502,0.04904544838008454,1.8937790919981694,-0.027947713104368797,0.7744353000785701,0.20850898379184787,0.0,0.0,0.0030836577520069646,0.0,0.0,0.0,0.0
3.25,0.7478081841846871,-0.4520605335854502,0.04907572847363836,1.8937790919981694,-0.027947713104368797,0.7744353000785701,0.20850898379184787,0.0,0.0,0.0029716781683140456,0.0,0.0,0.0,0.0
3.26,0.7478081841846871,-0.4520605335854502,0.04910486829364332,1.8937790919981694,-0.027947713104368797,0.7744353000785701,0.20850898379184787,0.0,0.0,0.0028556037216518693,0.0,0.0,0.0,0.0
3.27,0.7478081841846871,-0.4520605335854502,0.049132826915822866,1.8937790919981694,-0.027947713104368797,0.7744353000785701,0.20850898379184787,0.0,0.0,0.0027354396801454765,0.0,0.0,0.0,0.0
3.28,0.7478081841846871,-0.4520605335854502,0.04915956348052794,1.8937790919981694,-0.027947713104368797,0.7744353000785701,0.20850898379184787,0.0,0.0,0.002611193703264862,0.0,0.0,0.0,0.0
3.29,0.7478081841846871,-0.4520605335854502,0.04918503721671119,1.8937790919981694,-0.027947713104368797,0.7744353000785701,0.20850898379184787,0.0,0.0,0.0024828758537655963,0.0,0.0,0.0,0.0
3.3,0.7478081841846871,-0.4520605335854502,0.04920920746601451,1.8937790919981694,-0.027947713104368797,0.7744353000785701,0.20850898379184787,0.0,0.0,0.0023504986084349655,0.0,0.0,0.0,0.0
3.31,0.7478081841846871,-0.4520605335854502,0.0492320337069581,1.8937790919981694,-0.027947713104368797,0.7744353000785701,0.20850898379184787,0.0,0.0,0.0022140768676344996,0.0,0.0,0.0,0.0
3.32,0.7478081841846871,-0.4520605335854502,0.04925347557921884,1.8937790919981694,-0.027947713104368797,0.7744353000785701,0.20850898379184787,0.0,0.0,0.0020736279636307583,0.0,0.0,0.0,0.0
3.33,0.7478081841846871,-0.4520605335854502,0.049273492907985966,1.8937790919981694,-0.027947713104368797,0.7744353000785701,0.20850898379184787,0.0,0.0,0.0019291716677063988,0.0,0.0,0.0,0.0
3.34,0.7478081841846871,-0.4520605335854502,0.04929204572838165,1.8937790919981694,-0.027947713104368797,0.7744353000785701,0.20850898379184787,0.0,0.0,0.0017807301960444527,0.0,0.0,0.0,0.0
3.35,0.7478081841846871,-0.4520605335854502,0.04930909430993428,1.8937790919981694,-0.027947713104368797,0.7744353000785701,0.20850898379184787,0.0,0.0,0.0016283282143790686,0.0,0.0,0.0,0.0
3.36,0.7478081841846871,-0.4520605335854502,0.04932459918109207,1.8937790919981694,-0.027947713104368797,0.7744353000785701,0.20850898379184787,0.0,0.0,0.0014719928414067781,0.0,0.0,0.0,0.0
3.37,0.7478081841846871,-0.4520605335854502,0.04933852115376457,1.8937790919981694,-0.027947713104368797,0.7744353000785701,0.20850898379184787,0.0,0.0,0.0013117536509526624,0.0,0.0,0.0,0.0
3.38,0.7478081841846871,-0.4520605335854502,0.04935082134787954,1.8937790919981694,-0.027947713104368797,0.7744353000785701,0.20850898379184787,0.0,0.0,0.0011476426728867257,0.0,0.0,0.0,0.0
3.39,0.7478081841846871,-0.4520605335854502,0.04936146121594282,1.8937790919981694,-0.027947713104368797,0.7744353000785701,0.20850898379184787,0.0,0.0,0.000979694392785928,0.0,0.0,0.0,0.0
3.4,0.7478081841846871,-0.4520605335854502,0.049370402567588394,1.8937790919981694,-0.027947713104368797,0.7744353000785701,0.20850898379184787,0.0,0.0,0.0008079457503384768,0.0,0.0,0.0,0.0
3.41,0.7478081841846871,-0.4520605335854502,0.049377607594106324,1.8937790919981694,-0.027947713104368797,0.7744353000785701,0.20850898379184787,0.0,0.0,0.0006324361364869694,0.0,0.0,0.0,0.0
3.42,0.7478081841846871,-0.4520605335854502,0.04938303889293572,1.8937790919981694,-0.027947713104368797,0.7744353000785701,0.20850898379184787,0.0,0.0,0.0004532073893081251,0.0,0.0,0.0,0.0
3.43,0.7478081841846871,-0.4520605335854502,0.04938665949211023,1.8937790919981694,-0.027947713104368797,0.7744353000785701,0.20850898379184787,0.0,0.0,0.00027030378862697785,0.0,0.0,0.0,0.0
3.44,0.7478081841846871,-0.4520605335854502,0.049388432874643284,1.8937790919981694,-0.027947713104368797,0.7744353000785701,0.20850898379184787,0.0,0.0,8.377204936447436e-05,0.0,0.0,0.0,0.0
3.45,0.7478081841846871,-0.4520605335854502,0.04938832300284055,1.8937790919981694,-0.027947713104368797,0.7744353000785701,0.20850898379184787,-0.0,-0.0,-0.00010633868638252315,-0.0,-0.0,-0.0,-0.0
3.46,0.7478081841846871,-0.4520605335854502,0.04938629434252678,1.8937790919981694,-0.027947713104368797,0.7744353000785701,0.20850898379184787,-0.0,-0.0,-0.00029997685852863835,-0.0,-0.0,-0.0,-0.0
3.47,0.7478081841846871,-0.4520605335854502,0.0493823118871745,1.8937790919981694,-0.027947713104368797,0.7744353000785701,0.20850898379184787,-0.0,-0.0,-0.0004970884994545372,-0.0,-0.0,-0.0,-0.0
3.48,0.7478081841846871,-0.4520605335854502,0.04937634118192176,1.8937790919981694,-0.027947713104368797,0.7744353000785701,0.20850898379184787,-0.0,-0.0,-0.0006976172457272738,-0.0,-0.0,-0.0,-0.0
3.49,0.7478081841846871,-0.4520605335854502,0.04936834834746648,1.8937790919981694,-0.027947713104368797,0.7744353000785701,0.20850898379184787,-0.0,-0.0,-0.0009015043510849695,-0.0,-0.0,-0.0,-0.0
3.5,0.7478081841846871,-0.4520605335854502,0.04935830010382446,1.8937790919981694,-0.027947713104368797,0.7744353000785701,0.20850898379184787,-0.0,-0.0,-0.00110868870068326,-0.0,-0.0,-0.0,-0.0
3.51,0.7478081841846871,-0.4520605335854502,0.04934616379393881,1.8937790919981694,-0.027947713104368797,0.7744353000785701,0.20850898379184787,-0.0,-0.0,-0.0013191068266007755,-0.0,-0.0,-0.0,-0.0
3.52,0.7478081841846871,-0.4520605335854502,0.049331907407127895,1.8937790919981694,-0.027947713104368797,0.7744353000785701,0.20850898379184787,-0.0,-0.0,-0.0015326929245999593,-0.0,-0.0,-0.0,-0.0
3.53,0.7478081841846871,-0.4520605335854502,0.04931549960235954,1.8937790919981694,-0.027947713104368797,0.7744353000785701,0.20850898379184787,-0.0,-0.0,-0.0017493788721391287,-0.0,-0.0,-0.0,-0.0
3.54,0.7478081841846871,-0.4520605335854502,0.04929690973133875,1.8937790919981694,-0.027947713104368797,0.7744353000785701,0.20850898379184787,-0.0,-0.0,-0.0019690942476311424,-0.0,-0.0,-0.0,-0.0
3.55,0.7478081841846871,-0.4520605335854502,0.049276107861396745,1.8937790919981694,-0.027947713104368797,0.7744353000785701,0.20850898379184787,-0.0,-0.0,-0.0021917663509430905,-0.0,-0.0,-0.0,-0.0
3.56,0.7478081841846871,-0.4520605335854502,0.049253064798168746,1.8937790919981694,-0.027947713104368797,0.7744353000785701,0.20850898379184787,-0.0,-0.0,-0.0024173202251313317,-0.0,-0.0,-0.0,-0.0
3.57,0.7478081841846871,-0.4520605335854502,0.0492277521080483,1.8937790919981694,-0.027947713104368797,0.7744353000785701,0.20850898379184787,-0.0,-0.0,-0.002645678679404998,-0.0,-0.0,-0.0,-0.0
3.58,0.7478081841846871,-0.4520605335854502,0.04920014214040583,1.8937790919981694,-0.027947713104368797,0.7744353000785701,0.20850898379184787,-0.0,-0.0,-0.0028767623133111675,-0.0,-0.0,-0.0,-0.0
3.59,0.7478081841846871,-0.4520605335854502,0.049170208049559266,1.8937790919981694,-0.027947713104368797,0.7744353000785701,0.20850898379184787,-0.0,-0.0,-0.003110489542133622,-0.0,-0.0,-0.0,-0.0
3.6,0.7478081841846871,-0.4520605335854502,0.049137923816484685,1.8937790919981694,-0.027947713104368797,0.7744353000785701,0.20850898379184787,-0.0,-0.0,-0.0033467766234971533,-0.0,-0.0,-0.0,-0.0
3.61,0.7478081841846871,-0.4520605335854502,0.049103264270254854,1.8937790919981694,-0.027947713104368797,0.7744353000785701,0.20850898379184787,-0.0,-0.0,-0.0035855376851681737,-0.0,-0.0,-0.0,-0.0
3.62,0.7478081841846871,-0.4520605335854502,0.049066205109193885,1.8937790919981694,-0.027947713104368797,0.7744353000785701,0.20850898379184787,-0.0,-0.0,-0.0038266847540424187,-0.0,-0.0,-0.0,-0.0
3.63,0.7478081841846871,-0.4520605335854502,0.049026722921736085,1.8937790919981694,-0.027947713104368797,0.7744353000785701,0.20850898379184787,-0.0,-0.0,-0.004070127786309382,-0.0,-0.0,-0.0,-0.0
3.64,0.7478081841846871,-0.4520605335854502,0.048984795206977336,1.8937790919981694,-0.027947713104368797,0.7744353000785701,0.20850898379184787,-0.0,-0.0,-0.004315774698783035,-0.0,-0.0,-0.0,-0.0
3.65,0.7478081841846871,-0.4520605335854502,0.048940400394907387,1.8937790919981694,-0.027947713104368797,0.7744353000785701,0.20850898379184787,-0.0,-0.0,-0.004563531401387281,-0.0,-0.0,-0.0,-0.0
3.66,0.7478081841846871,-0.4520605335854502,0.04889351786631154,1.8937790919981694,-0.027947713104368797,0.7744353000785701,0.20850898379184787,-0.0,-0.0,-0.004813301830784653,-0.0,-0.0,-0.0,-0.0
3.67,0.7478081841846871,-0.4520605335854502,0.04884412797233043,1.8937790919981694,-0.027947713104368797,0.7744353000785701,0.20850898379184787,-0.0,-0.0,-0.00506498798513556,-0.0,-0.0,-0.0,-0.0
3.68,0.7478081841846871,-0.4520605335854502,0.04879221205366656,1.8937790919981694,-0.027947713104368797,0.7744353000785701,0.20850898379184787,-0.0,-0.0,-0.0053184899599753865,-0.0,-0.0,-0.0,-0.0
3.69,0.7478081841846871,-0.4520605335854502,0.048737752459426575,1.8937790919981694,-0.027947713104368797,0.7744353000785701,0.20850898379184787,-0.0,-0.0,-0.005573705985195604,-0.0,-0.0,-0.0,-0.0
3.7,0.7478081841846871,-0.4520605335854502,0.048680732565588254,1.8937790919981694,-0.027947713104368797,0.7744353000785701,0.20850898379184787,-0.0,-0.0,-0.0058305324631152304,-0.0,-0.0,-0.0,-0.0
3.71,0.7478081841846871,-0.4520605335854502,0.048621136793081374,1.8937790919981694,-0.027947713104368797,0.7744353000785701,0.20850898379184787,-0.0,-0.0,-0.006088864007627633,-0.0,-0.0,-0.0,-0.0
3.72,0.7478081841846871,-0.4520605335854502,0.048558950625471796,1.8937790919981694,-0.027947713104368797,0.7744353000785701,0.20850898379184787,-0.0,-0.0,-0.006348593484407866,-0.0,-0.0,-0.0,-0.0
3.73,0.7478081841846871,-0.4520605335854502,0.04849416062623831,1.8937790919981694,-0.027947713104368797,0.7744353000785701,0.20850898379184787,-0.0,-0.0,-0.0066096120521644975,-0.0,-0.0,-0.0,-0.0
3.74,0.7478081841846871,-0.4520605335854502,0.048426754455631674,1.8937790919981694,-0.027947713104368797,0.7744353000785701,0.20850898379184787,-0.0,-0.0,-0.006871809204920103,-0.0,-0.0,-0.0,-0.0
3.75,0.7478081841846871,-0.4520605335854502,0.04835672088710591,1.8937790919981694,-0.027947713104368797,0.7744353000785701,0.20850898379184787,-0.0,-0.0,-0.007135072815303305,-0.0,-0.0,-0.0,-0.0
3.76,0.7478081841846871,-0.4520605335854502,0.04828404982331157,1.8937790919981694,-0.027947713104368797,0.7744353000785701,0.20850898379184787,-0.0,-0.0,-0.0073992891788354585,-0.0,-0.0,-0.0,-0.0
3.77,0.7478081841846871,-0.4520605335854502,0.04820873231164136,1.8937790919981694,-0.027947713104368797,0.7744353000785701,0.20850898379184787,-0.0,-0.0,-0.00766434305919393,-0.0,-0.0,-0.0,-0.0
3.78,0.7478081841846871,-0.4520605335854502,0.04813076055931824,1.8937790919981694,-0.027947713104368797,0.7744353000785701,0.20850898379184787,-0.0,-0.0,-0.007930117734433839,-0.0,-0.0,-0.0,-0.0
3.79,0.7478081841846871,-0.4520605335854502,0.0480501279480166,1.8937790919981694,-0.027947713104368797,0.7744353000785701,0.20850898379184787,-0.0,-0.0,-0.008196495044149642,-0.0,-0.0,-0.0,-0.0
3.8,0.7478081841846871,-0.4520605335854502,0.047966829048007226,1.8937790919981694,-0.027947713104368797,0.7744353000785701,0.20850898379184787,-0.0,-0.0,-0.008463355437556996,-0.0,-0.0,-0.0,-0.0
3.81,0.7478081841846871,-0.4520605335854502,0.04788085963181691,1.8937790919981694,-0.027947713104368797,0.7744353000785701,0.20850898379184787,-0.0,-0.0,-0.008730578022475588,-0.0,-0.0,-0.0,-0.0
3.82,0.7478081841846871,-0.4520605335854502,0.047792216687393835,1.8937790919981694,-0.027947713104368797,0.7744353000785701,0.20850898379184787,-0.0,-0.0,-0.008998040615192333,-0.0,-0.0,-0.0,-0.0
3.83,0.7478081841846871,-0.4520605335854502,0.04770089843076999,1.8937790919981694,-0.027947713104368797,0.7744353000785701,0.20850898379184787,-0.0,-0.0,-0.009265619791184738,-0.0,-0.0,-0.0,-0.0
3.84,0.7478081841846871,-0.4520605335854502,0.04760690431821213,1.8937790919981694,-0.027947713104368797,0.7744353000785701,0.20850898379184787,-0.0,-0.0,-0.009533190936682869,-0.0,-0.0,-0.0,-0.0
3.85,0.7478081841846871,-0.4520605335854502,0.04751023505785302,1.8937790919981694,-0.027947713104368797,0.7744353000785701,0.20850898379184787,-0.0,-0.0,-0.009800628301048928,-0.0,-0.0,-0.0,-0.0
3.86,0.7478081841846871,-0.4520605335854502,0.04741089262079493,1.8937790919981694,-0.027947713104368797,0.7744353000785701,0.20850898379184787,-0.0,-0.0,-0.010067805049951844,-0.0,-0.0,-0.0,-0.0
3.87,0.7478081841846871,-0.4520605335854502,0.04730888025167743,1.8937790919981694,-0.027947713104368797,0.7744353000785701,0.20850898379184787,-0.0,-0.0,-0.010334593319315147,-0.0,-0.0,-0.0,-0.0
3.88,0.7478081841846871,-0.4520605335854502,0.04720420247870199,1.8937790919981694,-0.027947713104368797,0.7744353000785701,0.20850898379184787,-0.0,-0.0,-0.010600864270014724,-0.0,-0.0,-0.0,-0.0
3.89,0.7478081841846871,-0.4520605335854502,0.04709686512310589,1.8937790919981694,-0.027947713104368797,0.7744353000785701,0.20850898379184787,-0.0,-0.0,-0.010866488143303762,-0.0,-0.0,-0.0,-0.0
3.9,0.7478081841846871,-0.4520605335854502,0.04698687530807844,1.8937790919981694,-0.027947713104368797,0.7744353000785701,0.20850898379184787,-0.0,-0.0,-0.011131334316940798,-0.0,-0.0,-0.0,-0.0
3.91,0.7478081841846871,-0.4520605335854502,0.046874241467112415,1.8937790919981694,-0.027947713104368797,0.7744353000785701,0.20850898379184787,-0.0,-0.0,-0.011395271361997339,-0.0,-0.0,-0.0,-0.0
3.92,0.7478081841846871,-0.4520605335854502,0.046758973351784146,1.8937790919981694,-0.027947713104368797,0.7744353000785701,0.20850898379184787,-0.0,-0.0,-0.011658167100320284,-0.0,-0.0,-0.0,-0.0
3.93,0.7478081841846871,-0.4520605335854502,0.0466410820389558,1.8937790919981694,-0.027947713104368797,0.7744353000785701,0.20850898379184787,-0.0,-0.0,-0.01191988866262481,-0.0,-0.0,-0.0,-0.0
3.94,0.7478081841846871,-0.4520605335854502,0.046520579937393745,1.8937790919981694,-0.027947713104368797,0.7744353000785701,0.20850898379184787,-0.0,-0.0,-0.012180302547192233,-0.0,-0.0,-0.0,-0.0
3.95,0.7478081841846871,-0.4520605335854502,0.04639748079379694,1.8937790919981694,-0.027947713104368797,0.7744353000785701,0.20850898379184787,-0.0,-0.0,-0.012439274679147813,-0.0,-0.0,-0.0,-0.0
3.96,0.7478081841846871,-0.4520605335854502,0.046271799698229824,1.8937790919981694,-0.027947713104368797,0.7744353000785701,0.20850898379184787,-0.0,-0.0,-0.012696670470292458,-0.0,-0.0,-0.0,-0.0
3.97,0.7478081841846871,-0.4520605335854502,0.046143553088954105,1.8937790919981694,-0.027947713104368797,0.7744353000785701,0.20850898379184787,-0.0,-0.0,-0.012952354879462485,-0.0,-0.0,-0.0,-0.0
3.98,0.7478081841846871,-0.4520605335854502,0.04601275875665462,1.8937790919981694,-0.027947713104368797,0.7744353000785701,0.20850898379184787,-0.0,-0.0,-0.013206192473390796,-0.0,-0.0,-0.0,-0.0
3.99,0.7478081841846871,-0.4520605335854502,0.045879435848053984,1.8937790919981694,-0.027947713104368797,0.7744353000785701,0.20850898379184787,-0.0,-0.0,-0.013458047488043088,-0.0,-0.0,-0.0,-0.0
4.0,0.7478081841846871,-0.4520605335854502,0.045743604868911755,1.8937790919981694,-0.027947713104368797,0.7744353000785701,0.20850898379184787,-0.0,-0.0,-0.01370778389040188,-0.0,-0.0,-0.0,-0.0
4.01,0.7478081841846871,-0.4520605335854502,0.04560528768640356,1.8937790919981694,-0.027947713104368797,0.7744353000785701,0.20850898379184787,-0.0,-0.0,-0.013955265440671355,-0.0,-0.0,-0.0,-0.0
4.02,0.7478081841846871,-0.4520605335854502,0.04546450753087619,1.8937790919981694,-0.027947713104368797,0.7744353000785701,0.20850898379184787,-0.0,-0.0,-0.014200355754875223,-0.0,-0.0,-0.0,-0.0
4.03,0.7478081841846871,-0.4520605335854502,0.045321288996974914,1.8937790919981694,-0.027947713104368797,0.7744353000785701,0.20850898379184787,-0.0,-0.0,-0.014442918367820176,-0.0,-0.0,-0.0,-0.0
4.04,0.7478081841846871,-0.4520605335854502,0.045175658044139415,1.8937790919981694,-0.027947713104368797,0.7744353000785701,0.20850898379184787,-0.0,-0.0,-0.014682816796396702,-0.0,-0.0,-0.0,-0.0
4.05,0.7478081841846871,-0.4520605335854502,0.045027641996465105,1.8937790919981694,-0.027947713104368797,0.7744353000785701,0.20850898379184787,-0.0,-0.0,-0.014919914603189269,-0.0,-0.0,-0.0,-0.0
4.06,0.7478081841846871,-0.4520605335854502,0.04487726954192699,1.8937790919981694,-0.027947713104368797,0.7744353000785701,0.20850898379184787,-0.0,-0.0,-0.015154075460367225,-0.0,-0.0,-0.0,-0.0
4.07,0.7478081841846871,-0.4520605335854502,0.04472457073096327,1.8937790919981694,-0.027947713104368797,0.7744353000785701,0.20850898379184787,-0.0,-0.0,-0.015385163213827983,-0.0,-0.0,-0.0,-0.0
4.08,0.7478081841846871,-0.4520605335854502,0.044569576974416464,1.8937790919981694,-0.027947713104368797,0.7744353000785701,0.20850898379184787,-0.0,-0.0,-0.015613041947563487,-0.0,-0.0,-0.0,-0.0
4.09,0.7478081841846871,-0.4520605335854502,0.04441232104082975,1.8937790919981694,-0.027947713104368797,0.7744353000785701,0.20850898379184787,-0.0,-0.0,-0.015837576048221304,-0.0,-0.0,-0.0,-0.0
4.1,0.7478081841846871,-0.4520605335854502,0.0442528370530969,1.8937790919981694,-0.027947713104368797,0.7744353000785701,0.20850898379184787,-0.0,-0.0,-0.01605863026983079,-0.0,-0.0,-0.0,-0.0
4.11,0.7478081841846871,-0.4520605335854502,0.044091160484464285,1.8937790919981694,-0.027947713104368797,0.7744353000785701,0.20850898379184787,-0.0,-0.0,-0.016276069798665325,-0.0,-0.0,-0.0,-0.0
4.12,0.7478081841846871,-0.4520605335854502,0.043927328153883685,1.8937790919981694,-0.027947713104368797,0.7744353000785701,0.20850898379184787,-0.0,-0.0,-0.016489760318211012,-0.0,-0.0,-0.0,-0.0
4.13,0.7478081841846871,-0.4520605335854502,0.04376137822071492,1.8937790919981694,-0.027947713104368797,0.7744353000785701,0.20850898379184787,-0.0,-0.0,-0.016699568074212544,-0.0,-0.0,-0.0,-0.0
4.14,0.7478081841846871,-0.4520605335854502,0.04359335017877788,1.8937790919981694,-0.027947713104368797,0.7744353000785701,0.20850898379184787,-0.0,-0.0,-0.016905359939766183,-0.0,-0.0,-0.0,-0.0
4.15,0.7478081841846871,-0.4520605335854502,0.0434232848497534,1.8937790919981694,-0.027947713104368797,0.7744353000785701,0.20850898379184787,-0.0,-0.0,-0.017107003480430493,-0.0,-0.0,-0.0,-0.0
4.16,0.7478081841846871,-0.4520605335854502,0.04325122437593323,1.8937790919981694,-0.027947713104368797,0.7744353000785701,0.20850898379184787,-0.0,-0.0,-0.017304367019324616,-0.0,-0.0,-0.0,-0.0
4.17,0.7478081841846871,-0.4520605335854502,0.043077212212318985,1.8937790919981694,-0.027947713104368797,0.7744353000785701,0.20850898379184787,-0.0,-0.0,-0.017497319702184586,-0.0,-0.0,-0.0,-0.0
4.18,0.7478081841846871,-0.4520605335854502,0.04290129311807103,1.8937790919981694,-0.027947713104368797,0.7744353000785701,0.20850898379184787,-0.0,-0.0,-0.01768573156234735,-0.0,-0.0,-0.0,-0.0
4.19,0.7478081841846871,-0.4520605335854502,0.04272351314730798,1.8937790919981694,-0.027947713104368797,0.7744353000785701,0.20850898379184787,-0.0,-0.0,-0.017869473585632626,-0.0,-0.0,-0.0,-0.0
4.2,0.7478081841846871,-0.4520605335854502,0.04254391963925799,1.8937790919981694,-0.027947713104368797,0.7744353000785701,0.20850898379184787,-0.0,-0.0,-0.018048417775092616,-0.0,-0.0,-0.0,-0.0
4.21,0.7478081841846871,-0.4520605335854502,0.04236256120776334,1.8937790919981694,-0.027947713104368797,0.7744353000785701,0.20850898379184787,-0.0,-0.0,-0.018222437215599487,-0.0,-0.0,-0.0,-0.0
4.22,0.7478081841846871,-0.4520605335854502,0.042179487730140054,1.8937790919981694,-0.027947713104368797,0.7744353000785701,0.20850898379184787,-0.0,-0.0,-0.018391406138240484,-0.0,-0.0,-0.0,-0.0
4.23,0.7478081841846871,-0.4520605335854502,0.04199475033539475,1.8937790919981694,-0.027947713104368797,0.7744353000785701,0.20850898379184787,-0.0,-0.0,-0.018555199984490706,-0.0,-0.0,-0.0,-0.0
4.24,0.7478081841846871,-0.4520605335854502,0.04180840139180092,1.8937790919981694,-0.027947713104368797,0.7744353000785701,0.20850898379184787,-0.0,-0.0,-0.018713695470133497,-0.0,-0.0,-0.0,-0.0
4.25,0.7478081841846871,-0.4520605335854502,0.04162049449383738,1.8937790919981694,-0.027947713104368797,0.7744353000785701,0.20850898379184787,-0.0,-0.0,-0.018866770648898558,-0.0,-0.0,-0.0,-0.0
4.26,0.7478081841846871,-0.4520605335854502,0.04143108444849192,1.8937790919981694,-0.027947713104368797,0.7744353000785701,0.20850898379184787,-0.0,-0.0,-0.019014304975787655,-0.0,-0.0,-0.0,-0.0
4.27,0.7478081841846871,-0.4520605335854502,0.041240227260933356,1.8937790919981694,-0.027947713104368797,0.7744353000785701,0.20850898379184787,-0.0,-0.0,-0.019156179370058243,-0.0,-0.0,-0.0,-0.0
4.28,0.7478081841846871,-0.4520605335854502,0.04104798011955563,1.8937790919981694,-0.027947713104368797,0.7744353000785701,0.20850898379184787,-0.0,-0.0,-0.019292276277835165,-0.0,-0.0,-0.0,-0.0
4.29,0.7478081841846871,-0.4520605335854502,0.04085440138039772,1.8937790919981694,-0.027947713104368797,0.7744353000785701,0.20850898379184787,-0.0,-0.0,-0.01942247973432067,-0.0,-0.0,-0.0,-0.0
4.3,0.7478081841846871,-0.4520605335854502,0.04065955055094358,1.8937790919981694,-0.027947713104368797,0.7744353000785701,0.20850898379184787,-0.0,-0.0,-0.019546675425573288,-0.0,-0.0,-0.0,-0.0
4.31,0.7478081841846871,-0.4520605335854502,0.0404634882733066,1.8937790919981694,-0.027947713104368797,0.7744353000785701,0.20850898379184787,-0.0,-0.0,-0.01966475074982596,-0.0,-0.0,-0.0,-0.0
4.32,0.7478081841846871,-0.4520605335854502,0.04026627630680331,1.8937790919981694,-0.027947713104368797,0.7744353000785701,0.20850898379184787,-0.0,-0.0,-0.019776594878314246,-0.0,-0.0,-0.0,-0.0
4.33,0.7478081841846871,-0.4520605335854502,0.04006797750992138,1.8937790919981694,-0.027947713104368797,0.7744353000785701,0.20850898379184787,-0.0,-0.0,-0.0198820988155852,-0.0,-0.0,-0.0,-0.0
4.34,0.7478081841846871,-0.4520605335854502,0.03986865582168719,1.8937790919981694,-0.027947713104368797,0.7744353000785701,0.20850898379184787,-0.0,-0.0,-0.019981155459258226,-0.0,-0.0,-0.0,-0.0
4.35,0.7478081841846871,-0.4520605335854502,0.039668376242438734,1.8937790919981694,-0.027947713104368797,0.7744353000785701,0.20850898379184787,-0.0,-0.0,-0.020073659659208647,-0.0,-0.0,-0.0,-0.0
4.36,0.7478081841846871,-0.4520605335854502,0.0394672048140096,1.8937790919981694,-0.027947713104368797,0.7744353000785701,0.20850898379184787,-0.0,-0.0,-0.020159508276145727,-0.0,-0.0,-0.0,-0.0
4.37,0.7478081841846871,-0.4520605335854502,0.03926520859933047,1.8937790919981694,-0.027947713104368797,0.7744353000785701,0.20850898379184787,-0.0,-0.0,-0.020238600239556384,-0.0,-0.0,-0.0,-0.0
4.38,0.7478081841846871,-0.4520605335854502,0.03906245566145427,1.8937790919981694,-0.027947713104368797,0.7744353000785701,0.20850898379184787,-0.0,-0.0,-0.020310836604986487,-0.0,-0.0,-0.0,-0.0
4.39,0.7478081841846871,-0.4520605335854502,0.0388590150420121,1.8937790919981694,-0.027947713104368797,0.7744353000785701,0.20850898379184787,-0.0,-0.0,-0.02037612061063171,-0.0,-0.0,-0.0,-0.0
4.4,0.7478081841846871,-0.4520605335854502,0.03865495673910671,1.8937790919981694,-0.027947713104368797,0.7744353000785701,0.20850898379184787,-0.0,-0.0,-0.0204343577332101,-0.0,-0.0,-0.0,-0.0
4.41,0.7478081841846871,-0.4520605335854502,0.038450351684651114,1.8937790919981694,-0.027947713104368797,0.7744353000785701,0.20850898379184787,-0.0,-0.0,-0.02048545574308882,-0.0,-0.0,-0.0,-0.0
4.42,0.7478081841846871,-0.4520605335854502,0.03824527172115956,1.8937790919981694,-0.027947713104368797,0.7744353000785701,0.20850898379184787,-0.0,-0.0,-0.020529324758637935,-0.0,-0.0,-0.0,-0.0
4.43,0.7478081841846871,-0.4520605335854502,0.038039789577999084,1.8937790919981694,-0.027947713104368797,0.7744353000785701,0.20850898379184787,-0.0,-0.0,-0.020565877299784062,-0.0,-0.0,-0.0,-0.0
4.44,0.7478081841846871,-0.4520605335854502,0.03783397884710965,1.8937790919981694,-0.027947713104368797,0.7744353000785701,0.20850898379184787,-0.0,-0.0,-0.020595028340737297,-0.0,-0.0,-0.0,-0.0
4.45,0.7478081841846871,-0.4520605335854502,0.037627913958201226,1.8937790919981694,-0.027947713104368797,0.7744353000785701,0.20850898379184787,-0.0,-0.0,-0.020616695361864997,-0.0,-0.0,-0.0,-0.0
4.46,0.7478081841846871,-0.4520605335854502,0.03742167015343642,1.8937790919981694,-0.027947713104368797,0.7744353000785701,0.20850898379184787,-0.0,-0.0,-0.020630798400686344,-0.0,-0.0,-0.0,-0.0
4.47,0.7478081841846871,-0.4520605335854502,0.03721532346160782,1.8937790919981694,-0.027947713104368797,0.7744353000785701,0.20850898379184787,-0.0,-0.0,-0.020637260101961926,-0.0,-0.0,-0.0,-0.0
4.48,0.7478081841846871,-0.4520605335854502,0.03700895067181898,1.8937790919981694,-0.027947713104368797,0.7744353000785701,0.20850898379184787,-0.0,-0.0,-0.02063600576685286,-0.0,-0.0,-0.0,-0.0
4.49,0.7478081841846871,-0.4520605335854502,0.03680262930667859,1.8937790919981694,-0.027947713104368797,0.7744353000785701,0.20850898379184787,-0.0,-0.0,-0.02062696340112458,-0.0,-0.0,-0.0,-0.0
4.5,0.7478081841846871,-0.4520605335854502,0.03659643759501749,1.8937790919981694,-0.027947713104368797,0.7744353000785701,0.20850898379184787,-0.0,-0.0,-0.02061006376237029,-0.0,-0.0,-0.0,-0.0
4.51,0.7478081841846871,-0.4520605335854502,0.036390454444138416,1.8937790919981694,-0.027947713104368797,0.7744353000785701,0.20850898379184787,-0.0,-0.0,-0.02058524040623008,-0.0,-0.0,-0.0,-0.0
4.52,0.7478081841846871,-0.4520605335854502,0.03618475941160876,1.8937790919981694,-0.027947713104368797,0.7744353000785701,0.20850898379184787,-0.0,-0.0,-0.020552429731581487,-0.0,-0.0,-0.0,-0.0
4.53,0.7478081841846871,-0.4520605335854502,0.03597943267660658,1.8937790919981694,-0.027947713104368797,0.7744353000785701,0.20850898379184787,-0.0,-0.0,-0.020511571024678193,-0.0,-0.0,-0.0,-0.0
4.54,0.7478081841846871,-0.4520605335854502,0.03577455501083067,1.8937790919981694,-0.027947713104368797,0.7744353000785701,0.20850898379184787,-0.0,-0.0,-0.02046260650221352,-0.0,-0.0,-0.0,-0.0
4.55,0.7478081841846871,-0.4520605335854502,0.03557020774898535,1.8937790919981694,-0.027947713104368797,0.7744353000785701,0.20850898379184787,-0.0,-0.0,-0.02040548135328611,-0.0,-0.0,-0.0,-0.0
4.56,0.7478081841846871,-0.4520605335854502,0.035366472758851235,1.8937790919981694,-0.027947713104368797,0.7744353000785701,0.20850898379184787,-0.0,-0.0,-0.020340143780245613,-0.0,-0.0,-0.0,-0.0
4.57,0.7478081841846871,-0.4520605335854502,0.03516343241095331,1.8937790919981694,-0.027947713104368797,0.7744353000785701,0.20850898379184787,-0.0,-0.0,-0.02026654503839627,-0.0,-0.0,-0.0,-0.0
4.58,0.7478081841846871,-0.4520605335854502,0.034961169547837664,1.8937790919981694,-0.027947713104368797,0.7744353000785701,0.20850898379184787,-0.0,-0.0,-0.02018463947453728,-0.0,-0.0,-0.0,-0.0
4.59,0.7478081841846871,-0.4520605335854502,0.03475976745296877,1.8937790919981694,-0.027947713104368797,0.7744353000785701,0.20850898379184787,-0.0,-0.0,-0.020094384564318838,-0.0,-0.0,-0.0,-0.0
4.6,0.7478081841846871,-0.4520605335854502,0.034559309819259226,1.8937790919981694,-0.027947713104368797,0.7744353000785701,0.20850898379184787,-0.0,-0.0,-0.019995740948393508,-0.0,-0.0,-0.0,-0.0
4.61,0.7478081841846871,-0.4520605335854502,0.034359880717243954,1.8937790919981694,-0.027947713104368797,0.7744353000785701,0.20850898379184787,-0.0,-0.0,-0.01988867246734288,-0.0,-0.0,-0.0,-0.0
4.62,0.7478081841846871,-0.4520605335854502,0.0341615645629117,1.8937790919981694,-0.027947713104368797,0.7744353000785701,0.20850898379184787,-0.0,-0.0,-0.019773146195360095,-0.0,-0.0,-0.0,-0.0
4.63,0.7478081841846871,-0.4520605335854502,0.0339644460852055,1.8937790919981694,-0.027947713104368797,0.7744353000785701,0.20850898379184787,-0.0,-0.0,-0.019649132472669143,-0.0,-0.0,-0.0,-0.0
4.64,0.7478081841846871,-0.4520605335854502,0.03376861029320573,1.8937790919981694,-0.027947713104368797,0.7744353000785701,0.20850898379184787,-0.0,-0.0,-0.019516604936662695,-0.0,-0.0,-0.0,-0.0
4.65,0.7478081841846871,-0.4520605335854502,0.03357414244300814,1.8937790919981694,-0.027947713104368797,0.7744353000785701,0.20850898379184787,-0.0,-0.0,-0.019375540551740265,-0.0,-0.0,-0.0,-0.0
4.66,0.7478081841846871,-0.4520605335854502,0.03338112800431008,1.8937790919981694,-0.027947713104368797,0.7744353000785701,0.20850898379184787,-0.0,-0.0,-0.019225919637829464,-0.0,-0.0,-0.0,-0.0
4.67,0.7478081841846871,-0.4520605335854502,0.03318965262671812,1.8937790919981694,-0.027947713104368797,0.7744353000785701,0.20850898379184787,-0.0,-0.0,-0.019067725897573377,-0.0,-0.0,-0.0,-0.0
4.68,0.7478081841846871,-0.4520605335854502,0.03299980210579059,1.8937790919981694,-0.027947713104368797,0.7744353000785701,0.20850898379184787,-0.0,-0.0,-0.018900946442167808,-0.0,-0.0,-0.0,-0.0
4.69,0.7478081841846871,-0.4520605335854502,0.03281166234882855,1.8937790919981694,-0.027947713104368797,0.7744353000785701,0.20850898379184787,-0.0,-0.0,-0.018725571815832474,-0.0,-0.0,-0.0,-0.0
4.7,0.7478081841846871,-0.4520605335854502,0.032625319340429025,1.8937790919981694,-0.027947713104368797,0.7744353000785701,0.20850898379184787,-0.0,-0.0,-0.01854159601890124,-0.0,-0.0,-0.0,-0.0
4.71,0.7478081841846871,-0.4520605335854502,0.03244085910781408,1.8937790919981694,-0.027947713104368797,0.7744353000785701,0.20850898379184787,-0.0,-0.0,-0.018349016529516222,-0.0,-0.0,-0.0,-0.0
4.72,0.7478081841846871,-0.4520605335854502,0.03225836768595022,1.8937790919981694,-0.027947713104368797,0.7744353000785701,0.20850898379184787,-0.0,-0.0,-0.018147834323912343,-0.0,-0.0,-0.0,-0.0
4.73,0.7478081841846871,-0.4520605335854502,0.03207793108247199,1.8937790919981694,-0.027947713104368797,0.7744353000785701,0.20850898379184787,-0.0,-0.0,-0.01793805389527826,-0.0,-0.0,-0.0,-0.0
4.74,0.7478081841846871,-0.4520605335854502,0.031899635242424035,1.8937790919981694,-0.027947713104368797,0.7744353000785701,0.20850898379184787,-0.0,-0.0,-0.017719683271181313,-0.0,-0.0,-0.0,-0.0
4.75,0.7478081841846871,-0.4520605335854502,0.03172356601283629,1.8937790919981694,-0.027947713104368797,0.7744353000785701,0.20850898379184787,-0.0,-0.0,-0.01749273402954364,-0.0,-0.0,-0.0,-0.0
4.76,0.7478081841846871,-0.4520605335854502,0.03154980910714656,1.8937790919981694,-0.027947713104368797,0.7744353000785701,0.20850898379184787,-0.0,-0.0,-0.017257221313158256,-0.0,-0.0,-0.0,-0.0
4.77,0.7478081841846871,-0.4520605335854502,0.03137845006948544,1.8937790919981694,-0.027947713104368797,0.7744353000785701,0.20850898379184787,-0.0,-0.0,-0.017013163842733877,-0.0,-0.0,-0.0,-0.0
4.78,0.7478081841846871,-0.4520605335854502,0.031209574238838023,1.8937790919981694,-0.027947713104368797,0.7744353000785701,0.20850898379184787,-0.0,-0.0,-0.01676058392845784,-0.0,-0.0,-0.0,-0.0
4.79,0.7478081841846871,-0.4520605335854502,0.03104326671309758,1.8937790919981694,-0.027947713104368797,0.7744353000785701,0.20850898379184787,-0.0,-0.0,-0.016499507480067607,-0.0,-0.0,-0.0,-0.0
4.8,0.7478081841846871,-0.4520605335854502,0.030879612313025898,1.8937790919981694,-0.027947713104368797,0.7744353000785701,0.20850898379184787,-0.0,-0.0,-0.016229964015421306,-0.0,-0.0,-0.0,-0.0
4.81,0.7478081841846871,-0.4520605335854502,0.030718695546135537,1.8937790919981694,-0.027947713104368797,0.7744353000785701,0.20850898379184787,-0.0,-0.0,-0.01595198666755913,-0.0,-0.0,-0.0,-0.0
4.82,0.7478081841846871,-0.4520605335854502,0.030560600570508977,1.8937790919981694,-0.027947713104368797,0.7744353000785701,0.20850898379184787,-0.0,-0.0,-0.015665612190247237,-0.0,-0.0,-0.0,-0.0
4.83,0.7478081841846871,-0.4520605335854502,0.030405411158570088,1.8937790919981694,-0.027947713104368797,0.7744353000785701,0.20850898379184787,-0.0,-0.0,-0.015370880961997438,-0.0,-0.0,-0.0,-0.0
4.84,0.7478081841846871,-0.4520605335854502,0.03025321066082283,1.8937790919981694,-0.027947713104368797,0.7744353000785701,0.20850898379184787,-0.0,-0.0,-0.015067836988555149,-0.0,-0.0,-0.0,-0.0
4.85,0.7478081841846871,-0.4520605335854502,0.030104081969572954,1.8937790919981694,-0.027947713104368797,0.7744353000785701,0.20850898379184787,-0.0,-0.0,-0.014756527903850713,-0.0,-0.0,-0.0,-0.0
4.86,0.7478081841846871,-0.4520605335854502,0.02995810748264779,1.8937790919981694,-0.027947713104368797,0.7744353000785701,0.20850898379184787,-0.0,-0.0,-0.01443700496940785,-0.0,-0.0,-0.0,-0.0
4.87,0.7478081841846871,-0.4520605335854502,0.02981536906712976,1.8937790919981694,-0.027947713104368797,0.7744353000785701,0.20850898379184787,-0.0,-0.0,-0.014109323072205155,-0.0,-0.0,-0.0,-0.0
4.88,0.7478081841846871,-0.4520605335854502,0.029675948023118928,1.8937790919981694,-0.027947713104368797,0.7744353000785701,0.20850898379184787,-0.0,-0.0,-0.013773540720986174,-0.0,-0.0,-0.0,-0.0
4.89,0.7478081841846871,-0.4520605335854502,0.02953992504754032,1.8937790919981694,-0.027947713104368797,0.7744353000785701,0.20850898379184787,-0.0,-0.0,-0.013429720041015192,-0.0,-0.0,-0.0,-0.0
4.9,0.7478081841846871,-0.4520605335854502,0.02940738019801135,1.8937790919981694,-0.027947713104368797,0.7744353000785701,0.20850898379184787,-0.0,-0.0,-0.01307792676727559,-0.0,-0.0,-0.0,-0.0
4.91,0.7478081841846871,-0.4520605335854502,0.029278392856785292,1.8937790919981694,-0.027947713104368797,0.7744353000785701,0.20850898379184787,-0.0,-0.0,-0.012718230236109426,-0.0,-0.0,-0.0,-0.0
4.92,0.7478081841846871,-0.4520605335854502,0.029153041694785792,1.8937790919981694,-0.027947713104368797,0.7744353000785701,0.20850898379184787,-0.0,-0.0,-0.012350703375295813,-0.0,-0.0,-0.0,-0.0
4.93,0.7478081841846871,-0.4520605335854502,0.029031404635748766,1.8937790919981694,-0.027947713104368797,0.7744353000785701,0.20850898379184787,-0.0,-0.0,-0.011975422692568821,-0.0,-0.0,-0.0,-0.0
4.94,0.7478081841846871,-0.4520605335854502,0.028913558820486695,1.8937790919981694,-0.027947713104368797,0.7744353000785701,0.20850898379184787,-0.0,-0.0,-0.011592468262573772,-0.0,-0.0,-0.0,-0.0
4.95,0.7478081841846871,-0.4520605335854502,0.02879958057129127,1.8937790919981694,-0.027947713104368797,0.7744353000785701,0.20850898379184787,-0.0,-0.0,-0.011201923712263334,-0.0,-0.0,-0.0,-0.0
4.96,0.7478081841846871,-0.4520605335854502,0.02868954535648978,1.8937790919981694,-0.027947713104368797,0.7744353000785701,0.20850898379184787,-0.0,-0.0,-0.01080387620473435,-0.0,-0.0,-0.0,-0.0
4.97,0.7478081841846871,-0.4520605335854502,0.02858352775517105,1.8937790919981694,-0.027947713104368797,0.7744353000785701,0.20850898379184787,-0.0,-0.0,-0.010398416421507815,-0.0,-0.0,-0.0,-0.0
4.98,0.7478081841846871,-0.4520605335854502,0.028481601422096207,1.8937790919981694,-0.027947713104368797,0.7744353000785701,0.20850898379184787,-0.0,-0.0,-0.009985638543254413,-0.0,-0.0,-0.0,-0.0
4.99,0.7478081841846871,-0.4520605335854502,0.02838383905281008,1.8937790919981694,-0.027947713104368797,0.7744353000785701,0.20850898379184787,-0.0,-0.0,-0.009565640228969611,-0.0,-0.0,-0.0,-0.0
5.0,0.7478081841846871,-0.4520605335854502,0.028290312348968463,1.8937790919981694,-0.027947713104368797,0.7744353000785701,0.20850898379184787,-0.0,-0.0,-0.009138522593601263,-0.0,-0.0,-0.0,-0.0
5.01,0.7478081841846871,-0.4520605335854502,0.028201091983896913,1.8937790919981694,-0.027947713104368797,0.7744353000785701,0.20850898379184787,-0.0,-0.0,-0.00870439018413599,-0.0,-0.0,-0.0,-0.0
5.02,0.7478081841846871,-0.4520605335854502,0.02811624756839635,1.8937790919981694,-0.027947713104368797,0.7744353000785701,0.20850898379184787,-0.0,-0.0,-0.008263350954148626,-0.0,-0.0,-0.0,-0.0
5.03,0.7478081841846871,-0.4520605335854502,0.02803584761681077,1.8937790919981694,-0.027947713104368797,0.7744353000785701,0.20850898379184787,-0.0,-0.0,-0.00781551623682118,-0.0,-0.0,-0.0,-0.0
5.04,0.7478081841846871,-0.4520605335854502,0.027959959513372473,1.8937790919981694,-0.027947713104368797,0.7744353000785701,0.20850898379184787,-0.0,-0.0,-0.007361000716438821,-0.0,-0.0,-0.0,-0.0
5.05,0.7478081841846871,-0.4520605335854502,0.027888649478839816,1.8937790919981694,-0.027947713104368797,0.7744353000785701,0.20850898379184787,-0.0,-0.0,-0.00689992239836875,-0.0,-0.0,-0.0,-0.0
5.06,0.7478081841846871,-0.4520605335854502,0.027821982537442846,1.8937790919981694,-0.027947713104368797,0.7744353000785701,0.20850898379184787,-0.0,-0.0,-0.006432402577532106,-0.0,-0.0,-0.0,-0.0
5.07,0.7478081841846871,-0.4520605335854502,0.027760022484151586,1.8937790919981694,-0.027947713104368797,0.7744353000785701,0.20850898379184787,-0.0,-0.0,-0.005958565805376089,-0.0,-0.0,-0.0,-0.0
5.08,0.7478081841846871,-0.4520605335854502,0.027702831852282214,1.8937790919981694,-0.027947713104368797,0.7744353000785701,0.20850898379184787,-0.0,-0.0,-0.005478539855356819,-0.0,-0.0,-0.0,-0.0
5.09,0.7478081841846871,-0.4520605335854502,0.027650471881455627,1.8937790919981694,-0.027947713104368797,0.7744353000785701,0.20850898379184787,-0.0,-0.0,-0.004992455686942321,-0.0,-0.0,-0.0,-0.0
5.1,0.7478081841846871,-0.4520605335854502,0.027603002485923504,1.8937790919981694,-0.027947713104368797,0.7744353000785701,0.20850898379184787,-0.0,-0.0,-0.004500447408147184,-0.0,-0.0,-0.0,-0.0
5.11,0.7478081841846871,-0.4520605335854502,0.027560482223276207,1.8937790919981694,-0.027947713104368797,0.7744353000785701,0.20850898379184787,-0.0,-0.0,-0.004002652236609629,-0.0,-0.0,-0.0,-0.0
5.12,0.7478081841846871,-0.4520605335854502,0.027522968263547214,1.8937790919981694,-0.027947713104368797,0.7744353000785701,0.20850898379184787,-0.0,-0.0,-0.003499210459224091,-0.0,-0.0,-0.0,-0.0
5.13,0.7478081841846871,-0.4520605335854502,0.027490516358728317,1.8937790919981694,-0.027947713104368797,0.7744353000785701,0.20850898379184787,-0.0,-0.0,-0.0029902653903404867,-0.0,-0.0,-0.0,-0.0
5.14,0.7478081841846871,-0.4520605335854502,0.027463180812710073,1.8937790919981694,-0.027947713104368797,0.7744353000785701,0.20850898379184787,-0.0,-0.0,-0.0024759633285455704,-0.0,-0.0,-0.0,-0.0
5.15,0.7478081841846871,-0.4520605335854502,0.02744101445166131,1.8937790919981694,-0.027947713104368797,0.7744353000785701,0.20850898379184787,-0.0,-0.0,-0.001956453512038744,-0.0,-0.0,-0.0,-0.0
5.16,0.7478081841846871,-0.4520605335854502,0.027424068594861944,1.8937790919981694,-0.027947713104368797,0.7744353000785701,0.20850898379184787,-0.0,-0.0,-0.0014318880726180976,-0.0,-0.0,-0.0,-0.0
5.17,0.7478081841846871,-0.4520605335854502,0.027412393026002818,1.8937790919981694,-0.027947713104368797,0.7744353000785701,0.20850898379184787,-0.0,-0.0,-0.0009024219882912253,-0.0,-0.0,-0.0,-0.0
5.18,0.7478081841846871,-0.4520605335854502,0.027406035964966192,1.8937790919981694,-0.027947713104368797,0.7744353000785701,0.20850898379184787,-0.0,-0.0,-0.00036821303452747435,-0.0,-0.0,-0.0,-0.0
5.19,0.7478081841846871,-0.4520605335854502,0.02740504404010049,1.8937790919981694,-0.027947713104368797,0.7744353000785701,0.20850898379184787,0.0,0.0,0.00017057826583254798,0.0,0.0,0.0,0.0
5.2,0.7478081841846871,-0.4520605335854502,0.02740946226100255,1.8937790919981694,-0.027947713104368797,0.7744353000785701,0.20850898379184787,0.0,0.0,0.0007137886939919518,0.0,0.0,0.0,0.0
5.21,0.7478081841846871,-0.4520605335854502,0.027419333991820595,1.8937790919981694,-0.027947713104368797,0.7744353000785701,0.20850898379184787,0.0,0.0,0.0012612523879210404,0.0,0.0,0.0,0.0
5.22,0.7478081841846871,-0.4520605335854502,0.027434700925090934,1.8937790919981694,-0.027947713104368797,0.7744353000785701,0.20850898379184787,0.0,0.0,0.00181280089636872,0.0,0.0,0.0,0.0
5.23,0.7478081841846871,-0.4520605335854502,0.027455603056121023,1.8937790919981694,-0.027947713104368797,0.7744353000785701,0.20850898379184787,0.0,0.0,0.0023682632341446457,0.0,0.0,0.0,0.0
5.24,0.7478081841846871,-0.4520605335854502,0.027482078657931792,1.8937790919981694,-0.027947713104368797,0.7744353000785701,0.20850898379184787,0.0,0.0,0.002927465938651484,0.0,0.0,0.0,0.0
5.25,0.7478081841846871,-0.4520605335854502,0.02751416425677133,1.8937790919981694,-0.027947713104368797,0.7744353000785701,0.20850898379184787,0.0,0.0,0.0034902331276478902,0.0,0.0,0.0,0.0
5.26,0.7478081841846871,-0.4520605335854502,0.0275518946082123,1.8937790919981694,-0.027947713104368797,0.7744353000785701,0.20850898379184787,0.0,0.0,0.004056386558220795,0.0,0.0,0.0,0.0
5.27,0.7478081841846871,-0.4520605335854502,0.02759530267384506,1.8937790919981694,-0.027947713104368797,0.7744353000785701,0.20850898379184787,0.0,0.0,0.004625745686946401,0.0,0.0,0.0,0.0
5.28,0.7478081841846871,-0.4520605335854502,0.027644419598578253,1.8937790919981694,-0.027947713104368797,0.7744353000785701,0.20850898379184787,0.0,0.0,0.005198127731217386,0.0,0.0,0.0,0.0
5.29,0.7478081841846871,-0.4520605335854502,0.027699274688558307,1.8937790919981694,-0.027947713104368797,0.7744353000785701,0.20850898379184787,0.0,0.0,0.005773347731714548,0.0,0.0,0.0,0.0
5.3,0.7478081841846871,-0.4520605335854502,0.02775989538971945,1.8937790919981694,-0.027947713104368797,0.7744353000785701,0.20850898379184787,0.0,0.0,0.006351218615999806,0.0,0.0,0.0,0.0
5.31,0.7478081841846871,-0.4520605335854502,0.027826307266975017,1.8937790919981694,-0.027947713104368797,0.7744353000785701,0.20850898379184787,0.0,0.0,0.0069315512632068125,0.0,0.0,0.0,0.0
5.32,0.7478081841846871,-0.4520605335854502,0.027898533984061114,1.8937790919981694,-0.027947713104368797,0.7744353000785701,0.20850898379184787,0.0,0.0,0.007514154569805872,0.0,0.0,0.0,0.0
5.33,0.7478081841846871,-0.4520605335854502,0.02797659728404319,1.8937790919981694,-0.027947713104368797,0.7744353000785701,0.20850898379184787,0.0,0.0,0.008098835516417508,0.0,0.0,0.0,0.0
5.34,0.7478081841846871,-0.4520605335854502,0.0280605169704959,1.8937790919981694,-0.027947713104368797,0.7744353000785701,0.20850898379184787,0.0,0.0,0.008685399235651751,0.0,0.0,0.0,0.0
5.35,0.7478081841846871,-0.4520605335854502,0.028150310889366363,1.8937790919981694,-0.027947713104368797,0.7744353000785701,0.20850898379184787,0.0,0.0,0.009273649080945275,0.0,0.0,0.0,0.0
5.36,0.7478081841846871,-0.4520605335854502,0.028245994911530674,1.8937790919981694,-0.027947713104368797,0.7744353000785701,0.20850898379184787,0.0,0.0,0.009863386696372364,0.0,0.0,0.0,0.0
5.37,0.7478081841846871,-0.4520605335854502,0.028347582916053275,1.8937790919981694,-0.027947713104368797,0.7744353000785701,0.20850898379184787,0.0,0.0,0.01045441208740221,0.0,0.0,0.0,0.0
5.38,0.7478081841846871,-0.4520605335854502,0.028455086774158575,1.8937790919981694,-0.027947713104368797,0.7744353000785701,0.20850898379184787,0.0,0.0,0.011046523692576358,0.0,0.0,0.0,0.0
5.39,0.7478081841846871,-0.4520605335854502,0.028568516333923776,1.8937790919981694,-0.027947713104368797,0.7744353000785701,0.20850898379184787,0.0,0.0,0.011639518456078404,0.0,0.0,0.0,0.0
5.4,0.7478081841846871,-0.4520605335854502,0.028687879405701756,1.8937790919981694,-0.027947713104368797,0.7744353000785701,0.20850898379184787,0.0,0.0,0.012233191901168804,0.0,0.0,0.0,0.0
5.41,0.7478081841846871,-0.4520605335854502,0.028813181748282443,1.8937790919981694,-0.027947713104368797,0.7744353000785701,0.20850898379184787,0.0,0.0,0.012827338204455653,0.0,0.0,0.0,0.0
5.42,0.7478081841846871,-0.4520605335854502,0.028944427055801164,1.8937790919981694,-0.027947713104368797,0.7744353000785701,0.20850898379184787,0.0,0.0,0.01342175027097453,0.0,0.0,0.0,0.0
5.43,0.7478081841846871,-0.4520605335854502,0.029081616945401463,1.8937790919981694,-0.027947713104368797,0.7744353000785701,0.20850898379184787,0.0,0.0,0.014016219810046361,0.0,0.0,0.0,0.0
5.44,0.7478081841846871,-0.4520605335854502,0.02922475094566042,1.8937790919981694,-0.027947713104368797,0.7744353000785701,0.20850898379184787,0.0,0.0,0.014610537411885541,0.0,0.0,0.0,0.0
5.45,0.7478081841846871,-0.4520605335854502,0.029373826485783617,1.8937790919981694,-0.027947713104368797,0.7744353000785701,0.20850898379184787,0.0,0.0,0.01520449262492765,0.0,0.0,0.0,0.0
5.46,0.7478081841846871,-0.4520605335854502,0.029528838885576912,1.8937790919981694,-0.027947713104368797,0.7744353000785701,0.20850898379184787,0.0,0.0,0.015797874033847196,0.0,0.0,0.0,0.0
5.47,0.7478081841846871,-0.4520605335854502,0.029689781346201646,1.8937790919981694,-0.027947713104368797,0.7744353000785701,0.20850898379184787,0.0,0.0,0.016390469338234383,0.0,0.0,0.0,0.0
5.48,0.7478081841846871,-0.4520605335854502,0.02985664494171987,1.8937790919981694,-0.027947713104368797,0.7744353000785701,0.20850898379184787,0.0,0.0,0.01698206543190059,0.0,0.0,0.0,0.0
5.49,0.7478081841846871,-0.4520605335854502,0.030029418611435432,1.8937790919981694,-0.027947713104368797,0.7744353000785701,0.20850898379184787,0.0,0.0,0.017572448482780518,0.0,0.0,0.0,0.0
5.5,0.7478081841846871,-0.4520605335854502,0.03020808915303732,1.8937790919981694,-0.027947713104368797,0.7744353000785701,0.20850898379184787,0.0,0.0,0.018161404013401255,0.0,0.0,0.0,0.0
5.51,0.7478081841846871,-0.4520605335854502,0.03039264121654999,1.8937790919981694,-0.027947713104368797,0.7744353000785701,0.20850898379184787,0.0,0.0,0.01874871698188416,0.0,0.0,0.0,0.0
5.52,0.7478081841846871,-0.4520605335854502,0.030583057299096484,1.8937790919981694,-0.027947713104368797,0.7744353000785701,0.20850898379184787,0.0,0.0,0.019334171863449486,0.0,0.0,0.0,0.0
5.53,0.7478081841846871,-0.4520605335854502,0.030779317740478967,1.8937790919981694,-0.027947713104368797,0.7744353000785701,0.20850898379184787,0.0,0.0,0.01991755273239047,0.0,0.0,0.0,0.0
5.54,0.7478081841846871,-0.4520605335854502,0.030981400719581005,1.8937790919981694,-0.027947713104368797,0.7744353000785701,0.20850898379184787,0.0,0.0,0.020498643344483796,0.0,0.0,0.0,0.0
5.55,0.7478081841846871,-0.4520605335854502,0.031189282251596347,1.8937790919981694,-0.027947713104368797,0.7744353000785701,0.20850898379184787,0.0,0.0,0.021077227219805355,0.0,0.0,0.0,0.0
5.56,0.7478081841846871,-0.4520605335854502,0.0314029361860874,1.8937790919981694,-0.027947713104368797,0.7744353000785701,0.20850898379184787,0.0,0.0,0.0216530877259158,0.0,0.0,0.0,0.0
5.57,0.7478081841846871,-0.4520605335854502,0.03162233420587755,1.8937790919981694,-0.027947713104368797,0.7744353000785701,0.20850898379184787,0.0,0.0,0.022226008161384495,0.0,0.0,0.0,0.0
5.58,0.7478081841846871,-0.4520605335854502,0.03184744582678,1.8937790919981694,-0.027947713104368797,0.7744353000785701,0.20850898379184787,0.0,0.0,0.022795771839617222,0.0,0.0,0.0,0.0
5.59,0.7478081841846871,-0.4520605335854502,0.03207823839816655,1.8937790919981694,-0.027947713104368797,0.7744353000785701,0.20850898379184787,0.0,0.0,0.02336216217295468,0.0,0.0,0.0,0.0
5.6,0.7478081841846871,-0.4520605335854502,0.03231467710437837,1.8937790919981694,-0.027947713104368797,0.7744353000785701,0.20850898379184787,0.0,0.0,0.0239249627570069,0.0,0.0,0.0,0.0
5.61,0.7478081841846871,-0.4520605335854502,0.0325567249669813,1.8937790919981694,-0.027947713104368797,0.7744353000785701,0.20850898379184787,0.0,0.0,0.02448395745519067,0.0,0.0,0.0,0.0
5.62,0.7478081841846871,-0.4520605335854502,0.03280434284786714,1.8937790919981694,-0.027947713104368797,0.7744353000785701,0.20850898379184787,0.0,0.0,0.025038930483434217,0.0,0.0,0.0,0.0
5.63,0.7478081841846871,-0.4520605335854502,0.033057489453203075,1.8937790919981694,-0.027947713104368797,0.7744353000785701,0.20850898379184787,0.0,0.0,0.02558966649501673,0.0,0.0,0.0,0.0
5.64,0.7478081841846871,-0.4520605335854502,0.033316121338229684,1.8937790919981694,-0.027947713104368797,0.7744353000785701,0.20850898379184787,0.0,0.0,0.026135950665506114,0.0,0.0,0.0,0.0
5.65,0.7478081841846871,-0.4520605335854502,0.033580192912908834,1.8937790919981694,-0.027947713104368797,0.7744353000785701,0.20850898379184787,0.0,0.0,0.026677568777761923,0.0,0.0,0.0,0.0
5.66,0.7478081841846871,-0.4520605335854502,0.03384965644842172,1.8937790919981694,-0.027947713104368797,0.7744353000785701,0.20850898379184787,0.0,0.0,0.027214307306967875,0.0,0.0,0.0,0.0
5.67,0.7478081841846871,-0.4520605335854502,0.034124462084517325,1.8937790919981694,-0.027947713104368797,0.7744353000785701,0.20850898379184787,0.0,0.0,0.02774595350565973,0.0,0.0,0.0,0.0
5.68,0.7478081841846871,-0.4520605335854502,0.034404557837710854,1.8937790919981694,-0.027947713104368797,0.7744353000785701,0.20850898379184787,0.0,0.0,0.028272295488713056,0.0,0.0,0.0,0.0
5.69,0.7478081841846871,-0.4520605335854502,0.03468988961033189,1.8937790919981694,-0.027947713104368797,0.7744353000785701,0.20850898379184787,0.0,0.0,0.028793122318256724,0.0,0.0,0.0,0.0
5.7,0.7478081841846871,-0.4520605335854502,0.034980401200420834,1.8937790919981694,-0.027947713104368797,0.7744353000785701,0.20850898379184787,0.0,0.0,0.029308224088475866,0.0,0.0,0.0,0.0
5.71,0.7478081841846871,-0.4520605335854502,0.03527603431247318,1.8937790919981694,-0.027947713104368797,0.7744353000785701,0.20850898379184787,0.0,0.0,0.02981739201027142,0.0,0.0,0.0,0.0
5.72,0.7478081841846871,-0.4520605335854502,0.035576728569029006,1.8937790919981694,-0.027947713104368797,0.7744353000785701,0.20850898379184787,0.0,0.0,0.03032041849573892,0.0,0.0,0.0,0.0
5.73,0.7478081841846871,-0.4520605335854502,0.035882421523106556,1.8937790919981694,-0.027947713104368797,0.7744353000785701,0.20850898379184787,0.0,0.0,0.030817097242433165,0.0,0.0,0.0,0.0
5.74,0.7478081841846871,-0.4520605335854502,0.03619304867147706,1.8937790919981694,-0.027947713104368797,0.7744353000785701,0.20850898379184787,0.0,0.0,0.03130722331738311,0.0,0.0,0.0,0.0
5.75,0.7478081841846871,-0.4520605335854502,0.03650854346877842,1.8937790919981694,-0.027947713104368797,0.7744353000785701,0.20850898379184787,0.0,0.0,0.03179059324082239,0.0,0.0,0.0,0.0
5.76,0.7478081841846871,-0.4520605335854502,0.03682883734246464,1.8937790919981694,-0.027947713104368797,0.7744353000785701,0.20850898379184787,0.0,0.0,0.03226700506960028,0.0,0.0,0.0,0.0
5.77,0.7478081841846871,-0.4520605335854502,0.03715385970858747,1.8937790919981694,-0.027947713104368797,0.7744353000785701,0.20850898379184787,0.0,0.0,0.032736258480238326,0.0,0.0,0.0,0.0
5.78,0.7478081841846871,-0.4520605335854502,0.03748353798840687,1.8937790919981694,-0.027947713104368797,0.7744353000785701,0.20850898379184787,0.0,0.0,0.0331981548515982,0.0,0.0,0.0,0.0
5.79,0.7478081841846871,-0.4520605335854502,0.03781779762582596,1.8937790919981694,-0.027947713104368797,0.7744353000785701,0.20850898379184787,0.0,0.0,0.03365249734712576,0.0,0.0,0.0,0.0
5.8,0.7478081841846871,-0.4520605335854502,0.03815656210564625,1.8937790919981694,-0.027947713104368797,0.7744353000785701,0.20850898379184787,0.0,0.0,0.03409909099663715,0.0,0.0,0.0,0.0
5.81,0.7478081841846871,-0.4520605335854502,0.03849975297263817,1.8937790919981694,-0.027947713104368797,0.7744353000785701,0.20850898379184787,0.0,0.0,0.03453774277761215,0.0,0.0,0.0,0.0
5.82,0.7478081841846871,-0.4520605335854502,0.03884728985142212,1.8937790919981694,-0.027947713104368797,0.7744353000785701,0.20850898379184787,0.0,0.0,0.034968261695960866,0.0,0.0,0.0,0.0
5.83,0.7478081841846871,-0.4520605335854502,0.03919909046715399,1.8937790919981694,-0.027947713104368797,0.7744353000785701,0.20850898379184787,0.0,0.0,0.035390458866229144,0.0,0.0,0.0,0.0
5.84,0.7478081841846871,-0.4520605335854502,0.039555070667010465,1.8937790919981694,-0.027947713104368797,0.7744353000785701,0.20850898379184787,0.0,0.0,0.0358041475912097,0.0,0.0,0.0,0.0
5.85,0.7478081841846871,-0.4520605335854502,0.03991514444246666,1.8937790919981694,-0.027947713104368797,0.7744353000785701,0.20850898379184787,0.0,0.0,0.03620914344092404,0.0,0.0,0.0,0.0
5.86,0.7478081841846871,-0.4520605335854502,0.04027922395236072,1.8937790919981694,-0.027947713104368797,0.7744353000785701,0.20850898379184787,0.0,0.0,0.03660526433094235,0.0,0.0,0.0,0.0
5.87,0.7478081841846871,-0.4520605335854502,0.04064721954673789,1.8937790919981694,-0.027947713104368797,0.7744353000785701,0.20850898379184787,0.0,0.0,0.036992330600007846,0.0,0.0,0.0,0.0
5.88,0.7478081841846871,-0.4520605335854502,0.04101903979146748,1.8937790919981694,-0.027947713104368797,0.7744353000785701,0.20850898379184787,0.0,0.0,0.03737016508693251,0.0,0.0,0.0,0.0
5.89,0.7478081841846871,-0.4520605335854502,0.0413945914936248,1.8937790919981694,-0.027947713104368797,0.7744353000785701,0.20850898379184787,0.0,0.0,0.03773859320673092,0.0,0.0,0.0,0.0
5.9,0.7478081841846871,-0.4520605335854502,0.04177377972763065,1.8937790919981694,-0.027947713104368797,0.7744353000785701,0.20850898379184787,0.0,0.0,0.038097443025960416,0.0,0.0,0.0,0.0
5.91,0.7478081841846871,-0.4520605335854502,0.042156507862139744,1.8937790919981694,-0.027947713104368797,0.7744353000785701,0.20850898379184787,0.0,0.0,0.038446545337233795,0.0,0.0,0.0,0.0
5.92,0.7478081841846871,-0.4520605335854502,0.042542677587670684,1.8937790919981694,-0.027947713104368797,0.7744353000785701,0.20850898379184787,0.0,0.0,0.038785733732874424,0.0,0.0,0.0,0.0
5.93,0.7478081841846871,-0.4520605335854502,0.04293218894496729,1.8937790919981694,-0.027947713104368797,0.7744353000785701,0.20850898379184787,0.0,0.0,0.03911484467767992,0.0,0.0,0.0,0.0
5.94,0.7478081841846871,-0.4520605335854502,0.043324940354083526,1.8937790919981694,-0.027947713104368797,0.7744353000785701,0.20850898379184787,0.0,0.0,0.03943371758076459,0.0,0.0,0.0,0.0
5.95,0.7478081841846871,-0.4520605335854502,0.04372082864418179,1.8937790919981694,-0.027947713104368797,0.7744353000785701,0.20850898379184787,0.0,0.0,0.03974219486644822,0.0,0.0,0.0,0.0
5.96,0.7478081841846871,-0.4520605335854502,0.04411974908403546,1.8937790919981694,-0.027947713104368797,0.7744353000785701,0.20850898379184787,0.0,0.0,0.04004012204416154,0.0,0.0,0.0,0.0
5.97,0.7478081841846871,-0.4520605335854502,0.0445215954132252,1.8937790919981694,-0.027947713104368797,0.7744353000785701,0.20850898379184787,0.0,0.0,0.040327347777336806,0.0,0.0,0.0,0.0
5.98,0.7478081841846871,-0.4520605335854502,0.04492625987401927,1.8937790919981694,-0.027947713104368797,0.7744353000785701,0.20850898379184787,0.0,0.0,0.04060372395125428,0.0,0.0,0.0,0.0
5.99,0.7478081841846871,-0.4520605335854502,0.045333633243926405,1.8937790919981694,-0.027947713104368797,0.7744353000785701,0.20850898379184787,0.0,0.0,0.04086910573981421,0.0,0.0,0.0,0.0
6.0,0.7478081841846871,-0.4520605335854502,0.04574360486891175,1.8937790919981694,-0.027947713104368797,0.7744353000785701,0.20850898379184787,0.0,0.0,0.04112335167120565,0.0,0.0,0.0,0.0
6.01,0.7478081841846871,-0.4520605335854502,0.04615606269726307,1.8937790919981694,-0.027947713104368797,0.7744353000785701,0.20850898379184787,0.0,0.0,0.0413663236924425,0.0,0.0,0.0,0.0
6.02,0.7478081841846871,-0.4520605335854502,0.04657089331409693,1.8937790919981694,-0.027947713104368797,0.7744353000785701,0.20850898379184787,0.0,0.0,0.04159788723273868,0.0,0.0,0.0,0.0
6.03,0.7478081841846871,-0.4520605335854502,0.04698798197649278,1.8937790919981694,-0.027947713104368797,0.7744353000785701,0.20850898379184787,0.0,0.0,0.04181791126569451,0.0,0.0,0.0,0.0
6.04,0.7478081841846871,-0.4520605335854502,0.04740721264924231,1.8937790919981694,-0.027947713104368797,0.7744353000785701,0.20850898379184787,0.0,0.0,0.04202626837026577,0.0,0.0,0.0,0.0
6.05,0.7478081841846871,-0.4520605335854502,0.047828468041203165,1.8937790919981694,-0.027947713104368797,0.7744353000785701,0.20850898379184787,0.0,0.0,0.04222283479048969,0.0,0.0,0.0,0.0
6.06,0.7478081841846871,-0.4520605335854502,0.048251629642242756,1.8937790919981694,-0.027947713104368797,0.7744353000785701,0.20850898379184787,0.0,0.0,0.04240749049393956,0.0,0.0,0.0,0.0
6.07,0.7478081841846871,-0.4520605335854502,0.04867657776076066,1.8937790919981694,-0.027947713104368797,0.7744353000785701,0.20850898379184787,0.0,0.0,0.042580119228883107,0.0,0.0,0.0,0.0
6.08,0.7478081841846871,-0.4520605335854502,0.04910319156177572,1.8937790919981694,-0.027947713104368797,0.7744353000785701,0.20850898379184787,0.0,0.0,0.04274060858011763,0.0,0.0,0.0,0.0
6.09,0.7478081841846871,-0.4520605335854502,0.0495313491055651,1.8937790919981694,-0.027947713104368797,0.7744353000785701,0.20850898379184787,0.0,0.0,0.04288885002345779,0.0,0.0,0.0,0.0
6.1,0.7478081841846871,-0.4520605335854502,0.04996092738684102,1.8937790919981694,-0.027947713104368797,0.7744353000785701,0.20850898379184787,0.0,0.0,0.04302473897885039,0.0,0.0,0.0,0.0
6.11,0.7478081841846871,-0.4520605335854502,0.05039180237445204,1.8937790919981694,-0.027947713104368797,0.7744353000785701,0.20850898379184787,0.0,0.0,0.04314817486209251,0.0,0.0,0.0,0.0
6.12,0.7478081841846871,-0.4520605335854502,0.05082384905159385,1.8937790919981694,-0.027947713104368797,0.7744353000785701,0.20850898379184787,0.0,0.0,0.04325906113512877,0.0,0.0,0.0,0.0
6.13,0.7478081841846871,-0.4520605335854502,0.05125694145651676,1.8937790919981694,-0.027947713104368797,0.7744353000785701,0.20850898379184787,0.0,0.0,0.04335730535490524,0.0,0.0,0.0,0.0
6.14,0.7478081841846871,-0.4520605335854502,0.05169095272371348,1.8937790919981694,-0.027947713104368797,0.7744353000785701,0.20850898379184787,0.0,0.0,0.04344281922075668,0.0,0.0,0.0,0.0
6.15,0.7478081841846871,-0.4520605335854502,0.05212575512557392,1.8937790919981694,-0.027947713104368797,0.7744353000785701,0.20850898379184787,0.0,0.0,0.04351551862030561,0.0,0.0,0.0,0.0
6.16,0.7478081841846871,-0.4520605335854502,0.05256122011449119,1.8937790919981694,-0.027947713104368797,0.7744353000785701,0.20850898379184787,0.0,0.0,0.04357532367385145,0.0,0.0,0.0,0.0
6.17,0.7478081841846871,-0.4520605335854502,0.05299721836540405,1.8937790919981694,-0.027947713104368797,0.7744353000785701,0.20850898379184787,0.0,0.0,0.04362215877722901,0.0,0.0,0.0,0.0
6.18,0.7478081841846871,-0.4520605335854502,0.05343361981876002,1.8937790919981694,-0.027947713104368797,0.7744353000785701,0.20850898379184787,0.0,0.0,0.04365595264311587,0.0,0.0,0.0,0.0
6.19,0.7478081841846871,-0.4520605335854502,0.05387029372388395,1.8937790919981694,-0.027947713104368797,0.7744353000785701,0.20850898379184787,0.0,0.0,0.04367663834076922,0.0,0.0,0.0,0.0
6.2,0.7478081841846871,-0.4520605335854502,0.05430710868273554,1.8937790919981694,-0.027947713104368797,0.7744353000785701,0.20850898379184787,0.0,0.0,0.04368415333417278,0.0,0.0,0.0,0.0
6.21,0.7478081841846871,-0.4520605335854502,0.05474393269404111,1.8937790919981694,-0.027947713104368797,0.7744353000785701,0.20850898379184787,0.0,0.0,0.043678439518575626,0.0,0.0,0.0,0.0
6.22,0.7478081841846871,-0.4520605335854502,0.05518063319778184,1.8937790919981694,-0.027947713104368797,0.7744353000785701,0.20850898379184787,0.0,0.0,0.04365944325540484,0.0,0.0,0.0,0.0
6.23,0.7478081841846871,-0.4520605335854502,0.05561707712002343,1.8937790919981694,-0.027947713104368797,0.7744353000785701,0.20850898379184787,0.0,0.0,0.043627115405535107,0.0,0.0,0.0,0.0
6.24,0.7478081841846871,-0.4520605335854502,0.05605313091806988,1.8937790919981694,-0.027947713104368797,0.7744353000785701,0.20850898379184787,0.0,0.0,0.04358141136089832,0.0,0.0,0.0,0.0
6.25,0.7478081841846871,-0.4520605335854502,0.05648866062592531,1.8937790919981694,-0.027947713104368797,0.7744353000785701,0.20850898379184787,0.0,0.0,0.043522291074417664,0.0,0.0,0.0,0.0
6.26,0.7478081841846871,-0.4520605335854502,0.056923531900046356,1.8937790919981694,-0.027947713104368797,0.7744353000785701,0.20850898379184787,0.0,0.0,0.04344971908825066,0.0,0.0,0.0,0.0
6.27,0.7478081841846871,-0.4520605335854502,0.05735761006536879,1.8937790919981694,-0.027947713104368797,0.7744353000785701,0.20850898379184787,0.0,0.0,0.0433636645603269,0.0,0.0,0.0,0.0
6.28,0.7478081841846871,-0.4520605335854502,0.057790760161590585,1.8937790919981694,-0.027947713104368797,0.7744353000785701,0.20850898379184787,0.0,0.0,0.04326410128916623,0.0,0.0,0.0,0.0
6.29,0.7478081841846871,-0.4520605335854502,0.05822284698969475,1.8937790919981694,-0.027947713104368797,0.7744353000785701,0.20850898379184787,0.0,0.0,0.04315100773696448,0.0,0.0,0.0,0.0
6.3,0.7478081841846871,-0.4520605335854502,0.05865373515869435,1.8937790919981694,-0.027947713104368797,0.7744353000785701,0.20850898379184787,0.0,0.0,0.04302436705093392,0.0,0.0,0.0,0.0
6.31,0.7478081841846871,-0.4520605335854502,0.05908328913258194,1.8937790919981694,-0.027947713104368797,0.7744353000785701,0.20850898379184787,0.0,0.0,0.04288416708288706,0.0,0.0,0.0,0.0
6.32,0.7478081841846871,-0.4520605335854502,0.0595113732774663,1.8937790919981694,-0.027947713104368797,0.7744353000785701,0.20850898379184787,0.0,0.0,0.04273040040705194,0.0,0.0,0.0,0.0
6.33,0.7478081841846871,-0.4520605335854502,0.059937851908877876,1.8937790919981694,-0.027947713104368797,0.7744353000785701,0.20850898379184787,0.0,0.0,0.04256306433610937,0.0,0.0,0.0,0.0
6.34,0.7478081841846871,-0.4520605335854502,0.06036258933922655,1.8937790919981694,-0.027947713104368797,0.7744353000785701,0.20850898379184787,0.0,0.0,0.042382160935441456,0.0,0.0,0.0,0.0
6.35,0.7478081841846871,-0.4520605335854502,0.06078544992539206,1.8937790919981694,-0.027947713104368797,0.7744353000785701,0.20850898379184787,0.0,0.0,0.04218769703558329,0.0,0.0,0.0,0.0
6.36,0.7478081841846871,-0.4520605335854502,0.0612062981164304,1.8937790919981694,-0.027947713104368797,0.7744353000785701,0.20850898379184787,0.0,0.0,0.04197968424286882,0.0,0.0,0.0,0.0
6.37,0.7478081841846871,-0.4520605335854502,0.0616249985013774,1.8937790919981694,-0.027947713104368797,0.7744353000785701,0.20850898379184787,0.0,0.0,0.041758138948263746,0.0,0.0,0.0,0.0
6.38,0.7478081841846871,-0.4520605335854502,0.06204141585713173,1.8937790919981694,-0.027947713104368797,0.7744353000785701,0.20850898379184787,0.0,0.0,0.0415230823343783,0.0,0.0,0.0,0.0
6.39,0.7478081841846871,-0.4520605335854502,0.06245541519639876,1.8937790919981694,-0.027947713104368797,0.7744353000785701,0.20850898379184787,0.0,0.0,0.0412745403806542,0.0,0.0,0.0,0.0
6.4,0.7478081841846871,-0.4520605335854502,0.06286686181567724,1.8937790919981694,-0.027947713104368797,0.7744353000785701,0.20850898379184787,0.0,0.0,0.041012543866719854,0.0,0.0,0.0,0.0
6.41,0.7478081841846871,-0.4520605335854502,0.06327562134327008,1.8937790919981694,-0.027947713104368797,0.7744353000785701,0.20850898379184787,0.0,0.0,0.04073712837390988,0.0,0.0,0.0,0.0
6.42,0.7478081841846871,-0.4520605335854502,0.06368155978730163,1.8937790919981694,-0.027947713104368797,0.7744353000785701,0.20850898379184787,0.0,0.0,0.040448334284944,0.0,0.0,0.0,0.0
6.43,0.7478081841846871,-0.4520605335854502,0.06408454358372208,1.8937790919981694,-0.027947713104368797,0.7744353000785701,0.20850898379184787,0.0,0.0,0.04014620678176356,0.0,0.0,0.0,0.0
6.44,0.7478081841846871,-0.4520605335854502,0.0644844396442812,1.8937790919981694,-0.027947713104368797,0.7744353000785701,0.20850898379184787,0.0,0.0,0.039830795841521785,0.0,0.0,0.0,0.0
6.45,0.7478081841846871,-0.4520605335854502,0.06488111540445271,1.8937790919981694,-0.027947713104368797,0.7744353000785701,0.20850898379184787,0.0,0.0,0.03950215623072729,0.0,0.0,0.0,0.0
6.46,0.7478081841846871,-0.4520605335854502,0.06527443887129084,1.8937790919981694,-0.027947713104368797,0.7744353000785701,0.20850898379184787,0.0,0.0,0.039160347497539015,0.0,0.0,0.0,0.0
6.47,0.7478081841846871,-0.4520605335854502,0.06566427867120067,1.8937790919981694,-0.027947713104368797,0.7744353000785701,0.20850898379184787,0.0,0.0,0.03880543396221326,0.0,0.0,0.0,0.0
6.48,0.7478081841846871,-0.4520605335854502,0.06605050409760366,1.8937790919981694,-0.027947713104368797,0.7744353000785701,0.20850898379184787,0.0,0.0,0.038437484705702414,0.0,0.0,0.0,0.0
6.49,0.7478081841846871,-0.4520605335854502,0.06643298515847962,1.8937790919981694,-0.027947713104368797,0.7744353000785701,0.20850898379184787,0.0,0.0,0.03805657355640797,0.0,0.0,0.0,0.0
6.5,0.7478081841846871,-0.4520605335854502,0.06681159262376775,1.8937790919981694,-0.027947713104368797,0.7744353000785701,0.20850898379184787,0.0,0.0,0.037662779075088304,0.0,0.0,0.0,0.0
6.51,0.7478081841846871,-0.4520605335854502,0.0671861980726067,1.8937790919981694,-0.027947713104368797,0.7744353000785701,0.20850898379184787,0.0,0.0,0.037256184537925646,0.0,0.0,0.0,0.0
6.52,0.7478081841846871,-0.4520605335854502,0.06755667394039663,1.8937790919981694,-0.027947713104368797,0.7744353000785701,0.20850898379184787,0.0,0.0,0.036836877917754814,0.0,0.0,0.0,0.0
6.53,0.7478081841846871,-0.4520605335854502,0.0679228935656643,1.8937790919981694,-0.027947713104368797,0.7744353000785701,0.20850898379184787,0.0,0.0,0.036404951863458074,0.0,0.0,0.0,0.0
6.54,0.7478081841846871,-0.4520605335854502,0.06828473123671264,1.8937790919981694,-0.027947713104368797,0.7744353000785701,0.20850898379184787,0.0,0.0,0.035960503677532084,0.0,0.0,0.0,0.0
6.55,0.7478081841846871,-0.4520605335854502,0.0686420622380375,1.8937790919981694,-0.027947713104368797,0.7744353000785701,0.20850898379184787,0.0,0.0,0.035503635291831245,0.0,0.0,0.0,0.0
6.56,0.7478081841846871,-0.4520605335854502,0.06899476289649208,1.8937790919981694,-0.027947713104368797,0.7744353000785701,0.20850898379184787,0.0,0.0,0.035034453241495636,0.0,0.0,0.0,0.0
6.57,0.7478081841846871,-0.4520605335854502,0.06934271062718202,1.8937790919981694,-0.027947713104368797,0.7744353000785701,0.20850898379184787,0.0,0.0,0.034553068637069626,0.0,0.0,0.0,0.0
6.58,0.7478081841846871,-0.4520605335854502,0.06968578397907246,1.8937790919981694,-0.027947713104368797,0.7744353000785701,0.20850898379184787,0.0,0.0,0.034059597134819944,0.0,0.0,0.0,0.0
6.59,0.7478081841846871,-0.4520605335854502,0.07002386268028948,1.8937790919981694,-0.027947713104368797,0.7744353000785701,0.20850898379184787,0.0,0.0,0.03355415890526147,0.0,0.0,0.0,0.0
6.6,0.7478081841846871,-0.4520605335854502,0.07035682768309764,1.8937790919981694,-0.027947713104368797,0.7744353000785701,0.20850898379184787,0.0,0.0,0.0330368785999008,0.0,0.0,0.0,0.0
6.61,0.7478081841846871,-0.4520605335854502,0.07068456120853646,1.8937790919981694,-0.027947713104368797,0.7744353000785701,0.20850898379184787,0.0,0.0,0.032507885316207234,0.0,0.0,0.0,0.0
6.62,0.7478081841846871,-0.4520605335854502,0.07100694679069719,1.8937790919981694,-0.027947713104368797,0.7744353000785701,0.20850898379184787,0.0,0.0,0.03196731256082319,0.0,0.0,0.0,0.0
6.63,0.7478081841846871,-0.4520605335854502,0.07132386932062368,1.8937790919981694,-0.027947713104368797,0.7744353000785701,0.20850898379184787,0.0,0.0,0.03141529821102403,0.0,0.0,0.0,0.0
6.64,0.7478081841846871,-0.4520605335854502,0.07163521508981854,1.8937790919981694,-0.027947713104368797,0.7744353000785701,0.20850898379184787,0.0,0.0,0.03085198447444186,0.0,0.0,0.0,0.0
6.65,0.7478081841846871,-0.4520605335854502,0.07194087183333824,1.8937790919981694,-0.027947713104368797,0.7744353000785701,0.20850898379184787,0.0,0.0,0.030277517847064624,0.0,0.0,0.0,0.0
6.66,0.7478081841846871,-0.4520605335854502,0.07224072877245938,1.8937790919981694,-0.027947713104368797,0.7744353000785701,0.20850898379184787,0.0,0.0,0.02969204906952568,0.0,0.0,0.0,0.0
6.67,0.7478081841846871,-0.4520605335854502,0.07253467665689975,1.8937790919981694,-0.027947713104368797,0.7744353000785701,0.20850898379184787,0.0,0.0,0.029095733081697307,0.0,0.0,0.0,0.0
6.68,0.7478081841846871,-0.4520605335854502,0.07282260780657647,1.8937790919981694,-0.027947713104368797,0.7744353000785701,0.20850898379184787,0.0,0.0,0.02848872897560445,0.0,0.0,0.0,0.0
6.69,0.7478081841846871,-0.4520605335854502,0.07310441615288536,1.8937790919981694,-0.027947713104368797,0.7744353000785701,0.20850898379184787,0.0,0.0,0.027871199946673815,0.0,0.0,0.0,0.0
6.7,0.7478081841846871,-0.4520605335854502,0.07337999727948402,1.8937790919981694,-0.027947713104368797,0.7744353000785701,0.20850898379184787,0.0,0.0,0.027243313243336016,0.0,0.0,0.0,0.0
6.71,0.7478081841846871,-0.4520605335854502,0.07364924846256343,1.8937790919981694,-0.027947713104368797,0.7744353000785701,0.20850898379184787,0.0,0.0,0.02660524011499638,0.0,0.0,0.0,0.0
6.72,0.7478081841846871,-0.4520605335854502,0.0739120687105906,1.8937790919981694,-0.027947713104368797,0.7744353000785701,0.20850898379184787,0.0,0.0,0.0259571557583946,0.0,0.0,0.0,0.0
6.73,0.7478081841846871,-0.4520605335854502,0.07416835880350711,1.8937790919981694,-0.027947713104368797,0.7744353000785701,0.20850898379184787,0.0,0.0,0.02529923926237016,0.0,0.0,0.0,0.0
6.74,0.7478081841846871,-0.4520605335854502,0.07441802133136736,1.8937790919981694,-0.027947713104368797,0.7744353000785701,0.20850898379184787,0.0,0.0,0.024631673551053997,0.0,0.0,0.0,0.0
6.75,0.7478081841846871,-0.4520605335854502,0.07466096073240104,1.8937790919981694,-0.027947713104368797,0.7744353000785701,0.20850898379184787,0.0,0.0,0.023954645325505584,0.0,0.0,0.0,0.0
6.76,0.7478081841846871,-0.4520605335854502,0.07489708333048413,1.8937790919981694,-0.027947713104368797,0.7744353000785701,0.20850898379184787,0.0,0.0,0.023268345003816714,0.0,0.0,0.0,0.0
6.77,0.7478081841846871,-0.4520605335854502,0.07512629737200341,1.8937790919981694,-0.027947713104368797,0.7744353000785701,0.20850898379184787,0.0,0.0,0.022572966659703278,0.0,0.0,0.0,0.0
6.78,0.7478081841846871,-0.4520605335854502,0.07534851306209953,1.8937790919981694,-0.027947713104368797,0.7744353000785701,0.20850898379184787,0.0,0.0,0.02186870795960634,0.0,0.0,0.0,0.0
6.79,0.7478081841846871,-0.4520605335854502,0.07556364260027353,1.8937790919981694,-0.027947713104368797,0.7744353000785701,0.20850898379184787,0.0,0.0,0.021155770098325987,0.0,0.0,0.0,0.0
6.8,0.7478081841846871,-0.4520605335854502,0.07577160021534265,1.8937790919981694,-0.027947713104368797,0.7744353000785701,0.20850898379184787,0.0,0.0,0.020434357733210107,0.0,0.0,0.0,0.0
6.81,0.7478081841846871,-0.4520605335854502,0.07597230219973082,1.8937790919981694,-0.027947713104368797,0.7744353000785701,0.20850898379184787,0.0,0.0,0.01970467891692296,0.0,0.0,0.0,0.0
6.82,0.7478081841846871,-0.4520605335854502,0.07616566694307986,1.8937790919981694,-0.027947713104368797,0.7744353000785701,0.20850898379184787,0.0,0.0,0.01896694502881679,0.0,0.0,0.0,0.0
6.83,0.7478081841846871,-0.4520605335854502,0.07635161496516729,1.8937790919981694,-0.027947713104368797,0.7744353000785701,0.20850898379184787,0.0,0.0,0.01822137070493307,0.0,0.0,0.0,0.0
6.84,0.7478081841846871,-0.4520605335854502,0.07653006894811798,1.8937790919981694,-0.027947713104368797,0.7744353000785701,0.20850898379184787,0.0,0.0,0.017468173766656325,0.0,0.0,0.0,0.0
6.85,0.7478081841846871,-0.4520605335854502,0.076700953767895,1.8937790919981694,-0.027947713104368797,0.7744353000785701,0.20850898379184787,0.0,0.0,0.01670757514804979,0.0,0.0,0.0,0.0
6.86,0.7478081841846871,-0.4520605335854502,0.07686419652505787,1.8937790919981694,-0.027947713104368797,0.7744353000785701,0.20850898379184787,0.0,0.0,0.015939798821896996,0.0,0.0,0.0,0.0
6.87,0.7478081841846871,-0.4520605335854502,0.0770197265747746,1.8937790919981694,-0.027947713104368797,0.7744353000785701,0.20850898379184787,0.0,0.0,0.015165071724478119,0.0,0.0,0.0,0.0
6.88,0.7478081841846871,-0.4520605335854502,0.07716747555607542,1.8937790919981694,-0.027947713104368797,0.7744353000785701,0.20850898379184787,0.0,0.0,0.014383623679107707,0.0,0.0,0.0,0.0
6.89,0.7478081841846871,-0.4520605335854502,0.07730737742033576,1.8937790919981694,-0.027947713104368797,0.7744353000785701,0.20850898379184787,0.0,0.0,0.013595687318463142,0.0,0.0,0.0,0.0
6.9,0.7478081841846871,-0.4520605335854502,0.07743936845897656,1.8937790919981694,-0.027947713104368797,0.7744353000785701,0.20850898379184787,0.0,0.0,0.012801498005731535,0.0,0.0,0.0,0.0
6.91,0.7478081841846871,-0.4520605335854502,0.07756338733037024,1.8937790919981694,-0.027947713104368797,0.7744353000785701,0.20850898379184787,0.0,0.0,0.01200129375460598,0.0,0.0,0.0,0.0
6.92,0.7478081841846871,-0.4520605335854502,0.07767937508594124,1.8937790919981694,-0.027947713104368797,0.7744353000785701,0.20850898379184787,0.0,0.0,0.011195315148158276,0.0,0.0,0.0,0.0
6.93,0.7478081841846871,-0.4520605335854502,0.07778727519544934,1.8937790919981694,-0.027947713104368797,0.7744353000785701,0.20850898379184787,0.0,0.0,0.010383805256621676,0.0,0.0,0.0,0.0
6.94,0.7478081841846871,-0.4520605335854502,0.07788703357144601,1.8937790919981694,-0.027947713104368797,0.7744353000785701,0.20850898379184787,0.0,0.0,0.009567009554111699,0.0,0.0,0.0,0.0
6.95,0.7478081841846871,-0.4520605335854502,0.07797859859289237,1.8937790919981694,-0.027947713104368797,0.7744353000785701,0.20850898379184787,0.0,0.0,0.008745175834317885,0.0,0.0,0.0,0.0
6.96,0.7478081841846871,-0.4520605335854502,0.07806192112792928,1.8937790919981694,-0.027947713104368797,0.7744353000785701,0.20850898379184787,0.0,0.0,0.007918554125196951,0.0,0.0,0.0,0.0
6.97,0.7478081841846871,-0.4520605335854502,0.0781369545557894,1.8937790919981694,-0.027947713104368797,0.7744353000785701,0.20850898379184787,0.0,0.0,0.00708739660270055,0.0,0.0,0.0,0.0
6.98,0.7478081841846871,-0.4520605335854502,0.07820365478784197,1.8937790919981694,-0.027947713104368797,0.7744353000785701,0.20850898379184787,0.0,0.0,0.006251957503568959,0.0,0.0,0.0,0.0
6.99,0.7478081841846871,-0.4520605335854502,0.07826198028776075,1.8937790919981694,-0.027947713104368797,0.7744353000785701,0.20850898379184787,0.0,0.0,0.005412493037225277,0.0,0.0,0.0,0.0
7.0,0.7478081841846871,-0.4520605335854502,0.07831189209080687,1.8937790919981694,-0.027947713104368797,0.7744353000785701,0.20850898379184787,0.0,0.0,0.004569261296800643,0.0,0.0,0.0,0.0
7.01,0.7478081841846871,-0.4520605335854502,0.07835335382221734,1.8937790919981694,-0.027947713104368797,0.7744353000785701,0.20850898379184787,0.0,0.0,0.0037225221693275557,0.0,0.0,0.0,0.0
7.02,0.7478081841846871,-0.4520605335854502,0.07838633171469189,1.8937790919981694,-0.027947713104368797,0.7744353000785701,0.20850898379184787,0.0,0.0,0.0028725372451325875,0.0,0.0,0.0,0.0
7.03,0.7478081841846871,-0.4520605335854502,0.07841079462496954,1.8937790919981694,-0.027947713104368797,0.7744353000785701,0.20850898379184787,0.0,0.0,0.0020195697264639777,0.0,0.0,0.0,0.0
7.04,0.7478081841846871,-0.4520605335854502,0.07842671404948792,1.8937790919981694,-0.027947713104368797,0.7744353000785701,0.20850898379184787,0.0,0.0,0.0011638843353896612,0.0,0.0,0.0,0.0
7.05,0.7478081841846871,-0.4520605335854502,0.0784340641391181,1.8937790919981694,-0.027947713104368797,0.7744353000785701,0.20850898379184787,0.0,0.0,0.0003057472209981854,0.0,0.0,0.0,0.0
7.06,0.7478081841846871,-0.4520605335854502,0.07843282171296795,1.8937790919981694,-0.027947713104368797,0.7744353000785701,0.20850898379184787,-0.0,-0.0,-0.0005545741340587375,-0.0,-0.0,-0.0,-0.0
7.07,0.7478081841846871,-0.4520605335854502,0.07842296627124792,1.8937790919981694,-0.027947713104368797,0.7744353000785701,0.20850898379184787,-0.0,-0.0,-0.0014168110076491925,-0.0,-0.0,-0.0,-0.0
7.08,0.7478081841846871,-0.4520605335854502,0.07840448000719302,1.8937790919981694,-0.027947713104368797,0.7744353000785701,0.20850898379184787,-0.0,-0.0,-0.002280693532831937,-0.0,-0.0,-0.0,-0.0
7.09,0.7478081841846871,-0.4520605335854502,0.07837734781803508,1.8937790919981694,-0.027947713104368797,0.7744353000785701,0.20850898379184787,-0.0,-0.0,-0.0031459507930800784,-0.0,-0.0,-0.0,-0.0
7.1,0.7478081841846871,-0.4520605335854502,0.07834155731502049,1.8937790919981694,-0.027947713104368797,0.7744353000785701,0.20850898379184787,-0.0,-0.0,-0.0040123109180201216,-0.0,-0.0,-0.0,-0.0
7.11,0.7478081841846871,-0.4520605335854502,0.07829709883246783,1.8937790919981694,-0.027947713104368797,0.7744353000785701,0.20850898379184787,-0.0,-0.0,-0.004879501179650658,-0.0,-0.0,-0.0,-0.0
7.12,0.7478081841846871,-0.4520605335854502,0.07824396543586129,1.8937790919981694,-0.027947713104368797,0.7744353000785701,0.20850898379184787,-0.0,-0.0,-0.0057472480890026,-0.0,-0.0,-0.0,-0.0
7.13,0.7478081841846871,-0.4520605335854502,0.07818215292897533,1.8937790919981694,-0.027947713104368797,0.7744353000785701,0.20850898379184787,-0.0,-0.0,-0.0066152774932052676,-0.0,-0.0,-0.0,-0.0
7.14,0.7478081841846871,-0.4520605335854502,0.07811165986002674,1.8937790919981694,-0.027947713104368797,0.7744353000785701,0.20850898379184787,-0.0,-0.0,-0.007483314672920208,-0.0,-0.0,-0.0,-0.0
7.15,0.7478081841846871,-0.4520605335854502,0.07803248752685082,1.8937790919981694,-0.027947713104368797,0.7744353000785701,0.20850898379184787,-0.0,-0.0,-0.008351084440105084,-0.0,-0.0,-0.0,-0.0
7.16,0.7478081841846871,-0.4520605335854502,0.07794463998109843,1.8937790919981694,-0.027947713104368797,0.7744353000785701,0.20850898379184787,-0.0,-0.0,-0.009218311236069681,-0.0,-0.0,-0.0,-0.0
7.17,0.7478081841846871,-0.4520605335854502,0.07784812403145094,1.8937790919981694,-0.027947713104368797,0.7744353000785701,0.20850898379184787,-0.0,-0.0,-0.010084719229788664,-0.0,-0.0,-0.0,-0.0
7.18,0.7478081841846871,-0.4520605335854502,0.07774294924585123,1.8937790919981694,-0.027947713104368797,0.7744353000785701,0.20850898379184787,-0.0,-0.0,-0.01095003241642946,-0.0,-0.0,-0.0,-0.0
7.19,0.7478081841846871,-0.4520605335854502,0.07762912795274836,1.8937790919981694,-0.027947713104368797,0.7744353000785701,0.20850898379184787,-0.0,-0.0,-0.011813974716059642,-0.0,-0.0,-0.0,-0.0
7.2,0.7478081841846871,-0.4520605335854502,0.07750667524135432,1.8937790919981694,-0.027947713104368797,0.7744353000785701,0.20850898379184787,-0.0,-0.0,-0.012676270072495402,-0.0,-0.0,-0.0,-0.0
7.21,0.7478081841846871,-0.4520605335854502,0.07737560896091202,1.8937790919981694,-0.027947713104368797,0.7744353000785701,0.20850898379184787,-0.0,-0.0,-0.013536642552252728,-0.0,-0.0,-0.0,-0.0
7.22,0.7478081841846871,-0.4520605335854502,0.07723594971897307,1.8937790919981694,-0.027947713104368797,0.7744353000785701,0.20850898379184787,-0.0,-0.0,-0.014394816443561755,-0.0,-0.0,-0.0,-0.0
7.23,0.7478081841846871,-0.4520605335854502,0.07708772087868562,1.8937790919981694,-0.027947713104368797,0.7744353000785701,0.20850898379184787,-0.0,-0.0,-0.015250516355408635,-0.0,-0.0,-0.0,-0.0
7.24,0.7478081841846871,-0.4520605335854502,0.07693094855509153,1.8937790919981694,-0.027947713104368797,0.7744353000785701,0.20850898379184787,-0.0,-0.0,-0.01610346731656326,-0.0,-0.0,-0.0,-0.0
7.25,0.7478081841846871,-0.4520605335854502,0.07676566161043352,1.8937790919981694,-0.027947713104368797,0.7744353000785701,0.20850898379184787,-0.0,-0.0,-0.016953394874557687,-0.0,-0.0,-0.0,-0.0
7.26,0.7478081841846871,-0.4520605335854502,0.07659189164847324,1.8937790919981694,-0.027947713104368797,0.7744353000785701,0.20850898379184787,-0.0,-0.0,-0.017800025194573715,-0.0,-0.0,-0.0,-0.0
7.27,0.7478081841846871,-0.4520605335854502,0.07640967300782059,1.8937790919981694,-0.027947713104368797,0.7744353000785701,0.20850898379184787,-0.0,-0.0,-0.018643085158204155,-0.0,-0.0,-0.0,-0.0
7.28,0.7478081841846871,-0.4520605335854502,0.07621904275427659,1.8937790919981694,-0.027947713104368797,0.7744353000785701,0.20850898379184787,-0.0,-0.0,-0.019482302462047154,-0.0,-0.0,-0.0,-0.0
7.29,0.7478081841846871,-0.4520605335854502,0.07602004067219134,1.8937790919981694,-0.027947713104368797,0.7744353000785701,0.20850898379184787,-0.0,-0.0,-0.02031740571609552,-0.0,-0.0,-0.0,-0.0
7.3,0.7478081841846871,-0.4520605335854502,0.07581270925483884,1.8937790919981694,-0.027947713104368797,0.7744353000785701,0.20850898379184787,-0.0,-0.0,-0.02114812454188523,-0.0,-0.0,-0.0,-0.0
7.31,0.7478081841846871,-0.4520605335854502,0.07559709369381212,1.8937790919981694,-0.027947713104368797,0.7744353000785701,0.20850898379184787,-0.0,-0.0,-0.021974189670360997,-0.0,-0.0,-0.0,-0.0
7.32,0.7478081841846871,-0.4520605335854502,0.07537324186744121,1.8937790919981694,-0.027947713104368797,0.7744353000785701,0.20850898379184787,-0.0,-0.0,-0.02279533303942346,-0.0,-0.0,-0.0,-0.0
7.33,0.7478081841846871,-0.4520605335854502,0.0751412043282372,1.8937790919981694,-0.027947713104368797,0.7744353000785701,0.20850898379184787,-0.0,-0.0,-0.023611287891119343,-0.0,-0.0,-0.0,-0.0
7.34,0.7478081841846871,-0.4520605335854502,0.07490103428936647,1.8937790919981694,-0.027947713104368797,0.7744353000785701,0.20850898379184787,-0.0,-0.0,-0.024421788868436847,-0.0,-0.0,-0.0,-0.0
7.35,0.7478081841846871,-0.4520605335854502,0.07465278761015913,1.8937790919981694,-0.027947713104368797,0.7744353000785701,0.20850898379184787,-0.0,-0.0,-0.025226572111667116,-0.0,-0.0,-0.0,-0.0
7.36,0.7478081841846871,-0.4520605335854502,0.07439652278065609,1.8937790919981694,-0.027947713104368797,0.7744353000785701,0.20850898379184787,-0.0,-0.0,-0.026025375354296665,-0.0,-0.0,-0.0,-0.0
7.37,0.7478081841846871,-0.4520605335854502,0.07413230090519982,1.8937790919981694,-0.027947713104368797,0.7744353000785701,0.20850898379184787,-0.0,-0.0,-0.02681793801839049,-0.0,-0.0,-0.0,-0.0
7.38,0.7478081841846871,-0.4520605335854502,0.07386018568507377,1.8937790919981694,-0.027947713104368797,0.7744353000785701,0.20850898379184787,-0.0,-0.0,-0.027604001309431296,-0.0,-0.0,-0.0,-0.0
7.39,0.7478081841846871,-0.4520605335854502,0.07358024340019656,1.8937790919981694,-0.027947713104368797,0.7744353000785701,0.20850898379184787,-0.0,-0.0,-0.028383308310574975,-0.0,-0.0,-0.0,-0.0
7.4,0.7478081841846871,-0.4520605335854502,0.07329254288987641,1.8937790919981694,-0.027947713104368797,0.7744353000785701,0.20850898379184787,-0.0,-0.0,-0.029155604076288394,-0.0,-0.0,-0.0,-0.0
7.41,0.7478081841846871,-0.4520605335854502,0.07299715553263263,1.8937790919981694,-0.027947713104368797,0.7744353000785701,0.20850898379184787,-0.0,-0.0,-0.0299206357253299,-0.0,-0.0,-0.0,-0.0
7.42,0.7478081841846871,-0.4520605335854502,0.07269415522509073,1.8937790919981694,-0.027947713104368797,0.7744353000785701,0.20850898379184787,-0.0,-0.0,-0.03067815253303856,-0.0,-0.0,-0.0,-0.0
7.43,0.7478081841846871,-0.4520605335854502,0.07238361835995796,1.8937790919981694,-0.027947713104368797,0.7744353000785701,0.20850898379184787,-0.0,-0.0,-0.03142790602289461,-0.0,-0.0,-0.0,-0.0
7.44,0.7478081841846871,-0.4520605335854502,0.07206562380308748,1.8937790919981694,-0.027947713104368797,0.7744353000785701,0.20850898379184787,-0.0,-0.0,-0.032169650057315625,-0.0,-0.0,-0.0,-0.0
7.45,0.7478081841846871,-0.4520605335854502,0.07174025286963838,1.8937790919981694,-0.027947713104368797,0.7744353000785701,0.20850898379184787,-0.0,-0.0,-0.032903140927651994,-0.0,-0.0,-0.0,-0.0
7.46,0.7478081841846871,-0.4520605335854502,0.07140758929933955,1.8937790919981694,-0.027947713104368797,0.7744353000785701,0.20850898379184787,-0.0,-0.0,-0.03362813744334887,-0.0,-0.0,-0.0,-0.0
7.47,0.7478081841846871,-0.4520605335854502,0.07106771923086676,1.8937790919981694,-0.027947713104368797,0.7744353000785701,0.20850898379184787,-0.0,-0.0,-0.03434440102023618,-0.0,-0.0,-0.0,-0.0
7.48,0.7478081841846871,-0.4520605335854502,0.07072073117534108,1.8937790919981694,-0.027947713104368797,0.7744353000785701,0.20850898379184787,-0.0,-0.0,-0.03505169576791434,-0.0,-0.0,-0.0,-0.0
7.49,0.7478081841846871,-0.4520605335854502,0.0703667159889582,1.8937790919981694,-0.027947713104368797,0.7744353000785701,0.20850898379184787,-0.0,-0.0,-0.03574978857620087,-0.0,-0.0,-0.0,-0.0
7.5,0.7478081841846871,-0.4520605335854502,0.07000576684475787,1.8937790919981694,-0.027947713104368797,0.7744353000785701,0.20850898379184787,-0.0,-0.0,-0.03643844920060373,-0.0,-0.0,-0.0,-0.0
7.51,0.7478081841846871,-0.4520605335854502,0.06963797920354393,1.8937790919981694,-0.027947713104368797,0.7744353000785701,0.20850898379184787,-0.0,-0.0,-0.03711745034678774,-0.0,-0.0,-0.0,-0.0
7.52,0.7478081841846871,-0.4520605335854502,0.06926345078396491,1.8937790919981694,-0.027947713104368797,0.7744353000785701,0.20850898379184787,-0.0,-0.0,-0.03778656775400071,-0.0,-0.0,-0.0,-0.0
7.53,0.7478081841846871,-0.4520605335854502,0.06888228153176515,1.8937790919981694,-0.027947713104368797,0.7744353000785701,0.20850898379184787,-0.0,-0.0,-0.038445580277427484,-0.0,-0.0,-0.0,-0.0
7.54,0.7478081841846871,-0.4520605335854502,0.06849457358821855,1.8937790919981694,-0.027947713104368797,0.7744353000785701,0.20850898379184787,-0.0,-0.0,-0.03909426996943776,-0.0,-0.0,-0.0,-0.0
7.55,0.7478081841846871,-0.4520605335854502,0.06810043125775517,1.8937790919981694,-0.027947713104368797,0.7744353000785701,0.20850898379184787,-0.0,-0.0,-0.03973242215969745,-0.0,-0.0,-0.0,-0.0
7.56,0.7478081841846871,-0.4520605335854502,0.06769996097479236,1.8937790919981694,-0.027947713104368797,0.7744353000785701,0.20850898379184787,-0.0,-0.0,-0.040359825534110993,-0.0,-0.0,-0.0,-0.0
7.57,0.7478081841846871,-0.4520605335854502,0.06729327126978282,1.8937790919981694,-0.027947713104368797,0.7744353000785701,0.20850898379184787,-0.0,-0.0,-0.04097627221256379,-0.0,-0.0,-0.0,-0.0
7.58,0.7478081841846871,-0.4520605335854502,0.06688047273449142,1.8937790919981694,-0.027947713104368797,0.7744353000785701,0.20850898379184787,-0.0,-0.0,-0.04158155782543364,-0.0,-0.0,-0.0,-0.0
7.59,0.7478081841846871,-0.4520605335854502,0.0664616779865124,1.8937790919981694,-0.027947713104368797,0.7744353000785701,0.20850898379184787,-0.0,-0.0,-0.04217548158884275,-0.0,-0.0,-0.0,-0.0
7.6,0.7478081841846871,-0.4520605335854502,0.06603700163304141,1.8937790919981694,-0.027947713104368797,0.7744353000785701,0.20850898379184787,-0.0,-0.0,-0.042757846378618285,-0.0,-0.0,-0.0,-0.0
7.61,0.7478081841846871,-0.4520605335854502,0.06560656023391417,1.8937790919981694,-0.027947713104368797,0.7744353000785701,0.20850898379184787,-0.0,-0.0,-0.04332845880293368,-0.0,-0.0,-0.0,-0.0
7.62,0.7478081841846871,-0.4520605335854502,0.0651704722639253,1.8937790919981694,-0.027947713104368797,0.7744353000785701,0.20850898379184787,-0.0,-0.0,-0.043887129273602145,-0.0,-0.0,-0.0,-0.0
7.63,0.7478081841846871,-0.4520605335854502,0.06472885807444108,1.8937790919981694,-0.027947713104368797,0.7744353000785701,0.20850898379184787,-0.0,-0.0,-0.04443367207599393,-0.0,-0.0,-0.0,-0.0
7.64,0.7478081841846871,-0.4520605335854502,0.06428183985432037,1.8937790919981694,-0.027947713104368797,0.7744353000785701,0.20850898379184787,-0.0,-0.0,-0.044967905437549006,-0.0,-0.0,-0.0,-0.0
7.65,0.7478081841846871,-0.4520605335854502,0.06382954159015702,1.8937790919981694,-0.027947713104368797,0.7744353000785701,0.20850898379184787,-0.0,-0.0,-0.045489651594859924,-0.0,-0.0,-0.0,-0.0
7.66,0.7478081841846871,-0.4520605335854502,0.06337208902585934,1.8937790919981694,-0.027947713104368797,0.7744353000785701,0.20850898379184787,-0.0,-0.0,-0.04599873685929624,-0.0,-0.0,-0.0,-0.0
7.67,0.7478081841846871,-0.4520605335854502,0.06290960962157992,1.8937790919981694,-0.027947713104368797,0.7744353000785701,0.20850898379184787,-0.0,-0.0,-0.04649499168114661,-0.0,-0.0,-0.0,-0.0
7.68,0.7478081841846871,-0.4520605335854502,0.06244223251201254,1.8937790919981694,-0.027947713104368797,0.7744353000785701,0.20850898379184787,-0.0,-0.0,-0.04697825071225134,-0.0,-0.0,-0.0,-0.0
7.69,0.7478081841846871,-0.4520605335854502,0.06197008846406934,1.8937790919981694,-0.027947713104368797,0.7744353000785701,0.20850898379184787,-0.0,-0.0,-0.04744835286710241,-0.0,-0.0,-0.0,-0.0
7.7,0.7478081841846871,-0.4520605335854502,0.061493309833955706,1.8937790919981694,-0.027947713104368797,0.7744353000785701,0.20850898379184787,-0.0,-0.0,-0.04790514138238524,-0.0,-0.0,-0.0,-0.0
7.71,0.7478081841846871,-0.4520605335854502,0.06101203052365703,1.8937790919981694,-0.027947713104368797,0.7744353000785701,0.20850898379184787,-0.0,-0.0,-0.04834846387493984,-0.0,-0.0,-0.0,-0.0
7.72,0.7478081841846871,-0.4520605335854502,0.06052638593685394,1.8937790919981694,-0.027947713104368797,0.7744353000785701,0.20850898379184787,-0.0,-0.0,-0.048778172398118075,-0.0,-0.0,-0.0,-0.0
7.73,0.7478081841846871,-0.4520605335854502,0.06003651293428218,1.8937790919981694,-0.027947713104368797,0.7744353000785701,0.20850898379184787,-0.0,-0.0,-0.04919412349651439,-0.0,-0.0,-0.0,-0.0
7.74,0.7478081841846871,-0.4520605335854502,0.059542549788553806,1.8937790919981694,-0.027947713104368797,0.7744353000785701,0.20850898379184787,-0.0,-0.0,-0.04959617825904839,-0.0,-0.0,-0.0,-0.0
7.75,0.7478081841846871,-0.4520605335854502,0.059044636138454794,1.8937790919981694,-0.027947713104368797,0.7744353000785701,0.20850898379184787,-0.0,-0.0,-0.049984202370379566,-0.0,-0.0,-0.0,-0.0
7.76,0.7478081841846871,-0.4520605335854502,0.058542912942738,1.8937790919981694,-0.027947713104368797,0.7744353000785701,0.20850898379184787,-0.0,-0.0,-0.05035806616063173,-0.0,-0.0,-0.0,-0.0
7.77,0.7478081841846871,-0.4520605335854502,0.05803752243342708,1.8937790919981694,-0.027947713104368797,0.7744353000785701,0.20850898379184787,-0.0,-0.0,-0.0507176446534089,-0.0,-0.0,-0.0,-0.0
7.78,0.7478081841846871,-0.4520605335854502,0.05752860806864845,1.8937790919981694,-0.027947713104368797,0.7744353000785701,0.20850898379184787,-0.0,-0.0,-0.05106281761208369,-0.0,-0.0,-0.0,-0.0
7.79,0.7478081841846871,-0.4520605335854502,0.05701631448500985,1.8937790919981694,-0.027947713104368797,0.7744353000785701,0.20850898379184787,-0.0,-0.0,-0.05139346958433873,-0.0,-0.0,-0.0,-0.0
7.8,0.7478081841846871,-0.4520605335854502,0.05650078744954143,1.8937790919981694,-0.027947713104368797,0.7744353000785701,0.20850898379184787,-0.0,-0.0,-0.05170948994494504,-0.0,-0.0,-0.0,-0.0
7.81,0.7478081841846871,-0.4520605335854502,0.05598217381121887,1.8937790919981694,-0.027947713104368797,0.7744353000785701,0.20850898379184787,-0.0,-0.0,-0.05201077293675898,-0.0,-0.0,-0.0,-0.0
7.82,0.7478081841846871,-0.4520605335854502,0.055460621452084524,1.8937790919981694,-0.027947713104368797,0.7744353000785701,0.20850898379184787,-0.0,-0.0,-0.05229721770992263,-0.0,-0.0,-0.0,-0.0
7.83,0.7478081841846871,-0.4520605335854502,0.05493627923798653,1.8937790919981694,-0.027947713104368797,0.7744353000785701,0.20850898379184787,-0.0,-0.0,-0.052568728359251304,-0.0,-0.0,-0.0,-0.0
7.84,0.7478081841846871,-0.4520605335854502,0.05440929696895259,1.8937790919981694,-0.027947713104368797,0.7744353000785701,0.20850898379184787,-0.0,-0.0,-0.052825213959794004,-0.0,-0.0,-0.0,-0.0
7.85,0.7478081841846871,-0.4520605335854502,0.05387982532921734,1.8937790919981694,-0.027947713104368797,0.7744353000785701,0.20850898379184787,-0.0,-0.0,-0.05306658860055238,-0.0,-0.0,-0.0,-0.0
7.86,0.7478081841846871,-0.4520605335854502,0.053348015836922044,1.8937790919981694,-0.027947713104368797,0.7744353000785701,0.20850898379184787,-0.0,-0.0,-0.05329277141634477,-0.0,-0.0,-0.0,-0.0
7.87,0.7478081841846871,-0.4520605335854502,0.0528140207935053,1.8937790919981694,-0.027947713104368797,0.7744353000785701,0.20850898379184787,-0.0,-0.0,-0.0535036866178029,-0.0,-0.0,-0.0,-0.0
7.88,0.7478081841846871,-0.4520605335854502,0.052277993232802,1.8937790919981694,-0.027947713104368797,0.7744353000785701,0.20850898379184787,-0.0,-0.0,-0.05369926351948952,-0.0,-0.0,-0.0,-0.0
7.89,0.7478081841846871,-0.4520605335854502,0.05174008686987176,1.8937790919981694,-0.027947713104368797,0.7744353000785701,0.20850898379184787,-0.0,-0.0,-0.05387943656612531,-0.0,-0.0,-0.0,-0.0
7.9,0.7478081841846871,-0.4520605335854502,0.05120045604957416,1.8937790919981694,-0.027947713104368797,0.7744353000785701,0.20850898379184787,-0.0,-0.0,-0.0540441453569152,-0.0,-0.0,-0.0,-0.0
7.91,0.7478081841846871,-0.4520605335854502,0.050659255694910116,1.8937790919981694,-0.027947713104368797,0.7744353000785701,0.20850898379184787,-0.0,-0.0,-0.05419333466796403,-0.0,-0.0,-0.0,-0.0
7.92,0.7478081841846871,-0.4520605335854502,0.0501166412551486,1.8937790919981694,-0.027947713104368797,0.7744353000785701,0.20850898379184787,-0.0,-0.0,-0.054326954472773095,-0.0,-0.0,-0.0,-0.0
7.93,0.7478081841846871,-0.4520605335854502,0.04957276865375866,1.8937790919981694,-0.027947713104368797,0.7744353000785701,0.20850898379184787,-0.0,-0.0,-0.054444959960809086,-0.0,-0.0,-0.0,-0.0
7.94,0.7478081841846871,-0.4520605335854502,0.049027794236164504,1.8937790919981694,-0.027947713104368797,0.7744353000785701,0.20850898379184787,-0.0,-0.0,-0.05454731155413826,-0.0,-0.0,-0.0,-0.0
7.95,0.7478081841846871,-0.4520605335854502,0.04848187471734487,1.8937790919981694,-0.027947713104368797,0.7744353000785701,0.20850898379184787,-0.0,-0.0,-0.054633974922119154,-0.0,-0.0,-0.0,-0.0
7.96,0.7478081841846871,-0.4520605335854502,0.047935167129294305,1.8937790919981694,-0.027947713104368797,0.7744353000785701,0.20850898379184787,-0.0,-0.0,-0.0547049209941482,-0.0,-0.0,-0.0,-0.0
7.97,0.7478081841846871,-0.4520605335854502,0.047387828768367654,1.8937790919981694,-0.027947713104368797,0.7744353000785701,0.20850898379184787,-0.0,-0.0,-0.054760125970452815,-0.0,-0.0,-0.0,-0.0
7.98,0.7478081841846871,-0.4520605335854502,0.04684001714252544,1.8937790919981694,-0.027947713104368797,0.7744353000785701,0.20850898379184787,-0.0,-0.0,-0.05479957133092822,-0.0,-0.0,-0.0,-0.0
7.99,0.7478081841846871,-0.4520605335854502,0.04629188991850163,1.8937790919981694,-0.027947713104368797,0.7744353000785701,0.20850898379184787,-0.0,-0.0,-0.05482324384201393,-0.0,-0.0,-0.0,-0.0
8.0,0.7478081841846871,-0.4520605335854502,0.04574360486891177,1.8937790919981694,-0.027947713104368797,0.7744353000785701,0.20850898379184787,-0.0,-0.0,-0.05483113556160755,-0.0,-0.0,-0.0,-0.0
8.01,0.7478081841846871,-0.4520605335854502,0.04519531981932191,1.8937790919981694,-0.027947713104368797,0.7744353000785701,0.20850898379184787,-0.0,-0.0,-0.05482324384201393,-0.0,-0.0,-0.0,-0.0
8.02,0.7478081841846871,-0.4520605335854502,0.0446471925952981,1.8937790919981694,-0.027947713104368797,0.7744353000785701,0.20850898379184787,-0.0,-0.0,-0.05479957133092822,-0.0,-0.0,-0.0,-0.0
8.03,0.7478081841846871,-0.4520605335854502,0.04409938096945595,1.8937790919981694,-0.027947713104368797,0.7744353000785701,0.20850898379184787,-0.0,-0.0,-0.05476012597045282,-0.0,-0.0,-0.0,-0.0
8.04,0.7478081841846871,-0.4520605335854502,0.043552042608529296,1.8937790919981694,-0.027947713104368797,0.7744353000785701,0.20850898379184787,-0.0,-0.0,-0.0547049209941482,-0.0,-0.0,-0.0,-0.0
8.05,0.7478081841846871,-0.4520605335854502,0.043005335020478666,1.8937790919981694,-0.027947713104368797,0.7744353000785701,0.20850898379184787,-0.0,-0.0,-0.054633974922119154,-0.0,-0.0,-0.0,-0.0
8.06,0.7478081841846871,-0.4520605335854502,0.04245941550165897,1.8937790919981694,-0.027947713104368797,0.7744353000785701,0.20850898379184787,-0.0,-0.0,-0.05454731155413825,-0.0,-0.0,-0.0,-0.0
8.07,0.7478081841846871,-0.4520605335854502,0.04191444108406488,1.8937790919981694,-0.027947713104368797,0.7744353000785701,0.20850898379184787,-0.0,-0.0,-0.05444495996080909,-0.0,-0.0,-0.0,-0.0
8.08,0.7478081841846871,-0.4520605335854502,0.04137056848267494,1.8937790919981694,-0.027947713104368797,0.7744353000785701,0.20850898379184787,-0.0,-0.0,-0.0543269544727731,-0.0,-0.0,-0.0,-0.0
8.09,0.7478081841846871,-0.4520605335854502,0.04082795404291342,1.8937790919981694,-0.027947713104368797,0.7744353000785701,0.20850898379184787,-0.0,-0.0,-0.054193334667964034,-0.0,-0.0,-0.0,-0.0
8.1,0.7478081841846871,-0.4520605335854502,0.040286753688249376,1.8937790919981694,-0.027947713104368797,0.7744353000785701,0.20850898379184787,-0.0,-0.0,-0.05404414535691521,-0.0,-0.0,-0.0,-0.0
8.11,0.7478081841846871,-0.4520605335854502,0.039747122867951776,1.8937790919981694,-0.027947713104368797,0.7744353000785701,0.20850898379184787,-0.0,-0.0,-0.053879436566125316,-0.0,-0.0,-0.0,-0.0
8.12,0.7478081841846871,-0.4520605335854502,0.0392092165050216,1.8937790919981694,-0.027947713104368797,0.7744353000785701,0.20850898379184787,-0.0,-0.0,-0.05369926351948954,-0.0,-0.0,-0.0,-0.0
8.13,0.7478081841846871,-0.4520605335854502,0.038673188944318176,1.8937790919981694,-0.027947713104368797,0.7744353000785701,0.20850898379184787,-0.0,-0.0,-0.05350368661780289,-0.0,-0.0,-0.0,-0.0
8.14,0.7478081841846871,-0.4520605335854502,0.03813919390090143,1.8937790919981694,-0.027947713104368797,0.7744353000785701,0.20850898379184787,-0.0,-0.0,-0.05329277141634475,-0.0,-0.0,-0.0,-0.0
8.15,0.7478081841846871,-0.4520605335854502,0.0376073844086062,1.8937790919981694,-0.027947713104368797,0.7744353000785701,0.20850898379184787,-0.0,-0.0,-0.05306658860055238,-0.0,-0.0,-0.0,-0.0
8.16,0.7478081841846871,-0.4520605335854502,0.037077912768870944,1.8937790919981694,-0.027947713104368797,0.7744353000785701,0.20850898379184787,-0.0,-0.0,-0.05282521395979401,-0.0,-0.0,-0.0,-0.0
8.17,0.7478081841846871,-0.4520605335854502,0.036550930499837,1.8937790919981694,-0.027947713104368797,0.7744353000785701,0.20850898379184787,-0.0,-0.0,-0.05256872835925131,-0.0,-0.0,-0.0,-0.0
8.18,0.7478081841846871,-0.4520605335854502,0.03602658828573901,1.8937790919981694,-0.027947713104368797,0.7744353000785701,0.20850898379184787,-0.0,-0.0,-0.05229721770992264,-0.0,-0.0,-0.0,-0.0
8.19,0.7478081841846871,-0.4520605335854502,0.03550503592660472,1.8937790919981694,-0.027947713104368797,0.7744353000785701,0.20850898379184787,-0.0,-0.0,-0.052010772936759014,-0.0,-0.0,-0.0,-0.0
8.2,0.7478081841846871,-0.4520605335854502,0.03498642228828216,1.8937790919981694,-0.027947713104368797,0.7744353000785701,0.20850898379184787,-0.0,-0.0,-0.05170948994494509,-0.0,-0.0,-0.0,-0.0
8.21,0.7478081841846871,-0.4520605335854502,0.03447089525281369,1.8937790919981694,-0.027947713104368797,0.7744353000785701,0.20850898379184787,-0.0,-0.0,-0.05139346958433874,-0.0,-0.0,-0.0,-0.0
8.22,0.7478081841846871,-0.4520605335854502,0.033958601669175026,1.8937790919981694,-0.027947713104368797,0.7744353000785701,0.20850898379184787,-0.0,-0.0,-0.05106281761208367,-0.0,-0.0,-0.0,-0.0
8.23,0.7478081841846871,-0.4520605335854502,0.033449687304396444,1.8937790919981694,-0.027947713104368797,0.7744353000785701,0.20850898379184787,-0.0,-0.0,-0.05071764465340894,-0.0,-0.0,-0.0,-0.0
8.24,0.7478081841846871,-0.4520605335854502,0.03294429679508554,1.8937790919981694,-0.027947713104368797,0.7744353000785701,0.20850898379184787,-0.0,-0.0,-0.050358066160631744,-0.0,-0.0,-0.0,-0.0
8.25,0.7478081841846871,-0.4520605335854502,0.03244257359936874,1.8937790919981694,-0.027947713104368797,0.7744353000785701,0.20850898379184787,-0.0,-0.0,-0.04998420237037958,-0.0,-0.0,-0.0,-0.0
8.26,0.7478081841846871,-0.4520605335854502,0.03194465994926973,1.8937790919981694,-0.027947713104368797,0.7744353000785701,0.20850898379184787,-0.0,-0.0,-0.0495961782590484,-0.0,-0.0,-0.0,-0.0
8.27,0.7478081841846871,-0.4520605335854502,0.03145069680354136,1.8937790919981694,-0.027947713104368797,0.7744353000785701,0.20850898379184787,-0.0,-0.0,-0.04919412349651442,-0.0,-0.0,-0.0,-0.0
8.28,0.7478081841846871,-0.4520605335854502,0.03096082380096965,1.8937790919981694,-0.027947713104368797,0.7744353000785701,0.20850898379184787,-0.0,-0.0,-0.048778172398118144,-0.0,-0.0,-0.0,-0.0
8.29,0.7478081841846871,-0.4520605335854502,0.030475179214166558,1.8937790919981694,-0.027947713104368797,0.7744353000785701,0.20850898379184787,-0.0,-0.0,-0.048348463874939906,-0.0,-0.0,-0.0,-0.0
8.3,0.7478081841846871,-0.4520605335854502,0.02999389990386777,1.8937790919981694,-0.027947713104368797,0.7744353000785701,0.20850898379184787,-0.0,-0.0,-0.047905141382385205,-0.0,-0.0,-0.0,-0.0
8.31,0.7478081841846871,-0.4520605335854502,0.029517121273754197,1.8937790919981694,-0.027947713104368797,0.7744353000785701,0.20850898379184787,-0.0,-0.0,-0.04744835286710243,-0.0,-0.0,-0.0,-0.0
8.32,0.7478081841846871,-0.4520605335854502,0.029044977225810995,1.8937790919981694,-0.027947713104368797,0.7744353000785701,0.20850898379184787,-0.0,-0.0,-0.04697825071225137,-0.0,-0.0,-0.0,-0.0
8.33,0.7478081841846871,-0.4520605335854502,0.028577600116243617,1.8937790919981694,-0.027947713104368797,0.7744353000785701,0.20850898379184787,-0.0,-0.0,-0.046494991681146625,-0.0,-0.0,-0.0,-0.0
8.34,0.7478081841846871,-0.4520605335854502,0.028115120711964203,1.8937790919981694,-0.027947713104368797,0.7744353000785701,0.20850898379184787,-0.0,-0.0,-0.045998736859296264,-0.0,-0.0,-0.0,-0.0
8.35,0.7478081841846871,-0.4520605335854502,0.027657668147666507,1.8937790919981694,-0.027947713104368797,0.7744353000785701,0.20850898379184787,-0.0,-0.0,-0.045489651594859945,-0.0,-0.0,-0.0,-0.0
8.36,0.7478081841846871,-0.4520605335854502,0.02720536988350321,1.8937790919981694,-0.027947713104368797,0.7744353000785701,0.20850898379184787,-0.0,-0.0,-0.04496790543754909,-0.0,-0.0,-0.0,-0.0
8.37,0.7478081841846871,-0.4520605335854502,0.02675835166338245,1.8937790919981694,-0.027947713104368797,0.7744353000785701,0.20850898379184787,-0.0,-0.0,-0.04443367207599397,-0.0,-0.0,-0.0,-0.0
8.38,0.7478081841846871,-0.4520605335854502,0.026316737473898174,1.8937790919981694,-0.027947713104368797,0.7744353000785701,0.20850898379184787,-0.0,-0.0,-0.04388712927360211,-0.0,-0.0,-0.0,-0.0
8.39,0.7478081841846871,-0.4520605335854502,0.025880649503909312,1.8937790919981694,-0.027947713104368797,0.7744353000785701,0.20850898379184787,-0.0,-0.0,-0.04332845880293363,-0.0,-0.0,-0.0,-0.0
8.4,0.7478081841846871,-0.4520605335854502,0.02545020810478212,1.8937790919981694,-0.027947713104368797,0.7744353000785701,0.20850898379184787,-0.0,-0.0,-0.04275784637861832,-0.0,-0.0,-0.0,-0.0
8.41,0.7478081841846871,-0.4520605335854502,0.02502553175131113,1.8937790919981694,-0.027947713104368797,0.7744353000785701,0.20850898379184787,-0.0,-0.0,-0.04217548158884278,-0.0,-0.0,-0.0,-0.0
8.42,0.7478081841846871,-0.4520605335854502,0.024606737003332105,1.8937790919981694,-0.027947713104368797,0.7744353000785701,0.20850898379184787,-0.0,-0.0,-0.041581557825433664,-0.0,-0.0,-0.0,-0.0
8.43,0.7478081841846871,-0.4520605335854502,0.024193938468040695,1.8937790919981694,-0.027947713104368797,0.7744353000785701,0.20850898379184787,-0.0,-0.0,-0.040976272212563836,-0.0,-0.0,-0.0,-0.0
8.44,0.7478081841846871,-0.4520605335854502,0.02378724876303121,1.8937790919981694,-0.027947713104368797,0.7744353000785701,0.20850898379184787,-0.0,-0.0,-0.040359825534111084,-0.0,-0.0,-0.0,-0.0
8.45,0.7478081841846871,-0.4520605335854502,0.02338677848006842,1.8937790919981694,-0.027947713104368797,0.7744353000785701,0.20850898379184787,-0.0,-0.0,-0.039732422159697536,-0.0,-0.0,-0.0,-0.0
8.46,0.7478081841846871,-0.4520605335854502,0.022992636149604943,1.8937790919981694,-0.027947713104368797,0.7744353000785701,0.20850898379184787,-0.0,-0.0,-0.039094269969437725,-0.0,-0.0,-0.0,-0.0
8.47,0.7478081841846871,-0.4520605335854502,0.02260492820605839,1.8937790919981694,-0.027947713104368797,0.7744353000785701,0.20850898379184787,-0.0,-0.0,-0.03844558027742752,-0.0,-0.0,-0.0,-0.0
8.48,0.7478081841846871,-0.4520605335854502,0.022223758953858617,1.8937790919981694,-0.027947713104368797,0.7744353000785701,0.20850898379184787,-0.0,-0.0,-0.03778656775400074,-0.0,-0.0,-0.0,-0.0
8.49,0.7478081841846871,-0.4520605335854502,0.021849230534279594,1.8937790919981694,-0.027947713104368797,0.7744353000785701,0.20850898379184787,-0.0,-0.0,-0.037117450346787775,-0.0,-0.0,-0.0,-0.0
8.5,0.7478081841846871,-0.4520605335854502,0.02148144289306566,1.8937790919981694,-0.027947713104368797,0.7744353000785701,0.20850898379184787,-0.0,-0.0,-0.03643844920060376,-0.0,-0.0,-0.0,-0.0
8.51,0.7478081841846871,-0.4520605335854502,0.021120493748865325,1.8937790919981694,-0.027947713104368797,0.7744353000785701,0.20850898379184787,-0.0,-0.0,-0.03574978857620089,-0.0,-0.0,-0.0,-0.0
8.52,0.7478081841846871,-0.4520605335854502,0.020766478562482444,1.8937790919981694,-0.027947713104368797,0.7744353000785701,0.20850898379184787,-0.0,-0.0,-0.035051695767914386,-0.0,-0.0,-0.0,-0.0
8.53,0.7478081841846871,-0.4520605335854502,0.02041949050695677,1.8937790919981694,-0.027947713104368797,0.7744353000785701,0.20850898379184787,-0.0,-0.0,-0.03434440102023621,-0.0,-0.0,-0.0,-0.0
8.54,0.7478081841846871,-0.4520605335854502,0.02007962043848401,1.8937790919981694,-0.027947713104368797,0.7744353000785701,0.20850898379184787,-0.0,-0.0,-0.03362813744334898,-0.0,-0.0,-0.0,-0.0
8.55,0.7478081841846871,-0.4520605335854502,0.01974695686818511,1.8937790919981694,-0.027947713104368797,0.7744353000785701,0.20850898379184787,-0.0,-0.0,-0.03290314092765195,-0.0,-0.0,-0.0,-0.0
8.56,0.7478081841846871,-0.4520605335854502,0.01942158593473601,1.8937790919981694,-0.027947713104368797,0.7744353000785701,0.20850898379184787,-0.0,-0.0,-0.032169650057315584,-0.0,-0.0,-0.0,-0.0
8.57,0.7478081841846871,-0.4520605335854502,0.019103591377865558,1.8937790919981694,-0.027947713104368797,0.7744353000785701,0.20850898379184787,-0.0,-0.0,-0.03142790602289464,-0.0,-0.0,-0.0,-0.0
8.58,0.7478081841846871,-0.4520605335854502,0.0187930545127328,1.8937790919981694,-0.027947713104368797,0.7744353000785701,0.20850898379184787,-0.0,-0.0,-0.030678152533038596,-0.0,-0.0,-0.0,-0.0
8.59,0.7478081841846871,-0.4520605335854502,0.018490054205190894,1.8937790919981694,-0.027947713104368797,0.7744353000785701,0.20850898379184787,-0.0,-0.0,-0.029920635725329936,-0.0,-0.0,-0.0,-0.0
8.6,0.7478081841846871,-0.4520605335854502,0.018194666847947114,1.8937790919981694,-0.027947713104368797,0.7744353000785701,0.20850898379184787,-0.0,-0.0,-0.029155604076288425,-0.0,-0.0,-0.0,-0.0
8.61,0.7478081841846871,-0.4520605335854502,0.01790696633762699,1.8937790919981694,-0.027947713104368797,0.7744353000785701,0.20850898379184787,-0.0,-0.0,-0.0283833083105751,-0.0,-0.0,-0.0,-0.0
8.62,0.7478081841846871,-0.4520605335854502,0.017627024052749792,1.8937790919981694,-0.027947713104368797,0.7744353000785701,0.20850898379184787,-0.0,-0.0,-0.027604001309431424,-0.0,-0.0,-0.0,-0.0
8.63,0.7478081841846871,-0.4520605335854502,0.01735490883262371,1.8937790919981694,-0.027947713104368797,0.7744353000785701,0.20850898379184787,-0.0,-0.0,-0.02681793801839053,-0.0,-0.0,-0.0,-0.0
8.64,0.7478081841846871,-0.4520605335854502,0.017090686957167405,1.8937790919981694,-0.027947713104368797,0.7744353000785701,0.20850898379184787,-0.0,-0.0,-0.026025375354296613,-0.0,-0.0,-0.0,-0.0
8.65,0.7478081841846871,-0.4520605335854502,0.016834422127664388,1.8937790919981694,-0.027947713104368797,0.7744353000785701,0.20850898379184787,-0.0,-0.0,-0.025226572111667143,-0.0,-0.0,-0.0,-0.0
8.66,0.7478081841846871,-0.4520605335854502,0.016586175448457054,1.8937790919981694,-0.027947713104368797,0.7744353000785701,0.20850898379184787,-0.0,-0.0,-0.024421788868436888,-0.0,-0.0,-0.0,-0.0
8.67,0.7478081841846871,-0.4520605335854502,0.01634600540958631,1.8937790919981694,-0.027947713104368797,0.7744353000785701,0.20850898379184787,-0.0,-0.0,-0.02361128789111938,-0.0,-0.0,-0.0,-0.0
8.68,0.7478081841846871,-0.4520605335854502,0.016113967870382308,1.8937790919981694,-0.027947713104368797,0.7744353000785701,0.20850898379184787,-0.0,-0.0,-0.022795333039423493,-0.0,-0.0,-0.0,-0.0
8.69,0.7478081841846871,-0.4520605335854502,0.0158901160440114,1.8937790919981694,-0.027947713104368797,0.7744353000785701,0.20850898379184787,-0.0,-0.0,-0.021974189670361036,-0.0,-0.0,-0.0,-0.0
8.7,0.7478081841846871,-0.4520605335854502,0.015674500482984712,1.8937790919981694,-0.027947713104368797,0.7744353000785701,0.20850898379184787,-0.0,-0.0,-0.021148124541885364,-0.0,-0.0,-0.0,-0.0
8.71,0.7478081841846871,-0.4520605335854502,0.015467169065632155,1.8937790919981694,-0.027947713104368797,0.7744353000785701,0.20850898379184787,-0.0,-0.0,-0.020317405716095464,-0.0,-0.0,-0.0,-0.0
8.72,0.7478081841846871,-0.4520605335854502,0.01526816698354691,1.8937790919981694,-0.027947713104368797,0.7744353000785701,0.20850898379184787,-0.0,-0.0,-0.0194823024620471,-0.0,-0.0,-0.0,-0.0
8.73,0.7478081841846871,-0.4520605335854502,0.015077536730002936,1.8937790919981694,-0.027947713104368797,0.7744353000785701,0.20850898379184787,-0.0,-0.0,-0.018643085158204193,-0.0,-0.0,-0.0,-0.0
8.74,0.7478081841846871,-0.4520605335854502,0.014895318089350275,1.8937790919981694,-0.027947713104368797,0.7744353000785701,0.20850898379184787,-0.0,-0.0,-0.017800025194573754,-0.0,-0.0,-0.0,-0.0
8.75,0.7478081841846871,-0.4520605335854502,0.014721548127389992,1.8937790919981694,-0.027947713104368797,0.7744353000785701,0.20850898379184787,-0.0,-0.0,-0.016953394874557725,-0.0,-0.0,-0.0,-0.0
8.76,0.7478081841846871,-0.4520605335854502,0.014556261182731987,1.8937790919981694,-0.027947713104368797,0.7744353000785701,0.20850898379184787,-0.0,-0.0,-0.0161034673165633,-0.0,-0.0,-0.0,-0.0
8.77,0.7478081841846871,-0.4520605335854502,0.014399488859137895,1.8937790919981694,-0.027947713104368797,0.7744353000785701,0.20850898379184787,-0.0,-0.0,-0.015250516355408672,-0.0,-0.0,-0.0,-0.0
8.78,0.7478081841846871,-0.4520605335854502,0.01425126001885045,1.8937790919981694,-0.027947713104368797,0.7744353000785701,0.20850898379184787,-0.0,-0.0,-0.01439481644356189,-0.0,-0.0,-0.0,-0.0
8.79,0.7478081841846871,-0.4520605335854502,0.014111600776911502,1.8937790919981694,-0.027947713104368797,0.7744353000785701,0.20850898379184787,-0.0,-0.0,-0.01353664255225277,-0.0,-0.0,-0.0,-0.0
8.8,0.7478081841846871,-0.4520605335854502,0.013980534496469167,1.8937790919981694,-0.027947713104368797,0.7744353000785701,0.20850898379184787,-0.0,-0.0,-0.012676270072495348,-0.0,-0.0,-0.0,-0.0
8.81,0.7478081841846871,-0.4520605335854502,0.013858081785075145,1.8937790919981694,-0.027947713104368797,0.7744353000785701,0.20850898379184787,-0.0,-0.0,-0.011813974716059588,-0.0,-0.0,-0.0,-0.0
8.82,0.7478081841846871,-0.4520605335854502,0.013744260491972277,1.8937790919981694,-0.027947713104368797,0.7744353000785701,0.20850898379184787,-0.0,-0.0,-0.0109500324164295,-0.0,-0.0,-0.0,-0.0
8.83,0.7478081841846871,-0.4520605335854502,0.01363908570637256,1.8937790919981694,-0.027947713104368797,0.7744353000785701,0.20850898379184787,-0.0,-0.0,-0.010084719229788708,-0.0,-0.0,-0.0,-0.0
8.84,0.7478081841846871,-0.4520605335854502,0.013542569756725083,1.8937790919981694,-0.027947713104368797,0.7744353000785701,0.20850898379184787,-0.0,-0.0,-0.009218311236069721,-0.0,-0.0,-0.0,-0.0
8.85,0.7478081841846871,-0.4520605335854502,0.013454722210972686,1.8937790919981694,-0.027947713104368797,0.7744353000785701,0.20850898379184787,-0.0,-0.0,-0.008351084440105124,-0.0,-0.0,-0.0,-0.0
8.86,0.7478081841846871,-0.4520605335854502,0.013375549877796787,1.8937790919981694,-0.027947713104368797,0.7744353000785701,0.20850898379184787,-0.0,-0.0,-0.007483314672920344,-0.0,-0.0,-0.0,-0.0
8.87,0.7478081841846871,-0.4520605335854502,0.013305056808848192,1.8937790919981694,-0.027947713104368797,0.7744353000785701,0.20850898379184787,-0.0,-0.0,-0.0066152774932054055,-0.0,-0.0,-0.0,-0.0
8.88,0.7478081841846871,-0.4520605335854502,0.013243244301962213,1.8937790919981694,-0.027947713104368797,0.7744353000785701,0.20850898379184787,-0.0,-0.0,-0.005747248089002543,-0.0,-0.0,-0.0,-0.0
8.89,0.7478081841846871,-0.4520605335854502,0.013190110905355684,1.8937790919981694,-0.027947713104368797,0.7744353000785701,0.20850898379184787,-0.0,-0.0,-0.004879501179650697,-0.0,-0.0,-0.0,-0.0
8.9,0.7478081841846871,-0.4520605335854502,0.01314565242280303,1.8937790919981694,-0.027947713104368797,0.7744353000785701,0.20850898379184787,-0.0,-0.0,-0.004012310918020161,-0.0,-0.0,-0.0,-0.0
8.91,0.7478081841846871,-0.4520605335854502,0.01310986191978842,1.8937790919981694,-0.027947713104368797,0.7744353000785701,0.20850898379184787,-0.0,-0.0,-0.00314595079308012,-0.0,-0.0,-0.0,-0.0
8.92,0.7478081841846871,-0.4520605335854502,0.013082729730630481,1.8937790919981694,-0.027947713104368797,0.7744353000785701,0.20850898379184787,-0.0,-0.0,-0.002280693532831927,-0.0,-0.0,-0.0,-0.0
8.93,0.7478081841846871,-0.4520605335854502,0.01306424346657558,1.8937790919981694,-0.027947713104368797,0.7744353000785701,0.20850898379184787,-0.0,-0.0,-0.0014168110076492324,-0.0,-0.0,-0.0,-0.0
8.94,0.7478081841846871,-0.4520605335854502,0.013054388024855569,1.8937790919981694,-0.027947713104368797,0.7744353000785701,0.20850898379184787,-0.0,-0.0,-0.0005545741340588726,-0.0,-0.0,-0.0,-0.0
8.95,0.7478081841846871,-0.4520605335854502,0.01305314559870542,1.8937790919981694,-0.027947713104368797,0.7744353000785701,0.20850898379184787,0.0,0.0,0.0003057472209980953,0.0,0.0,0.0,0.0
8.96,0.7478081841846871,-0.4520605335854502,0.013060495688335581,1.8937790919981694,-0.027947713104368797,0.7744353000785701,0.20850898379184787,0.0,0.0,0.0011638843353897169,0.0,0.0,0.0,0.0
8.97,0.7478081841846871,-0.4520605335854502,0.01307641511285397,1.8937790919981694,-0.027947713104368797,0.7744353000785701,0.20850898379184787,0.0,0.0,0.002019569726464035,0.0,0.0,0.0,0.0
8.98,0.7478081841846871,-0.4520605335854502,0.013100878023131611,1.8937790919981694,-0.027947713104368797,0.7744353000785701,0.20850898379184787,0.0,0.0,0.002872537245132498,0.0,0.0,0.0,0.0
8.99,0.7478081841846871,-0.4520605335854502,0.013133855915606167,1.8937790919981694,-0.027947713104368797,0.7744353000785701,0.20850898379184787,0.0,0.0,0.0037225221693275618,0.0,0.0,0.0,0.0
9.0,0.7478081841846871,-0.4520605335854502,0.01317531764701664,1.8937790919981694,-0.027947713104368797,0.7744353000785701,0.20850898379184787,0.0,0.0,0.004569261296800604,0.0,0.0,0.0,0.0
9.01,0.7478081841846871,-0.4520605335854502,0.013225229450062749,1.8937790919981694,-0.027947713104368797,0.7744353000785701,0.20850898379184787,0.0,0.0,0.005412493037225187,0.0,0.0,0.0,0.0
9.02,0.7478081841846871,-0.4520605335854502,0.013283554949981548,1.8937790919981694,-0.027947713104368797,0.7744353000785701,0.20850898379184787,0.0,0.0,0.0062519575035689685,0.0,0.0,0.0,0.0
9.03,0.7478081841846871,-0.4520605335854502,0.013350255182034108,1.8937790919981694,-0.027947713104368797,0.7744353000785701,0.20850898379184787,0.0,0.0,0.007087396602700418,0.0,0.0,0.0,0.0
9.04,0.7478081841846871,-0.4520605335854502,0.013425288609894233,1.8937790919981694,-0.027947713104368797,0.7744353000785701,0.20850898379184787,0.0,0.0,0.00791855412519682,0.0,0.0,0.0,0.0
9.05,0.7478081841846871,-0.4520605335854502,0.01350861114493114,1.8937790919981694,-0.027947713104368797,0.7744353000785701,0.20850898379184787,0.0,0.0,0.008745175834317892,0.0,0.0,0.0,0.0
9.06,0.7478081841846871,-0.4520605335854502,0.013600176166377508,1.8937790919981694,-0.027947713104368797,0.7744353000785701,0.20850898379184787,0.0,0.0,0.009567009554111758,0.0,0.0,0.0,0.0
9.07,0.7478081841846871,-0.4520605335854502,0.013699934542374163,1.8937790919981694,-0.027947713104368797,0.7744353000785701,0.20850898379184787,0.0,0.0,0.01038380525662164,0.0,0.0,0.0,0.0
9.08,0.7478081841846871,-0.4520605335854502,0.013807834651882268,1.8937790919981694,-0.027947713104368797,0.7744353000785701,0.20850898379184787,0.0,0.0,0.011195315148158197,0.0,0.0,0.0,0.0
9.09,0.7478081841846871,-0.4520605335854502,0.013923822407453254,1.8937790919981694,-0.027947713104368797,0.7744353000785701,0.20850898379184787,0.0,0.0,0.012001293754605942,0.0,0.0,0.0,0.0
9.1,0.7478081841846871,-0.4520605335854502,0.014047841278846944,1.8937790919981694,-0.027947713104368797,0.7744353000785701,0.20850898379184787,0.0,0.0,0.0128014980057315,0.0,0.0,0.0,0.0
9.11,0.7478081841846871,-0.4520605335854502,0.014179832317487734,1.8937790919981694,-0.027947713104368797,0.7744353000785701,0.20850898379184787,0.0,0.0,0.013595687318463058,0.0,0.0,0.0,0.0
9.12,0.7478081841846871,-0.4520605335854502,0.014319734181748069,1.8937790919981694,-0.027947713104368797,0.7744353000785701,0.20850898379184787,0.0,0.0,0.014383623679107628,0.0,0.0,0.0,0.0
9.13,0.7478081841846871,-0.4520605335854502,0.014467483163048918,1.8937790919981694,-0.027947713104368797,0.7744353000785701,0.20850898379184787,0.0,0.0,0.015165071724478169,0.0,0.0,0.0,0.0
9.14,0.7478081841846871,-0.4520605335854502,0.014623013212765643,1.8937790919981694,-0.027947713104368797,0.7744353000785701,0.20850898379184787,0.0,0.0,0.015939798821897,0.0,0.0,0.0,0.0
9.15,0.7478081841846871,-0.4520605335854502,0.0147862559699285,1.8937790919981694,-0.027947713104368797,0.7744353000785701,0.20850898379184787,0.0,0.0,0.016707575148049797,0.0,0.0,0.0,0.0
9.16,0.7478081841846871,-0.4520605335854502,0.014957140789705514,1.8937790919981694,-0.027947713104368797,0.7744353000785701,0.20850898379184787,0.0,0.0,0.017468173766656294,0.0,0.0,0.0,0.0
9.17,0.7478081841846871,-0.4520605335854502,0.015135594772656191,1.8937790919981694,-0.027947713104368797,0.7744353000785701,0.20850898379184787,0.0,0.0,0.018221370704932995,0.0,0.0,0.0,0.0
9.18,0.7478081841846871,-0.4520605335854502,0.01532154279474366,1.8937790919981694,-0.027947713104368797,0.7744353000785701,0.20850898379184787,0.0,0.0,0.018966945028816806,0.0,0.0,0.0,0.0
9.19,0.7478081841846871,-0.4520605335854502,0.015514907538092662,1.8937790919981694,-0.027947713104368797,0.7744353000785701,0.20850898379184787,0.0,0.0,0.019704678916922843,0.0,0.0,0.0,0.0
9.2,0.7478081841846871,-0.4520605335854502,0.015715609522480824,1.8937790919981694,-0.027947713104368797,0.7744353000785701,0.20850898379184787,0.0,0.0,0.020434357733209996,0.0,0.0,0.0,0.0
9.21,0.7478081841846871,-0.4520605335854502,0.015923567137549992,1.8937790919981694,-0.027947713104368797,0.7744353000785701,0.20850898379184787,0.0,0.0,0.02115577009832599,0.0,0.0,0.0,0.0
9.22,0.7478081841846871,-0.4520605335854502,0.016138696675724,1.8937790919981694,-0.027947713104368797,0.7744353000785701,0.20850898379184787,0.0,0.0,0.02186870795960639,0.0,0.0,0.0,0.0
9.23,0.7478081841846871,-0.4520605335854502,0.016360912365820088,1.8937790919981694,-0.027947713104368797,0.7744353000785701,0.20850898379184787,0.0,0.0,0.022572966659703247,0.0,0.0,0.0,0.0
9.24,0.7478081841846871,-0.4520605335854502,0.016590126407339367,1.8937790919981694,-0.027947713104368797,0.7744353000785701,0.20850898379184787,0.0,0.0,0.023268345003816644,0.0,0.0,0.0,0.0
9.25,0.7478081841846871,-0.4520605335854502,0.01682624900542246,1.8937790919981694,-0.027947713104368797,0.7744353000785701,0.20850898379184787,0.0,0.0,0.023954645325505553,0.0,0.0,0.0,0.0
9.26,0.7478081841846871,-0.4520605335854502,0.01706918840645613,1.8937790919981694,-0.027947713104368797,0.7744353000785701,0.20850898379184787,0.0,0.0,0.02463167355105397,0.0,0.0,0.0,0.0
9.27,0.7478081841846871,-0.4520605335854502,0.017318850934316378,1.8937790919981694,-0.027947713104368797,0.7744353000785701,0.20850898379184787,0.0,0.0,0.025299239262370092,0.0,0.0,0.0,0.0
9.28,0.7478081841846871,-0.4520605335854502,0.01757514102723288,1.8937790919981694,-0.027947713104368797,0.7744353000785701,0.20850898379184787,0.0,0.0,0.02595715575839453,0.0,0.0,0.0,0.0
9.29,0.7478081841846871,-0.4520605335854502,0.017837961275260026,1.8937790919981694,-0.027947713104368797,0.7744353000785701,0.20850898379184787,0.0,0.0,0.02660524011499628,0.0,0.0,0.0,0.0
9.3,0.7478081841846871,-0.4520605335854502,0.018107212458339485,1.8937790919981694,-0.027947713104368797,0.7744353000785701,0.20850898379184787,0.0,0.0,0.02724331324333602,0.0,0.0,0.0,0.0
9.31,0.7478081841846871,-0.4520605335854502,0.01838279358493815,1.8937790919981694,-0.027947713104368797,0.7744353000785701,0.20850898379184787,0.0,0.0,0.027871199946673815,0.0,0.0,0.0,0.0
9.32,0.7478081841846871,-0.4520605335854502,0.018664601931247027,1.8937790919981694,-0.027947713104368797,0.7744353000785701,0.20850898379184787,0.0,0.0,0.028488728975604418,0.0,0.0,0.0,0.0
9.33,0.7478081841846871,-0.4520605335854502,0.018952533080923754,1.8937790919981694,-0.027947713104368797,0.7744353000785701,0.20850898379184787,0.0,0.0,0.029095733081697276,0.0,0.0,0.0,0.0
9.34,0.7478081841846871,-0.4520605335854502,0.019246480965364136,1.8937790919981694,-0.027947713104368797,0.7744353000785701,0.20850898379184787,0.0,0.0,0.02969204906952569,0.0,0.0,0.0,0.0
9.35,0.7478081841846871,-0.4520605335854502,0.01954633790448526,1.8937790919981694,-0.027947713104368797,0.7744353000785701,0.20850898379184787,0.0,0.0,0.030277517847064596,0.0,0.0,0.0,0.0
9.36,0.7478081841846871,-0.4520605335854502,0.01985199464800492,1.8937790919981694,-0.027947713104368797,0.7744353000785701,0.20850898379184787,0.0,0.0,0.03085198447444176,0.0,0.0,0.0,0.0
9.37,0.7478081841846871,-0.4520605335854502,0.020163340417199797,1.8937790919981694,-0.027947713104368797,0.7744353000785701,0.20850898379184787,0.0,0.0,0.03141529821102398,0.0,0.0,0.0,0.0
9.38,0.7478081841846871,-0.4520605335854502,0.02048026294712635,1.8937790919981694,-0.027947713104368797,0.7744353000785701,0.20850898379184787,0.0,0.0,0.03196731256082322,0.0,0.0,0.0,0.0
9.39,0.7478081841846871,-0.4520605335854502,0.020802648529287072,1.8937790919981694,-0.027947713104368797,0.7744353000785701,0.20850898379184787,0.0,0.0,0.03250788531620726,0.0,0.0,0.0,0.0
9.4,0.7478081841846871,-0.4520605335854502,0.02113038205472583,1.8937790919981694,-0.027947713104368797,0.7744353000785701,0.20850898379184787,0.0,0.0,0.033036878599900746,0.0,0.0,0.0,0.0
9.41,0.7478081841846871,-0.4520605335854502,0.021463347057534037,1.8937790919981694,-0.027947713104368797,0.7744353000785701,0.20850898379184787,0.0,0.0,0.03355415890526148,0.0,0.0,0.0,0.0
9.42,0.7478081841846871,-0.4520605335854502,0.021801425758751027,1.8937790919981694,-0.027947713104368797,0.7744353000785701,0.20850898379184787,0.0,0.0,0.03405959713481993,0.0,0.0,0.0,0.0
9.43,0.7478081841846871,-0.4520605335854502,0.02214449911064146,1.8937790919981694,-0.027947713104368797,0.7744353000785701,0.20850898379184787,0.0,0.0,0.03455306863706958,0.0,0.0,0.0,0.0
9.44,0.7478081841846871,-0.4520605335854502,0.0224924468413314,1.8937790919981694,-0.027947713104368797,0.7744353000785701,0.20850898379184787,0.0,0.0,0.035034453241495594,0.0,0.0,0.0,0.0
9.45,0.7478081841846871,-0.4520605335854502,0.02284514749978596,1.8937790919981694,-0.027947713104368797,0.7744353000785701,0.20850898379184787,0.0,0.0,0.035503635291831176,0.0,0.0,0.0,0.0
9.46,0.7478081841846871,-0.4520605335854502,0.023202478501110877,1.8937790919981694,-0.027947713104368797,0.7744353000785701,0.20850898379184787,0.0,0.0,0.0359605036775321,0.0,0.0,0.0,0.0
9.47,0.7478081841846871,-0.4520605335854502,0.023564316172159216,1.8937790919981694,-0.027947713104368797,0.7744353000785701,0.20850898379184787,0.0,0.0,0.03640495186345807,0.0,0.0,0.0,0.0
9.48,0.7478081841846871,-0.4520605335854502,0.02393053579742687,1.8937790919981694,-0.027947713104368797,0.7744353000785701,0.20850898379184787,0.0,0.0,0.0368368779177548,0.0,0.0,0.0,0.0
9.49,0.7478081841846871,-0.4520605335854502,0.024301011665216796,1.8937790919981694,-0.027947713104368797,0.7744353000785701,0.20850898379184787,0.0,0.0,0.03725618453792563,0.0,0.0,0.0,0.0
9.5,0.7478081841846871,-0.4520605335854502,0.024675617114055724,1.8937790919981694,-0.027947713104368797,0.7744353000785701,0.20850898379184787,0.0,0.0,0.037662779075088255,0.0,0.0,0.0,0.0
9.51,0.7478081841846871,-0.4520605335854502,0.025054224579343875,1.8937790919981694,-0.027947713104368797,0.7744353000785701,0.20850898379184787,0.0,0.0,0.03805657355640796,0.0,0.0,0.0,0.0
9.52,0.7478081841846871,-0.4520605335854502,0.025436705640219832,1.8937790919981694,-0.027947713104368797,0.7744353000785701,0.20850898379184787,0.0,0.0,0.0384374847057024,0.0,0.0,0.0,0.0
9.53,0.7478081841846871,-0.4520605335854502,0.025822931066622798,1.8937790919981694,-0.027947713104368797,0.7744353000785701,0.20850898379184787,0.0,0.0,0.03880543396221322,0.0,0.0,0.0,0.0
9.54,0.7478081841846871,-0.4520605335854502,0.026212770866532623,1.8937790919981694,-0.027947713104368797,0.7744353000785701,0.20850898379184787,0.0,0.0,0.03916034749753899,0.0,0.0,0.0,0.0
9.55,0.7478081841846871,-0.4520605335854502,0.026606094333370835,1.8937790919981694,-0.027947713104368797,0.7744353000785701,0.20850898379184787,0.0,0.0,0.039502156230727295,0.0,0.0,0.0,0.0
9.56,0.7478081841846871,-0.4520605335854502,0.027002770093542308,1.8937790919981694,-0.027947713104368797,0.7744353000785701,0.20850898379184787,0.0,0.0,0.03983079584152179,0.0,0.0,0.0,0.0
9.57,0.7478081841846871,-0.4520605335854502,0.02740266615410144,1.8937790919981694,-0.027947713104368797,0.7744353000785701,0.20850898379184787,0.0,0.0,0.04014620678176355,0.0,0.0,0.0,0.0
9.58,0.7478081841846871,-0.4520605335854502,0.02780564995052186,1.8937790919981694,-0.027947713104368797,0.7744353000785701,0.20850898379184787,0.0,0.0,0.040448334284943994,0.0,0.0,0.0,0.0
9.59,0.7478081841846871,-0.4520605335854502,0.028211588394553396,1.8937790919981694,-0.027947713104368797,0.7744353000785701,0.20850898379184787,0.0,0.0,0.040737128373909845,0.0,0.0,0.0,0.0
9.6,0.7478081841846871,-0.4520605335854502,0.028620347922146263,1.8937790919981694,-0.027947713104368797,0.7744353000785701,0.20850898379184787,0.0,0.0,0.041012543866719875,0.0,0.0,0.0,0.0
9.61,0.7478081841846871,-0.4520605335854502,0.029031794541424686,1.8937790919981694,-0.027947713104368797,0.7744353000785701,0.20850898379184787,0.0,0.0,0.04127454038065417,0.0,0.0,0.0,0.0
9.62,0.7478081841846871,-0.4520605335854502,0.029445793880691715,1.8937790919981694,-0.027947713104368797,0.7744353000785701,0.20850898379184787,0.0,0.0,0.041523082334378264,0.0,0.0,0.0,0.0
9.63,0.7478081841846871,-0.4520605335854502,0.029862211236446126,1.8937790919981694,-0.027947713104368797,0.7744353000785701,0.20850898379184787,0.0,0.0,0.041758138948263746,0.0,0.0,0.0,0.0
9.64,0.7478081841846871,-0.4520605335854502,0.03028091162139314,1.8937790919981694,-0.027947713104368797,0.7744353000785701,0.20850898379184787,0.0,0.0,0.041979684242868846,0.0,0.0,0.0,0.0
9.65,0.7478081841846871,-0.4520605335854502,0.03070175981243143,1.8937790919981694,-0.027947713104368797,0.7744353000785701,0.20850898379184787,0.0,0.0,0.04218769703558328,0.0,0.0,0.0,0.0
9.66,0.7478081841846871,-0.4520605335854502,0.031124620398596915,1.8937790919981694,-0.027947713104368797,0.7744353000785701,0.20850898379184787,0.0,0.0,0.042382160935441435,0.0,0.0,0.0,0.0
9.67,0.7478081841846871,-0.4520605335854502,0.031549357828945614,1.8937790919981694,-0.027947713104368797,0.7744353000785701,0.20850898379184787,0.0,0.0,0.04256306433610937,0.0,0.0,0.0,0.0
9.68,0.7478081841846871,-0.4520605335854502,0.03197583646035719,1.8937790919981694,-0.027947713104368797,0.7744353000785701,0.20850898379184787,0.0,0.0,0.04273040040705194,0.0,0.0,0.0,0.0
9.69,0.7478081841846871,-0.4520605335854502,0.032403920605241526,1.8937790919981694,-0.027947713104368797,0.7744353000785701,0.20850898379184787,0.0,0.0,0.04288416708288705,0.0,0.0,0.0,0.0
9.7,0.7478081841846871,-0.4520605335854502,0.032833474579129114,1.8937790919981694,-0.027947713104368797,0.7744353000785701,0.20850898379184787,0.0,0.0,0.04302436705093391,0.0,0.0,0.0,0.0
9.71,0.7478081841846871,-0.4520605335854502,0.03326436274812879,1.8937790919981694,-0.027947713104368797,0.7744353000785701,0.20850898379184787,0.0,0.0,0.04315100773696449,0.0,0.0,0.0,0.0
9.72,0.7478081841846871,-0.4520605335854502,0.033696449576232926,1.8937790919981694,-0.027947713104368797,0.7744353000785701,0.20850898379184787,0.0,0.0,0.04326410128916623,0.0,0.0,0.0,0.0
9.73,0.7478081841846871,-0.4520605335854502,0.03412959967245473,1.8937790919981694,-0.027947713104368797,0.7744353000785701,0.20850898379184787,0.0,0.0,0.0433636645603269,0.0,0.0,0.0,0.0
9.74,0.7478081841846871,-0.4520605335854502,0.034563677837777126,1.8937790919981694,-0.027947713104368797,0.7744353000785701,0.20850898379184787,0.0,0.0,0.04344971908825067,0.0,0.0,0.0,0.0
9.75,0.7478081841846871,-0.4520605335854502,0.03499854911189819,1.8937790919981694,-0.027947713104368797,0.7744353000785701,0.20850898379184787,0.0,0.0,0.043522291074417664,0.0,0.0,0.0,0.0
9.76,0.7478081841846871,-0.4520605335854502,0.03543407881975364,1.8937790919981694,-0.027947713104368797,0.7744353000785701,0.20850898379184787,0.0,0.0,0.04358141136089832,0.0,0.0,0.0,0.0
9.77,0.7478081841846871,-0.4520605335854502,0.03587013261780006,1.8937790919981694,-0.027947713104368797,0.7744353000785701,0.20850898379184787,0.0,0.0,0.0436271154055351,0.0,0.0,0.0,0.0
9.78,0.7478081841846871,-0.4520605335854502,0.0363065765400416,1.8937790919981694,-0.027947713104368797,0.7744353000785701,0.20850898379184787,0.0,0.0,0.04365944325540483,0.0,0.0,0.0,0.0
9.79,0.7478081841846871,-0.4520605335854502,0.03674327704378235,1.8937790919981694,-0.027947713104368797,0.7744353000785701,0.20850898379184787,0.0,0.0,0.04367843951857562,0.0,0.0,0.0,0.0
9.8,0.7478081841846871,-0.4520605335854502,0.037180101055088,1.8937790919981694,-0.027947713104368797,0.7744353000785701,0.20850898379184787,0.0,0.0,0.04368415333417277,0.0,0.0,0.0,0.0
9.81,0.7478081841846871,-0.4520605335854502,0.037616916013939586,1.8937790919981694,-0.027947713104368797,0.7744353000785701,0.20850898379184787,0.0,0.0,0.043676638340769215,0.0,0.0,0.0,0.0
9.82,0.7478081841846871,-0.4520605335854502,0.03805358991906345,1.8937790919981694,-0.027947713104368797,0.7744353000785701,0.20850898379184787,0.0,0.0,0.04365595264311586,0.0,0.0,0.0,0.0
9.83,0.7478081841846871,-0.4520605335854502,0.038489991372419464,1.8937790919981694,-0.027947713104368797,0.7744353000785701,0.20850898379184787,0.0,0.0,0.04362215877722901,0.0,0.0,0.0,0.0
9.84,0.7478081841846871,-0.4520605335854502,0.0389259896233323,1.8937790919981694,-0.027947713104368797,0.7744353000785701,0.20850898379184787,0.0,0.0,0.04357532367385147,0.0,0.0,0.0,0.0
9.85,0.7478081841846871,-0.4520605335854502,0.03936145461224954,1.8937790919981694,-0.027947713104368797,0.7744353000785701,0.20850898379184787,0.0,0.0,0.043515518620305636,0.0,0.0,0.0,0.0
9.86,0.7478081841846871,-0.4520605335854502,0.039796257014109986,1.8937790919981694,-0.027947713104368797,0.7744353000785701,0.20850898379184787,0.0,0.0,0.04344281922075669,0.0,0.0,0.0,0.0
9.87,0.7478081841846871,-0.4520605335854502,0.04023026828130668,1.8937790919981694,-0.027947713104368797,0.7744353000785701,0.20850898379184787,0.0,0.0,0.04335730535490526,0.0,0.0,0.0,0.0
9.88,0.7478081841846871,-0.4520605335854502,0.04066336068622966,1.8937790919981694,-0.027947713104368797,0.7744353000785701,0.20850898379184787,0.0,0.0,0.043259061135128785,0.0,0.0,0.0,0.0
9.89,0.7478081841846871,-0.4520605335854502,0.04109540736337148,1.8937790919981694,-0.027947713104368797,0.7744353000785701,0.20850898379184787,0.0,0.0,0.04314817486209252,0.0,0.0,0.0,0.0
9.9,0.7478081841846871,-0.4520605335854502,0.04152628235098247,1.8937790919981694,-0.027947713104368797,0.7744353000785701,0.20850898379184787,0.0,0.0,0.0430247389788504,0.0,0.0,0.0,0.0
9.91,0.7478081841846871,-0.4520605335854502,0.04195586063225839,1.8937790919981694,-0.027947713104368797,0.7744353000785701,0.20850898379184787,0.0,0.0,0.04288885002345779,0.0,0.0,0.0,0.0
9.92,0.7478081841846871,-0.4520605335854502,0.0423840181760478,1.8937790919981694,-0.027947713104368797,0.7744353000785701,0.20850898379184787,0.0,0.0,0.04274060858011762,0.0,0.0,0.0,0.0
9.93,0.7478081841846871,-0.4520605335854502,0.042810631977062835,1.8937790919981694,-0.027947713104368797,0.7744353000785701,0.20850898379184787,0.0,0.0,0.042580119228883107,0.0,0.0,0.0,0.0
9.94,0.7478081841846871,-0.4520605335854502,0.043235580095580685,1.8937790919981694,-0.027947713104368797,0.7744353000785701,0.20850898379184787,0.0,0.0,0.0424074904939396,0.0,0.0,0.0,0.0
9.95,0.7478081841846871,-0.4520605335854502,0.0436587416966203,1.8937790919981694,-0.027947713104368797,0.7744353000785701,0.20850898379184787,0.0,0.0,0.042222834790489695,0.0,0.0,0.0,0.0
9.96,0.7478081841846871,-0.4520605335854502,0.04407999708858123,1.8937790919981694,-0.027947713104368797,0.7744353000785701,0.20850898379184787,0.0,0.0,0.042026268370265754,0.0,0.0,0.0,0.0
9.97,0.7478081841846871,-0.4520605335854502,0.04449922776133076,1.8937790919981694,-0.027947713104368797,0.7744353000785701,0.20850898379184787,0.0,0.0,0.041817911265694487,0.0,0.0,0.0,0.0
9.98,0.7478081841846871,-0.4520605335854502,0.04491631642372654,1.8937790919981694,-0.027947713104368797,0.7744353000785701,0.20850898379184787,0.0,0.0,0.0415978872327387,0.0,0.0,0.0,0.0
9.99,0.7478081841846871,-0.4520605335854502,0.045331147040560446,1.8937790919981694,-0.027947713104368797,0.7744353000785701,0.20850898379184787,0.0,0.0,0.0413663236924425,0.0,0.0,0.0,0.0
10.0,0.7478081841846871,-0.4520605335854502,0.04574360486891174,1.8937790919981694,-0.027947713104368797,0.7744353000785701,0.20850898379184787,0.0,0.0,0.04112335167120568,0.0,0.0,0.0,0.0
10.01,0.7478081841846871,-0.4520605335854502,0.046153576493897064,1.8937790919981694,-0.027947713104368797,0.7744353000785701,0.20850898379184787,0.0,0.0,0.04086910573981424,0.0,0.0,0.0,0.0
10.02,0.7478081841846871,-0.4520605335854502,0.04656094986380424,1.8937790919981694,-0.027947713104368797,0.7744353000785701,0.20850898379184787,0.0,0.0,0.04060372395125428,0.0,0.0,0.0,0.0
10.03,0.7478081841846871,-0.4520605335854502,0.04696561432459824,1.8937790919981694,-0.027947713104368797,0.7744353000785701,0.20850898379184787,0.0,0.0,0.04032734777733683,0.0,0.0,0.0,0.0
10.04,0.7478081841846871,-0.4520605335854502,0.04736746065378799,1.8937790919981694,-0.027947713104368797,0.7744353000785701,0.20850898379184787,0.0,0.0,0.04004012204416159,0.0,0.0,0.0,0.0
10.05,0.7478081841846871,-0.4520605335854502,0.04776638109364172,1.8937790919981694,-0.027947713104368797,0.7744353000785701,0.20850898379184787,0.0,0.0,0.039742194866448234,0.0,0.0,0.0,0.0
10.06,0.7478081841846871,-0.4520605335854502,0.04816226938374001,1.8937790919981694,-0.027947713104368797,0.7744353000785701,0.20850898379184787,0.0,0.0,0.03943371758076456,0.0,0.0,0.0,0.0
10.07,0.7478081841846871,-0.4520605335854502,0.0485550207928562,1.8937790919981694,-0.027947713104368797,0.7744353000785701,0.20850898379184787,0.0,0.0,0.039114844677679936,0.0,0.0,0.0,0.0
10.08,0.7478081841846871,-0.4520605335854502,0.048944532150152785,1.8937790919981694,-0.027947713104368797,0.7744353000785701,0.20850898379184787,0.0,0.0,0.03878573373287446,0.0,0.0,0.0,0.0
10.09,0.7478081841846871,-0.4520605335854502,0.049330701875683745,1.8937790919981694,-0.027947713104368797,0.7744353000785701,0.20850898379184787,0.0,0.0,0.0384465453372338,0.0,0.0,0.0,0.0
10.1,0.7478081841846871,-0.4520605335854502,0.04971343001019284,1.8937790919981694,-0.027947713104368797,0.7744353000785701,0.20850898379184787,0.0,0.0,0.03809744302596042,0.0,0.0,0.0,0.0
10.11,0.7478081841846871,-0.4520605335854502,0.050092618244198674,1.8937790919981694,-0.027947713104368797,0.7744353000785701,0.20850898379184787,0.0,0.0,0.03773859320673097,0.0,0.0,0.0,0.0
10.12,0.7478081841846871,-0.4520605335854502,0.05046816994635599,1.8937790919981694,-0.027947713104368797,0.7744353000785701,0.20850898379184787,0.0,0.0,0.03737016508693254,0.0,0.0,0.0,0.0
10.13,0.7478081841846871,-0.4520605335854502,0.05083999019108564,1.8937790919981694,-0.027947713104368797,0.7744353000785701,0.20850898379184787,0.0,0.0,0.03699233060000781,0.0,0.0,0.0,0.0
10.14,0.7478081841846871,-0.4520605335854502,0.05120798578546279,1.8937790919981694,-0.027947713104368797,0.7744353000785701,0.20850898379184787,0.0,0.0,0.036605264330942335,0.0,0.0,0.0,0.0
10.15,0.7478081841846871,-0.4520605335854502,0.05157206529535685,1.8937790919981694,-0.027947713104368797,0.7744353000785701,0.20850898379184787,0.0,0.0,0.03620914344092404,0.0,0.0,0.0,0.0
10.16,0.7478081841846871,-0.4520605335854502,0.05193213907081303,1.8937790919981694,-0.027947713104368797,0.7744353000785701,0.20850898379184787,0.0,0.0,0.03580414759120974,0.0,0.0,0.0,0.0
10.17,0.7478081841846871,-0.4520605335854502,0.05228811927066949,1.8937790919981694,-0.027947713104368797,0.7744353000785701,0.20850898379184787,0.0,0.0,0.0353904588662292,0.0,0.0,0.0,0.0
10.18,0.7478081841846871,-0.4520605335854502,0.05263991988640139,1.8937790919981694,-0.027947713104368797,0.7744353000785701,0.20850898379184787,0.0,0.0,0.034968261695960866,0.0,0.0,0.0,0.0
10.19,0.7478081841846871,-0.4520605335854502,0.052987456765185285,1.8937790919981694,-0.027947713104368797,0.7744353000785701,0.20850898379184787,0.0,0.0,0.03453774277761222,0.0,0.0,0.0,0.0
10.2,0.7478081841846871,-0.4520605335854502,0.05333064763217721,1.8937790919981694,-0.027947713104368797,0.7744353000785701,0.20850898379184787,0.0,0.0,0.03409909099663724,0.0,0.0,0.0,0.0
10.21,0.7478081841846871,-0.4520605335854502,0.05366941211199756,1.8937790919981694,-0.027947713104368797,0.7744353000785701,0.20850898379184787,0.0,0.0,0.03365249734712576,0.0,0.0,0.0,0.0
10.22,0.7478081841846871,-0.4520605335854502,0.05400367174941666,1.8937790919981694,-0.027947713104368797,0.7744353000785701,0.20850898379184787,0.0,0.0,0.03319815485159817,0.0,0.0,0.0,0.0
10.23,0.7478081841846871,-0.4520605335854502,0.054333350029236026,1.8937790919981694,-0.027947713104368797,0.7744353000785701,0.20850898379184787,0.0,0.0,0.03273625848023834,0.0,0.0,0.0,0.0
10.24,0.7478081841846871,-0.4520605335854502,0.05465837239535883,1.8937790919981694,-0.027947713104368797,0.7744353000785701,0.20850898379184787,0.0,0.0,0.03226700506960032,0.0,0.0,0.0,0.0
10.25,0.7478081841846871,-0.4520605335854502,0.05497866626904507,1.8937790919981694,-0.027947713104368797,0.7744353000785701,0.20850898379184787,0.0,0.0,0.0317905932408224,0.0,0.0,0.0,0.0
10.26,0.7478081841846871,-0.4520605335854502,0.05529416106634644,1.8937790919981694,-0.027947713104368797,0.7744353000785701,0.20850898379184787,0.0,0.0,0.03130722331738313,0.0,0.0,0.0,0.0
10.27,0.7478081841846871,-0.4520605335854502,0.05560478821471692,1.8937790919981694,-0.027947713104368797,0.7744353000785701,0.20850898379184787,0.0,0.0,0.0308170972424332,0.0,0.0,0.0,0.0
10.28,0.7478081841846871,-0.4520605335854502,0.05591048116879448,1.8937790919981694,-0.027947713104368797,0.7744353000785701,0.20850898379184787,0.0,0.0,0.030320418495738986,0.0,0.0,0.0,0.0
10.29,0.7478081841846871,-0.4520605335854502,0.05621117542535029,1.8937790919981694,-0.027947713104368797,0.7744353000785701,0.20850898379184787,0.0,0.0,0.029817392010271514,0.0,0.0,0.0,0.0
10.3,0.7478081841846871,-0.4520605335854502,0.05650680853740268,1.8937790919981694,-0.027947713104368797,0.7744353000785701,0.20850898379184787,0.0,0.0,0.029308224088475842,0.0,0.0,0.0,0.0
10.31,0.7478081841846871,-0.4520605335854502,0.05679732012749162,1.8937790919981694,-0.027947713104368797,0.7744353000785701,0.20850898379184787,0.0,0.0,0.028793122318256707,0.0,0.0,0.0,0.0
10.32,0.7478081841846871,-0.4520605335854502,0.05708265190011265,1.8937790919981694,-0.027947713104368797,0.7744353000785701,0.20850898379184787,0.0,0.0,0.028272295488713094,0.0,0.0,0.0,0.0
10.33,0.7478081841846871,-0.4520605335854502,0.05736274765330618,1.8937790919981694,-0.027947713104368797,0.7744353000785701,0.20850898379184787,0.0,0.0,0.02774595350565976,0.0,0.0,0.0,0.0
10.34,0.7478081841846871,-0.4520605335854502,0.05763755328940179,1.8937790919981694,-0.027947713104368797,0.7744353000785701,0.20850898379184787,0.0,0.0,0.02721430730696787,0.0,0.0,0.0,0.0
10.35,0.7478081841846871,-0.4520605335854502,0.05790701682491466,1.8937790919981694,-0.027947713104368797,0.7744353000785701,0.20850898379184787,0.0,0.0,0.026677568777761954,0.0,0.0,0.0,0.0
10.36,0.7478081841846871,-0.4520605335854502,0.05817108839959379,1.8937790919981694,-0.027947713104368797,0.7744353000785701,0.20850898379184787,0.0,0.0,0.0261359506655062,0.0,0.0,0.0,0.0
10.37,0.7478081841846871,-0.4520605335854502,0.058429720284620415,1.8937790919981694,-0.027947713104368797,0.7744353000785701,0.20850898379184787,0.0,0.0,0.02558966649501678,0.0,0.0,0.0,0.0
10.38,0.7478081841846871,-0.4520605335854502,0.058682866889956393,1.8937790919981694,-0.027947713104368797,0.7744353000785701,0.20850898379184787,0.0,0.0,0.025038930483434176,0.0,0.0,0.0,0.0
10.39,0.7478081841846871,-0.4520605335854502,0.05893048477084222,1.8937790919981694,-0.027947713104368797,0.7744353000785701,0.20850898379184787,0.0,0.0,0.024483957455190636,0.0,0.0,0.0,0.0
10.4,0.7478081841846871,-0.4520605335854502,0.059172532633445116,1.8937790919981694,-0.027947713104368797,0.7744353000785701,0.20850898379184787,0.0,0.0,0.02392496275700695,0.0,0.0,0.0,0.0
10.41,0.7478081841846871,-0.4520605335854502,0.05940897133965696,1.8937790919981694,-0.027947713104368797,0.7744353000785701,0.20850898379184787,0.0,0.0,0.023362162172954663,0.0,0.0,0.0,0.0
10.42,0.7478081841846871,-0.4520605335854502,0.059639763911043496,1.8937790919981694,-0.027947713104368797,0.7744353000785701,0.20850898379184787,0.0,0.0,0.022795771839617243,0.0,0.0,0.0,0.0
10.43,0.7478081841846871,-0.4520605335854502,0.05986487553194593,1.8937790919981694,-0.027947713104368797,0.7744353000785701,0.20850898379184787,0.0,0.0,0.02222600816138455,0.0,0.0,0.0,0.0
10.44,0.7478081841846871,-0.4520605335854502,0.06008427355173608,1.8937790919981694,-0.027947713104368797,0.7744353000785701,0.20850898379184787,0.0,0.0,0.02165308772591586,0.0,0.0,0.0,0.0
10.45,0.7478081841846871,-0.4520605335854502,0.060297927486227136,1.8937790919981694,-0.027947713104368797,0.7744353000785701,0.20850898379184787,0.0,0.0,0.021077227219805456,0.0,0.0,0.0,0.0
10.46,0.7478081841846871,-0.4520605335854502,0.060505809018242505,1.8937790919981694,-0.027947713104368797,0.7744353000785701,0.20850898379184787,0.0,0.0,0.02049864334448379,0.0,0.0,0.0,0.0
10.47,0.7478081841846871,-0.4520605335854502,0.06070789199734454,1.8937790919981694,-0.027947713104368797,0.7744353000785701,0.20850898379184787,0.0,0.0,0.019917552732390466,0.0,0.0,0.0,0.0
10.48,0.7478081841846871,-0.4520605335854502,0.060904152438727016,1.8937790919981694,-0.027947713104368797,0.7744353000785701,0.20850898379184787,0.0,0.0,0.019334171863449524,0.0,0.0,0.0,0.0
10.49,0.7478081841846871,-0.4520605335854502,0.06109456852127351,1.8937790919981694,-0.027947713104368797,0.7744353000785701,0.20850898379184787,0.0,0.0,0.018748716981884198,0.0,0.0,0.0,0.0
10.5,0.7478081841846871,-0.4520605335854502,0.0612791205847862,1.8937790919981694,-0.027947713104368797,0.7744353000785701,0.20850898379184787,0.0,0.0,0.018161404013401248,0.0,0.0,0.0,0.0
10.51,0.7478081841846871,-0.4520605335854502,0.06145779112638807,1.8937790919981694,-0.027947713104368797,0.7744353000785701,0.20850898379184787,0.0,0.0,0.017572448482780553,0.0,0.0,0.0,0.0
10.52,0.7478081841846871,-0.4520605335854502,0.06163056479610364,1.8937790919981694,-0.027947713104368797,0.7744353000785701,0.20850898379184787,0.0,0.0,0.01698206543190062,0.0,0.0,0.0,0.0
10.53,0.7478081841846871,-0.4520605335854502,0.06179742839162185,1.8937790919981694,-0.027947713104368797,0.7744353000785701,0.20850898379184787,0.0,0.0,0.01639046933823444,0.0,0.0,0.0,0.0
10.54,0.7478081841846871,-0.4520605335854502,0.06195837085224658,1.8937790919981694,-0.027947713104368797,0.7744353000785701,0.20850898379184787,0.0,0.0,0.015797874033847248,0.0,0.0,0.0,0.0
10.55,0.7478081841846871,-0.4520605335854502,0.062113383252039904,1.8937790919981694,-0.027947713104368797,0.7744353000785701,0.20850898379184787,0.0,0.0,0.015204492624927603,0.0,0.0,0.0,0.0
10.56,0.7478081841846871,-0.4520605335854502,0.06226245879216309,1.8937790919981694,-0.027947713104368797,0.7744353000785701,0.20850898379184787,0.0,0.0,0.014610537411885541,0.0,0.0,0.0,0.0
10.57,0.7478081841846871,-0.4520605335854502,0.06240559279242204,1.8937790919981694,-0.027947713104368797,0.7744353000785701,0.20850898379184787,0.0,0.0,0.014016219810046348,0.0,0.0,0.0,0.0
10.58,0.7478081841846871,-0.4520605335854502,0.06254278268202233,1.8937790919981694,-0.027947713104368797,0.7744353000785701,0.20850898379184787,0.0,0.0,0.013421750270974558,0.0,0.0,0.0,0.0
10.59,0.7478081841846871,-0.4520605335854502,0.06267402798954105,1.8937790919981694,-0.027947713104368797,0.7744353000785701,0.20850898379184787,0.0,0.0,0.012827338204455706,0.0,0.0,0.0,0.0
10.6,0.7478081841846871,-0.4520605335854502,0.06279933033212176,1.8937790919981694,-0.027947713104368797,0.7744353000785701,0.20850898379184787,0.0,0.0,0.012233191901168807,0.0,0.0,0.0,0.0
10.61,0.7478081841846871,-0.4520605335854502,0.06291869340389972,1.8937790919981694,-0.027947713104368797,0.7744353000785701,0.20850898379184787,0.0,0.0,0.011639518456078494,0.0,0.0,0.0,0.0
10.62,0.7478081841846871,-0.4520605335854502,0.06303212296366492,1.8937790919981694,-0.027947713104368797,0.7744353000785701,0.20850898379184787,0.0,0.0,0.011046523692576457,0.0,0.0,0.0,0.0
10.63,0.7478081841846871,-0.4520605335854502,0.06313962682177024,1.8937790919981694,-0.027947713104368797,0.7744353000785701,0.20850898379184787,0.0,0.0,0.010454412087402203,0.0,0.0,0.0,0.0
10.64,0.7478081841846871,-0.4520605335854502,0.06324121482629286,1.8937790919981694,-0.027947713104368797,0.7744353000785701,0.20850898379184787,0.0,0.0,0.009863386696372331,0.0,0.0,0.0,0.0
10.65,0.7478081841846871,-0.4520605335854502,0.06333689884845714,1.8937790919981694,-0.027947713104368797,0.7744353000785701,0.20850898379184787,0.0,0.0,0.009273649080945304,0.0,0.0,0.0,0.0
10.66,0.7478081841846871,-0.4520605335854502,0.0634266927673276,1.8937790919981694,-0.027947713104368797,0.7744353000785701,0.20850898379184787,0.0,0.0,0.008685399235651814,0.0,0.0,0.0,0.0
10.67,0.7478081841846871,-0.4520605335854502,0.06351061245378031,1.8937790919981694,-0.027947713104368797,0.7744353000785701,0.20850898379184787,0.0,0.0,0.00809883551641753,0.0,0.0,0.0,0.0
10.68,0.7478081841846871,-0.4520605335854502,0.0635886757537624,1.8937790919981694,-0.027947713104368797,0.7744353000785701,0.20850898379184787,0.0,0.0,0.007514154569805901,0.0,0.0,0.0,0.0
10.69,0.7478081841846871,-0.4520605335854502,0.06366090247084849,1.8937790919981694,-0.027947713104368797,0.7744353000785701,0.20850898379184787,0.0,0.0,0.006931551263206872,0.0,0.0,0.0,0.0
10.7,0.7478081841846871,-0.4520605335854502,0.06372731434810405,1.8937790919981694,-0.027947713104368797,0.7744353000785701,0.20850898379184787,0.0,0.0,0.00635121861599986,0.0,0.0,0.0,0.0
10.71,0.7478081841846871,-0.4520605335854502,0.06378793504926521,1.8937790919981694,-0.027947713104368797,0.7744353000785701,0.20850898379184787,0.0,0.0,0.005773347731714508,0.0,0.0,0.0,0.0
10.72,0.7478081841846871,-0.4520605335854502,0.06384279013924526,1.8937790919981694,-0.027947713104368797,0.7744353000785701,0.20850898379184787,0.0,0.0,0.005198127731217383,0.0,0.0,0.0,0.0
10.73,0.7478081841846871,-0.4520605335854502,0.06389190706397845,1.8937790919981694,-0.027947713104368797,0.7744353000785701,0.20850898379184787,0.0,0.0,0.004625745686946392,0.0,0.0,0.0,0.0
10.74,0.7478081841846871,-0.4520605335854502,0.0639353151296112,1.8937790919981694,-0.027947713104368797,0.7744353000785701,0.20850898379184787,0.0,0.0,0.004056386558220823,0.0,0.0,0.0,0.0
10.75,0.7478081841846871,-0.4520605335854502,0.06397304548105218,1.8937790919981694,-0.027947713104368797,0.7744353000785701,0.20850898379184787,0.0,0.0,0.003490233127647913,0.0,0.0,0.0,0.0
10.76,0.7478081841846871,-0.4520605335854502,0.06400513107989173,1.8937790919981694,-0.027947713104368797,0.7744353000785701,0.20850898379184787,0.0,0.0,0.002927465938651481,0.0,0.0,0.0,0.0
10.77,0.7478081841846871,-0.4520605335854502,0.06403160668170249,1.8937790919981694,-0.027947713104368797,0.7744353000785701,0.20850898379184787,0.0,0.0,0.0023682632341446765,0.0,0.0,0.0,0.0
10.78,0.7478081841846871,-0.4520605335854502,0.06405250881273258,1.8937790919981694,-0.027947713104368797,0.7744353000785701,0.20850898379184787,0.0,0.0,0.0018128008963688102,0.0,0.0,0.0,0.0
10.79,0.7478081841846871,-0.4520605335854502,0.06406787574600291,1.8937790919981694,-0.027947713104368797,0.7744353000785701,0.20850898379184787,0.0,0.0,0.0012612523879210994,0.0,0.0,0.0,0.0
10.8,0.7478081841846871,-0.4520605335854502,0.06407774747682096,1.8937790919981694,-0.027947713104368797,0.7744353000785701,0.20850898379184787,0.0,0.0,0.000713788693991918,0.0,0.0,0.0,0.0
10.81,0.7478081841846871,-0.4520605335854502,0.06408216569772303,1.8937790919981694,-0.027947713104368797,0.7744353000785701,0.20850898379184787,0.0,0.0,0.00017057826583251407,0.0,0.0,0.0,0.0
10.82,0.7478081841846871,-0.4520605335854502,0.06408117377285732,1.8937790919981694,-0.027947713104368797,0.7744353000785701,0.20850898379184787,-0.0,-0.0,-0.00036821303452741526,-0.0,-0.0,-0.0,-0.0
10.83,0.7478081841846871,-0.4520605335854502,0.06407481671182069,1.8937790919981694,-0.027947713104368797,0.7744353000785701,0.20850898379184787,-0.0,-0.0,-0.00090242198829123,-0.0,-0.0,-0.0,-0.0
10.84,0.7478081841846871,-0.4520605335854502,0.06406314114296156,1.8937790919981694,-0.027947713104368797,0.7744353000785701,0.20850898379184787,-0.0,-0.0,-0.0014318880726180714,-0.0,-0.0,-0.0,-0.0
10.85,0.7478081841846871,-0.4520605335854502,0.0640461952861622,1.8937790919981694,-0.027947713104368797,0.7744353000785701,0.20850898379184787,-0.0,-0.0,-0.0019564535120386905,-0.0,-0.0,-0.0,-0.0
10.86,0.7478081841846871,-0.4520605335854502,0.06402402892511343,1.8937790919981694,-0.027947713104368797,0.7744353000785701,0.20850898379184787,-0.0,-0.0,-0.00247596332854552,-0.0,-0.0,-0.0,-0.0
10.87,0.7478081841846871,-0.4520605335854502,0.0639966933790952,1.8937790919981694,-0.027947713104368797,0.7744353000785701,0.20850898379184787,-0.0,-0.0,-0.0029902653903404095,-0.0,-0.0,-0.0,-0.0
10.88,0.7478081841846871,-0.4520605335854502,0.0639642414742763,1.8937790919981694,-0.027947713104368797,0.7744353000785701,0.20850898379184787,-0.0,-0.0,-0.003499210459224096,-0.0,-0.0,-0.0,-0.0
10.89,0.7478081841846871,-0.4520605335854502,0.06392672751454731,1.8937790919981694,-0.027947713104368797,0.7744353000785701,0.20850898379184787,-0.0,-0.0,-0.004002652236609635,-0.0,-0.0,-0.0,-0.0
10.9,0.7478081841846871,-0.4520605335854502,0.0638842072519,1.8937790919981694,-0.027947713104368797,0.7744353000785701,0.20850898379184787,-0.0,-0.0,-0.0045004474081471605,-0.0,-0.0,-0.0,-0.0
10.91,0.7478081841846871,-0.4520605335854502,0.06383673785636788,1.8937790919981694,-0.027947713104368797,0.7744353000785701,0.20850898379184787,-0.0,-0.0,-0.004992455686942298,-0.0,-0.0,-0.0,-0.0
10.92,0.7478081841846871,-0.4520605335854502,0.0637843778855413,1.8937790919981694,-0.027947713104368797,0.7744353000785701,0.20850898379184787,-0.0,-0.0,-0.005478539855356824,-0.0,-0.0,-0.0,-0.0
10.93,0.7478081841846871,-0.4520605335854502,0.06372718725367194,1.8937790919981694,-0.027947713104368797,0.7744353000785701,0.20850898379184787,-0.0,-0.0,-0.005958565805376068,-0.0,-0.0,-0.0,-0.0
10.94,0.7478081841846871,-0.4520605335854502,0.06366522720038069,1.8937790919981694,-0.027947713104368797,0.7744353000785701,0.20850898379184787,-0.0,-0.0,-0.0064324025775320285,-0.0,-0.0,-0.0,-0.0
10.95,0.7478081841846871,-0.4520605335854502,0.06359856025898371,1.8937790919981694,-0.027947713104368797,0.7744353000785701,0.20850898379184787,-0.0,-0.0,-0.006899922398368701,-0.0,-0.0,-0.0,-0.0
10.96,0.7478081841846871,-0.4520605335854502,0.06352725022445103,1.8937790919981694,-0.027947713104368797,0.7744353000785701,0.20850898379184787,-0.0,-0.0,-0.007361000716438852,-0.0,-0.0,-0.0,-0.0
10.97,0.7478081841846871,-0.4520605335854502,0.06345136212101274,1.8937790919981694,-0.027947713104368797,0.7744353000785701,0.20850898379184787,-0.0,-0.0,-0.007815516236821212,-0.0,-0.0,-0.0,-0.0
10.98,0.7478081841846871,-0.4520605335854502,0.06337096216942717,1.8937790919981694,-0.027947713104368797,0.7744353000785701,0.20850898379184787,-0.0,-0.0,-0.008263350954148579,-0.0,-0.0,-0.0,-0.0
10.99,0.7478081841846871,-0.4520605335854502,0.06328611775392659,1.8937790919981694,-0.027947713104368797,0.7744353000785701,0.20850898379184787,-0.0,-0.0,-0.008704390184135994,-0.0,-0.0,-0.0,-0.0
11.0,0.7478081841846871,-0.4520605335854502,0.06319689738885506,1.8937790919981694,-0.027947713104368797,0.7744353000785701,0.20850898379184787,-0.0,-0.0,-0.00913852259360124,-0.0,-0.0,-0.0,-0.0
11.01,0.7478081841846871,-0.4520605335854502,0.06310337068501344,1.8937790919981694,-0.027947713104368797,0.7744353000785701,0.20850898379184787,-0.0,-0.0,-0.009565640228969566,-0.0,-0.0,-0.0,-0.0
11.02,0.7478081841846871,-0.4520605335854502,0.0630056083157273,1.8937790919981694,-0.027947713104368797,0.7744353000785701,0.20850898379184787,-0.0,-0.0,-0.009985638543254419,-0.0,-0.0,-0.0,-0.0
11.03,0.7478081841846871,-0.4520605335854502,0.06290368198265246,1.8937790919981694,-0.027947713104368797,0.7744353000785701,0.20850898379184787,-0.0,-0.0,-0.010398416421507751,-0.0,-0.0,-0.0,-0.0
11.04,0.7478081841846871,-0.4520605335854502,0.06279766438133375,1.8937790919981694,-0.027947713104368797,0.7744353000785701,0.20850898379184787,-0.0,-0.0,-0.010803876204734284,-0.0,-0.0,-0.0,-0.0
11.05,0.7478081841846871,-0.4520605335854502,0.06268762916653225,1.8937790919981694,-0.027947713104368797,0.7744353000785701,0.20850898379184787,-0.0,-0.0,-0.01120192371226334,-0.0,-0.0,-0.0,-0.0
11.06,0.7478081841846871,-0.4520605335854502,0.06257365091733681,1.8937790919981694,-0.027947713104368797,0.7744353000785701,0.20850898379184787,-0.0,-0.0,-0.011592468262573794,-0.0,-0.0,-0.0,-0.0
11.07,0.7478081841846871,-0.4520605335854502,0.06245580510207474,1.8937790919981694,-0.027947713104368797,0.7744353000785701,0.20850898379184787,-0.0,-0.0,-0.011975422692568802,-0.0,-0.0,-0.0,-0.0
11.08,0.7478081841846871,-0.4520605335854502,0.06233416804303772,1.8937790919981694,-0.027947713104368797,0.7744353000785701,0.20850898379184787,-0.0,-0.0,-0.012350703375295773,-0.0,-0.0,-0.0,-0.0
11.09,0.7478081841846871,-0.4520605335854502,0.06220881688103823,1.8937790919981694,-0.027947713104368797,0.7744353000785701,0.20850898379184787,-0.0,-0.0,-0.012718230236109409,-0.0,-0.0,-0.0,-0.0
11.1,0.7478081841846871,-0.4520605335854502,0.06207982953981217,1.8937790919981694,-0.027947713104368797,0.7744353000785701,0.20850898379184787,-0.0,-0.0,-0.013077926767275573,-0.0,-0.0,-0.0,-0.0
11.11,0.7478081841846871,-0.4520605335854502,0.061947284690283204,1.8937790919981694,-0.027947713104368797,0.7744353000785701,0.20850898379184787,-0.0,-0.0,-0.013429720041015157,-0.0,-0.0,-0.0,-0.0
11.12,0.7478081841846871,-0.4520605335854502,0.06181126171470459,1.8937790919981694,-0.027947713104368797,0.7744353000785701,0.20850898379184787,-0.0,-0.0,-0.013773540720986138,-0.0,-0.0,-0.0,-0.0
11.13,0.7478081841846871,-0.4520605335854502,0.06167184067069374,1.8937790919981694,-0.027947713104368797,0.7744353000785701,0.20850898379184787,-0.0,-0.0,-0.014109323072205181,-0.0,-0.0,-0.0,-0.0
11.14,0.7478081841846871,-0.4520605335854502,0.06152910225517573,1.8937790919981694,-0.027947713104368797,0.7744353000785701,0.20850898379184787,-0.0,-0.0,-0.014437004969407858,-0.0,-0.0,-0.0,-0.0
11.15,0.7478081841846871,-0.4520605335854502,0.061383127768250556,1.8937790919981694,-0.027947713104368797,0.7744353000785701,0.20850898379184787,-0.0,-0.0,-0.014756527903850718,-0.0,-0.0,-0.0,-0.0
11.16,0.7478081841846871,-0.4520605335854502,0.06123399907700068,1.8937790919981694,-0.027947713104368797,0.7744353000785701,0.20850898379184787,-0.0,-0.0,-0.015067836988555135,-0.0,-0.0,-0.0,-0.0
11.17,0.7478081841846871,-0.4520605335854502,0.06108179857925343,1.8937790919981694,-0.027947713104368797,0.7744353000785701,0.20850898379184787,-0.0,-0.0,-0.01537088096199741,-0.0,-0.0,-0.0,-0.0
11.18,0.7478081841846871,-0.4520605335854502,0.06092660916731453,1.8937790919981694,-0.027947713104368797,0.7744353000785701,0.20850898379184787,-0.0,-0.0,-0.01566561219024724,-0.0,-0.0,-0.0,-0.0
11.19,0.7478081841846871,-0.4520605335854502,0.060768514191687995,1.8937790919981694,-0.027947713104368797,0.7744353000785701,0.20850898379184787,-0.0,-0.0,-0.015951986667559086,-0.0,-0.0,-0.0,-0.0
11.2,0.7478081841846871,-0.4520605335854502,0.060607597424797634,1.8937790919981694,-0.027947713104368797,0.7744353000785701,0.20850898379184787,-0.0,-0.0,-0.016229964015421258,-0.0,-0.0,-0.0,-0.0
11.21,0.7478081841846871,-0.4520605335854502,0.06044394302472593,1.8937790919981694,-0.027947713104368797,0.7744353000785701,0.20850898379184787,-0.0,-0.0,-0.016499507480067607,-0.0,-0.0,-0.0,-0.0
11.22,0.7478081841846871,-0.4520605335854502,0.060277635498985474,1.8937790919981694,-0.027947713104368797,0.7744353000785701,0.20850898379184787,-0.0,-0.0,-0.016760583928457858,-0.0,-0.0,-0.0,-0.0
11.23,0.7478081841846871,-0.4520605335854502,0.06010875966833807,1.8937790919981694,-0.027947713104368797,0.7744353000785701,0.20850898379184787,-0.0,-0.0,-0.017013163842733867,-0.0,-0.0,-0.0,-0.0
11.24,0.7478081841846871,-0.4520605335854502,0.059937400630676964,1.8937790919981694,-0.027947713104368797,0.7744353000785701,0.20850898379184787,-0.0,-0.0,-0.01725722131315823,-0.0,-0.0,-0.0,-0.0
11.25,0.7478081841846871,-0.4520605335854502,0.059763643724987235,1.8937790919981694,-0.027947713104368797,0.7744353000785701,0.20850898379184787,-0.0,-0.0,-0.017492734029543634,-0.0,-0.0,-0.0,-0.0
11.26,0.7478081841846871,-0.4520605335854502,0.05958757449539949,1.8937790919981694,-0.027947713104368797,0.7744353000785701,0.20850898379184787,-0.0,-0.0,-0.017719683271181307,-0.0,-0.0,-0.0,-0.0
11.27,0.7478081841846871,-0.4520605335854502,0.05940927865535155,1.8937790919981694,-0.027947713104368797,0.7744353000785701,0.20850898379184787,-0.0,-0.0,-0.017938053895278246,-0.0,-0.0,-0.0,-0.0
11.28,0.7478081841846871,-0.4520605335854502,0.0592288420518733,1.8937790919981694,-0.027947713104368797,0.7744353000785701,0.20850898379184787,-0.0,-0.0,-0.018147834323912315,-0.0,-0.0,-0.0,-0.0
11.29,0.7478081841846871,-0.4520605335854502,0.05904635063000946,1.8937790919981694,-0.027947713104368797,0.7744353000785701,0.20850898379184787,-0.0,-0.0,-0.018349016529516194,-0.0,-0.0,-0.0,-0.0
11.3,0.7478081841846871,-0.4520605335854502,0.058861890397394485,1.8937790919981694,-0.027947713104368797,0.7744353000785701,0.20850898379184787,-0.0,-0.0,-0.018541596018901242,-0.0,-0.0,-0.0,-0.0
11.31,0.7478081841846871,-0.4520605335854502,0.05867554738899496,1.8937790919981694,-0.027947713104368797,0.7744353000785701,0.20850898379184787,-0.0,-0.0,-0.018725571815832478,-0.0,-0.0,-0.0,-0.0
11.32,0.7478081841846871,-0.4520605335854502,0.058487407632032924,1.8937790919981694,-0.027947713104368797,0.7744353000785701,0.20850898379184787,-0.0,-0.0,-0.0189009464421678,-0.0,-0.0,-0.0,-0.0
11.33,0.7478081841846871,-0.4520605335854502,0.0582975571111054,1.8937790919981694,-0.027947713104368797,0.7744353000785701,0.20850898379184787,-0.0,-0.0,-0.01906772589757337,-0.0,-0.0,-0.0,-0.0
11.34,0.7478081841846871,-0.4520605335854502,0.05810608173351342,1.8937790919981694,-0.027947713104368797,0.7744353000785701,0.20850898379184787,-0.0,-0.0,-0.01922591963782946,-0.0,-0.0,-0.0,-0.0
11.35,0.7478081841846871,-0.4520605335854502,0.05791306729481538,1.8937790919981694,-0.027947713104368797,0.7744353000785701,0.20850898379184787,-0.0,-0.0,-0.019375540551740258,-0.0,-0.0,-0.0,-0.0
11.36,0.7478081841846871,-0.4520605335854502,0.05771859944461781,1.8937790919981694,-0.027947713104368797,0.7744353000785701,0.20850898379184787,-0.0,-0.0,-0.019516604936662674,-0.0,-0.0,-0.0,-0.0
11.37,0.7478081841846871,-0.4520605335854502,0.057522763652618034,1.8937790919981694,-0.027947713104368797,0.7744353000785701,0.20850898379184787,-0.0,-0.0,-0.019649132472669136,-0.0,-0.0,-0.0,-0.0
11.38,0.7478081841846871,-0.4520605335854502,0.05732564517491179,1.8937790919981694,-0.027947713104368797,0.7744353000785701,0.20850898379184787,-0.0,-0.0,-0.019773146195360095,-0.0,-0.0,-0.0,-0.0
11.39,0.7478081841846871,-0.4520605335854502,0.057127329020579536,1.8937790919981694,-0.027947713104368797,0.7744353000785701,0.20850898379184787,-0.0,-0.0,-0.019888672467342876,-0.0,-0.0,-0.0,-0.0
11.4,0.7478081841846871,-0.4520605335854502,0.056927899918564305,1.8937790919981694,-0.027947713104368797,0.7744353000785701,0.20850898379184787,-0.0,-0.0,-0.019995740948393497,-0.0,-0.0,-0.0,-0.0
11.41,0.7478081841846871,-0.4520605335854502,0.05672744228485474,1.8937790919981694,-0.027947713104368797,0.7744353000785701,0.20850898379184787,-0.0,-0.0,-0.02009438456431884,-0.0,-0.0,-0.0,-0.0
11.42,0.7478081841846871,-0.4520605335854502,0.05652604018998586,1.8937790919981694,-0.027947713104368797,0.7744353000785701,0.20850898379184787,-0.0,-0.0,-0.02018463947453728,-0.0,-0.0,-0.0,-0.0
11.43,0.7478081841846871,-0.4520605335854502,0.05632377732687023,1.8937790919981694,-0.027947713104368797,0.7744353000785701,0.20850898379184787,-0.0,-0.0,-0.02026654503839627,-0.0,-0.0,-0.0,-0.0
11.44,0.7478081841846871,-0.4520605335854502,0.056120736978972297,1.8937790919981694,-0.027947713104368797,0.7744353000785701,0.20850898379184787,-0.0,-0.0,-0.02034014378024561,-0.0,-0.0,-0.0,-0.0
11.45,0.7478081841846871,-0.4520605335854502,0.05591700198883819,1.8937790919981694,-0.027947713104368797,0.7744353000785701,0.20850898379184787,-0.0,-0.0,-0.0204054813532861,-0.0,-0.0,-0.0,-0.0
11.46,0.7478081841846871,-0.4520605335854502,0.055712654726992834,1.8937790919981694,-0.027947713104368797,0.7744353000785701,0.20850898379184787,-0.0,-0.0,-0.020462606502213525,-0.0,-0.0,-0.0,-0.0
11.47,0.7478081841846871,-0.4520605335854502,0.055507777061216935,1.8937790919981694,-0.027947713104368797,0.7744353000785701,0.20850898379184787,-0.0,-0.0,-0.020511571024678203,-0.0,-0.0,-0.0,-0.0
11.48,0.7478081841846871,-0.4520605335854502,0.05530245032621475,1.8937790919981694,-0.027947713104368797,0.7744353000785701,0.20850898379184787,-0.0,-0.0,-0.020552429731581494,-0.0,-0.0,-0.0,-0.0
11.49,0.7478081841846871,-0.4520605335854502,0.05509675529368511,1.8937790919981694,-0.027947713104368797,0.7744353000785701,0.20850898379184787,-0.0,-0.0,-0.02058524040623007,-0.0,-0.0,-0.0,-0.0
11.5,0.7478081841846871,-0.4520605335854502,0.05489077214280604,1.8937790919981694,-0.027947713104368797,0.7744353000785701,0.20850898379184787,-0.0,-0.0,-0.020610063762370286,-0.0,-0.0,-0.0,-0.0
11.51,0.7478081841846871,-0.4520605335854502,0.054684580431144915,1.8937790919981694,-0.027947713104368797,0.7744353000785701,0.20850898379184787,-0.0,-0.0,-0.02062696340112457,-0.0,-0.0,-0.0,-0.0
11.52,0.7478081841846871,-0.4520605335854502,0.05447825906600454,1.8937790919981694,-0.027947713104368797,0.7744353000785701,0.20850898379184787,-0.0,-0.0,-0.020636005766852854,-0.0,-0.0,-0.0,-0.0
11.53,0.7478081841846871,-0.4520605335854502,0.0542718862762157,1.8937790919981694,-0.027947713104368797,0.7744353000785701,0.20850898379184787,-0.0,-0.0,-0.020637260101961926,-0.0,-0.0,-0.0,-0.0
11.54,0.7478081841846871,-0.4520605335854502,0.05406553958438712,1.8937790919981694,-0.027947713104368797,0.7744353000785701,0.20850898379184787,-0.0,-0.0,-0.020630798400686354,-0.0,-0.0,-0.0,-0.0
11.55,0.7478081841846871,-0.4520605335854502,0.05385929577962227,1.8937790919981694,-0.027947713104368797,0.7744353000785701,0.20850898379184787,-0.0,-0.0,-0.020616695361864987,-0.0,-0.0,-0.0,-0.0
11.56,0.7478081841846871,-0.4520605335854502,0.05365323089071385,1.8937790919981694,-0.027947713104368797,0.7744353000785701,0.20850898379184787,-0.0,-0.0,-0.020595028340737287,-0.0,-0.0,-0.0,-0.0
11.57,0.7478081841846871,-0.4520605335854502,0.05344742015982443,1.8937790919981694,-0.027947713104368797,0.7744353000785701,0.20850898379184787,-0.0,-0.0,-0.020565877299784072,-0.0,-0.0,-0.0,-0.0
11.58,0.7478081841846871,-0.4520605335854502,0.053241938016663964,1.8937790919981694,-0.027947713104368797,0.7744353000785701,0.20850898379184787,-0.0,-0.0,-0.020529324758637942,-0.0,-0.0,-0.0,-0.0
11.59,0.7478081841846871,-0.4520605335854502,0.05303685805317241,1.8937790919981694,-0.027947713104368797,0.7744353000785701,0.20850898379184787,-0.0,-0.0,-0.020485455743088823,-0.0,-0.0,-0.0,-0.0
11.6,0.7478081841846871,-0.4520605335854502,0.05283225299871681,1.8937790919981694,-0.027947713104368797,0.7744353000785701,0.20850898379184787,-0.0,-0.0,-0.0204343577332101,-0.0,-0.0,-0.0,-0.0
11.61,0.7478081841846871,-0.4520605335854502,0.05262819469581144,1.8937790919981694,-0.027947713104368797,0.7744353000785701,0.20850898379184787,-0.0,-0.0,-0.020376120610631727,-0.0,-0.0,-0.0,-0.0
11.62,0.7478081841846871,-0.4520605335854502,0.052424754076369276,1.8937790919981694,-0.027947713104368797,0.7744353000785701,0.20850898379184787,-0.0,-0.0,-0.0203108366049865,-0.0,-0.0,-0.0,-0.0
11.63,0.7478081841846871,-0.4520605335854502,0.05222200113849304,1.8937790919981694,-0.027947713104368797,0.7744353000785701,0.20850898379184787,-0.0,-0.0,-0.02023860023955639,-0.0,-0.0,-0.0,-0.0
11.64,0.7478081841846871,-0.4520605335854502,0.0520200049238139,1.8937790919981694,-0.027947713104368797,0.7744353000785701,0.20850898379184787,-0.0,-0.0,-0.020159508276145724,-0.0,-0.0,-0.0,-0.0
11.65,0.7478081841846871,-0.4520605335854502,0.05181883349538479,1.8937790919981694,-0.027947713104368797,0.7744353000785701,0.20850898379184787,-0.0,-0.0,-0.020073659659208647,-0.0,-0.0,-0.0,-0.0
11.66,0.7478081841846871,-0.4520605335854502,0.05161855391613633,1.8937790919981694,-0.027947713104368797,0.7744353000785701,0.20850898379184787,-0.0,-0.0,-0.01998115545925823,-0.0,-0.0,-0.0,-0.0
11.67,0.7478081841846871,-0.4520605335854502,0.05141923222790214,1.8937790919981694,-0.027947713104368797,0.7744353000785701,0.20850898379184787,-0.0,-0.0,-0.0198820988155852,-0.0,-0.0,-0.0,-0.0
11.68,0.7478081841846871,-0.4520605335854502,0.051220933431020216,1.8937790919981694,-0.027947713104368797,0.7744353000785701,0.20850898379184787,-0.0,-0.0,-0.019776594878314242,-0.0,-0.0,-0.0,-0.0
11.69,0.7478081841846871,-0.4520605335854502,0.051023721464516926,1.8937790919981694,-0.027947713104368797,0.7744353000785701,0.20850898379184787,-0.0,-0.0,-0.019664750749825977,-0.0,-0.0,-0.0,-0.0
11.7,0.7478081841846871,-0.4520605335854502,0.05082765918687996,1.8937790919981694,-0.027947713104368797,0.7744353000785701,0.20850898379184787,-0.0,-0.0,-0.019546675425573305,-0.0,-0.0,-0.0,-0.0
11.71,0.7478081841846871,-0.4520605335854502,0.05063280835742578,1.8937790919981694,-0.027947713104368797,0.7744353000785701,0.20850898379184787,-0.0,-0.0,-0.019422479734320656,-0.0,-0.0,-0.0,-0.0
11.72,0.7478081841846871,-0.4520605335854502,0.05043922961826788,1.8937790919981694,-0.027947713104368797,0.7744353000785701,0.20850898379184787,-0.0,-0.0,-0.019292276277835155,-0.0,-0.0,-0.0,-0.0
11.73,0.7478081841846871,-0.4520605335854502,0.050246982476890155,1.8937790919981694,-0.027947713104368797,0.7744353000785701,0.20850898379184787,-0.0,-0.0,-0.019156179370058243,-0.0,-0.0,-0.0,-0.0
11.74,0.7478081841846871,-0.4520605335854502,0.05005612528933161,1.8937790919981694,-0.027947713104368797,0.7744353000785701,0.20850898379184787,-0.0,-0.0,-0.019014304975787665,-0.0,-0.0,-0.0,-0.0
11.75,0.7478081841846871,-0.4520605335854502,0.04986671524398614,1.8937790919981694,-0.027947713104368797,0.7744353000785701,0.20850898379184787,-0.0,-0.0,-0.01886677064889858,-0.0,-0.0,-0.0,-0.0
11.76,0.7478081841846871,-0.4520605335854502,0.049678808346022583,1.8937790919981694,-0.027947713104368797,0.7744353000785701,0.20850898379184787,-0.0,-0.0,-0.018713695470133497,-0.0,-0.0,-0.0,-0.0
11.77,0.7478081841846871,-0.4520605335854502,0.049492459402428766,1.8937790919981694,-0.027947713104368797,0.7744353000785701,0.20850898379184787,-0.0,-0.0,-0.01855519998449071,-0.0,-0.0,-0.0,-0.0
11.78,0.7478081841846871,-0.4520605335854502,0.049307722007683484,1.8937790919981694,-0.027947713104368797,0.7744353000785701,0.20850898379184787,-0.0,-0.0,-0.018391406138240505,-0.0,-0.0,-0.0,-0.0
11.79,0.7478081841846871,-0.4520605335854502,0.04912464853006019,1.8937790919981694,-0.027947713104368797,0.7744353000785701,0.20850898379184787,-0.0,-0.0,-0.0182224372155995,-0.0,-0.0,-0.0,-0.0
11.8,0.7478081841846871,-0.4520605335854502,0.0489432900985655,1.8937790919981694,-0.027947713104368797,0.7744353000785701,0.20850898379184787,-0.0,-0.0,-0.018048417775092605,-0.0,-0.0,-0.0,-0.0
11.81,0.7478081841846871,-0.4520605335854502,0.04876369659051552,1.8937790919981694,-0.027947713104368797,0.7744353000785701,0.20850898379184787,-0.0,-0.0,-0.01786947358563262,-0.0,-0.0,-0.0,-0.0
11.82,0.7478081841846871,-0.4520605335854502,0.04858591661975249,1.8937790919981694,-0.027947713104368797,0.7744353000785701,0.20850898379184787,-0.0,-0.0,-0.017685731562347363,-0.0,-0.0,-0.0,-0.0
11.83,0.7478081841846871,-0.4520605335854502,0.04840999752550453,1.8937790919981694,-0.027947713104368797,0.7744353000785701,0.20850898379184787,-0.0,-0.0,-0.01749731970218458,-0.0,-0.0,-0.0,-0.0
11.84,0.7478081841846871,-0.4520605335854502,0.04823598536189029,1.8937790919981694,-0.027947713104368797,0.7744353000785701,0.20850898379184787,-0.0,-0.0,-0.01730436701932462,-0.0,-0.0,-0.0,-0.0
11.85,0.7478081841846871,-0.4520605335854502,0.04806392488807013,1.8937790919981694,-0.027947713104368797,0.7744353000785701,0.20850898379184787,-0.0,-0.0,-0.017107003480430507,-0.0,-0.0,-0.0,-0.0
11.86,0.7478081841846871,-0.4520605335854502,0.047893859559045654,1.8937790919981694,-0.027947713104368797,0.7744353000785701,0.20850898379184787,-0.0,-0.0,-0.01690535993976621,-0.0,-0.0,-0.0,-0.0
11.87,0.7478081841846871,-0.4520605335854502,0.047725831517108616,1.8937790919981694,-0.027947713104368797,0.7744353000785701,0.20850898379184787,-0.0,-0.0,-0.016699568074212582,-0.0,-0.0,-0.0,-0.0
11.88,0.7478081841846871,-0.4520605335854502,0.04755988158393982,1.8937790919981694,-0.027947713104368797,0.7744353000785701,0.20850898379184787,-0.0,-0.0,-0.016489760318211,-0.0,-0.0,-0.0,-0.0
11.89,0.7478081841846871,-0.4520605335854502,0.047396049253359225,1.8937790919981694,-0.027947713104368797,0.7744353000785701,0.20850898379184787,-0.0,-0.0,-0.016276069798665322,-0.0,-0.0,-0.0,-0.0
11.9,0.7478081841846871,-0.4520605335854502,0.04723437268472662,1.8937790919981694,-0.027947713104368797,0.7744353000785701,0.20850898379184787,-0.0,-0.0,-0.016058630269830797,-0.0,-0.0,-0.0,-0.0
11.91,0.7478081841846871,-0.4520605335854502,0.04707488869699378,1.8937790919981694,-0.027947713104368797,0.7744353000785701,0.20850898379184787,-0.0,-0.0,-0.015837576048221325,-0.0,-0.0,-0.0,-0.0
11.92,0.7478081841846871,-0.4520605335854502,0.04691763276340705,1.8937790919981694,-0.027947713104368797,0.7744353000785701,0.20850898379184787,-0.0,-0.0,-0.015613041947563484,-0.0,-0.0,-0.0,-0.0
11.93,0.7478081841846871,-0.4520605335854502,0.04676263900686025,1.8937790919981694,-0.027947713104368797,0.7744353000785701,0.20850898379184787,-0.0,-0.0,-0.015385163213827994,-0.0,-0.0,-0.0,-0.0
11.94,0.7478081841846871,-0.4520605335854502,0.04660994019589655,1.8937790919981694,-0.027947713104368797,0.7744353000785701,0.20850898379184787,-0.0,-0.0,-0.015154075460367265,-0.0,-0.0,-0.0,-0.0
11.95,0.7478081841846871,-0.4520605335854502,0.04645956774135842,1.8937790919981694,-0.027947713104368797,0.7744353000785701,0.20850898379184787,-0.0,-0.0,-0.014919914603189284,-0.0,-0.0,-0.0,-0.0
11.96,0.7478081841846871,-0.4520605335854502,0.04631155169368408,1.8937790919981694,-0.027947713104368797,0.7744353000785701,0.20850898379184787,-0.0,-0.0,-0.01468281679639668,-0.0,-0.0,-0.0,-0.0
11.97,0.7478081841846871,-0.4520605335854502,0.04616592074084859,1.8937790919981694,-0.027947713104368797,0.7744353000785701,0.20850898379184787,-0.0,-0.0,-0.014442918367820166,-0.0,-0.0,-0.0,-0.0
11.98,0.7478081841846871,-0.4520605335854502,0.04602270220694733,1.8937790919981694,-0.027947713104368797,0.7744353000785701,0.20850898379184787,-0.0,-0.0,-0.014200355754875243,-0.0,-0.0,-0.0,-0.0
11.99,0.7478081841846871,-0.4520605335854502,0.04588192205141996,1.8937790919981694,-0.027947713104368797,0.7744353000785701,0.20850898379184787,-0.0,-0.0,-0.013955265440671353,-0.0,-0.0,-0.0,-0.0
12.0,0.7478081841846871,-0.4520605335854502,0.04574360486891176,1.8937790919981694,-0.027947713104368797,0.7744353000785701,0.20850898379184787,-0.0,-0.0,-0.013707783890401889,-0.0,-0.0,-0.0,-0.0
12.01,0.7478081841846871,-0.4520605335854502,0.04560777388976954,1.8937790919981694,-0.027947713104368797,0.7744353000785701,0.20850898379184787,-0.0,-0.0,-0.013458047488043095,-0.0,-0.0,-0.0,-0.0
12.02,0.7478081841846871,-0.4520605335854502,0.045474450981168896,1.8937790919981694,-0.027947713104368797,0.7744353000785701,0.20850898379184787,-0.0,-0.0,-0.01320619247339081,-0.0,-0.0,-0.0,-0.0
12.03,0.7478081841846871,-0.4520605335854502,0.04534365664886942,1.8937790919981694,-0.027947713104368797,0.7744353000785701,0.20850898379184787,-0.0,-0.0,-0.012952354879462518,-0.0,-0.0,-0.0,-0.0
12.04,0.7478081841846871,-0.4520605335854502,0.045215410039593715,1.8937790919981694,-0.027947713104368797,0.7744353000785701,0.20850898379184787,-0.0,-0.0,-0.012696670470292515,-0.0,-0.0,-0.0,-0.0
12.05,0.7478081841846871,-0.4520605335854502,0.04508972894402657,1.8937790919981694,-0.027947713104368797,0.7744353000785701,0.20850898379184787,-0.0,-0.0,-0.012439274679147804,-0.0,-0.0,-0.0,-0.0
12.06,0.7478081841846871,-0.4520605335854502,0.04496662980042976,1.8937790919981694,-0.027947713104368797,0.7744353000785701,0.20850898379184787,-0.0,-0.0,-0.012180302547192233,-0.0,-0.0,-0.0,-0.0
12.07,0.7478081841846871,-0.4520605335854502,0.04484612769886772,1.8937790919981694,-0.027947713104368797,0.7744353000785701,0.20850898379184787,-0.0,-0.0,-0.011919888662624825,-0.0,-0.0,-0.0,-0.0
12.08,0.7478081841846871,-0.4520605335854502,0.04472823638603938,1.8937790919981694,-0.027947713104368797,0.7744353000785701,0.20850898379184787,-0.0,-0.0,-0.011658167100320317,-0.0,-0.0,-0.0,-0.0
12.09,0.7478081841846871,-0.4520605335854502,0.044612968270711095,1.8937790919981694,-0.027947713104368797,0.7744353000785701,0.20850898379184787,-0.0,-0.0,-0.011395271361997344,-0.0,-0.0,-0.0,-0.0
12.1,0.7478081841846871,-0.4520605335854502,0.04450033442974508,1.8937790919981694,-0.027947713104368797,0.7744353000785701,0.20850898379184787,-0.0,-0.0,-0.011131334316940824,-0.0,-0.0,-0.0,-0.0
12.11,0.7478081841846871,-0.4520605335854502,0.04439034461471763,1.8937790919981694,-0.027947713104368797,0.7744353000785701,0.20850898379184787,-0.0,-0.0,-0.010866488143303767,-0.0,-0.0,-0.0,-0.0
12.12,0.7478081841846871,-0.4520605335854502,0.044283007259121536,1.8937790919981694,-0.027947713104368797,0.7744353000785701,0.20850898379184787,-0.0,-0.0,-0.010600864270014752,-0.0,-0.0,-0.0,-0.0
12.13,0.7478081841846871,-0.4520605335854502,0.04417832948614607,1.8937790919981694,-0.027947713104368797,0.7744353000785701,0.20850898379184787,-0.0,-0.0,-0.010334593319315133,-0.0,-0.0,-0.0,-0.0
12.14,0.7478081841846871,-0.4520605335854502,0.04407631711702858,1.8937790919981694,-0.027947713104368797,0.7744353000785701,0.20850898379184787,-0.0,-0.0,-0.01006780504995185,-0.0,-0.0,-0.0,-0.0
12.15,0.7478081841846871,-0.4520605335854502,0.043976974679970485,1.8937790919981694,-0.027947713104368797,0.7744353000785701,0.20850898379184787,-0.0,-0.0,-0.009800628301048914,-0.0,-0.0,-0.0,-0.0
12.16,0.7478081841846871,-0.4520605335854502,0.04388030541961139,1.8937790919981694,-0.027947713104368797,0.7744353000785701,0.20850898379184787,-0.0,-0.0,-0.009533190936682878,-0.0,-0.0,-0.0,-0.0
12.17,0.7478081841846871,-0.4520605335854502,0.04378631130705353,1.8937790919981694,-0.027947713104368797,0.7744353000785701,0.20850898379184787,-0.0,-0.0,-0.009265619791184749,-0.0,-0.0,-0.0,-0.0
12.18,0.7478081841846871,-0.4520605335854502,0.043694993050429676,1.8937790919981694,-0.027947713104368797,0.7744353000785701,0.20850898379184787,-0.0,-0.0,-0.008998040615192354,-0.0,-0.0,-0.0,-0.0
12.19,0.7478081841846871,-0.4520605335854502,0.0436063501060066,1.8937790919981694,-0.027947713104368797,0.7744353000785701,0.20850898379184787,-0.0,-0.0,-0.008730578022475583,-0.0,-0.0,-0.0,-0.0
12.2,0.7478081841846871,-0.4520605335854502,0.0435203806898163,1.8937790919981694,-0.027947713104368797,0.7744353000785701,0.20850898379184787,-0.0,-0.0,-0.008463355437557052,-0.0,-0.0,-0.0,-0.0
12.21,0.7478081841846871,-0.4520605335854502,0.0434370817898069,1.8937790919981694,-0.027947713104368797,0.7744353000785701,0.20850898379184787,-0.0,-0.0,-0.008196495044149614,-0.0,-0.0,-0.0,-0.0
12.22,0.7478081841846871,-0.4520605335854502,0.04335644917850528,1.8937790919981694,-0.027947713104368797,0.7744353000785701,0.20850898379184787,-0.0,-0.0,-0.007930117734433854,-0.0,-0.0,-0.0,-0.0
12.23,0.7478081841846871,-0.4520605335854502,0.04327847742618215,1.8937790919981694,-0.027947713104368797,0.7744353000785701,0.20850898379184787,-0.0,-0.0,-0.007664343059193938,-0.0,-0.0,-0.0,-0.0
12.24,0.7478081841846871,-0.4520605335854502,0.04320315991451194,1.8937790919981694,-0.027947713104368797,0.7744353000785701,0.20850898379184787,-0.0,-0.0,-0.007399289178835454,-0.0,-0.0,-0.0,-0.0
12.25,0.7478081841846871,-0.4520605335854502,0.043130488850717616,1.8937790919981694,-0.027947713104368797,0.7744353000785701,0.20850898379184787,-0.0,-0.0,-0.007135072815303345,-0.0,-0.0,-0.0,-0.0
12.26,0.7478081841846871,-0.4520605335854502,0.04306045528219184,1.8937790919981694,-0.027947713104368797,0.7744353000785701,0.20850898379184787,-0.0,-0.0,-0.006871809204920114,-0.0,-0.0,-0.0,-0.0
12.27,0.7478081841846871,-0.4520605335854502,0.0429930491115852,1.8937790919981694,-0.027947713104368797,0.7744353000785701,0.20850898379184787,-0.0,-0.0,-0.006609612052164499,-0.0,-0.0,-0.0,-0.0
12.28,0.7478081841846871,-0.4520605335854502,0.04292825911235172,1.8937790919981694,-0.027947713104368797,0.7744353000785701,0.20850898379184787,-0.0,-0.0,-0.006348593484407915,-0.0,-0.0,-0.0,-0.0
12.29,0.7478081841846871,-0.4520605335854502,0.04286607294474215,1.8937790919981694,-0.027947713104368797,0.7744353000785701,0.20850898379184787,-0.0,-0.0,-0.006088864007627668,-0.0,-0.0,-0.0,-0.0
12.3,0.7478081841846871,-0.4520605335854502,0.04280647717223525,1.8937790919981694,-0.027947713104368797,0.7744353000785701,0.20850898379184787,-0.0,-0.0,-0.0058305324631151845,-0.0,-0.0,-0.0,-0.0
12.31,0.7478081841846871,-0.4520605335854502,0.042749457278396935,1.8937790919981694,-0.027947713104368797,0.7744353000785701,0.20850898379184787,-0.0,-0.0,-0.005573705985195615,-0.0,-0.0,-0.0,-0.0
12.32,0.7478081841846871,-0.4520605335854502,0.04269499768415695,1.8937790919981694,-0.027947713104368797,0.7744353000785701,0.20850898379184787,-0.0,-0.0,-0.00531848995997538,-0.0,-0.0,-0.0,-0.0
12.33,0.7478081841846871,-0.4520605335854502,0.04264308176549308,1.8937790919981694,-0.027947713104368797,0.7744353000785701,0.20850898379184787,-0.0,-0.0,-0.005064987985135554,-0.0,-0.0,-0.0,-0.0
12.34,0.7478081841846871,-0.4520605335854502,0.04259369187151198,1.8937790919981694,-0.027947713104368797,0.7744353000785701,0.20850898379184787,-0.0,-0.0,-0.004813301830784676,-0.0,-0.0,-0.0,-0.0
12.35,0.7478081841846871,-0.4520605335854502,0.042546809342916124,1.8937790919981694,-0.027947713104368797,0.7744353000785701,0.20850898379184787,-0.0,-0.0,-0.004563531401387306,-0.0,-0.0,-0.0,-0.0
12.36,0.7478081841846871,-0.4520605335854502,0.042502414530846175,1.8937790919981694,-0.027947713104368797,0.7744353000785701,0.20850898379184787,-0.0,-0.0,-0.00431577469878304,-0.0,-0.0,-0.0,-0.0
12.37,0.7478081841846871,-0.4520605335854502,0.04246048681608743,1.8937790919981694,-0.027947713104368797,0.7744353000785701,0.20850898379184787,-0.0,-0.0,-0.00407012778630944,-0.0,-0.0,-0.0,-0.0
12.38,0.7478081841846871,-0.4520605335854502,0.042421004628629626,1.8937790919981694,-0.027947713104368797,0.7744353000785701,0.20850898379184787,-0.0,-0.0,-0.0038266847540423983,-0.0,-0.0,-0.0,-0.0
12.39,0.7478081841846871,-0.4520605335854502,0.042383945467568664,1.8937790919981694,-0.027947713104368797,0.7744353000785701,0.20850898379184787,-0.0,-0.0,-0.0035855376851681936,-0.0,-0.0,-0.0,-0.0
12.4,0.7478081841846871,-0.4520605335854502,0.042349285921338825,1.8937790919981694,-0.027947713104368797,0.7744353000785701,0.20850898379184787,-0.0,-0.0,-0.003346776623497169,-0.0,-0.0,-0.0,-0.0
12.41,0.7478081841846871,-0.4520605335854502,0.042317001688264244,1.8937790919981694,-0.027947713104368797,0.7744353000785701,0.20850898379184787,-0.0,-0.0,-0.003110489542133625,-0.0,-0.0,-0.0,-0.0
12.42,0.7478081841846871,-0.4520605335854502,0.04228706759741768,1.8937790919981694,-0.027947713104368797,0.7744353000785701,0.20850898379184787,-0.0,-0.0,-0.002876762313311149,-0.0,-0.0,-0.0,-0.0
12.43,0.7478081841846871,-0.4520605335854502,0.04225945762977521,1.8937790919981694,-0.027947713104368797,0.7744353000785701,0.20850898379184787,-0.0,-0.0,-0.002645678679405028,-0.0,-0.0,-0.0,-0.0
12.44,0.7478081841846871,-0.4520605335854502,0.04223414493965477,1.8937790919981694,-0.027947713104368797,0.7744353000785701,0.20850898379184787,-0.0,-0.0,-0.002417320225131344,-0.0,-0.0,-0.0,-0.0
12.45,0.7478081841846871,-0.4520605335854502,0.042211101876426765,1.8937790919981694,-0.027947713104368797,0.7744353000785701,0.20850898379184787,-0.0,-0.0,-0.002191766350943103,-0.0,-0.0,-0.0,-0.0
12.46,0.7478081841846871,-0.4520605335854502,0.04219030000648476,1.8937790919981694,-0.027947713104368797,0.7744353000785701,0.20850898379184787,-0.0,-0.0,-0.001969094247631134,-0.0,-0.0,-0.0,-0.0
12.47,0.7478081841846871,-0.4520605335854502,0.04217171013546397,1.8937790919981694,-0.027947713104368797,0.7744353000785701,0.20850898379184787,-0.0,-0.0,-0.0017493788721391122,-0.0,-0.0,-0.0,-0.0
12.48,0.7478081841846871,-0.4520605335854502,0.042155302330695615,1.8937790919981694,-0.027947713104368797,0.7744353000785701,0.20850898379184787,-0.0,-0.0,-0.0015326929245999797,-0.0,-0.0,-0.0,-0.0
12.49,0.7478081841846871,-0.4520605335854502,0.04214104594388471,1.8937790919981694,-0.027947713104368797,0.7744353000785701,0.20850898379184787,-0.0,-0.0,-0.0013191068266007872,-0.0,-0.0,-0.0,-0.0
12.5,0.7478081841846871,-0.4520605335854502,0.04212890963399905,1.8937790919981694,-0.027947713104368797,0.7744353000785701,0.20850898379184787,-0.0,-0.0,-0.001108688700683261,-0.0,-0.0,-0.0,-0.0
12.51,0.7478081841846871,-0.4520605335854502,0.04211886139035704,1.8937790919981694,-0.027947713104368797,0.7744353000785701,0.20850898379184787,-0.0,-0.0,-0.0009015043510849937,-0.0,-0.0,-0.0,-0.0
12.52,0.7478081841846871,-0.4520605335854502,0.04211086855590175,1.8937790919981694,-0.027947713104368797,0.7744353000785701,0.20850898379184787,-0.0,-0.0,-0.0006976172457272952,-0.0,-0.0,-0.0,-0.0
12.53,0.7478081841846871,-0.4520605335854502,0.04210489785064901,1.8937790919981694,-0.027947713104368797,0.7744353000785701,0.20850898379184787,-0.0,-0.0,-0.0004970884994545459,-0.0,-0.0,-0.0,-0.0
12.54,0.7478081841846871,-0.4520605335854502,0.04210091539529672,1.8937790919981694,-0.027947713104368797,0.7744353000785701,0.20850898379184787,-0.0,-0.0,-0.0002999768585286887,-0.0,-0.0,-0.0,-0.0
12.55,0.7478081841846871,-0.4520605335854502,0.04209888673498295,1.8937790919981694,-0.027947713104368797,0.7744353000785701,0.20850898379184787,-0.0,-0.0,-0.00010633868638251443,-0.0,-0.0,-0.0,-0.0
12.56,0.7478081841846871,-0.4520605335854502,0.042098776863180226,1.8937790919981694,-0.027947713104368797,0.7744353000785701,0.20850898379184787,0.0,0.0,8.377204936448987e-05,0.0,0.0,0.0,0.0
12.57,0.7478081841846871,-0.4520605335854502,0.04210055024571328,1.8937790919981694,-0.027947713104368797,0.7744353000785701,0.20850898379184787,0.0,0.0,0.0002703037886269624,0.0,0.0,0.0,0.0
12.58,0.7478081841846871,-0.4520605335854502,0.04210417084488779,1.8937790919981694,-0.027947713104368797,0.7744353000785701,0.20850898379184787,0.0,0.0,0.00045320738930811733,0.0,0.0,0.0,0.0
12.59,0.7478081841846871,-0.4520605335854502,0.042109602143717194,1.8937790919981694,-0.027947713104368797,0.7744353000785701,0.20850898379184787,0.0,0.0,0.0006324361364869771,0.0,0.0,0.0,0.0
12.6,0.7478081841846871,-0.4520605335854502,0.04211680717023512,1.8937790919981694,-0.027947713104368797,0.7744353000785701,0.20850898379184787,0.0,0.0,0.0008079457503384487,0.0,0.0,0.0,0.0
12.61,0.7478081841846871,-0.4520605335854502,0.04212574852188069,1.8937790919981694,-0.027947713104368797,0.7744353000785701,0.20850898379184787,0.0,0.0,0.000979694392785912,0.0,0.0,0.0,0.0
12.62,0.7478081841846871,-0.4520605335854502,0.04213638838994396,1.8937790919981694,-0.027947713104368797,0.7744353000785701,0.20850898379184787,0.0,0.0,0.0011476426728867124,0.0,0.0,0.0,0.0
12.63,0.7478081841846871,-0.4520605335854502,0.042148688584058944,1.8937790919981694,-0.027947713104368797,0.7744353000785701,0.20850898379184787,0.0,0.0,0.0013117536509526656,0.0,0.0,0.0,0.0
12.64,0.7478081841846871,-0.4520605335854502,0.04216261055673144,1.8937790919981694,-0.027947713104368797,0.7744353000785701,0.20850898379184787,0.0,0.0,0.0014719928414067844,0.0,0.0,0.0,0.0
12.65,0.7478081841846871,-0.4520605335854502,0.04217811542788923,1.8937790919981694,-0.027947713104368797,0.7744353000785701,0.20850898379184787,0.0,0.0,0.0016283282143790823,0.0,0.0,0.0,0.0
12.66,0.7478081841846871,-0.4520605335854502,0.04219516400944186,1.8937790919981694,-0.027947713104368797,0.7744353000785701,0.20850898379184787,0.0,0.0,0.001780730196044439,0.0,0.0,0.0,0.0
12.67,0.7478081841846871,-0.4520605335854502,0.04221371682983754,1.8937790919981694,-0.027947713104368797,0.7744353000785701,0.20850898379184787,0.0,0.0,0.001929171667706396,0.0,0.0,0.0,0.0
12.68,0.7478081841846871,-0.4520605335854502,0.04223373415860467,1.8937790919981694,-0.027947713104368797,0.7744353000785701,0.20850898379184787,0.0,0.0,0.0020736279636307605,0.0,0.0,0.0,0.0
12.69,0.7478081841846871,-0.4520605335854502,0.04225517603086541,1.8937790919981694,-0.027947713104368797,0.7744353000785701,0.20850898379184787,0.0,0.0,0.002214076867634477,0.0,0.0,0.0,0.0
12.7,0.7478081841846871,-0.4520605335854502,0.042278002271809,1.8937790919981694,-0.027947713104368797,0.7744353000785701,0.20850898379184787,0.0,0.0,0.0023504986084349477,0.0,0.0,0.0,0.0
12.71,0.7478081841846871,-0.4520605335854502,0.042302172521112326,1.8937790919981694,-0.027947713104368797,0.7744353000785701,0.20850898379184787,0.0,0.0,0.0024828758537655915,0.0,0.0,0.0,0.0
12.72,0.7478081841846871,-0.4520605335854502,0.04232764625729557,1.8937790919981694,-0.027947713104368797,0.7744353000785701,0.20850898379184787,0.0,0.0,0.002611193703264859,0.0,0.0,0.0,0.0
12.73,0.7478081841846871,-0.4520605335854502,0.04235438282200065,1.8937790919981694,-0.027947713104368797,0.7744353000785701,0.20850898379184787,0.0,0.0,0.0027354396801454834,0.0,0.0,0.0,0.0
12.74,0.7478081841846871,-0.4520605335854502,0.04238234144418018,1.8937790919981694,-0.027947713104368797,0.7744353000785701,0.20850898379184787,0.0,0.0,0.002855603721651852,0.0,0.0,0.0,0.0
12.75,0.7478081841846871,-0.4520605335854502,0.04241148126418515,1.8937790919981694,-0.027947713104368797,0.7744353000785701,0.20850898379184787,0.0,0.0,0.002971678168314037,0.0,0.0,0.0,0.0
12.76,0.7478081841846871,-0.4520605335854502,0.04244176135773898,1.8937790919981694,-0.027947713104368797,0.7744353000785701,0.20850898379184787,0.0,0.0,0.0030836577520069646,0.0,0.0,0.0,0.0
12.77,0.7478081841846871,-0.4520605335854502,0.04247314075978636,1.8937790919981694,-0.027947713104368797,0.7744353000785701,0.20850898379184787,0.0,0.0,0.0031915395828247192,0.0,0.0,0.0,0.0
12.78,0.7478081841846871,-0.4520605335854502,0.04250557848820497,1.8937790919981694,-0.027947713104368797,0.7744353000785701,0.20850898379184787,0.0,0.0,0.0032953231347797422,0.0,0.0,0.0,0.0
12.79,0.7478081841846871,-0.4520605335854502,0.04253903356736819,1.8937790919981694,-0.027947713104368797,0.7744353000785701,0.20850898379184787,0.0,0.0,0.003395010230337313,0.0,0.0,0.0,0.0
12.8,0.7478081841846871,-0.4520605335854502,0.04257346505154759,1.8937790919981694,-0.027947713104368797,0.7744353000785701,0.20850898379184787,0.0,0.0,0.0034906050237968347,0.0,0.0,0.0,0.0
12.81,0.7478081841846871,-0.4520605335854502,0.04260883204814335,1.8937790919981694,-0.027947713104368797,0.7744353000785701,0.20850898379184787,0.0,0.0,0.0035821139835312712,0.0,0.0,0.0,0.0
12.82,0.7478081841846871,-0.4520605335854502,0.042645093740731506,1.8937790919981694,-0.027947713104368797,0.7744353000785701,0.20850898379184787,0.0,0.0,0.0036695458730970176,0.0,0.0,0.0,0.0
12.83,0.7478081841846871,-0.4520605335854502,0.0426822094119167,1.8937790919981694,-0.027947713104368797,0.7744353000785701,0.20850898379184787,0.0,0.0,0.0037529117312268333,0.0,0.0,0.0,0.0
12.84,0.7478081841846871,-0.4520605335854502,0.042720138465979246,1.8937790919981694,-0.027947713104368797,0.7744353000785701,0.20850898379184787,0.0,0.0,0.003832224850719257,0.0,0.0,0.0,0.0
12.85,0.7478081841846871,-0.4520605335854502,0.04275884045130576,1.8937790919981694,-0.027947713104368797,0.7744353000785701,0.20850898379184787,0.0,0.0,0.003907500756237804,0.0,0.0,0.0,0.0
12.86,0.7478081841846871,-0.4520605335854502,0.04279827508259222,1.8937790919981694,-0.027947713104368797,0.7744353000785701,0.20850898379184787,0.0,0.0,0.003978757181034683,0.0,0.0,0.0,0.0
12.87,0.7478081841846871,-0.4520605335854502,0.04283840226280917,1.8937790919981694,-0.027947713104368797,0.7744353000785701,0.20850898379184787,0.0,0.0,0.004046014042613424,0.0,0.0,0.0,0.0
12.88,0.7478081841846871,-0.4520605335854502,0.04287918210491806,1.8937790919981694,-0.027947713104368797,0.7744353000785701,0.20850898379184787,0.0,0.0,0.004109293417345615,0.0,0.0,0.0,0.0
12.89,0.7478081841846871,-0.4520605335854502,0.04292057495332877,1.8937790919981694,-0.027947713104368797,0.7744353000785701,0.20850898379184787,0.0,0.0,0.004168619514057563,0.0,0.0,0.0,0.0
12.9,0.7478081841846871,-0.4520605335854502,0.04296254140508791,1.8937790919981694,-0.027947713104368797,0.7744353000785701,0.20850898379184787,0.0,0.0,0.004224018646603112,0.0,0.0,0.0,0.0
12.91,0.7478081841846871,-0.4520605335854502,0.04300504233078767,1.8937790919981694,-0.027947713104368797,0.7744353000785701,0.20850898379184787,0.0,0.0,0.0042755192054388606,0.0,0.0,0.0,0.0
12.92,0.7478081841846871,-0.4520605335854502,0.04304803889518572,1.8937790919981694,-0.027947713104368797,0.7744353000785701,0.20850898379184787,0.0,0.0,0.004323151628219262,0.0,0.0,0.0,0.0
12.93,0.7478081841846871,-0.4520605335854502,0.04309149257752619,1.8937790919981694,-0.027947713104368797,0.7744353000785701,0.20850898379184787,0.0,0.0,0.004366948369428925,0.0,0.0,0.0,0.0
12.94,0.7478081841846871,-0.4520605335854502,0.04313536519155203,1.8937790919981694,-0.027947713104368797,0.7744353000785701,0.20850898379184787,0.0,0.0,0.004406943869070019,0.0,0.0,0.0,0.0
12.95,0.7478081841846871,-0.4520605335854502,0.04317961890519993,1.8937790919981694,-0.027947713104368797,0.7744353000785701,0.20850898379184787,0.0,0.0,0.004443174520423275,0.0,0.0,0.0,0.0
12.96,0.7478081841846871,-0.4520605335854502,0.043224216259968015,1.8937790919981694,-0.027947713104368797,0.7744353000785701,0.20850898379184787,0.0,0.0,0.004475678636901407,0.0,0.0,0.0,0.0
12.97,0.7478081841846871,-0.4520605335854502,0.04326912018994771,1.8937790919981694,-0.027947713104368797,0.7744353000785701,0.20850898379184787,0.0,0.0,0.004504496418013897,0.0,0.0,0.0,0.0
12.98,0.7478081841846871,-0.4520605335854502,0.043314294040511014,1.8937790919981694,-0.027947713104368797,0.7744353000785701,0.20850898379184787,0.0,0.0,0.004529669914463149,0.0,0.0,0.0,0.0
12.99,0.7478081841846871,-0.4520605335854502,0.04335970158664424,1.8937790919981694,-0.027947713104368797,0.7744353000785701,0.20850898379184787,0.0,0.0,0.004551242992391643,0.0,0.0,0.0,0.0
13.0,0.7478081841846871,-0.4520605335854502,0.04340530705092027,1.8937790919981694,-0.027947713104368797,0.7744353000785701,0.20850898379184787,0.0,0.0,0.004569261296800624,0.0,0.0,0.0,0.0
13.01,0.7478081841846871,-0.4520605335854502,0.04345107512110082,1.8937790919981694,-0.027947713104368797,0.7744353000785701,0.20850898379184787,0.0,0.0,0.004583772214161157,0.0,0.0,0.0,0.0
13.02,0.7478081841846871,-0.4520605335854502,0.043496970967360944,1.8937790919981694,-0.027947713104368797,0.7744353000785701,0.20850898379184787,0.0,0.0,0.004594824834238358,0.0,0.0,0.0,0.0
13.03,0.7478081841846871,-0.4520605335854502,0.04354296025912786,1.8937790919981694,-0.027947713104368797,0.7744353000785701,0.20850898379184787,0.0,0.0,0.004602469911150593,0.0,0.0,0.0,0.0
13.04,0.7478081841846871,-0.4520605335854502,0.04358900918152665,1.8937790919981694,-0.027947713104368797,0.7744353000785701,0.20850898379184787,0.0,0.0,0.0046067598236851715,0.0,0.0,0.0,0.0
13.05,0.7478081841846871,-0.4520605335854502,0.043635084451425665,1.8937790919981694,-0.027947713104368797,0.7744353000785701,0.20850898379184787,0.0,0.0,0.004607748534892754,0.0,0.0,0.0,0.0
13.06,0.7478081841846871,-0.4520605335854502,0.04368115333307396,1.8937790919981694,-0.027947713104368797,0.7744353000785701,0.20850898379184787,0.0,0.0,0.004605491550982916,0.0,0.0,0.0,0.0
13.07,0.7478081841846871,-0.4520605335854502,0.04372718365332477,1.8937790919981694,-0.027947713104368797,0.7744353000785701,0.20850898379184787,0.0,0.0,0.004600045879543523,0.0,0.0,0.0,0.0
13.08,0.7478081841846871,-0.4520605335854502,0.04377314381643752,1.8937790919981694,-0.027947713104368797,0.7744353000785701,0.20850898379184787,0.0,0.0,0.004591469987107041,0.0,0.0,0.0,0.0
13.09,0.7478081841846871,-0.4520605335854502,0.04381900281845249,1.8937790919981694,-0.027947713104368797,0.7744353000785701,0.20850898379184787,0.0,0.0,0.004579823756087011,0.0,0.0,0.0,0.0
13.1,0.7478081841846871,-0.4520605335854502,0.043864730261131836,1.8937790919981694,-0.027947713104368797,0.7744353000785701,0.20850898379184787,0.0,0.0,0.004565168441108264,0.0,0.0,0.0,0.0
13.11,0.7478081841846871,-0.4520605335854502,0.04391029636546083,1.8937790919981694,-0.027947713104368797,0.7744353000785701,0.20850898379184787,0.0,0.0,0.004547566624754849,0.0,0.0,0.0,0.0
13.12,0.7478081841846871,-0.4520605335854502,0.04395567198470391,1.8937790919981694,-0.027947713104368797,0.7744353000785701,0.20850898379184787,0.0,0.0,0.004527082172759522,0.0,0.0,0.0,0.0
13.13,0.7478081841846871,-0.4520605335854502,0.0440008286170099,1.8937790919981694,-0.027947713104368797,0.7744353000785701,0.20850898379184787,0.0,0.0,0.004503780188659379,0.0,0.0,0.0,0.0
13.14,0.7478081841846871,-0.4520605335854502,0.04404573841756109,1.8937790919981694,-0.027947713104368797,0.7744353000785701,0.20850898379184787,0.0,0.0,0.00447772696794201,0.0,0.0,0.0,0.0
13.15,0.7478081841846871,-0.4520605335854502,0.04409037421026158,1.8937790919981694,-0.027947713104368797,0.7744353000785701,0.20850898379184787,0.0,0.0,0.00444898995170692,0.0,0.0,0.0,0.0
13.16,0.7478081841846871,-0.4520605335854502,0.044134709498959694,1.8937790919981694,-0.027947713104368797,0.7744353000785701,0.20850898379184787,0.0,0.0,0.004417637679867363,0.0,0.0,0.0,0.0
13.17,0.7478081841846871,-0.4520605335854502,0.04417871847820034,1.8937790919981694,-0.027947713104368797,0.7744353000785701,0.20850898379184787,0.0,0.0,0.004383739743917485,0.0,0.0,0.0,0.0
13.18,0.7478081841846871,-0.4520605335854502,0.044222376043502896,1.8937790919981694,-0.027947713104368797,0.7744353000785701,0.20850898379184787,0.0,0.0,0.004347366739290345,0.0,0.0,0.0,0.0
13.19,0.7478081841846871,-0.4520605335854502,0.04426565780116086,1.8937790919981694,-0.027947713104368797,0.7744353000785701,0.20850898379184787,0.0,0.0,0.004308590217332029,0.0,0.0,0.0,0.0
13.2,0.7478081841846871,-0.4520605335854502,0.044308540077559265,1.8937790919981694,-0.027947713104368797,0.7744353000785701,0.20850898379184787,0.0,0.0,0.004267482636917833,0.0,0.0,0.0,0.0
13.21,0.7478081841846871,-0.4520605335854502,0.04435099992800668,1.8937790919981694,-0.027947713104368797,0.7744353000785701,0.20850898379184787,0.0,0.0,0.004224117315735957,0.0,0.0,0.0,0.0
13.22,0.7478081841846871,-0.4520605335854502,0.04439301514507852,1.8937790919981694,-0.027947713104368797,0.7744353000785701,0.20850898379184787,0.0,0.0,0.004178568381264793,0.0,0.0,0.0,0.0
13.23,0.7478081841846871,-0.4520605335854502,0.04443456426646858,1.8937790919981694,-0.027947713104368797,0.7744353000785701,0.20850898379184787,0.0,0.0,0.004130910721469871,0.0,0.0,0.0,0.0
13.24,0.7478081841846871,-0.4520605335854502,0.044475626582346356,1.8937790919981694,-0.027947713104368797,0.7744353000785701,0.20850898379184787,0.0,0.0,0.004081219935246424,0.0,0.0,0.0,0.0
13.25,0.7478081841846871,-0.4520605335854502,0.04451618214221763,1.8937790919981694,-0.027947713104368797,0.7744353000785701,0.20850898379184787,0.0,0.0,0.004029572282633826,0.0,0.0,0.0,0.0
13.26,0.7478081841846871,-0.4520605335854502,0.04455621176128605,1.8937790919981694,-0.027947713104368797,0.7744353000785701,0.20850898379184787,0.0,0.0,0.003976044634828382,0.0,0.0,0.0,0.0
13.27,0.7478081841846871,-0.4520605335854502,0.04459569702631411,1.8937790919981694,-0.027947713104368797,0.7744353000785701,0.20850898379184787,0.0,0.0,0.003920714424020447,0.0,0.0,0.0,0.0
13.28,0.7478081841846871,-0.4520605335854502,0.04463462030098155,1.8937790919981694,-0.027947713104368797,0.7744353000785701,0.20850898379184787,0.0,0.0,0.0038636595930826205,0.0,0.0,0.0,0.0
13.29,0.7478081841846871,-0.4520605335854502,0.04467296473074021,1.8937790919981694,-0.027947713104368797,0.7744353000785701,0.20850898379184787,0.0,0.0,0.0038049585451352384,0.0,0.0,0.0,0.0
13.3,0.7478081841846871,-0.4520605335854502,0.04471071424716379,1.8937790919981694,-0.027947713104368797,0.7744353000785701,0.20850898379184787,0.0,0.0,0.0037446900930157468,0.0,0.0,0.0,0.0
13.31,0.7478081841846871,-0.4520605335854502,0.04474785357179219,1.8937790919981694,-0.027947713104368797,0.7744353000785701,0.20850898379184787,0.0,0.0,0.003682933408678312,0.0,0.0,0.0,0.0
13.32,0.7478081841846871,-0.4520605335854502,0.044784368219469406,1.8937790919981694,-0.027947713104368797,0.7744353000785701,0.20850898379184787,0.0,0.0,0.0036197679725502195,0.0,0.0,0.0,0.0
13.33,0.7478081841846871,-0.4520605335854502,0.044820244501175,1.8937790919981694,-0.027947713104368797,0.7744353000785701,0.20850898379184787,0.0,0.0,0.0035552735228715354,0.0,0.0,0.0,0.0
13.34,0.7478081841846871,-0.4520605335854502,0.044855469526348946,1.8937790919981694,-0.027947713104368797,0.7744353000785701,0.20850898379184787,0.0,0.0,0.0034895300050443987,0.0,0.0,0.0,0.0
13.35,0.7478081841846871,-0.4520605335854502,0.044890031204710114,1.8937790919981694,-0.027947713104368797,0.7744353000785701,0.20850898379184787,0.0,0.0,0.0034226175210184317,0.0,0.0,0.0,0.0
13.36,0.7478081841846871,-0.4520605335854502,0.044923918247568966,1.8937790919981694,-0.027947713104368797,0.7744353000785701,0.20850898379184787,0.0,0.0,0.0033546162787384004,0.0,0.0,0.0,0.0
13.37,0.7478081841846871,-0.4520605335854502,0.044957120168635054,1.8937790919981694,-0.027947713104368797,0.7744353000785701,0.20850898379184787,0.0,0.0,0.0032856065416808026,0.0,0.0,0.0,0.0
13.38,0.7478081841846871,-0.4520605335854502,0.04498962728432052,1.8937790919981694,-0.027947713104368797,0.7744353000785701,0.20850898379184787,0.0,0.0,0.0032156685785051493,0.0,0.0,0.0,0.0
13.39,0.7478081841846871,-0.4520605335854502,0.04502143071354078,1.8937790919981694,-0.027947713104368797,0.7744353000785701,0.20850898379184787,0.0,0.0,0.0031448826128462927,0.0,0.0,0.0,0.0
13.4,0.7478081841846871,-0.4520605335854502,0.04505252237701385,1.8937790919981694,-0.027947713104368797,0.7744353000785701,0.20850898379184787,0.0,0.0,0.0030733287732738765,0.0,0.0,0.0,0.0
13.41,0.7478081841846871,-0.4520605335854502,0.04508289499606035,1.8937790919981694,-0.027947713104368797,0.7744353000785701,0.20850898379184787,0.0,0.0,0.00300108704344462,0.0,0.0,0.0,0.0
13.42,0.7478081841846871,-0.4520605335854502,0.04511254209090604,1.8937790919981694,-0.027947713104368797,0.7744353000785701,0.20850898379184787,0.0,0.0,0.002928237212473243,0.0,0.0,0.0,0.0
13.43,0.7478081841846871,-0.4520605335854502,0.0451414579784892,1.8937790919981694,-0.027947713104368797,0.7744353000785701,0.20850898379184787,0.0,0.0,0.0028548588255479703,0.0,0.0,0.0,0.0
13.44,0.7478081841846871,-0.4520605335854502,0.045169637769775624,1.8937790919981694,-0.027947713104368797,0.7744353000785701,0.20850898379184787,0.0,0.0,0.002781031134815577,0.0,0.0,0.0,0.0
13.45,0.7478081841846871,-0.4520605335854502,0.045197077366583814,1.8937790919981694,-0.027947713104368797,0.7744353000785701,0.20850898379184787,0.0,0.0,0.0027068330505617697,0.0,0.0,0.0,0.0
13.46,0.7478081841846871,-0.4520605335854502,0.04522377345792361,1.8937790919981694,-0.027947713104368797,0.7744353000785701,0.20850898379184787,0.0,0.0,0.0026323430927117945,0.0,0.0,0.0,0.0
13.47,0.7478081841846871,-0.4520605335854502,0.04524972351585148,1.8937790919981694,-0.027947713104368797,0.7744353000785701,0.20850898379184787,0.0,0.0,0.0025576393426764246,0.0,0.0,0.0,0.0
13.48,0.7478081841846871,-0.4520605335854502,0.045274925790846195,1.8937790919981694,-0.027947713104368797,0.7744353000785701,0.20850898379184787,0.0,0.0,0.0024827993955677356,0.0,0.0,0.0,0.0
13.49,0.7478081841846871,-0.4520605335854502,0.04529937930670853,1.8937790919981694,-0.027947713104368797,0.7744353000785701,0.20850898379184787,0.0,0.0,0.0024079003128097297,0.0,0.0,0.0,0.0
13.5,0.7478081841846871,-0.4520605335854502,0.045323083854989135,1.8937790919981694,-0.027947713104368797,0.7744353000785701,0.20850898379184787,0.0,0.0,0.0023330185751677846,0.0,0.0,0.0,0.0
13.51,0.7478081841846871,-0.4520605335854502,0.045346039988949004,1.8937790919981694,-0.027947713104368797,0.7744353000785701,0.20850898379184787,0.0,0.0,0.002258230036220988,0.0,0.0,0.0,0.0
13.52,0.7478081841846871,-0.4520605335854502,0.045368249017056855,1.8937790919981694,-0.027947713104368797,0.7744353000785701,0.20850898379184787,0.0,0.0,0.0021836098763016215,0.0,0.0,0.0,0.0
13.53,0.7478081841846871,-0.4520605335854502,0.0453897129960284,1.8937790919981694,-0.027947713104368797,0.7744353000785701,0.20850898379184787,0.0,0.0,0.00210923255692488,0.0,0.0,0.0,0.0
13.54,0.7478081841846871,-0.4520605335854502,0.04541043472341246,1.8937790919981694,-0.027947713104368797,0.7744353000785701,0.20850898379184787,0.0,0.0,0.0020351717757324107,0.0,0.0,0.0,0.0
13.55,0.7478081841846871,-0.4520605335854502,0.0454304177297292,1.8937790919981694,-0.027947713104368797,0.7744353000785701,0.20850898379184787,0.0,0.0,0.001961500421972911,0.0,0.0,0.0,0.0
13.56,0.7478081841846871,-0.4520605335854502,0.04544966627016588,1.8937790919981694,-0.027947713104368797,0.7744353000785701,0.20850898379184787,0.0,0.0,0.0018882905325420679,0.0,0.0,0.0,0.0
13.57,0.7478081841846871,-0.4520605335854502,0.04546818531583598,1.8937790919981694,-0.027947713104368797,0.7744353000785701,0.20850898379184787,0.0,0.0,0.0018156132486047826,0.0,0.0,0.0,0.0
13.58,0.7478081841846871,-0.4520605335854502,0.04548598054460746,1.8937790919981694,-0.027947713104368797,0.7744353000785701,0.20850898379184787,0.0,0.0,0.001743538772821529,0.0,0.0,0.0,0.0
13.59,0.7478081841846871,-0.4520605335854502,0.04550305833150653,1.8937790919981694,-0.027947713104368797,0.7744353000785701,0.20850898379184787,0.0,0.0,0.0016721363272007017,0.0,0.0,0.0,0.0
13.6,0.7478081841846871,-0.4520605335854502,0.04551942573870299,1.8937790919981694,-0.027947713104368797,0.7744353000785701,0.20850898379184787,0.0,0.0,0.0016014741115987425,0.0,0.0,0.0,0.0
13.61,0.7478081841846871,-0.4520605335854502,0.04553509050508406,1.8937790919981694,-0.027947713104368797,0.7744353000785701,0.20850898379184787,0.0,0.0,0.0015316192628887066,0.0,0.0,0.0,0.0
13.62,0.7478081841846871,-0.4520605335854502,0.04555006103542319,1.8937790919981694,-0.027947713104368797,0.7744353000785701,0.20850898379184787,0.0,0.0,0.0014626378148185604,0.0,0.0,0.0,0.0
13.63,0.7478081841846871,-0.4520605335854502,0.04556434638915113,1.8937790919981694,-0.027947713104368797,0.7744353000785701,0.20850898379184787,0.0,0.0,0.0013945946585792017,0.0,0.0,0.0,0.0
13.64,0.7478081841846871,-0.4520605335854502,0.04557795626873613,1.8937790919981694,-0.027947713104368797,0.7744353000785701,0.20850898379184787,0.0,0.0,0.0013275535041028354,0.0,0.0,0.0,0.0
13.65,0.7478081841846871,-0.4520605335854502,0.04559090100768107,1.8937790919981694,-0.027947713104368797,0.7744353000785701,0.20850898379184787,0.0,0.0,0.00126157684211065,0.0,0.0,0.0,0.0
13.66,0.7478081841846871,-0.4520605335854502,0.045603191558144705,1.8937790919981694,-0.027947713104368797,0.7744353000785701,0.20850898379184787,0.0,0.0,0.001196725906929824,0.0,0.0,0.0,0.0
13.67,0.7478081841846871,-0.4520605335854502,0.045614839478195106,1.8937790919981694,-0.027947713104368797,0.7744353000785701,0.20850898379184787,0.0,0.0,0.0011330606400983187,0.0,0.0,0.0,0.0
13.68,0.7478081841846871,-0.4520605335854502,0.04562585691870317,1.8937790919981694,-0.027947713104368797,0.7744353000785701,0.20850898379184787,0.0,0.0,0.0010706396547759658,0.0,0.0,0.0,0.0
13.69,0.7478081841846871,-0.4520605335854502,0.04563625660988429,1.8937790919981694,-0.027947713104368797,0.7744353000785701,0.20850898379184787,0.0,0.0,0.0010095202009802388,0.0,0.0,0.0,0.0
13.7,0.7478081841846871,-0.4520605335854502,0.04564605184749662,1.8937790919981694,-0.027947713104368797,0.7744353000785701,0.20850898379184787,0.0,0.0,0.0009497581316639475,0.0,0.0,0.0,0.0
13.71,0.7478081841846871,-0.4520605335854502,0.04565525647870441,1.8937790919981694,-0.027947713104368797,0.7744353000785701,0.20850898379184787,0.0,0.0,0.0008914078696522497,0.0,0.0,0.0,0.0
13.72,0.7478081841846871,-0.4520605335854502,0.04566388488761502,1.8937790919981694,-0.027947713104368797,0.7744353000785701,0.20850898379184787,0.0,0.0,0.0008345223754559698,0.0,0.0,0.0,0.0
13.73,0.7478081841846871,-0.4520605335854502,0.045671951980498594,1.8937790919981694,-0.027947713104368797,0.7744353000785701,0.20850898379184787,0.0,0.0,0.000779153115977047,0.0,0.0,0.0,0.0
13.74,0.7478081841846871,-0.4520605335854502,0.04567947317069926,1.8937790919981694,-0.027947713104368797,0.7744353000785701,0.20850898379184787,0.0,0.0,0.0007253500341223712,0.0,0.0,0.0,0.0
13.75,0.7478081841846871,-0.4520605335854502,0.04568646436324708,1.8937790919981694,-0.027947713104368797,0.7744353000785701,0.20850898379184787,0.0,0.0,0.0006731615193413815,0.0,0.0,0.0,0.0
13.76,0.7478081841846871,-0.4520605335854502,0.045692941939180075,1.8937790919981694,-0.027947713104368797,0.7744353000785701,0.20850898379184787,0.0,0.0,0.0006226343791020695,0.0,0.0,0.0,0.0
13.77,0.7478081841846871,-0.4520605335854502,0.045698922739585784,1.8937790919981694,-0.027947713104368797,0.7744353000785701,0.20850898379184787,0.0,0.0,0.000573813811320115,0.0,0.0,0.0,0.0
13.78,0.7478081841846871,-0.4520605335854502,0.04570442404937186,1.8937790919981694,-0.027947713104368797,0.7744353000785701,0.20850898379184787,0.0,0.0,0.0005267433777549906,0.0,0.0,0.0,0.0
13.79,0.7478081841846871,-0.4520605335854502,0.0457094635807756,1.8937790919981694,-0.027947713104368797,0.7744353000785701,0.20850898379184787,0.0,0.0,0.00048146497838651576,0.0,0.0,0.0,0.0
13.8,0.7478081841846871,-0.4520605335854502,0.045714059456622165,1.8937790919981694,-0.027947713104368797,0.7744353000785701,0.20850898379184787,0.0,0.0,0.00043801882678472654,0.0,0.0,0.0,0.0
13.81,0.7478081841846871,-0.4520605335854502,0.0457182301933415,1.8937790919981694,-0.027947713104368797,0.7744353000785701,0.20850898379184787,0.0,0.0,0.0003964434264858108,0.0,0.0,0.0,0.0
13.82,0.7478081841846871,-0.4520605335854502,0.04572199468375413,1.8937790919981694,-0.027947713104368797,0.7744353000785701,0.20850898379184787,0.0,0.0,0.000356775548385592,0.0,0.0,0.0,0.0
13.83,0.7478081841846871,-0.4520605335854502,0.04572537217963601,1.8937790919981694,-0.027947713104368797,0.7744353000785701,0.20850898379184787,0.0,0.0,0.00031905020916245464,0.0,0.0,0.0,0.0
13.84,0.7478081841846871,-0.4520605335854502,0.04572838227407276,1.8937790919981694,-0.027947713104368797,0.7744353000785701,0.20850898379184787,0.0,0.0,0.0002833006507403195,0.0,0.0,0.0,0.0
13.85,0.7478081841846871,-0.4520605335854502,0.045731044883613854,1.8937790919981694,-0.027947713104368797,0.7744353000785701,0.20850898379184787,0.0,0.0,0.00024955832080214883,0.0,0.0,0.0,0.0
13.86,0.7478081841846871,-0.4520605335854502,0.04573338023023715,1.8937790919981694,-0.027947713104368797,0.7744353000785701,0.20850898379184787,0.0,0.0,0.00021785285436377508,0.0,0.0,0.0,0.0
13.87,0.7478081841846871,-0.4520605335854502,0.04573540882313459,1.8937790919981694,-0.027947713104368797,0.7744353000785701,0.20850898379184787,0.0,0.0,0.00018821205641749727,0.0,0.0,0.0,0.0
13.88,0.7478081841846871,-0.4520605335854502,0.045737151440329624,1.8937790919981694,-0.027947713104368797,0.7744353000785701,0.20850898379184787,0.0,0.0,0.00016066188565398945,0.0,0.0,0.0,0.0
13.89,0.7478081841846871,-0.4520605335854502,0.045738629110137353,1.8937790919981694,-0.027947713104368797,0.7744353000785701,0.20850898379184787,0.0,0.0,0.00013522643927094482,0.0,0.0,0.0,0.0
13.9,0.7478081841846871,-0.4520605335854502,0.0457398630924782,1.8937790919981694,-0.027947713104368797,0.7744353000785701,0.20850898379184787,0.0,0.0,0.00011192793887600163,0.0,0.0,0.0,0.0
13.91,0.7478081841846871,-0.4520605335854502,0.04574087486005608,1.8937790919981694,-0.027947713104368797,0.7744353000785701,0.20850898379184787,0.0,0.0,9.078671749108641e-05,0.0,0.0,0.0,0.0
13.92,0.7478081841846871,-0.4520605335854502,0.04574168607941226,1.8937790919981694,-0.027947713104368797,0.7744353000785701,0.20850898379184787,0.0,0.0,7.18212076648194e-05,0.0,0.0,0.0,0.0
13.93,0.7478081841846871,-0.4520605335854502,0.0457423185918657,1.8937790919981694,-0.027947713104368797,0.7744353000785701,0.20850898379184787,0.0,0.0,5.5047930698833367e-05,0.0,0.0,0.0,0.0
13.94,0.7478081841846871,-0.4520605335854502,0.0457427943943515,1.8937790919981694,-0.027947713104368797,0.7744353000785701,0.20850898379184787,0.0,0.0,4.048148699356459e-05,0.0,0.0,0.0,0.0
13.95,0.7478081841846871,-0.4520605335854502,0.04574313562016822,1.8937790919981694,-0.027947713104368797,0.7744353000785701,0.20850898379184787,0.0,0.0,2.81345475183371e-05,0.0,0.0,0.0,0.0
13.96,0.7478081841846871,-0.4520605335854502,0.04574336451964567,1.8937790919981694,-0.027947713104368797,0.7744353000785701,0.20850898379184787,0.0,0.0,1.801784641004419e-05,0.0,0.0,0.0,0.0
13.97,0.7478081841846871,-0.4520605335854502,0.04574350344074425,1.8937790919981694,-0.027947713104368797,0.7744353000785701,0.20850898379184787,0.0,0.0,1.0140174704163792e-05,0.0,0.0,0.0,0.0
13.98,0.7478081841846871,-0.4520605335854502,0.04574357480959736,1.8937790919981694,-0.027947713104368797,0.7744353000785701,0.20850898379184787,0.0,0.0,4.508375201272681e-06,0.0,0.0,0.0,0.0
13.99,0.7478081841846871,-0.4520605335854502,0.0457436011110081,1.8937790919981694,-0.027947713104368797,0.7744353000785701,0.20850898379184787,0.0,0.0,1.1273384716550833e-06,0.0,0.0,0.0,0.0
14.0,0.7478081841846871,-0.4520605335854502,0.045743604868911755,1.8937790919981694,-0.027947713104368797,0.7744353000785701,0.20850898379184787,0.0,0.0,2.467005958589381e-33,0.0,0.0,0.0,0.0
14.01,0.7478081841846871,-0.4520605335854502,0.045743604868911755,1.8937790919981694,-0.027947713104368797,0.7744353000785701,0.20850898379184787,0.0,0.0,2.467005958589381e-33,0.0,0.0,0.0,0.0
14.02,0.7478081841846871,-0.4520605335854502,0.045743604868911755,1.8937790919981694,-0.027947713104368797,0.7744353000785701,0.20850898379184787,0.0,0.0,2.467005958589381e-33,0.0,0.0,0.0,0.0
14.03,0.7478081841846871,-0.4520605335854502,0.045743604868911755,1.8937790919981694,-0.027947713104368797,0.7744353000785701,0.20850898379184787,0.0,0.0,2.467005958589381e-33,0.0,0.0,0.0,0.0
14.04,0.7478081841846871,-0.4520605335854502,0.045743604868911755,1.8937790919981694,-0.027947713104368797,0.7744353000785701,0.20850898379184787,0.0,0.0,2.467005958589381e-33,0.0,0.0,0.0,0.0
14.05,0.7478081841846871,-0.4520605335854502,0.045743604868911755,1.8937790919981694,-0.027947713104368797,0.7744353000785701,0.20850898379184787,0.0,0.0,2.467005958589381e-33,0.0,0.0,0.0,0.0
14.06,0.7478081841846871,-0.4520605335854502,0.045743604868911755,1.8937790919981694,-0.027947713104368797,0.7744353000785701,0.20850898379184787,0.0,0.0,2.467005958589381e-33,0.0,0.0,0.0,0.0
14.07,0.7478081841846871,-0.4520605335854502,0.045743604868911755,1.8937790919981694,-0.027947713104368797,0.7744353000785701,0.20850898379184787,0.0,0.0,2.467005958589381e-33,0.0,0.0,0.0,0.0
14.08,0.7478081841846871,-0.4520605335854502,0.045743604868911755,1.8937790919981694,-0.027947713104368797,0.7744353000785701,0.20850898379184787,0.0,0.0,2.467005958589381e-33,0.0,0.0,0.0,0.0
14.09,0.7478081841846871,-0.4520605335854502,0.045743604868911755,1.8937790919981694,-0.027947713104368797,0.7744353000785701,0.20850898379184787,0.0,0.0,2.467005958589381e-33,0.0,0.0,0.0,0.0
14.1,0.7478081841846871,-0.4520605335854502,0.045743604868911755,1.8937790919981694,-0.027947713104368797,0.7744353000785701,0.20850898379184787,0.0,0.0,2.467005958589381e-33,0.0,0.0,0.0,0.0
14.11,0.7478081841846871,-0.4520605335854502,0.045743604868911755,1.8937790919981694,-0.027947713104368797,0.7744353000785701,0.20850898379184787,0.0,0.0,2.467005958589381e-33,0.0,0.0,0.0,0.0
14.12,0.7478081841846871,-0.4520605335854502,0.045743604868911755,1.8937790919981694,-0.027947713104368797,0.7744353000785701,0.20850898379184787,0.0,0.0,2.467005958589381e-33,0.0,0.0,0.0,0.0
14.13,0.7478081841846871,-0.4520605335854502,0.045743604868911755,1.8937790919981694,-0.027947713104368797,0.7744353000785701,0.20850898379184787,0.0,0.0,2.467005958589381e-33,0.0,0.0,0.0,0.0
14.14,0.7478081841846871,-0.4520605335854502,0.045743604868911755,1.8937790919981694,-0.027947713104368797,0.7744353000785701,0.20850898379184787,0.0,0.0,2.467005958589381e-33,0.0,0.0,0.0,0.0
14.15,0.7478081841846871,-0.4520605335854502,0.045743604868911755,1.8937790919981694,-0.027947713104368797,0.7744353000785701,0.20850898379184787,0.0,0.0,2.467005958589381e-33,0.0,0.0,0.0,0.0
14.16,0.7478081841846871,-0.4520605335854502,0.045743604868911755,1.8937790919981694,-0.027947713104368797,0.7744353000785701,0.20850898379184787,0.0,0.0,2.467005958589381e-33,0.0,0.0,0.0,0.0
14.17,0.7478081841846871,-0.4520605335854502,0.045743604868911755,1.8937790919981694,-0.027947713104368797,0.7744353000785701,0.20850898379184787,0.0,0.0,2.467005958589381e-33,0.0,0.0,0.0,0.0
14.18,0.7478081841846871,-0.4520605335854502,0.045743604868911755,1.8937790919981694,-0.027947713104368797,0.7744353000785701,0.20850898379184787,0.0,0.0,2.467005958589381e-33,0.0,0.0,0.0,0.0
14.19,0.7478081841846871,-0.4520605335854502,0.045743604868911755,1.8937790919981694,-0.027947713104368797,0.7744353000785701,0.20850898379184787,0.0,0.0,2.467005958589381e-33,0.0,0.0,0.0,0.0
14.2,0.7478081841846871,-0.4520605335854502,0.045743604868911755,1.8937790919981694,-0.027947713104368797,0.7744353000785701,0.20850898379184787,0.0,0.0,2.467005958589381e-33,0.0,0.0,0.0,0.0
14.21,0.7478081841846871,-0.4520605335854502,0.045743604868911755,1.8937790919981694,-0.027947713104368797,0.7744353000785701,0.20850898379184787,0.0,0.0,2.467005958589381e-33,0.0,0.0,0.0,0.0
14.22,0.7478081841846871,-0.4520605335854502,0.045743604868911755,1.8937790919981694,-0.027947713104368797,0.7744353000785701,0.20850898379184787,0.0,0.0,2.467005958589381e-33,0.0,0.0,0.0,0.0
14.23,0.7478081841846871,-0.4520605335854502,0.045743604868911755,1.8937790919981694,-0.027947713104368797,0.7744353000785701,0.20850898379184787,0.0,0.0,2.467005958589381e-33,0.0,0.0,0.0,0.0
14.24,0.7478081841846871,-0.4520605335854502,0.045743604868911755,1.8937790919981694,-0.027947713104368797,0.7744353000785701,0.20850898379184787,0.0,0.0,2.467005958589381e-33,0.0,0.0,0.0,0.0
14.25,0.7478081841846871,-0.4520605335854502,0.045743604868911755,1.8937790919981694,-0.027947713104368797,0.7744353000785701,0.20850898379184787,0.0,0.0,2.467005958589381e-33,0.0,0.0,0.0,0.0
14.26,0.7478081841846871,-0.4520605335854502,0.045743604868911755,1.8937790919981694,-0.027947713104368797,0.7744353000785701,0.20850898379184787,0.0,0.0,2.467005958589381e-33,0.0,0.0,0.0,0.0
14.27,0.7478081841846871,-0.4520605335854502,0.045743604868911755,1.8937790919981694,-0.027947713104368797,0.7744353000785701,0.20850898379184787,0.0,0.0,2.467005958589381e-33,0.0,0.0,0.0,0.0
14.28,0.7478081841846871,-0.4520605335854502,0.045743604868911755,1.8937790919981694,-0.027947713104368797,0.7744353000785701,0.20850898379184787,0.0,0.0,2.467005958589381e-33,0.0,0.0,0.0,0.0
14.29,0.7478081841846871,-0.4520605335854502,0.045743604868911755,1.8937790919981694,-0.027947713104368797,0.7744353000785701,0.20850898379184787,0.0,0.0,2.467005958589381e-33,0.0,0.0,0.0,0.0
14.3,0.7478081841846871,-0.4520605335854502,0.045743604868911755,1.8937790919981694,-0.027947713104368797,0.7744353000785701,0.20850898379184787,0.0,0.0,2.467005958589381e-33,0.0,0.0,0.0,0.0
14.31,0.7478081841846871,-0.4520605335854502,0.045743604868911755,1.8937790919981694,-0.027947713104368797,0.7744353000785701,0.20850898379184787,0.0,0.0,2.467005958589381e-33,0.0,0.0,0.0,0.0
14.32,0.7478081841846871,-0.4520605335854502,0.045743604868911755,1.8937790919981694,-0.027947713104368797,0.7744353000785701,0.20850898379184787,0.0,0.0,2.467005958589381e-33,0.0,0.0,0.0,0.0
14.33,0.7478081841846871,-0.4520605335854502,0.045743604868911755,1.8937790919981694,-0.027947713104368797,0.7744353000785701,0.20850898379184787,0.0,0.0,2.467005958589381e-33,0.0,0.0,0.0,0.0
14.34,0.7478081841846871,-0.4520605335854502,0.045743604868911755,1.8937790919981694,-0.027947713104368797,0.7744353000785701,0.20850898379184787,0.0,0.0,2.467005958589381e-33,0.0,0.0,0.0,0.0
14.35,0.7478081841846871,-0.4520605335854502,0.045743604868911755,1.8937790919981694,-0.027947713104368797,0.7744353000785701,0.20850898379184787,0.0,0.0,2.467005958589381e-33,0.0,0.0,0.0,0.0
14.36,0.7478081841846871,-0.4520605335854502,0.045743604868911755,1.8937790919981694,-0.027947713104368797,0.7744353000785701,0.20850898379184787,0.0,0.0,2.467005958589381e-33,0.0,0.0,0.0,0.0
14.37,0.7478081841846871,-0.4520605335854502,0.045743604868911755,1.8937790919981694,-0.027947713104368797,0.7744353000785701,0.20850898379184787,0.0,0.0,2.467005958589381e-33,0.0,0.0,0.0,0.0
14.38,0.7478081841846871,-0.4520605335854502,0.045743604868911755,1.8937790919981694,-0.027947713104368797,0.7744353000785701,0.20850898379184787,0.0,0.0,2.467005958589381e-33,0.0,0.0,0.0,0.0
14.39,0.7478081841846871,-0.4520605335854502,0.045743604868911755,1.8937790919981694,-0.027947713104368797,0.7744353000785701,0.20850898379184787,0.0,0.0,2.467005958589381e-33,0.0,0.0,0.0,0.0
14.4,0.7478081841846871,-0.4520605335854502,0.045743604868911755,1.8937790919981694,-0.027947713104368797,0.7744353000785701,0.20850898379184787,0.0,0.0,2.467005958589381e-33,0.0,0.0,0.0,0.0
14.41,0.7478081841846871,-0.4520605335854502,0.045743604868911755,1.8937790919981694,-0.027947713104368797,0.7744353000785701,0.20850898379184787,0.0,0.0,2.467005958589381e-33,0.0,0.0,0.0,0.0
14.42,0.7478081841846871,-0.4520605335854502,0.045743604868911755,1.8937790919981694,-0.027947713104368797,0.7744353000785701,0.20850898379184787,0.0,0.0,2.467005958589381e-33,0.0,0.0,0.0,0.0
14.43,0.7478081841846871,-0.4520605335854502,0.045743604868911755,1.8937790919981694,-0.027947713104368797,0.7744353000785701,0.20850898379184787,0.0,0.0,2.467005958589381e-33,0.0,0.0,0.0,0.0
14.44,0.7478081841846871,-0.4520605335854502,0.045743604868911755,1.8937790919981694,-0.027947713104368797,0.7744353000785701,0.20850898379184787,0.0,0.0,2.467005958589381e-33,0.0,0.0,0.0,0.0
14.45,0.7478081841846871,-0.4520605335854502,0.045743604868911755,1.8937790919981694,-0.027947713104368797,0.7744353000785701,0.20850898379184787,0.0,0.0,2.467005958589381e-33,0.0,0.0,0.0,0.0
14.46,0.7478081841846871,-0.4520605335854502,0.045743604868911755,1.8937790919981694,-0.027947713104368797,0.7744353000785701,0.20850898379184787,0.0,0.0,2.467005958589381e-33,0.0,0.0,0.0,0.0
14.47,0.7478081841846871,-0.4520605335854502,0.045743604868911755,1.8937790919981694,-0.027947713104368797,0.7744353000785701,0.20850898379184787,0.0,0.0,2.467005958589381e-33,0.0,0.0,0.0,0.0
14.48,0.7478081841846871,-0.4520605335854502,0.045743604868911755,1.8937790919981694,-0.027947713104368797,0.7744353000785701,0.20850898379184787,0.0,0.0,2.467005958589381e-33,0.0,0.0,0.0,0.0
14.49,0.7478081841846871,-0.4520605335854502,0.045743604868911755,1.8937790919981694,-0.027947713104368797,0.7744353000785701,0.20850898379184787,0.0,0.0,2.467005958589381e-33,0.0,0.0,0.0,0.0
14.5,0.7478081841846871,-0.4520605335854502,0.045743604868911755,1.8937790919981694,-0.027947713104368797,0.7744353000785701,0.20850898379184787,0.0,0.0,2.467005958589381e-33,0.0,0.0,0.0,0.0
14.51,0.7478081841846871,-0.4520605335854502,0.045743604868911755,1.8937790919981694,-0.027947713104368797,0.7744353000785701,0.20850898379184787,0.0,0.0,2.467005958589381e-33,0.0,0.0,0.0,0.0
14.52,0.7478081841846871,-0.4520605335854502,0.045743604868911755,1.8937790919981694,-0.027947713104368797,0.7744353000785701,0.20850898379184787,0.0,0.0,2.467005958589381e-33,0.0,0.0,0.0,0.0
14.53,0.7478081841846871,-0.4520605335854502,0.045743604868911755,1.8937790919981694,-0.027947713104368797,0.7744353000785701,0.20850898379184787,0.0,0.0,2.467005958589381e-33,0.0,0.0,0.0,0.0
14.54,0.7478081841846871,-0.4520605335854502,0.045743604868911755,1.8937790919981694,-0.027947713104368797,0.7744353000785701,0.20850898379184787,0.0,0.0,2.467005958589381e-33,0.0,0.0,0.0,0.0
14.55,0.7478081841846871,-0.4520605335854502,0.045743604868911755,1.8937790919981694,-0.027947713104368797,0.7744353000785701,0.20850898379184787,0.0,0.0,2.467005958589381e-33,0.0,0.0,0.0,0.0
14.56,0.7478081841846871,-0.4520605335854502,0.045743604868911755,1.8937790919981694,-0.027947713104368797,0.7744353000785701,0.20850898379184787,0.0,0.0,2.467005958589381e-33,0.0,0.0,0.0,0.0
14.57,0.7478081841846871,-0.4520605335854502,0.045743604868911755,1.8937790919981694,-0.027947713104368797,0.7744353000785701,0.20850898379184787,0.0,0.0,2.467005958589381e-33,0.0,0.0,0.0,0.0
14.58,0.7478081841846871,-0.4520605335854502,0.045743604868911755,1.8937790919981694,-0.027947713104368797,0.7744353000785701,0.20850898379184787,0.0,0.0,2.467005958589381e-33,0.0,0.0,0.0,0.0
14.59,0.7478081841846871,-0.4520605335854502,0.045743604868911755,1.8937790919981694,-0.027947713104368797,0.7744353000785701,0.20850898379184787,0.0,0.0,2.467005958589381e-33,0.0,0.0,0.0,0.0
14.6,0.7478081841846871,-0.4520605335854502,0.045743604868911755,1.8937790919981694,-0.027947713104368797,0.7744353000785701,0.20850898379184787,0.0,0.0,2.467005958589381e-33,0.0,0.0,0.0,0.0
14.61,0.7478081841846871,-0.4520605335854502,0.045743604868911755,1.8937790919981694,-0.027947713104368797,0.7744353000785701,0.20850898379184787,0.0,0.0,2.467005958589381e-33,0.0,0.0,0.0,0.0
14.62,0.7478081841846871,-0.4520605335854502,0.045743604868911755,1.8937790919981694,-0.027947713104368797,0.7744353000785701,0.20850898379184787,0.0,0.0,2.467005958589381e-33,0.0,0.0,0.0,0.0
14.63,0.7478081841846871,-0.4520605335854502,0.045743604868911755,1.8937790919981694,-0.027947713104368797,0.7744353000785701,0.20850898379184787,0.0,0.0,2.467005958589381e-33,0.0,0.0,0.0,0.0
14.64,0.7478081841846871,-0.4520605335854502,0.045743604868911755,1.8937790919981694,-0.027947713104368797,0.7744353000785701,0.20850898379184787,0.0,0.0,2.467005958589381e-33,0.0,0.0,0.0,0.0
14.65,0.7478081841846871,-0.4520605335854502,0.045743604868911755,1.8937790919981694,-0.027947713104368797,0.7744353000785701,0.20850898379184787,0.0,0.0,2.467005958589381e-33,0.0,0.0,0.0,0.0
14.66,0.7478081841846871,-0.4520605335854502,0.045743604868911755,1.8937790919981694,-0.027947713104368797,0.7744353000785701,0.20850898379184787,0.0,0.0,2.467005958589381e-33,0.0,0.0,0.0,0.0
14.67,0.7478081841846871,-0.4520605335854502,0.045743604868911755,1.8937790919981694,-0.027947713104368797,0.7744353000785701,0.20850898379184787,0.0,0.0,2.467005958589381e-33,0.0,0.0,0.0,0.0
14.68,0.7478081841846871,-0.4520605335854502,0.045743604868911755,1.8937790919981694,-0.027947713104368797,0.7744353000785701,0.20850898379184787,0.0,0.0,2.467005958589381e-33,0.0,0.0,0.0,0.0
14.69,0.7478081841846871,-0.4520605335854502,0.045743604868911755,1.8937790919981694,-0.027947713104368797,0.7744353000785701,0.20850898379184787,0.0,0.0,2.467005958589381e-33,0.0,0.0,0.0,0.0
14.7,0.7478081841846871,-0.4520605335854502,0.045743604868911755,1.8937790919981694,-0.027947713104368797,0.7744353000785701,0.20850898379184787,0.0,0.0,2.467005958589381e-33,0.0,0.0,0.0,0.0
14.71,0.7478081841846871,-0.4520605335854502,0.045743604868911755,1.8937790919981694,-0.027947713104368797,0.7744353000785701,0.20850898379184787,0.0,0.0,2.467005958589381e-33,0.0,0.0,0.0,0.0
14.72,0.7478081841846871,-0.4520605335854502,0.045743604868911755,1.8937790919981694,-0.027947713104368797,0.7744353000785701,0.20850898379184787,0.0,0.0,2.467005958589381e-33,0.0,0.0,0.0,0.0
14.73,0.7478081841846871,-0.4520605335854502,0.045743604868911755,1.8937790919981694,-0.027947713104368797,0.7744353000785701,0.20850898379184787,0.0,0.0,2.467005958589381e-33,0.0,0.0,0.0,0.0
14.74,0.7478081841846871,-0.4520605335854502,0.045743604868911755,1.8937790919981694,-0.027947713104368797,0.7744353000785701,0.20850898379184787,0.0,0.0,2.467005958589381e-33,0.0,0.0,0.0,0.0
14.75,0.7478081841846871,-0.4520605335854502,0.045743604868911755,1.8937790919981694,-0.027947713104368797,0.7744353000785701,0.20850898379184787,0.0,0.0,2.467005958589381e-33,0.0,0.0,0.0,0.0
14.76,0.7478081841846871,-0.4520605335854502,0.045743604868911755,1.8937790919981694,-0.027947713104368797,0.7744353000785701,0.20850898379184787,0.0,0.0,2.467005958589381e-33,0.0,0.0,0.0,0.0
14.77,0.7478081841846871,-0.4520605335854502,0.045743604868911755,1.8937790919981694,-0.027947713104368797,0.7744353000785701,0.20850898379184787,0.0,0.0,2.467005958589381e-33,0.0,0.0,0.0,0.0
14.78,0.7478081841846871,-0.4520605335854502,0.045743604868911755,1.8937790919981694,-0.027947713104368797,0.7744353000785701,0.20850898379184787,0.0,0.0,2.467005958589381e-33,0.0,0.0,0.0,0.0
14.79,0.7478081841846871,-0.4520605335854502,0.045743604868911755,1.8937790919981694,-0.027947713104368797,0.7744353000785701,0.20850898379184787,0.0,0.0,2.467005958589381e-33,0.0,0.0,0.0,0.0
14.8,0.7478081841846871,-0.4520605335854502,0.045743604868911755,1.8937790919981694,-0.027947713104368797,0.7744353000785701,0.20850898379184787,0.0,0.0,2.467005958589381e-33,0.0,0.0,0.0,0.0
14.81,0.7478081841846871,-0.4520605335854502,0.045743604868911755,1.8937790919981694,-0.027947713104368797,0.7744353000785701,0.20850898379184787,0.0,0.0,2.467005958589381e-33,0.0,0.0,0.0,0.0
14.82,0.7478081841846871,-0.4520605335854502,0.045743604868911755,1.8937790919981694,-0.027947713104368797,0.7744353000785701,0.20850898379184787,0.0,0.0,2.467005958589381e-33,0.0,0.0,0.0,0.0
14.83,0.7478081841846871,-0.4520605335854502,0.045743604868911755,1.8937790919981694,-0.027947713104368797,0.7744353000785701,0.20850898379184787,0.0,0.0,2.467005958589381e-33,0.0,0.0,0.0,0.0
14.84,0.7478081841846871,-0.4520605335854502,0.045743604868911755,1.8937790919981694,-0.027947713104368797,0.7744353000785701,0.20850898379184787,0.0,0.0,2.467005958589381e-33,0.0,0.0,0.0,0.0
14.85,0.7478081841846871,-0.4520605335854502,0.045743604868911755,1.8937790919981694,-0.027947713104368797,0.7744353000785701,0.20850898379184787,0.0,0.0,2.467005958589381e-33,0.0,0.0,0.0,0.0
14.86,0.7478081841846871,-0.4520605335854502,0.045743604868911755,1.8937790919981694,-0.027947713104368797,0.7744353000785701,0.20850898379184787,0.0,0.0,2.467005958589381e-33,0.0,0.0,0.0,0.0
14.87,0.7478081841846871,-0.4520605335854502,0.045743604868911755,1.8937790919981694,-0.027947713104368797,0.7744353000785701,0.20850898379184787,0.0,0.0,2.467005958589381e-33,0.0,0.0,0.0,0.0
14.88,0.7478081841846871,-0.4520605335854502,0.045743604868911755,1.8937790919981694,-0.027947713104368797,0.7744353000785701,0.20850898379184787,0.0,0.0,2.467005958589381e-33,0.0,0.0,0.0,0.0
14.89,0.7478081841846871,-0.4520605335854502,0.045743604868911755,1.8937790919981694,-0.027947713104368797,0.7744353000785701,0.20850898379184787,0.0,0.0,2.467005958589381e-33,0.0,0.0,0.0,0.0
14.9,0.7478081841846871,-0.4520605335854502,0.045743604868911755,1.8937790919981694,-0.027947713104368797,0.7744353000785701,0.20850898379184787,0.0,0.0,2.467005958589381e-33,0.0,0.0,0.0,0.0
14.91,0.7478081841846871,-0.4520605335854502,0.045743604868911755,1.8937790919981694,-0.027947713104368797,0.7744353000785701,0.20850898379184787,0.0,0.0,2.467005958589381e-33,0.0,0.0,0.0,0.0
14.92,0.7478081841846871,-0.4520605335854502,0.045743604868911755,1.8937790919981694,-0.027947713104368797,0.7744353000785701,0.20850898379184787,0.0,0.0,2.467005958589381e-33,0.0,0.0,0.0,0.0
14.93,0.7478081841846871,-0.4520605335854502,0.045743604868911755,1.8937790919981694,-0.027947713104368797,0.7744353000785701,0.20850898379184787,0.0,0.0,2.467005958589381e-33,0.0,0.0,0.0,0.0
14.94,0.7478081841846871,-0.4520605335854502,0.045743604868911755,1.8937790919981694,-0.027947713104368797,0.7744353000785701,0.20850898379184787,0.0,0.0,2.467005958589381e-33,0.0,0.0,0.0,0.0
14.95,0.7478081841846871,-0.4520605335854502,0.045743604868911755,1.8937790919981694,-0.027947713104368797,0.7744353000785701,0.20850898379184787,0.0,0.0,2.467005958589381e-33,0.0,0.0,0.0,0.0
14.96,0.7478081841846871,-0.4520605335854502,0.045743604868911755,1.8937790919981694,-0.027947713104368797,0.7744353000785701,0.20850898379184787,0.0,0.0,2.467005958589381e-33,0.0,0.0,0.0,0.0
14.97,0.7478081841846871,-0.4520605335854502,0.045743604868911755,1.8937790919981694,-0.027947713104368797,0.7744353000785701,0.20850898379184787,0.0,0.0,2.467005958589381e-33,0.0,0.0,0.0,0.0
14.98,0.7478081841846871,-0.4520605335854502,0.045743604868911755,1.8937790919981694,-0.027947713104368797,0.7744353000785701,0.20850898379184787,0.0,0.0,2.467005958589381e-33,0.0,0.0,0.0,0.0
14.99,0.7478081841846871,-0.4520605335854502,0.045743604868911755,1.8937790919981694,-0.027947713104368797,0.7744353000785701,0.20850898379184787,0.0,0.0,2.467005958589381e-33,0.0,0.0,0.0,0.0
15.0,0.7478081841846871,-0.4520605335854502,0.045743604868911755,1.8937790919981694,-0.027947713104368797,0.7744353000785701,0.20850898379184787,0.0,0.0,2.467005958589381e-33,0.0,0.0,0.0,0.0
15.01,0.7478081841846871,-0.4520605335854502,0.045743604868911755,1.8937790919981694,-0.027947713104368797,0.7744353000785701,0.20850898379184787,0.0,0.0,2.467005958589381e-33,0.0,0.0,0.0,0.0
15.02,0.7478081841846871,-0.4520605335854502,0.045743604868911755,1.8937790919981694,-0.027947713104368797,0.7744353000785701,0.20850898379184787,0.0,0.0,2.467005958589381e-33,0.0,0.0,0.0,0.0
15.03,0.7478081841846871,-0.4520605335854502,0.045743604868911755,1.8937790919981694,-0.027947713104368797,0.7744353000785701,0.20850898379184787,0.0,0.0,2.467005958589381e-33,0.0,0.0,0.0,0.0
15.04,0.7478081841846871,-0.4520605335854502,0.045743604868911755,1.8937790919981694,-0.027947713104368797,0.7744353000785701,0.20850898379184787,0.0,0.0,2.467005958589381e-33,0.0,0.0,0.0,0.0
15.05,0.7478081841846871,-0.4520605335854502,0.045743604868911755,1.8937790919981694,-0.027947713104368797,0.7744353000785701,0.20850898379184787,0.0,0.0,2.467005958589381e-33,0.0,0.0,0.0,0.0
15.06,0.7478081841846871,-0.4520605335854502,0.045743604868911755,1.8937790919981694,-0.027947713104368797,0.7744353000785701,0.20850898379184787,0.0,0.0,2.467005958589381e-33,0.0,0.0,0.0,0.0
15.07,0.7478081841846871,-0.4520605335854502,0.045743604868911755,1.8937790919981694,-0.027947713104368797,0.7744353000785701,0.20850898379184787,0.0,0.0,2.467005958589381e-33,0.0,0.0,0.0,0.0
15.08,0.7478081841846871,-0.4520605335854502,0.045743604868911755,1.8937790919981694,-0.027947713104368797,0.7744353000785701,0.20850898379184787,0.0,0.0,2.467005958589381e-33,0.0,0.0,0.0,0.0
15.09,0.7478081841846871,-0.4520605335854502,0.045743604868911755,1.8937790919981694,-0.027947713104368797,0.7744353000785701,0.20850898379184787,0.0,0.0,2.467005958589381e-33,0.0,0.0,0.0,0.0
15.1,0.7478081841846871,-0.4520605335854502,0.045743604868911755,1.8937790919981694,-0.027947713104368797,0.7744353000785701,0.20850898379184787,0.0,0.0,2.467005958589381e-33,0.0,0.0,0.0,0.0
15.11,0.7478081841846871,-0.4520605335854502,0.045743604868911755,1.8937790919981694,-0.027947713104368797,0.7744353000785701,0.20850898379184787,0.0,0.0,2.467005958589381e-33,0.0,0.0,0.0,0.0
15.12,0.7478081841846871,-0.4520605335854502,0.045743604868911755,1.8937790919981694,-0.027947713104368797,0.7744353000785701,0.20850898379184787,0.0,0.0,2.467005958589381e-33,0.0,0.0,0.0,0.0
15.13,0.7478081841846871,-0.4520605335854502,0.045743604868911755,1.8937790919981694,-0.027947713104368797,0.7744353000785701,0.20850898379184787,0.0,0.0,2.467005958589381e-33,0.0,0.0,0.0,0.0
15.14,0.7478081841846871,-0.4520605335854502,0.045743604868911755,1.8937790919981694,-0.027947713104368797,0.7744353000785701,0.20850898379184787,0.0,0.0,2.467005958589381e-33,0.0,0.0,0.0,0.0
15.15,0.7478081841846871,-0.4520605335854502,0.045743604868911755,1.8937790919981694,-0.027947713104368797,0.7744353000785701,0.20850898379184787,0.0,0.0,2.467005958589381e-33,0.0,0.0,0.0,0.0
15.16,0.7478081841846871,-0.4520605335854502,0.045743604868911755,1.8937790919981694,-0.027947713104368797,0.7744353000785701,0.20850898379184787,0.0,0.0,2.467005958589381e-33,0.0,0.0,0.0,0.0
15.17,0.7478081841846871,-0.4520605335854502,0.045743604868911755,1.8937790919981694,-0.027947713104368797,0.7744353000785701,0.20850898379184787,0.0,0.0,2.467005958589381e-33,0.0,0.0,0.0,0.0
15.18,0.7478081841846871,-0.4520605335854502,0.045743604868911755,1.8937790919981694,-0.027947713104368797,0.7744353000785701,0.20850898379184787,0.0,0.0,2.467005958589381e-33,0.0,0.0,0.0,0.0
15.19,0.7478081841846871,-0.4520605335854502,0.045743604868911755,1.8937790919981694,-0.027947713104368797,0.7744353000785701,0.20850898379184787,0.0,0.0,2.467005958589381e-33,0.0,0.0,0.0,0.0
15.2,0.7478081841846871,-0.4520605335854502,0.045743604868911755,1.8937790919981694,-0.027947713104368797,0.7744353000785701,0.20850898379184787,0.0,0.0,2.467005958589381e-33,0.0,0.0,0.0,0.0
15.21,0.7478081841846871,-0.4520605335854502,0.045743604868911755,1.8937790919981694,-0.027947713104368797,0.7744353000785701,0.20850898379184787,0.0,0.0,2.467005958589381e-33,0.0,0.0,0.0,0.0
15.22,0.7478081841846871,-0.4520605335854502,0.045743604868911755,1.8937790919981694,-0.027947713104368797,0.7744353000785701,0.20850898379184787,0.0,0.0,2.467005958589381e-33,0.0,0.0,0.0,0.0
15.23,0.7478081841846871,-0.4520605335854502,0.045743604868911755,1.8937790919981694,-0.027947713104368797,0.7744353000785701,0.20850898379184787,0.0,0.0,2.467005958589381e-33,0.0,0.0,0.0,0.0
15.24,0.7478081841846871,-0.4520605335854502,0.045743604868911755,1.8937790919981694,-0.027947713104368797,0.7744353000785701,0.20850898379184787,0.0,0.0,2.467005958589381e-33,0.0,0.0,0.0,0.0
15.25,0.7478081841846871,-0.4520605335854502,0.045743604868911755,1.8937790919981694,-0.027947713104368797,0.7744353000785701,0.20850898379184787,0.0,0.0,2.467005958589381e-33,0.0,0.0,0.0,0.0
15.26,0.7478081841846871,-0.4520605335854502,0.045743604868911755,1.8937790919981694,-0.027947713104368797,0.7744353000785701,0.20850898379184787,0.0,0.0,2.467005958589381e-33,0.0,0.0,0.0,0.0
15.27,0.7478081841846871,-0.4520605335854502,0.045743604868911755,1.8937790919981694,-0.027947713104368797,0.7744353000785701,0.20850898379184787,0.0,0.0,2.467005958589381e-33,0.0,0.0,0.0,0.0
15.28,0.7478081841846871,-0.4520605335854502,0.045743604868911755,1.8937790919981694,-0.027947713104368797,0.7744353000785701,0.20850898379184787,0.0,0.0,2.467005958589381e-33,0.0,0.0,0.0,0.0
15.29,0.7478081841846871,-0.4520605335854502,0.045743604868911755,1.8937790919981694,-0.027947713104368797,0.7744353000785701,0.20850898379184787,0.0,0.0,2.467005958589381e-33,0.0,0.0,0.0,0.0
15.3,0.7478081841846871,-0.4520605335854502,0.045743604868911755,1.8937790919981694,-0.027947713104368797,0.7744353000785701,0.20850898379184787,0.0,0.0,2.467005958589381e-33,0.0,0.0,0.0,0.0
15.31,0.7478081841846871,-0.4520605335854502,0.045743604868911755,1.8937790919981694,-0.027947713104368797,0.7744353000785701,0.20850898379184787,0.0,0.0,2.467005958589381e-33,0.0,0.0,0.0,0.0
15.32,0.7478081841846871,-0.4520605335854502,0.045743604868911755,1.8937790919981694,-0.027947713104368797,0.7744353000785701,0.20850898379184787,0.0,0.0,2.467005958589381e-33,0.0,0.0,0.0,0.0
15.33,0.7478081841846871,-0.4520605335854502,0.045743604868911755,1.8937790919981694,-0.027947713104368797,0.7744353000785701,0.20850898379184787,0.0,0.0,2.467005958589381e-33,0.0,0.0,0.0,0.0
15.34,0.7478081841846871,-0.4520605335854502,0.045743604868911755,1.8937790919981694,-0.027947713104368797,0.7744353000785701,0.20850898379184787,0.0,0.0,2.467005958589381e-33,0.0,0.0,0.0,0.0
15.35,0.7478081841846871,-0.4520605335854502,0.045743604868911755,1.8937790919981694,-0.027947713104368797,0.7744353000785701,0.20850898379184787,0.0,0.0,2.467005958589381e-33,0.0,0.0,0.0,0.0
15.36,0.7478081841846871,-0.4520605335854502,0.045743604868911755,1.8937790919981694,-0.027947713104368797,0.7744353000785701,0.20850898379184787,0.0,0.0,2.467005958589381e-33,0.0,0.0,0.0,0.0
15.37,0.7478081841846871,-0.4520605335854502,0.045743604868911755,1.8937790919981694,-0.027947713104368797,0.7744353000785701,0.20850898379184787,0.0,0.0,2.467005958589381e-33,0.0,0.0,0.0,0.0
15.38,0.7478081841846871,-0.4520605335854502,0.045743604868911755,1.8937790919981694,-0.027947713104368797,0.7744353000785701,0.20850898379184787,0.0,0.0,2.467005958589381e-33,0.0,0.0,0.0,0.0
15.39,0.7478081841846871,-0.4520605335854502,0.045743604868911755,1.8937790919981694,-0.027947713104368797,0.7744353000785701,0.20850898379184787,0.0,0.0,2.467005958589381e-33,0.0,0.0,0.0,0.0
15.4,0.7478081841846871,-0.4520605335854502,0.045743604868911755,1.8937790919981694,-0.027947713104368797,0.7744353000785701,0.20850898379184787,0.0,0.0,2.467005958589381e-33,0.0,0.0,0.0,0.0
15.41,0.7478081841846871,-0.4520605335854502,0.045743604868911755,1.8937790919981694,-0.027947713104368797,0.7744353000785701,0.20850898379184787,0.0,0.0,2.467005958589381e-33,0.0,0.0,0.0,0.0
15.42,0.7478081841846871,-0.4520605335854502,0.045743604868911755,1.8937790919981694,-0.027947713104368797,0.7744353000785701,0.20850898379184787,0.0,0.0,2.467005958589381e-33,0.0,0.0,0.0,0.0
15.43,0.7478081841846871,-0.4520605335854502,0.045743604868911755,1.8937790919981694,-0.027947713104368797,0.7744353000785701,0.20850898379184787,0.0,0.0,2.467005958589381e-33,0.0,0.0,0.0,0.0
15.44,0.7478081841846871,-0.4520605335854502,0.045743604868911755,1.8937790919981694,-0.027947713104368797,0.7744353000785701,0.20850898379184787,0.0,0.0,2.467005958589381e-33,0.0,0.0,0.0,0.0
15.45,0.7478081841846871,-0.4520605335854502,0.045743604868911755,1.8937790919981694,-0.027947713104368797,0.7744353000785701,0.20850898379184787,0.0,0.0,2.467005958589381e-33,0.0,0.0,0.0,0.0
15.46,0.7478081841846871,-0.4520605335854502,0.045743604868911755,1.8937790919981694,-0.027947713104368797,0.7744353000785701,0.20850898379184787,0.0,0.0,2.467005958589381e-33,0.0,0.0,0.0,0.0
15.47,0.7478081841846871,-0.4520605335854502,0.045743604868911755,1.8937790919981694,-0.027947713104368797,0.7744353000785701,0.20850898379184787,0.0,0.0,2.467005958589381e-33,0.0,0.0,0.0,0.0
15.48,0.7478081841846871,-0.4520605335854502,0.045743604868911755,1.8937790919981694,-0.027947713104368797,0.7744353000785701,0.20850898379184787,0.0,0.0,2.467005958589381e-33,0.0,0.0,0.0,0.0
15.49,0.7478081841846871,-0.4520605335854502,0.045743604868911755,1.8937790919981694,-0.027947713104368797,0.7744353000785701,0.20850898379184787,0.0,0.0,2.467005958589381e-33,0.0,0.0,0.0,0.0
15.5,0.7478081841846871,-0.4520605335854502,0.045743604868911755,1.8937790919981694,-0.027947713104368797,0.7744353000785701,0.20850898379184787,0.0,0.0,2.467005958589381e-33,0.0,0.0,0.0,0.0
15.51,0.7478081841846871,-0.4520605335854502,0.045743604868911755,1.8937790919981694,-0.027947713104368797,0.7744353000785701,0.20850898379184787,0.0,0.0,2.467005958589381e-33,0.0,0.0,0.0,0.0
15.52,0.7478081841846871,-0.4520605335854502,0.045743604868911755,1.8937790919981694,-0.027947713104368797,0.7744353000785701,0.20850898379184787,0.0,0.0,2.467005958589381e-33,0.0,0.0,0.0,0.0
15.53,0.7478081841846871,-0.4520605335854502,0.045743604868911755,1.8937790919981694,-0.027947713104368797,0.7744353000785701,0.20850898379184787,0.0,0.0,2.467005958589381e-33,0.0,0.0,0.0,0.0
15.54,0.7478081841846871,-0.4520605335854502,0.045743604868911755,1.8937790919981694,-0.027947713104368797,0.7744353000785701,0.20850898379184787,0.0,0.0,2.467005958589381e-33,0.0,0.0,0.0,0.0
15.55,0.7478081841846871,-0.4520605335854502,0.045743604868911755,1.8937790919981694,-0.027947713104368797,0.7744353000785701,0.20850898379184787,0.0,0.0,2.467005958589381e-33,0.0,0.0,0.0,0.0
15.56,0.7478081841846871,-0.4520605335854502,0.045743604868911755,1.8937790919981694,-0.027947713104368797,0.7744353000785701,0.20850898379184787,0.0,0.0,2.467005958589381e-33,0.0,0.0,0.0,0.0
15.57,0.7478081841846871,-0.4520605335854502,0.045743604868911755,1.8937790919981694,-0.027947713104368797,0.7744353000785701,0.20850898379184787,0.0,0.0,2.467005958589381e-33,0.0,0.0,0.0,0.0
15.58,0.7478081841846871,-0.4520605335854502,0.045743604868911755,1.8937790919981694,-0.027947713104368797,0.7744353000785701,0.20850898379184787,0.0,0.0,2.467005958589381e-33,0.0,0.0,0.0,0.0
15.59,0.7478081841846871,-0.4520605335854502,0.045743604868911755,1.8937790919981694,-0.027947713104368797,0.7744353000785701,0.20850898379184787,0.0,0.0,2.467005958589381e-33,0.0,0.0,0.0,0.0
15.6,0.7478081841846871,-0.4520605335854502,0.045743604868911755,1.8937790919981694,-0.027947713104368797,0.7744353000785701,0.20850898379184787,0.0,0.0,2.467005958589381e-33,0.0,0.0,0.0,0.0
15.61,0.7478081841846871,-0.4520605335854502,0.045743604868911755,1.8937790919981694,-0.027947713104368797,0.7744353000785701,0.20850898379184787,0.0,0.0,2.467005958589381e-33,0.0,0.0,0.0,0.0
15.62,0.7478081841846871,-0.4520605335854502,0.045743604868911755,1.8937790919981694,-0.027947713104368797,0.7744353000785701,0.20850898379184787,0.0,0.0,2.467005958589381e-33,0.0,0.0,0.0,0.0
15.63,0.7478081841846871,-0.4520605335854502,0.045743604868911755,1.8937790919981694,-0.027947713104368797,0.7744353000785701,0.20850898379184787,0.0,0.0,2.467005958589381e-33,0.0,0.0,0.0,0.0
15.64,0.7478081841846871,-0.4520605335854502,0.045743604868911755,1.8937790919981694,-0.027947713104368797,0.7744353000785701,0.20850898379184787,0.0,0.0,2.467005958589381e-33,0.0,0.0,0.0,0.0
15.65,0.7478081841846871,-0.4520605335854502,0.045743604868911755,1.8937790919981694,-0.027947713104368797,0.7744353000785701,0.20850898379184787,0.0,0.0,2.467005958589381e-33,0.0,0.0,0.0,0.0
15.66,0.7478081841846871,-0.4520605335854502,0.045743604868911755,1.8937790919981694,-0.027947713104368797,0.7744353000785701,0.20850898379184787,0.0,0.0,2.467005958589381e-33,0.0,0.0,0.0,0.0
15.67,0.7478081841846871,-0.4520605335854502,0.045743604868911755,1.8937790919981694,-0.027947713104368797,0.7744353000785701,0.20850898379184787,0.0,0.0,2.467005958589381e-33,0.0,0.0,0.0,0.0
15.68,0.7478081841846871,-0.4520605335854502,0.045743604868911755,1.8937790919981694,-0.027947713104368797,0.7744353000785701,0.20850898379184787,0.0,0.0,2.467005958589381e-33,0.0,0.0,0.0,0.0
15.69,0.7478081841846871,-0.4520605335854502,0.045743604868911755,1.8937790919981694,-0.027947713104368797,0.7744353000785701,0.20850898379184787,0.0,0.0,2.467005958589381e-33,0.0,0.0,0.0,0.0
15.7,0.7478081841846871,-0.4520605335854502,0.045743604868911755,1.8937790919981694,-0.027947713104368797,0.7744353000785701,0.20850898379184787,0.0,0.0,2.467005958589381e-33,0.0,0.0,0.0,0.0
15.71,0.7478081841846871,-0.4520605335854502,0.045743604868911755,1.8937790919981694,-0.027947713104368797,0.7744353000785701,0.20850898379184787,0.0,0.0,2.467005958589381e-33,0.0,0.0,0.0,0.0
15.72,0.7478081841846871,-0.4520605335854502,0.045743604868911755,1.8937790919981694,-0.027947713104368797,0.7744353000785701,0.20850898379184787,0.0,0.0,2.467005958589381e-33,0.0,0.0,0.0,0.0
15.73,0.7478081841846871,-0.4520605335854502,0.045743604868911755,1.8937790919981694,-0.027947713104368797,0.7744353000785701,0.20850898379184787,0.0,0.0,2.467005958589381e-33,0.0,0.0,0.0,0.0
15.74,0.7478081841846871,-0.4520605335854502,0.045743604868911755,1.8937790919981694,-0.027947713104368797,0.7744353000785701,0.20850898379184787,0.0,0.0,2.467005958589381e-33,0.0,0.0,0.0,0.0
15.75,0.7478081841846871,-0.4520605335854502,0.045743604868911755,1.8937790919981694,-0.027947713104368797,0.7744353000785701,0.20850898379184787,0.0,0.0,2.467005958589381e-33,0.0,0.0,0.0,0.0
15.76,0.7478081841846871,-0.4520605335854502,0.045743604868911755,1.8937790919981694,-0.027947713104368797,0.7744353000785701,0.20850898379184787,0.0,0.0,2.467005958589381e-33,0.0,0.0,0.0,0.0
15.77,0.7478081841846871,-0.4520605335854502,0.045743604868911755,1.8937790919981694,-0.027947713104368797,0.7744353000785701,0.20850898379184787,0.0,0.0,2.467005958589381e-33,0.0,0.0,0.0,0.0
15.78,0.7478081841846871,-0.4520605335854502,0.045743604868911755,1.8937790919981694,-0.027947713104368797,0.7744353000785701,0.20850898379184787,0.0,0.0,2.467005958589381e-33,0.0,0.0,0.0,0.0
15.79,0.7478081841846871,-0.4520605335854502,0.045743604868911755,1.8937790919981694,-0.027947713104368797,0.7744353000785701,0.20850898379184787,0.0,0.0,2.467005958589381e-33,0.0,0.0,0.0,0.0
15.8,0.7478081841846871,-0.4520605335854502,0.045743604868911755,1.8937790919981694,-0.027947713104368797,0.7744353000785701,0.20850898379184787,0.0,0.0,2.467005958589381e-33,0.0,0.0,0.0,0.0
15.81,0.7478081841846871,-0.4520605335854502,0.045743604868911755,1.8937790919981694,-0.027947713104368797,0.7744353000785701,0.20850898379184787,0.0,0.0,2.467005958589381e-33,0.0,0.0,0.0,0.0
15.82,0.7478081841846871,-0.4520605335854502,0.045743604868911755,1.8937790919981694,-0.027947713104368797,0.7744353000785701,0.20850898379184787,0.0,0.0,2.467005958589381e-33,0.0,0.0,0.0,0.0
15.83,0.7478081841846871,-0.4520605335854502,0.045743604868911755,1.8937790919981694,-0.027947713104368797,0.7744353000785701,0.20850898379184787,0.0,0.0,2.467005958589381e-33,0.0,0.0,0.0,0.0
15.84,0.7478081841846871,-0.4520605335854502,0.045743604868911755,1.8937790919981694,-0.027947713104368797,0.7744353000785701,0.20850898379184787,0.0,0.0,2.467005958589381e-33,0.0,0.0,0.0,0.0
15.85,0.7478081841846871,-0.4520605335854502,0.045743604868911755,1.8937790919981694,-0.027947713104368797,0.7744353000785701,0.20850898379184787,0.0,0.0,2.467005958589381e-33,0.0,0.0,0.0,0.0
15.86,0.7478081841846871,-0.4520605335854502,0.045743604868911755,1.8937790919981694,-0.027947713104368797,0.7744353000785701,0.20850898379184787,0.0,0.0,2.467005958589381e-33,0.0,0.0,0.0,0.0
15.87,0.7478081841846871,-0.4520605335854502,0.045743604868911755,1.8937790919981694,-0.027947713104368797,0.7744353000785701,0.20850898379184787,0.0,0.0,2.467005958589381e-33,0.0,0.0,0.0,0.0
15.88,0.7478081841846871,-0.4520605335854502,0.045743604868911755,1.8937790919981694,-0.027947713104368797,0.7744353000785701,0.20850898379184787,0.0,0.0,2.467005958589381e-33,0.0,0.0,0.0,0.0
15.89,0.7478081841846871,-0.4520605335854502,0.045743604868911755,1.8937790919981694,-0.027947713104368797,0.7744353000785701,0.20850898379184787,0.0,0.0,2.467005958589381e-33,0.0,0.0,0.0,0.0
15.9,0.7478081841846871,-0.4520605335854502,0.045743604868911755,1.8937790919981694,-0.027947713104368797,0.7744353000785701,0.20850898379184787,0.0,0.0,2.467005958589381e-33,0.0,0.0,0.0,0.0
15.91,0.7478081841846871,-0.4520605335854502,0.045743604868911755,1.8937790919981694,-0.027947713104368797,0.7744353000785701,0.20850898379184787,0.0,0.0,2.467005958589381e-33,0.0,0.0,0.0,0.0
15.92,0.7478081841846871,-0.4520605335854502,0.045743604868911755,1.8937790919981694,-0.027947713104368797,0.7744353000785701,0.20850898379184787,0.0,0.0,2.467005958589381e-33,0.0,0.0,0.0,0.0
15.93,0.7478081841846871,-0.4520605335854502,0.045743604868911755,1.8937790919981694,-0.027947713104368797,0.7744353000785701,0.20850898379184787,0.0,0.0,2.467005958589381e-33,0.0,0.0,0.0,0.0
15.94,0.7478081841846871,-0.4520605335854502,0.045743604868911755,1.8937790919981694,-0.027947713104368797,0.7744353000785701,0.20850898379184787,0.0,0.0,2.467005958589381e-33,0.0,0.0,0.0,0.0
15.95,0.7478081841846871,-0.4520605335854502,0.045743604868911755,1.8937790919981694,-0.027947713104368797,0.7744353000785701,0.20850898379184787,0.0,0.0,2.467005958589381e-33,0.0,0.0,0.0,0.0
15.96,0.7478081841846871,-0.4520605335854502,0.045743604868911755,1.8937790919981694,-0.027947713104368797,0.7744353000785701,0.20850898379184787,0.0,0.0,2.467005958589381e-33,0.0,0.0,0.0,0.0
15.97,0.7478081841846871,-0.4520605335854502,0.045743604868911755,1.8937790919981694,-0.027947713104368797,0.7744353000785701,0.20850898379184787,0.0,0.0,2.467005958589381e-33,0.0,0.0,0.0,0.0
15.98,0.7478081841846871,-0.4520605335854502,0.045743604868911755,1.8937790919981694,-0.027947713104368797,0.7744353000785701,0.20850898379184787,0.0,0.0,2.467005958589381e-33,0.0,0.0,0.0,0.0
15.99,0.7478081841846871,-0.4520605335854502,0.045743604868911755,1.8937790919981694,-0.027947713104368797,0.7744353000785701,0.20850898379184787,0.0,0.0,2.467005958589381e-33,0.0,0.0,0.0,0.0
16.0,0.7478081841846871,-0.4520605335854502,0.045743604868911755,1.8937790919981694,-0.027947713104368797,0.7744353000785701,0.20850898379184787,0.0,0.0,2.467005958589381e-33,0.0,0.0,0.0,0.0
