time_s,q1_rad,q2_rad,q3_rad,q4_rad,q5_rad,q6_rad,q7_rad,dq1_rad_s,dq2_rad_s,dq3_rad_s,dq4_rad_s,dq5_rad_s,dq6_rad_s,dq7_rad_s
0.0,0.7478081841846871,-0.4520605335854502,0.045743604868911755,1.8937790919981694,-0.027947713104368797,0.7744353000785701,0.20850898379184787,0.0,0.0,0.0,0.0,0.0,0.0,0.0
0.01,0.7478081841846871,-0.4520605335854502,0.045743604868911755,1.8937790919981694,-0.027947713104368797,0.7744353000785701,0.20850898379184787,0.0,0.0,0.0,0.0,0.0,0.0,0.0
0.02,0.7478081841846871,-0.4520605335854502,0.045743604868911755,1.8937790919981694,-0.027947713104368797,0.7744353000785701,0.20850898379184787,0.0,0.0,0.0,0.0,0.0,0.0,0.0
0.03,0.7478081841846871,-0.4520605335854502,0.045743604868911755,1.8937790919981694,-0.027947713104368797,0.7744353000785701,0.20850898379184787,0.0,0.0,0.0,0.0,0.0,0.0,0.0
0.04,0.7478081841846871,-0.4520605335854502,0.045743604868911755,1.8937790919981694,-0.027947713104368797,0.7744353000785701,0.20850898379184787,0.0,0.0,0.0,0.0,0.0,0.0,0.0
0.05,0.7478081841846871,-0.4520605335854502,0.045743604868911755,1.8937790919981694,-0.027947713104368797,0.7744353000785701,0.20850898379184787,0.0,0.0,0.0,0.0,0.0,0.0,0.0
0.06,0.7478081841846871,-0.4520605335854502,0.045743604868911755,1.8937790919981694,-0.027947713104368797,0.7744353000785701,0.20850898379184787,0.0,0.0,0.0,0.0,0.0,0.0,0.0
0.07,0.7478081841846871,-0.4520605335854502,0.045743604868911755,1.8937790919981694,-0.027947713104368797,0.7744353000785701,0.20850898379184787,0.0,0.0,0.0,0.0,0.0,0.0,0.0
0.08,0.7478081841846871,-0.4520605335854502,0.045743604868911755,1.8937790919981694,-0.027947713104368797,0.7744353000785701,0.20850898379184787,0.0,0.0,0.0,0.0,0.0,0.0,0.0
0.09,0.7478081841846871,-0.4520605335854502,0.045743604868911755,1.8937790919981694,-0.027947713104368797,0.7744353000785701,0.20850898379184787,0.0,0.0,0.0,0.0,0.0,0.0,0.0
0.1,0.7478081841846871,-0.4520605335854502,0.045743604868911755,1.8937790919981694,-0.027947713104368797,0.7744353000785701,0.20850898379184787,0.0,0.0,0.0,0.0,0.0,0.0,0.0
0.11,0.7478081841846871,-0.4520605335854502,0.045743604868911755,1.8937790919981694,-0.027947713104368797,0.7744353000785701,0.20850898379184787,0.0,0.0,0.0,0.0,0.0,0.0,0.0
0.12,0.7478081841846871,-0.4520605335854502,0.045743604868911755,1.8937790919981694,-0.027947713104368797,0.7744353000785701,0.20850898379184787,0.0,0.0,0.0,0.0,0.0,0.0,0.0
0.13,0.7478081841846871,-0.4520605335854502,0.045743604868911755,1.8937790919981694,-0.027947713104368797,0.7744353000785701,0.20850898379184787,0.0,0.0,0.0,0.0,0.0,0.0,0.0
0.14,0.7478081841846871,-0.4520605335854502,0.045743604868911755,1.8937790919981694,-0.027947713104368797,0.7744353000785701,0.20850898379184787,0.0,0.0,0.0,0.0,0.0,0.0,0.0
0.15,0.7478081841846871,-0.4520605335854502,0.045743604868911755,1.8937790919981694,-0.027947713104368797,0.7744353000785701,0.20850898379184787,0.0,0.0,0.0,0.0,0.0,0.0,0.0
0.16,0.7478081841846871,-0.4520605335854502,0.045743604868911755,1.8937790919981694,-0.027947713104368797,0.7744353000785701,0.20850898379184787,0.0,0.0,0.0,0.0,0.0,0.0,0.0
0.17,0.7478081841846871,-0.4520605335854502,0.045743604868911755,1.8937790919981694,-0.027947713104368797,0.7744353000785701,0.20850898379184787,0.0,0.0,0.0,0.0,0.0,0.0,0.0
0.18,0.7478081841846871,-0.4520605335854502,0.045743604868911755,1.8937790919981694,-0.027947713104368797,0.7744353000785701,0.20850898379184787,0.0,0.0,0.0,0.0,0.0,0.0,0.0
0.19,0.7478081841846871,-0.4520605335854502,0.045743604868911755,1.8937790919981694,-0.027947713104368797,0.7744353000785701,0.20850898379184787,0.0,0.0,0.0,0.0,0.0,0.0,0.0
0.2,0.7478081841846871,-0.4520605335854502,0.045743604868911755,1.8937790919981694,-0.027947713104368797,0.7744353000785701,0.20850898379184787,0.0,0.0,0.0,0.0,0.0,0.0,0.0
0.21,0.7478081841846871,-0.4520605335854502,0.045743604868911755,1.8937790919981694,-0.027947713104368797,0.7744353000785701,0.20850898379184787,0.0,0.0,0.0,0.0,0.0,0.0,0.0
0.22,0.7478081841846871,-0.4520605335854502,0.045743604868911755,1.8937790919981694,-0.027947713104368797,0.7744353000785701,0.20850898379184787,0.0,0.0,0.0,0.0,0.0,0.0,0.0
0.23,0.7478081841846871,-0.4520605335854502,0.045743604868911755,1.8937790919981694,-0.027947713104368797,0.7744353000785701,0.20850898379184787,0.0,0.0,0.0,0.0,0.0,0.0,0.0
0.24,0.7478081841846871,-0.4520605335854502,0.045743604868911755,1.8937790919981694,-0.027947713104368797,0.7744353000785701,0.20850898379184787,0.0,0.0,0.0,0.0,0.0,0.0,0.0
0.25,0.7478081841846871,-0.4520605335854502,0.045743604868911755,1.8937790919981694,-0.027947713104368797,0.7744353000785701,0.20850898379184787,0.0,0.0,0.0,0.0,0.0,0.0,0.0
0.26,0.7478081841846871,-0.4520605335854502,0.045743604868911755,1.8937790919981694,-0.027947713104368797,0.7744353000785701,0.20850898379184787,0.0,0.0,0.0,0.0,0.0,0.0,0.0
0.27,0.7478081841846871,-0.4520605335854502,0.045743604868911755,1.8937790919981694,-0.027947713104368797,0.7744353000785701,0.20850898379184787,0.0,0.0,0.0,0.0,0.0,0.0,0.0
0.28,0.7478081841846871,-0.4520605335854502,0.045743604868911755,1.8937790919981694,-0.027947713104368797,0.7744353000785701,0.20850898379184787,0.0,0.0,0.0,0.0,0.0,0.0,0.0
0.29,0.7478081841846871,-0.4520605335854502,0.045743604868911755,1.8937790919981694,-0.027947713104368797,0.7744353000785701,0.20850898379184787,0.0,0.0,0.0,0.0,0.0,0.0,0.0
0.3,0.7478081841846871,-0.4520605335854502,0.045743604868911755,1.8937790919981694,-0.027947713104368797,0.7744353000785701,0.20850898379184787,0.0,0.0,0.0,0.0,0.0,0.0,0.0
0.31,0.7478081841846871,-0.4520605335854502,0.045743604868911755,1.8937790919981694,-0.027947713104368797,0.7744353000785701,0.20850898379184787,0.0,0.0,0.0,0.0,0.0,0.0,0.0
0.32,0.7478081841846871,-0.4520605335854502,0.045743604868911755,1.8937790919981694,-0.027947713104368797,0.7744353000785701,0.20850898379184787,0.0,0.0,0.0,0.0,0.0,0.0,0.0
0.33,0.7478081841846871,-0.4520605335854502,0.045743604868911755,1.8937790919981694,-0.027947713104368797,0.7744353000785701,0.20850898379184787,0.0,0.0,0.0,0.0,0.0,0.0,0.0
0.34,0.7478081841846871,-0.4520605335854502,0.045743604868911755,1.8937790919981694,-0.027947713104368797,0.7744353000785701,0.20850898379184787,0.0,0.0,0.0,0.0,0.0,0.0,0.0
0.35,0.7478081841846871,-0.4520605335854502,0.045743604868911755,1.8937790919981694,-0.027947713104368797,0.7744353000785701,0.20850898379184787,0.0,0.0,0.0,0.0,0.0,0.0,0.0
0.36,0.7478081841846871,-0.4520605335854502,0.045743604868911755,1.8937790919981694,-0.027947713104368797,0.7744353000785701,0.20850898379184787,0.0,0.0,0.0,0.0,0.0,0.0,0.0
0.37,0.7478081841846871,-0.4520605335854502,0.045743604868911755,1.8937790919981694,-0.027947713104368797,0.7744353000785701,0.20850898379184787,0.0,0.0,0.0,0.0,0.0,0.0,0.0
0.38,0.7478081841846871,-0.4520605335854502,0.045743604868911755,1.8937790919981694,-0.027947713104368797,0.7744353000785701,0.20850898379184787,0.0,0.0,0.0,0.0,0.0,0.0,0.0
0.39,0.7478081841846871,-0.4520605335854502,0.045743604868911755,1.8937790919981694,-0.027947713104368797,0.7744353000785701,0.20850898379184787,0.0,0.0,0.0,0.0,0.0,0.0,0.0
0.4,0.7478081841846871,-0.4520605335854502,0.045743604868911755,1.8937790919981694,-0.027947713104368797,0.7744353000785701,0.20850898379184787,0.0,0.0,0.0,0.0,0.0,0.0,0.0
0.41,0.7478081841846871,-0.4520605335854502,0.045743604868911755,1.8937790919981694,-0.027947713104368797,0.7744353000785701,0.20850898379184787,0.0,0.0,0.0,0.0,0.0,0.0,0.0
0.42,0.7478081841846871,-0.4520605335854502,0.045743604868911755,1.8937790919981694,-0.027947713104368797,0.7744353000785701,0.20850898379184787,0.0,0.0,0.0,0.0,0.0,0.0,0.0
0.43,0.7478081841846871,-0.4520605335854502,0.045743604868911755,1.8937790919981694,-0.027947713104368797,0.7744353000785701,0.20850898379184787,0.0,0.0,0.0,0.0,0.0,0.0,0.0
0.44,0.7478081841846871,-0.4520605335854502,0.045743604868911755,1.8937790919981694,-0.027947713104368797,0.7744353000785701,0.20850898379184787,0.0,0.0,0.0,0.0,0.0,0.0,0.0
0.45,0.7478081841846871,-0.4520605335854502,0.045743604868911755,1.8937790919981694,-0.027947713104368797,0.7744353000785701,0.20850898379184787,0.0,0.0,0.0,0.0,0.0,0.0,0.0
0.46,0.7478081841846871,-0.4520605335854502,0.045743604868911755,1.8937790919981694,-0.027947713104368797,0.7744353000785701,0.20850898379184787,0.0,0.0,0.0,0.0,0.0,0.0,0.0
0.47,0.7478081841846871,-0.4520605335854502,0.045743604868911755,1.8937790919981694,-0.027947713104368797,0.7744353000785701,0.20850898379184787,0.0,0.0,0.0,0.0,0.0,0.0,0.0
0.48,0.7478081841846871,-0.4520605335854502,0.045743604868911755,1.8937790919981694,-0.027947713104368797,0.7744353000785701,0.20850898379184787,0.0,0.0,0.0,0.0,0.0,0.0,0.0
0.49,0.7478081841846871,-0.4520605335854502,0.045743604868911755,1.8937790919981694,-0.027947713104368797,0.7744353000785701,0.20850898379184787,0.0,0.0,0.0,0.0,0.0,0.0,0.0
0.5,0.7478081841846871,-0.4520605335854502,0.045743604868911755,1.8937790919981694,-0.027947713104368797,0.7744353000785701,0.20850898379184787,0.0,0.0,0.0,0.0,0.0,0.0,0.0
0.51,0.7478081841846871,-0.4520605335854502,0.045743604868911755,1.8937790919981694,-0.027947713104368797,0.7744353000785701,0.20850898379184787,0.0,0.0,0.0,0.0,0.0,0.0,0.0
0.52,0.7478081841846871,-0.4520605335854502,0.045743604868911755,1.8937790919981694,-0.027947713104368797,0.7744353000785701,0.20850898379184787,0.0,0.0,0.0,0.0,0.0,0.0,0.0
0.53,0.7478081841846871,-0.4520605335854502,0.045743604868911755,1.8937790919981694,-0.027947713104368797,0.7744353000785701,0.20850898379184787,0.0,0.0,0.0,0.0,0.0,0.0,0.0
0.54,0.7478081841846871,-0.4520605335854502,0.045743604868911755,1.8937790919981694,-0.027947713104368797,0.7744353000785701,0.20850898379184787,0.0,0.0,0.0,0.0,0.0,0.0,0.0
0.55,0.7478081841846871,-0.4520605335854502,0.045743604868911755,1.8937790919981694,-0.027947713104368797,0.7744353000785701,0.20850898379184787,0.0,0.0,0.0,0.0,0.0,0.0,0.0
0.56,0.7478081841846871,-0.4520605335854502,0.045743604868911755,1.8937790919981694,-0.027947713104368797,0.7744353000785701,0.20850898379184787,0.0,0.0,0.0,0.0,0.0,0.0,0.0
0.57,0.7478081841846871,-0.4520605335854502,0.045743604868911755,1.8937790919981694,-0.027947713104368797,0.7744353000785701,0.20850898379184787,0.0,0.0,0.0,0.0,0.0,0.0,0.0
0.58,0.7478081841846871,-0.4520605335854502,0.045743604868911755,1.8937790919981694,-0.027947713104368797,0.7744353000785701,0.20850898379184787,0.0,0.0,0.0,0.0,0.0,0.0,0.0
0.59,0.7478081841846871,-0.4520605335854502,0.045743604868911755,1.8937790919981694,-0.027947713104368797,0.7744353000785701,0.20850898379184787,0.0,0.0,0.0,0.0,0.0,0.0,0.0
0.6,0.7478081841846871,-0.4520605335854502,0.045743604868911755,1.8937790919981694,-0.027947713104368797,0.7744353000785701,0.20850898379184787,0.0,0.0,0.0,0.0,0.0,0.0,0.0
0.61,0.7478081841846871,-0.4520605335854502,0.045743604868911755,1.8937790919981694,-0.027947713104368797,0.7744353000785701,0.20850898379184787,0.0,0.0,0.0,0.0,0.0,0.0,0.0
0.62,0.7478081841846871,-0.4520605335854502,0.045743604868911755,1.8937790919981694,-0.027947713104368797,0.7744353000785701,0.20850898379184787,0.0,0.0,0.0,0.0,0.0,0.0,0.0
0.63,0.7478081841846871,-0.4520605335854502,0.045743604868911755,1.8937790919981694,-0.027947713104368797,0.7744353000785701,0.20850898379184787,0.0,0.0,0.0,0.0,0.0,0.0,0.0
0.64,0.7478081841846871,-0.4520605335854502,0.045743604868911755,1.8937790919981694,-0.027947713104368797,0.7744353000785701,0.20850898379184787,0.0,0.0,0.0,0.0,0.0,0.0,0.0
0.65,0.7478081841846871,-0.4520605335854502,0.045743604868911755,1.8937790919981694,-0.027947713104368797,0.7744353000785701,0.20850898379184787,0.0,0.0,0.0,0.0,0.0,0.0,0.0
0.66,0.7478081841846871,-0.4520605335854502,0.045743604868911755,1.8937790919981694,-0.027947713104368797,0.7744353000785701,0.20850898379184787,0.0,0.0,0.0,0.0,0.0,0.0,0.0
0.67,0.7478081841846871,-0.4520605335854502,0.045743604868911755,1.8937790919981694,-0.027947713104368797,0.7744353000785701,0.20850898379184787,0.0,0.0,0.0,0.0,0.0,0.0,0.0
0.68,0.7478081841846871,-0.4520605335854502,0.045743604868911755,1.8937790919981694,-0.027947713104368797,0.7744353000785701,0.20850898379184787,0.0,0.0,0.0,0.0,0.0,0.0,0.0
0.69,0.7478081841846871,-0.4520605335854502,0.045743604868911755,1.8937790919981694,-0.027947713104368797,0.7744353000785701,0.20850898379184787,0.0,0.0,0.0,0.0,0.0,0.0,0.0
0.7,0.7478081841846871,-0.4520605335854502,0.045743604868911755,1.8937790919981694,-0.027947713104368797,0.7744353000785701,0.20850898379184787,0.0,0.0,0.0,0.0,0.0,0.0,0.0
0.71,0.7478081841846871,-0.4520605335854502,0.045743604868911755,1.8937790919981694,-0.027947713104368797,0.7744353000785701,0.20850898379184787,0.0,0.0,0.0,0.0,0.0,0.0,0.0
0.72,0.7478081841846871,-0.4520605335854502,0.045743604868911755,1.8937790919981694,-0.027947713104368797,0.7744353000785701,0.20850898379184787,0.0,0.0,0.0,0.0,0.0,0.0,0.0
0.73,0.7478081841846871,-0.4520605335854502,0.045743604868911755,1.8937790919981694,-0.027947713104368797,0.7744353000785701,0.20850898379184787,0.0,0.0,0.0,0.0,0.0,0.0,0.0
0.74,0.7478081841846871,-0.4520605335854502,0.045743604868911755,1.8937790919981694,-0.027947713104368797,0.7744353000785701,0.20850898379184787,0.0,0.0,0.0,0.0,0.0,0.0,0.0
0.75,0.7478081841846871,-0.4520605335854502,0.045743604868911755,1.8937790919981694,-0.027947713104368797,0.7744353000785701,0.20850898379184787,0.0,0.0,0.0,0.0,0.0,0.0,0.0
0.76,0.7478081841846871,-0.4520605335854502,0.045743604868911755,1.8937790919981694,-0.027947713104368797,0.7744353000785701,0.20850898379184787,0.0,0.0,0.0,0.0,0.0,0.0,0.0
0.77,0.7478081841846871,-0.4520605335854502,0.045743604868911755,1.8937790919981694,-0.027947713104368797,0.7744353000785701,0.20850898379184787,0.0,0.0,0.0,0.0,0.0,0.0,0.0
0.78,0.7478081841846871,-0.4520605335854502,0.045743604868911755,1.8937790919981694,-0.027947713104368797,0.7744353000785701,0.20850898379184787,0.0,0.0,0.0,0.0,0.0,0.0,0.0
0.79,0.7478081841846871,-0.4520605335854502,0.045743604868911755,1.8937790919981694,-0.027947713104368797,0.7744353000785701,0.20850898379184787,0.0,0.0,0.0,0.0,0.0,0.0,0.0
0.8,0.7478081841846871,-0.4520605335854502,0.045743604868911755,1.8937790919981694,-0.027947713104368797,0.7744353000785701,0.20850898379184787,0.0,0.0,0.0,0.0,0.0,0.0,0.0
0.81,0.7478081841846871,-0.4520605335854502,0.045743604868911755,1.8937790919981694,-0.027947713104368797,0.7744353000785701,0.20850898379184787,0.0,0.0,0.0,0.0,0.0,0.0,0.0
0.82,0.7478081841846871,-0.4520605335854502,0.045743604868911755,1.8937790919981694,-0.027947713104368797,0.7744353000785701,0.20850898379184787,0.0,0.0,0.0,0.0,0.0,0.0,0.0
0.83,0.7478081841846871,-0.4520605335854502,0.045743604868911755,1.8937790919981694,-0.027947713104368797,0.7744353000785701,0.20850898379184787,0.0,0.0,0.0,0.0,0.0,0.0,0.0
0.84,0.7478081841846871,-0.4520605335854502,0.045743604868911755,1.8937790919981694,-0.027947713104368797,0.7744353000785701,0.20850898379184787,0.0,0.0,0.0,0.0,0.0,0.0,0.0
0.85,0.7478081841846871,-0.4520605335854502,0.045743604868911755,1.8937790919981694,-0.027947713104368797,0.7744353000785701,0.20850898379184787,0.0,0.0,0.0,0.0,0.0,0.0,0.0
0.86,0.7478081841846871,-0.4520605335854502,0.045743604868911755,1.8937790919981694,-0.027947713104368797,0.7744353000785701,0.20850898379184787,0.0,0.0,0.0,0.0,0.0,0.0,0.0
0.87,0.7478081841846871,-0.4520605335854502,0.045743604868911755,1.8937790919981694,-0.027947713104368797,0.7744353000785701,0.20850898379184787,0.0,0.0,0.0,0.0,0.0,0.0,0.0
0.88,0.7478081841846871,-0.4520605335854502,0.045743604868911755,1.8937790919981694,-0.027947713104368797,0.7744353000785701,0.20850898379184787,0.0,0.0,0.0,0.0,0.0,0.0,0.0
0.89,0.7478081841846871,-0.4520605335854502,0.045743604868911755,1.8937790919981694,-0.027947713104368797,0.7744353000785701,0.20850898379184787,0.0,0.0,0.0,0.0,0.0,0.0,0.0
0.9,0.7478081841846871,-0.4520605335854502,0.045743604868911755,1.8937790919981694,-0.027947713104368797,0.7744353000785701,0.20850898379184787,0.0,0.0,0.0,0.0,0.0,0.0,0.0
0.91,0.7478081841846871,-0.4520605335854502,0.045743604868911755,1.8937790919981694,-0.027947713104368797,0.7744353000785701,0.20850898379184787,0.0,0.0,0.0,0.0,0.0,0.0,0.0
0.92,0.7478081841846871,-0.4520605335854502,0.045743604868911755,1.8937790919981694,-0.027947713104368797,0.7744353000785701,0.20850898379184787,0.0,0.0,0.0,0.0,0.0,0.0,0.0
0.93,0.7478081841846871,-0.4520605335854502,0.045743604868911755,1.8937790919981694,-0.027947713104368797,0.7744353000785701,0.20850898379184787,0.0,0.0,0.0,0.0,0.0,0.0,0.0
0.94,0.7478081841846871,-0.4520605335854502,0.045743604868911755,1.8937790919981694,-0.027947713104368797,0.7744353000785701,0.20850898379184787,0.0,0.0,0.0,0.0,0.0,0.0,0.0
0.95,0.7478081841846871,-0.4520605335854502,0.045743604868911755,1.8937790919981694,-0.027947713104368797,0.7744353000785701,0.20850898379184787,0.0,0.0,0.0,0.0,0.0,0.0,0.0
0.96,0.7478081841846871,-0.4520605335854502,0.045743604868911755,1.8937790919981694,-0.027947713104368797,0.7744353000785701,0.20850898379184787,0.0,0.0,0.0,0.0,0.0,0.0,0.0
0.97,0.7478081841846871,-0.4520605335854502,0.045743604868911755,1.8937790919981694,-0.027947713104368797,0.7744353000785701,0.20850898379184787,0.0,0.0,0.0,0.0,0.0,0.0,0.0
0.98,0.7478081841846871,-0.4520605335854502,0.045743604868911755,1.8937790919981694,-0.027947713104368797,0.7744353000785701,0.20850898379184787,0.0,0.0,0.0,0.0,0.0,0.0,0.0
0.99,0.7478081841846871,-0.4520605335854502,0.045743604868911755,1.8937790919981694,-0.027947713104368797,0.7744353000785701,0.20850898379184787,0.0,0.0,0.0,0.0,0.0,0.0,0.0
1.0,0.7478081841846871,-0.4520605335854502,0.045743604868911755,1.8937790919981694,-0.027947713104368797,0.7744353000785701,0.20850898379184787,0.0,0.0,0.0,0.0,0.0,0.0,0.0
1.01,0.7478081841846871,-0.4520605335854502,0.045743604868911755,1.8937790919981694,-0.027947713104368797,0.7744353000785701,0.20850898379184787,0.0,0.0,0.0,0.0,0.0,0.0,0.0
1.02,0.7478081841846871,-0.4520605335854502,0.045743604868911755,1.8937790919981694,-0.027947713104368797,0.7744353000785701,0.20850898379184787,0.0,0.0,0.0,0.0,0.0,0.0,0.0
1.03,0.7478081841846871,-0.4520605335854502,0.045743604868911755,1.8937790919981694,-0.027947713104368797,0.7744353000785701,0.20850898379184787,0.0,0.0,0.0,0.0,0.0,0.0,0.0
1.04,0.7478081841846871,-0.4520605335854502,0.045743604868911755,1.8937790919981694,-0.027947713104368797,0.7744353000785701,0.20850898379184787,0.0,0.0,0.0,0.0,0.0,0.0,0.0
1.05,0.7478081841846871,-0.4520605335854502,0.045743604868911755,1.8937790919981694,-0.027947713104368797,0.7744353000785701,0.20850898379184787,0.0,0.0,0.0,0.0,0.0,0.0,0.0
1.06,0.7478081841846871,-0.4520605335854502,0.045743604868911755,1.8937790919981694,-0.027947713104368797,0.7744353000785701,0.20850898379184787,0.0,0.0,0.0,0.0,0.0,0.0,0.0
1.07,0.7478081841846871,-0.4520605335854502,0.045743604868911755,1.8937790919981694,-0.027947713104368797,0.7744353000785701,0.20850898379184787,0.0,0.0,0.0,0.0,0.0,0.0,0.0
1.08,0.7478081841846871,-0.4520605335854502,0.045743604868911755,1.8937790919981694,-0.027947713104368797,0.7744353000785701,0.20850898379184787,0.0,0.0,0.0,0.0,0.0,0.0,0.0
1.09,0.7478081841846871,-0.4520605335854502,0.045743604868911755,1.8937790919981694,-0.027947713104368797,0.7744353000785701,0.20850898379184787,0.0,0.0,0.0,0.0,0.0,0.0,0.0
1.1,0.7478081841846871,-0.4520605335854502,0.045743604868911755,1.8937790919981694,-0.027947713104368797,0.7744353000785701,0.20850898379184787,0.0,0.0,0.0,0.0,0.0,0.0,0.0
1.11,0.7478081841846871,-0.4520605335854502,0.045743604868911755,1.8937790919981694,-0.027947713104368797,0.7744353000785701,0.20850898379184787,0.0,0.0,0.0,0.0,0.0,0.0,0.0
1.12,0.7478081841846871,-0.4520605335854502,0.045743604868911755,1.8937790919981694,-0.027947713104368797,0.7744353000785701,0.20850898379184787,0.0,0.0,0.0,0.0,0.0,0.0,0.0
1.13,0.7478081841846871,-0.4520605335854502,0.045743604868911755,1.8937790919981694,-0.027947713104368797,0.7744353000785701,0.20850898379184787,0.0,0.0,0.0,0.0,0.0,0.0,0.0
1.14,0.7478081841846871,-0.4520605335854502,0.045743604868911755,1.8937790919981694,-0.027947713104368797,0.7744353000785701,0.20850898379184787,0.0,0.0,0.0,0.0,0.0,0.0,0.0
1.15,0.7478081841846871,-0.4520605335854502,0.045743604868911755,1.8937790919981694,-0.027947713104368797,0.7744353000785701,0.20850898379184787,0.0,0.0,0.0,0.0,0.0,0.0,0.0
1.16,0.7478081841846871,-0.4520605335854502,0.045743604868911755,1.8937790919981694,-0.027947713104368797,0.7744353000785701,0.20850898379184787,0.0,0.0,0.0,0.0,0.0,0.0,0.0
1.17,0.7478081841846871,-0.4520605335854502,0.045743604868911755,1.8937790919981694,-0.027947713104368797,0.7744353000785701,0.20850898379184787,0.0,0.0,0.0,0.0,0.0,0.0,0.0
1.18,0.7478081841846871,-0.4520605335854502,0.045743604868911755,1.8937790919981694,-0.027947713104368797,0.7744353000785701,0.20850898379184787,0.0,0.0,0.0,0.0,0.0,0.0,0.0
1.19,0.7478081841846871,-0.4520605335854502,0.045743604868911755,1.8937790919981694,-0.027947713104368797,0.7744353000785701,0.20850898379184787,0.0,0.0,0.0,0.0,0.0,0.0,0.0
1.2,0.7478081841846871,-0.4520605335854502,0.045743604868911755,1.8937790919981694,-0.027947713104368797,0.7744353000785701,0.20850898379184787,0.0,0.0,0.0,0.0,0.0,0.0,0.0
1.21,0.7478081841846871,-0.4520605335854502,0.045743604868911755,1.8937790919981694,-0.027947713104368797,0.7744353000785701,0.20850898379184787,0.0,0.0,0.0,0.0,0.0,0.0,0.0
1.22,0.7478081841846871,-0.4520605335854502,0.045743604868911755,1.8937790919981694,-0.027947713104368797,0.7744353000785701,0.20850898379184787,0.0,0.0,0.0,0.0,0.0,0.0,0.0
1.23,0.7478081841846871,-0.4520605335854502,0.045743604868911755,1.8937790919981694,-0.027947713104368797,0.7744353000785701,0.20850898379184787,0.0,0.0,0.0,0.0,0.0,0.0,0.0
1.24,0.7478081841846871,-0.4520605335854502,0.045743604868911755,1.8937790919981694,-0.027947713104368797,0.7744353000785701,0.20850898379184787,0.0,0.0,0.0,0.0,0.0,0.0,0.0
1.25,0.7478081841846871,-0.4520605335854502,0.045743604868911755,1.8937790919981694,-0.027947713104368797,0.7744353000785701,0.20850898379184787,0.0,0.0,0.0,0.0,0.0,0.0,0.0
1.26,0.7478081841846871,-0.4520605335854502,0.045743604868911755,1.8937790919981694,-0.027947713104368797,0.7744353000785701,0.20850898379184787,0.0,0.0,0.0,0.0,0.0,0.0,0.0
1.27,0.7478081841846871,-0.4520605335854502,0.045743604868911755,1.8937790919981694,-0.027947713104368797,0.7744353000785701,0.20850898379184787,0.0,0.0,0.0,0.0,0.0,0.0,0.0
1.28,0.7478081841846871,-0.4520605335854502,0.045743604868911755,1.8937790919981694,-0.027947713104368797,0.7744353000785701,0.20850898379184787,0.0,0.0,0.0,0.0,0.0,0.0,0.0
1.29,0.7478081841846871,-0.4520605335854502,0.045743604868911755,1.8937790919981694,-0.027947713104368797,0.7744353000785701,0.20850898379184787,0.0,0.0,0.0,0.0,0.0,0.0,0.0
1.3,0.7478081841846871,-0.4520605335854502,0.045743604868911755,1.8937790919981694,-0.027947713104368797,0.7744353000785701,0.20850898379184787,0.0,0.0,0.0,0.0,0.0,0.0,0.0
1.31,0.7478081841846871,-0.4520605335854502,0.045743604868911755,1.8937790919981694,-0.027947713104368797,0.7744353000785701,0.20850898379184787,0.0,0.0,0.0,0.0,0.0,0.0,0.0
1.32,0.7478081841846871,-0.4520605335854502,0.045743604868911755,1.8937790919981694,-0.027947713104368797,0.7744353000785701,0.20850898379184787,0.0,0.0,0.0,0.0,0.0,0.0,0.0
1.33,0.7478081841846871,-0.4520605335854502,0.045743604868911755,1.8937790919981694,-0.027947713104368797,0.7744353000785701,0.20850898379184787,0.0,0.0,0.0,0.0,0.0,0.0,0.0
1.34,0.7478081841846871,-0.4520605335854502,0.045743604868911755,1.8937790919981694,-0.027947713104368797,0.7744353000785701,0.20850898379184787,0.0,0.0,0.0,0.0,0.0,0.0,0.0
1.35,0.7478081841846871,-0.4520605335854502,0.045743604868911755,1.8937790919981694,-0.027947713104368797,0.7744353000785701,0.20850898379184787,0.0,0.0,0.0,0.0,0.0,0.0,0.0
1.36,0.7478081841846871,-0.4520605335854502,0.045743604868911755,1.8937790919981694,-0.027947713104368797,0.7744353000785701,0.20850898379184787,0.0,0.0,0.0,0.0,0.0,0.0,0.0
1.37,0.7478081841846871,-0.4520605335854502,0.045743604868911755,1.8937790919981694,-0.027947713104368797,0.7744353000785701,0.20850898379184787,0.0,0.0,0.0,0.0,0.0,0.0,0.0
1.38,0.7478081841846871,-0.4520605335854502,0.045743604868911755,1.8937790919981694,-0.027947713104368797,0.7744353000785701,0.20850898379184787,0.0,0.0,0.0,0.0,0.0,0.0,0.0
1.39,0.7478081841846871,-0.4520605335854502,0.045743604868911755,1.8937790919981694,-0.027947713104368797,0.7744353000785701,0.20850898379184787,0.0,0.0,0.0,0.0,0.0,0.0,0.0
1.4,0.7478081841846871,-0.4520605335854502,0.045743604868911755,1.8937790919981694,-0.027947713104368797,0.7744353000785701,0.20850898379184787,0.0,0.0,0.0,0.0,0.0,0.0,0.0
1.41,0.7478081841846871,-0.4520605335854502,0.045743604868911755,1.8937790919981694,-0.027947713104368797,0.7744353000785701,0.20850898379184787,0.0,0.0,0.0,0.0,0.0,0.0,0.0
1.42,0.7478081841846871,-0.4520605335854502,0.045743604868911755,1.8937790919981694,-0.027947713104368797,0.7744353000785701,0.20850898379184787,0.0,0.0,0.0,0.0,0.0,0.0,0.0
1.43,0.7478081841846871,-0.4520605335854502,0.045743604868911755,1.8937790919981694,-0.027947713104368797,0.7744353000785701,0.20850898379184787,0.0,0.0,0.0,0.0,0.0,0.0,0.0
1.44,0.7478081841846871,-0.4520605335854502,0.045743604868911755,1.8937790919981694,-0.027947713104368797,0.7744353000785701,0.20850898379184787,0.0,0.0,0.0,0.0,0.0,0.0,0.0
1.45,0.7478081841846871,-0.4520605335854502,0.045743604868911755,1.8937790919981694,-0.027947713104368797,0.7744353000785701,0.20850898379184787,0.0,0.0,0.0,0.0,0.0,0.0,0.0
1.46,0.7478081841846871,-0.4520605335854502,0.045743604868911755,1.8937790919981694,-0.027947713104368797,0.7744353000785701,0.20850898379184787,0.0,0.0,0.0,0.0,0.0,0.0,0.0
1.47,0.7478081841846871,-0.4520605335854502,0.045743604868911755,1.8937790919981694,-0.027947713104368797,0.7744353000785701,0.20850898379184787,0.0,0.0,0.0,0.0,0.0,0.0,0.0
1.48,0.7478081841846871,-0.4520605335854502,0.045743604868911755,1.8937790919981694,-0.027947713104368797,0.7744353000785701,0.20850898379184787,0.0,0.0,0.0,0.0,0.0,0.0,0.0
1.49,0.7478081841846871,-0.4520605335854502,0.045743604868911755,1.8937790919981694,-0.027947713104368797,0.7744353000785701,0.20850898379184787,0.0,0.0,0.0,0.0,0.0,0.0,0.0
1.5,0.7478081841846871,-0.4520605335854502,0.045743604868911755,1.8937790919981694,-0.027947713104368797,0.7744353000785701,0.20850898379184787,0.0,0.0,0.0,0.0,0.0,0.0,0.0
1.51,0.7478081841846871,-0.4520605335854502,0.045743604868911755,1.8937790919981694,-0.027947713104368797,0.7744353000785701,0.20850898379184787,0.0,0.0,0.0,0.0,0.0,0.0,0.0
1.52,0.7478081841846871,-0.4520605335854502,0.045743604868911755,1.8937790919981694,-0.027947713104368797,0.7744353000785701,0.20850898379184787,0.0,0.0,0.0,0.0,0.0,0.0,0.0
1.53,0.7478081841846871,-0.4520605335854502,0.045743604868911755,1.8937790919981694,-0.027947713104368797,0.7744353000785701,0.20850898379184787,0.0,0.0,0.0,0.0,0.0,0.0,0.0
1.54,0.7478081841846871,-0.4520605335854502,0.045743604868911755,1.8937790919981694,-0.027947713104368797,0.7744353000785701,0.20850898379184787,0.0,0.0,0.0,0.0,0.0,0.0,0.0
1.55,0.7478081841846871,-0.4520605335854502,0.045743604868911755,1.8937790919981694,-0.027947713104368797,0.7744353000785701,0.20850898379184787,0.0,0.0,0.0,0.0,0.0,0.0,0.0
1.56,0.7478081841846871,-0.4520605335854502,0.045743604868911755,1.8937790919981694,-0.027947713104368797,0.7744353000785701,0.20850898379184787,0.0,0.0,0.0,0.0,0.0,0.0,0.0
1.57,0.7478081841846871,-0.4520605335854502,0.045743604868911755,1.8937790919981694,-0.027947713104368797,0.7744353000785701,0.20850898379184787,0.0,0.0,0.0,0.0,0.0,0.0,0.0
1.58,0.7478081841846871,-0.4520605335854502,0.045743604868911755,1.8937790919981694,-0.027947713104368797,0.7744353000785701,0.20850898379184787,0.0,0.0,0.0,0.0,0.0,0.0,0.0
1.59,0.7478081841846871,-0.4520605335854502,0.045743604868911755,1.8937790919981694,-0.027947713104368797,0.7744353000785701,0.20850898379184787,0.0,0.0,0.0,0.0,0.0,0.0,0.0
1.6,0.7478081841846871,-0.4520605335854502,0.045743604868911755,1.8937790919981694,-0.027947713104368797,0.7744353000785701,0.20850898379184787,0.0,0.0,0.0,0.0,0.0,0.0,0.0
1.61,0.7478081841846871,-0.4520605335854502,0.045743604868911755,1.8937790919981694,-0.027947713104368797,0.7744353000785701,0.20850898379184787,0.0,0.0,0.0,0.0,0.0,0.0,0.0
1.62,0.7478081841846871,-0.4520605335854502,0.045743604868911755,1.8937790919981694,-0.027947713104368797,0.7744353000785701,0.20850898379184787,0.0,0.0,0.0,0.0,0.0,0.0,0.0
1.63,0.7478081841846871,-0.4520605335854502,0.045743604868911755,1.8937790919981694,-0.027947713104368797,0.7744353000785701,0.20850898379184787,0.0,0.0,0.0,0.0,0.0,0.0,0.0
1.64,0.7478081841846871,-0.4520605335854502,0.045743604868911755,1.8937790919981694,-0.027947713104368797,0.7744353000785701,0.20850898379184787,0.0,0.0,0.0,0.0,0.0,0.0,0.0
1.65,0.7478081841846871,-0.4520605335854502,0.045743604868911755,1.8937790919981694,-0.027947713104368797,0.7744353000785701,0.20850898379184787,0.0,0.0,0.0,0.0,0.0,0.0,0.0
1.66,0.7478081841846871,-0.4520605335854502,0.045743604868911755,1.8937790919981694,-0.027947713104368797,0.7744353000785701,0.20850898379184787,0.0,0.0,0.0,0.0,0.0,0.0,0.0
1.67,0.7478081841846871,-0.4520605335854502,0.045743604868911755,1.8937790919981694,-0.027947713104368797,0.7744353000785701,0.20850898379184787,0.0,0.0,0.0,0.0,0.0,0.0,0.0
1.68,0.7478081841846871,-0.4520605335854502,0.045743604868911755,1.8937790919981694,-0.027947713104368797,0.7744353000785701,0.20850898379184787,0.0,0.0,0.0,0.0,0.0,0.0,0.0
1.69,0.7478081841846871,-0.4520605335854502,0.045743604868911755,1.8937790919981694,-0.027947713104368797,0.7744353000785701,0.20850898379184787,0.0,0.0,0.0,0.0,0.0,0.0,0.0
1.7,0.7478081841846871,-0.4520605335854502,0.045743604868911755,1.8937790919981694,-0.027947713104368797,0.7744353000785701,0.20850898379184787,0.0,0.0,0.0,0.0,0.0,0.0,0.0
1.71,0.7478081841846871,-0.4520605335854502,0.045743604868911755,1.8937790919981694,-0.027947713104368797,0.7744353000785701,0.20850898379184787,0.0,0.0,0.0,0.0,0.0,0.0,0.0
1.72,0.7478081841846871,-0.4520605335854502,0.045743604868911755,1.8937790919981694,-0.027947713104368797,0.7744353000785701,0.20850898379184787,0.0,0.0,0.0,0.0,0.0,0.0,0.0
1.73,0.7478081841846871,-0.4520605335854502,0.045743604868911755,1.8937790919981694,-0.027947713104368797,0.7744353000785701,0.20850898379184787,0.0,0.0,0.0,0.0,0.0,0.0,0.0
1.74,0.7478081841846871,-0.4520605335854502,0.045743604868911755,1.8937790919981694,-0.027947713104368797,0.7744353000785701,0.20850898379184787,0.0,0.0,0.0,0.0,0.0,0.0,0.0
1.75,0.7478081841846871,-0.4520605335854502,0.045743604868911755,1.8937790919981694,-0.027947713104368797,0.7744353000785701,0.20850898379184787,0.0,0.0,0.0,0.0,0.0,0.0,0.0
1.76,0.7478081841846871,-0.4520605335854502,0.045743604868911755,1.8937790919981694,-0.027947713104368797,0.7744353000785701,0.20850898379184787,0.0,0.0,0.0,0.0,0.0,0.0,0.0
1.77,0.7478081841846871,-0.4520605335854502,0.045743604868911755,1.8937790919981694,-0.027947713104368797,0.7744353000785701,0.20850898379184787,0.0,0.0,0.0,0.0,0.0,0.0,0.0
1.78,0.7478081841846871,-0.4520605335854502,0.045743604868911755,1.8937790919981694,-0.027947713104368797,0.7744353000785701,0.20850898379184787,0.0,0.0,0.0,0.0,0.0,0.0,0.0
1.79,0.7478081841846871,-0.4520605335854502,0.045743604868911755,1.8937790919981694,-0.027947713104368797,0.7744353000785701,0.20850898379184787,0.0,0.0,0.0,0.0,0.0,0.0,0.0
1.8,0.7478081841846871,-0.4520605335854502,0.045743604868911755,1.8937790919981694,-0.027947713104368797,0.7744353000785701,0.20850898379184787,0.0,0.0,0.0,0.0,0.0,0.0,0.0
1.81,0.7478081841846871,-0.4520605335854502,0.045743604868911755,1.8937790919981694,-0.027947713104368797,0.7744353000785701,0.20850898379184787,0.0,0.0,0.0,0.0,0.0,0.0,0.0
1.82,0.7478081841846871,-0.4520605335854502,0.045743604868911755,1.8937790919981694,-0.027947713104368797,0.7744353000785701,0.20850898379184787,0.0,0.0,0.0,0.0,0.0,0.0,0.0
1.83,0.7478081841846871,-0.4520605335854502,0.045743604868911755,1.8937790919981694,-0.027947713104368797,0.7744353000785701,0.20850898379184787,0.0,0.0,0.0,0.0,0.0,0.0,0.0
1.84,0.7478081841846871,-0.4520605335854502,0.045743604868911755,1.8937790919981694,-0.027947713104368797,0.7744353000785701,0.20850898379184787,0.0,0.0,0.0,0.0,0.0,0.0,0.0
1.85,0.7478081841846871,-0.4520605335854502,0.045743604868911755,1.8937790919981694,-0.027947713104368797,0.7744353000785701,0.20850898379184787,0.0,0.0,0.0,0.0,0.0,0.0,0.0
1.86,0.7478081841846871,-0.4520605335854502,0.045743604868911755,1.8937790919981694,-0.027947713104368797,0.7744353000785701,0.20850898379184787,0.0,0.0,0.0,0.0,0.0,0.0,0.0
1.87,0.7478081841846871,-0.4520605335854502,0.045743604868911755,1.8937790919981694,-0.027947713104368797,0.7744353000785701,0.20850898379184787,0.0,0.0,0.0,0.0,0.0,0.0,0.0
1.88,0.7478081841846871,-0.4520605335854502,0.045743604868911755,1.8937790919981694,-0.027947713104368797,0.7744353000785701,0.20850898379184787,0.0,0.0,0.0,0.0,0.0,0.0,0.0
1.89,0.7478081841846871,-0.4520605335854502,0.045743604868911755,1.8937790919981694,-0.027947713104368797,0.7744353000785701,0.20850898379184787,0.0,0.0,0.0,0.0,0.0,0.0,0.0
1.9,0.7478081841846871,-0.4520605335854502,0.045743604868911755,1.8937790919981694,-0.027947713104368797,0.7744353000785701,0.20850898379184787,0.0,0.0,0.0,0.0,0.0,0.0,0.0
1.91,0.7478081841846871,-0.4520605335854502,0.045743604868911755,1.8937790919981694,-0.027947713104368797,0.7744353000785701,0.20850898379184787,0.0,0.0,0.0,0.0,0.0,0.0,0.0
1.92,0.7478081841846871,-0.4520605335854502,0.045743604868911755,1.8937790919981694,-0.027947713104368797,0.7744353000785701,0.20850898379184787,0.0,0.0,0.0,0.0,0.0,0.0,0.0
1.93,0.7478081841846871,-0.4520605335854502,0.045743604868911755,1.8937790919981694,-0.027947713104368797,0.7744353000785701,0.20850898379184787,0.0,0.0,0.0,0.0,0.0,0.0,0.0
1.94,0.7478081841846871,-0.4520605335854502,0.045743604868911755,1.8937790919981694,-0.027947713104368797,0.7744353000785701,0.20850898379184787,0.0,0.0,0.0,0.0,0.0,0.0,0.0
1.95,0.7478081841846871,-0.4520605335854502,0.045743604868911755,1.8937790919981694,-0.027947713104368797,0.7744353000785701,0.20850898379184787,0.0,0.0,0.0,0.0,0.0,0.0,0.0
1.96,0.7478081841846871,-0.4520605335854502,0.045743604868911755,1.8937790919981694,-0.027947713104368797,0.7744353000785701,0.20850898379184787,0.0,0.0,0.0,0.0,0.0,0.0,0.0
1.97,0.7478081841846871,-0.4520605335854502,0.045743604868911755,1.8937790919981694,-0.027947713104368797,0.7744353000785701,0.20850898379184787,0.0,0.0,0.0,0.0,0.0,0.0,0.0
1.98,0.7478081841846871,-0.4520605335854502,0.045743604868911755,1.8937790919981694,-0.027947713104368797,0.7744353000785701,0.20850898379184787,0.0,0.0,0.0,0.0,0.0,0.0,0.0
1.99,0.7478081841846871,-0.4520605335854502,0.045743604868911755,1.8937790919981694,-0.027947713104368797,0.7744353000785701,0.20850898379184787,0.0,0.0,0.0,0.0,0.0,0.0,0.0
2.0,0.7478081841846871,-0.4520605335854502,0.045743604868911755,1.8937790919981694,-0.027947713104368797,0.7744353000785701,0.20850898379184787,0.0,0.0,0.0,0.0,0.0,0.0,0.0
2.01,0.7478081841846871,-0.4520605335854502,0.045743604868911755,1.8937790919981694,-0.027947709346465142,0.7744353000785701,0.20850898379184787,0.0,0.0,0.0,0.0,1.1273384716547303e-06,0.0,0.0
2.02,0.7478081841846871,-0.4520605335854502,0.045743604868911755,1.8937790919981694,-0.027947683045054402,0.7744353000785701,0.20850898379184787,0.0,0.0,0.0,0.0,4.508375201273039e-06,0.0,0.0
2.03,0.7478081841846871,-0.4520605335854502,0.045743604868911755,1.8937790919981694,-0.02794761167620129,0.7744353000785701,0.20850898379184787,0.0,0.0,0.0,0.0,1.0140174704163584e-05,0.0,0.0
2.04,0.7478081841846871,-0.4520605335854502,0.045743604868911755,1.8937790919981694,-0.02794747275510271,0.7744353000785701,0.20850898379184787,0.0,0.0,0.0,0.0,1.8017846410044345e-05,0.0,0.0
2.05,0.7478081841846871,-0.4520605335854502,0.045743604868911755,1.8937790919981694,-0.027947243855625265,0.7744353000785701,0.20850898379184787,0.0,0.0,0.0,0.0,2.8134547518336054e-05,0.0,0.0
2.06,0.7478081841846871,-0.4520605335854502,0.045743604868911755,1.8937790919981694,-0.027946902629808538,0.7744353000785701,0.20850898379184787,0.0,0.0,0.0,0.0,4.048148699356245e-05,0.0,0.0
2.07,0.7478081841846871,-0.4520605335854502,0.045743604868911755,1.8937790919981694,-0.02794642682732274,0.7744353000785701,0.20850898379184787,0.0,0.0,0.0,0.0,5.504793069883093e-05,0.0,0.0
2.08,0.7478081841846871,-0.4520605335854502,0.045743604868911755,1.8937790919981694,-0.027945794314869297,0.7744353000785701,0.20850898379184787,0.0,0.0,0.0,0.0,7.182120766481883e-05,0.0,0.0
2.09,0.7478081841846871,-0.4520605335854502,0.045743604868911755,1.8937790919981694,-0.02794498309551313,0.7744353000785701,0.20850898379184787,0.0,0.0,0.0,0.0,9.078671749108584e-05,0.0,0.0
2.1,0.7478081841846871,-0.4520605335854502,0.045743604868911755,1.8937790919981694,-0.02794397132793524,0.7744353000785701,0.20850898379184787,0.0,0.0,0.0,0.0,0.00011192793887599952,0.0,0.0
2.11,0.7478081841846871,-0.4520605335854502,0.045743604868911755,1.8937790919981694,-0.027942737345594396,0.7744353000785701,0.20850898379184787,0.0,0.0,0.0,0.0,0.00013522643927094718,0.0,0.0
2.12,0.7478081841846871,-0.4520605335854502,0.045743604868911755,1.8937790919981694,-0.02794125967578667,0.7744353000785701,0.20850898379184787,0.0,0.0,0.0,0.0,0.00016066188565399024,0.0,0.0
2.13,0.7478081841846871,-0.4520605335854502,0.045743604868911755,1.8937790919981694,-0.027939517058591636,0.7744353000785701,0.20850898379184787,0.0,0.0,0.0,0.0,0.0001882120564174951,0.0,0.0
2.14,0.7478081841846871,-0.4520605335854502,0.045743604868911755,1.8937790919981694,-0.027937488465694195,0.7744353000785701,0.20850898379184787,0.0,0.0,0.0,0.0,0.00021785285436377416,0.0,0.0
2.15,0.7478081841846871,-0.4520605335854502,0.045743604868911755,1.8937790919981694,-0.027935153119070893,0.7744353000785701,0.20850898379184787,0.0,0.0,0.0,0.0,0.0002495583208021443,0.0,0.0
2.16,0.7478081841846871,-0.4520605335854502,0.045743604868911755,1.8937790919981694,-0.0279324905095298,0.7744353000785701,0.20850898379184787,0.0,0.0,0.0,0.0,0.00028330065074032285,0.0,0.0
2.17,0.7478081841846871,-0.4520605335854502,0.045743604868911755,1.8937790919981694,-0.027929480415093053,0.7744353000785701,0.20850898379184787,0.0,0.0,0.0,0.0,0.000319050209162454,0.0,0.0
2.18,0.7478081841846871,-0.4520605335854502,0.045743604868911755,1.8937790919981694,-0.027926102919211177,0.7744353000785701,0.20850898379184787,0.0,0.0,0.0,0.0,0.0003567755483855889,0.0,0.0
2.19,0.7478081841846871,-0.4520605335854502,0.045743604868911755,1.8937790919981694,-0.02792233842879854,0.7744353000785701,0.20850898379184787,0.0,0.0,0.0,0.0,0.0003964434264858077,0.0,0.0
2.2,0.7478081841846871,-0.4520605335854502,0.045743604868911755,1.8937790919981694,-0.027918167692079204,0.7744353000785701,0.20850898379184787,0.0,0.0,0.0,0.0,0.00043801882678472844,0.0,0.0
2.21,0.7478081841846871,-0.4520605335854502,0.045743604868911755,1.8937790919981694,-0.027913571816232642,0.7744353000785701,0.20850898379184787,0.0,0.0,0.0,0.0,0.00048146497838650465,0.0,0.0
2.22,0.7478081841846871,-0.4520605335854502,0.045743604868911755,1.8937790919981694,-0.0279085322848289,0.7744353000785701,0.20850898379184787,0.0,0.0,0.0,0.0,0.0005267433777549899,0.0,0.0
2.23,0.7478081841846871,-0.4520605335854502,0.045743604868911755,1.8937790919981694,-0.027903030975042827,0.7744353000785701,0.20850898379184787,0.0,0.0,0.0,0.0,0.0005738138113201089,0.0,0.0
2.24,0.7478081841846871,-0.4520605335854502,0.045743604868911755,1.8937790919981694,-0.02789705017463712,0.7744353000785701,0.20850898379184787,0.0,0.0,0.0,0.0,0.0006226343791020656,0.0,0.0
2.25,0.7478081841846871,-0.4520605335854502,0.045743604868911755,1.8937790919981694,-0.02789057259870412,0.7744353000785701,0.20850898379184787,0.0,0.0,0.0,0.0,0.0006731615193413813,0.0,0.0
2.26,0.7478081841846871,-0.4520605335854502,0.045743604868911755,1.8937790919981694,-0.027883581406156304,0.7744353000785701,0.20850898379184787,0.0,0.0,0.0,0.0,0.0007253500341223716,0.0,0.0
2.27,0.7478081841846871,-0.4520605335854502,0.045743604868911755,1.8937790919981694,-0.02787606021595564,0.7744353000785701,0.20850898379184787,0.0,0.0,0.0,0.0,0.0007791531159770438,0.0,0.0
2.28,0.7478081841846871,-0.4520605335854502,0.045743604868911755,1.8937790919981694,-0.027867993123072064,0.7744353000785701,0.20850898379184787,0.0,0.0,0.0,0.0,0.0008345223754559772,0.0,0.0
2.29,0.7478081841846871,-0.4520605335854502,0.045743604868911755,1.8937790919981694,-0.02785936471416145,0.7744353000785701,0.20850898379184787,0.0,0.0,0.0,0.0,0.0008914078696522533,0.0,0.0
2.3,0.7478081841846871,-0.4520605335854502,0.045743604868911755,1.8937790919981694,-0.027850160082953664,0.7744353000785701,0.20850898379184787,0.0,0.0,0.0,0.0,0.0009497581316639336,0.0,0.0
2.31,0.7478081841846871,-0.4520605335854502,0.045743604868911755,1.8937790919981694,-0.02784036484534133,0.7744353000785701,0.20850898379184787,0.0,0.0,0.0,0.0,0.001009520200980239,0.0,0.0
2.32,0.7478081841846871,-0.4520605335854502,0.045743604868911755,1.8937790919981694,-0.027829965154160214,0.7744353000785701,0.20850898379184787,0.0,0.0,0.0,0.0,0.001070639654775959,0.0,0.0
2.33,0.7478081841846871,-0.4520605335854502,0.045743604868911755,1.8937790919981694,-0.027818947713652148,0.7744353000785701,0.20850898379184787,0.0,0.0,0.0,0.0,0.0011330606400983074,0.0,0.0
2.34,0.7478081841846871,-0.4520605335854502,0.045743604868911755,1.8937790919981694,-0.027807299793601744,0.7744353000785701,0.20850898379184787,0.0,0.0,0.0,0.0,0.001196725906929825,0.0,0.0
2.35,0.7478081841846871,-0.4520605335854502,0.045743604868911755,1.8937790919981694,-0.027795009243138113,0.7744353000785701,0.20850898379184787,0.0,0.0,0.0,0.0,0.0012615768421106466,0.0,0.0
2.36,0.7478081841846871,-0.4520605335854502,0.045743604868911755,1.8937790919981694,-0.027782064504193172,0.7744353000785701,0.20850898379184787,0.0,0.0,0.0,0.0,0.0013275535041028326,0.0,0.0
2.37,0.7478081841846871,-0.4520605335854502,0.045743604868911755,1.8937790919981694,-0.027768454624608165,0.7744353000785701,0.20850898379184787,0.0,0.0,0.0,0.0,0.0013945946585792069,0.0,0.0
2.38,0.7478081841846871,-0.4520605335854502,0.045743604868911755,1.8937790919981694,-0.027754169270880234,0.7744353000785701,0.20850898379184787,0.0,0.0,0.0,0.0,0.001462637814818545,0.0,0.0
2.39,0.7478081841846871,-0.4520605335854502,0.045743604868911755,1.8937790919981694,-0.027739198740541097,0.7744353000785701,0.20850898379184787,0.0,0.0,0.0,0.0,0.0015316192628887077,0.0,0.0
2.4,0.7478081841846871,-0.4520605335854502,0.045743604868911755,1.8937790919981694,-0.027723533974160032,0.7744353000785701,0.20850898379184787,0.0,0.0,0.0,0.0,0.0016014741115987358,0.0,0.0
2.41,0.7478081841846871,-0.4520605335854502,0.045743604868911755,1.8937790919981694,-0.02770716656696357,0.7744353000785701,0.20850898379184787,0.0,0.0,0.0,0.0,0.0016721363272006985,0.0,0.0
2.42,0.7478081841846871,-0.4520605335854502,0.045743604868911755,1.8937790919981694,-0.027690088780064504,0.7744353000785701,0.20850898379184787,0.0,0.0,0.0,0.0,0.001743538772821518,0.0,0.0
2.43,0.7478081841846871,-0.4520605335854502,0.045743604868911755,1.8937790919981694,-0.02767229355129302,0.7744353000785701,0.20850898379184787,0.0,0.0,0.0,0.0,0.0018156132486047889,0.0,0.0
2.44,0.7478081841846871,-0.4520605335854502,0.045743604868911755,1.8937790919981694,-0.027653774505622924,0.7744353000785701,0.20850898379184787,0.0,0.0,0.0,0.0,0.0018882905325420657,0.0,0.0
2.45,0.7478081841846871,-0.4520605335854502,0.045743604868911755,1.8937790919981694,-0.027634525965186243,0.7744353000785701,0.20850898379184787,0.0,0.0,0.0,0.0,0.001961500421972904,0.0,0.0
2.46,0.7478081841846871,-0.4520605335854502,0.045743604868911755,1.8937790919981694,-0.027614542958869507,0.7744353000785701,0.20850898379184787,0.0,0.0,0.0,0.0,0.002035171775732404,0.0,0.0
2.47,0.7478081841846871,-0.4520605335854502,0.045743604868911755,1.8937790919981694,-0.02759382123148544,0.7744353000785701,0.20850898379184787,0.0,0.0,0.0,0.0,0.0021092325569248686,0.0,0.0
2.48,0.7478081841846871,-0.4520605335854502,0.045743604868911755,1.8937790919981694,-0.027572357252513897,0.7744353000785701,0.20850898379184787,0.0,0.0,0.0,0.0,0.002183609876301624,0.0,0.0
2.49,0.7478081841846871,-0.4520605335854502,0.045743604868911755,1.8937790919981694,-0.02755014822440605,0.7744353000785701,0.20850898379184787,0.0,0.0,0.0,0.0,0.0022582300362209862,0.0,0.0
2.5,0.7478081841846871,-0.4520605335854502,0.045743604868911755,1.8937790919981694,-0.027527192090446177,0.7744353000785701,0.20850898379184787,0.0,0.0,0.0,0.0,0.002333018575167773,0.0,0.0
2.51,0.7478081841846871,-0.4520605335854502,0.045743604868911755,1.8937790919981694,-0.027503487542165566,0.7744353000785701,0.20850898379184787,0.0,0.0,0.0,0.0,0.002407900312809733,0.0,0.0
2.52,0.7478081841846871,-0.4520605335854502,0.045743604868911755,1.8937790919981694,-0.027479034026303237,0.7744353000785701,0.20850898379184787,0.0,0.0,0.0,0.0,0.002482799395567734,0.0,0.0
2.53,0.7478081841846871,-0.4520605335854502,0.045743604868911755,1.8937790919981694,-0.02745383175130852,0.7744353000785701,0.20850898379184787,0.0,0.0,0.0,0.0,0.0025576393426764237,0.0,0.0
2.54,0.7478081841846871,-0.4520605335854502,0.045743604868911755,1.8937790919981694,-0.02742788169338065,0.7744353000785701,0.20850898379184787,0.0,0.0,0.0,0.0,0.0026323430927118023,0.0,0.0
2.55,0.7478081841846871,-0.4520605335854502,0.045743604868911755,1.8937790919981694,-0.027401185602040863,0.7744353000785701,0.20850898379184787,0.0,0.0,0.0,0.0,0.0027068330505617554,0.0,0.0
2.56,0.7478081841846871,-0.4520605335854502,0.045743604868911755,1.8937790919981694,-0.027373746005232673,0.7744353000785701,0.20850898379184787,0.0,0.0,0.0,0.0,0.0027810311348155673,0.0,0.0
2.57,0.7478081841846871,-0.4520605335854502,0.045743604868911755,1.8937790919981694,-0.027345566213946244,0.7744353000785701,0.20850898379184787,0.0,0.0,0.0,0.0,0.002854858825547965,0.0,0.0
2.58,0.7478081841846871,-0.4520605335854502,0.045743604868911755,1.8937790919981694,-0.02731665032636308,0.7744353000785701,0.20850898379184787,0.0,0.0,0.0,0.0,0.002928237212473243,0.0,0.0
2.59,0.7478081841846871,-0.4520605335854502,0.045743604868911755,1.8937790919981694,-0.027287003231517396,0.7744353000785701,0.20850898379184787,0.0,0.0,0.0,0.0,0.003001087043444611,0.0,0.0
2.6,0.7478081841846871,-0.4520605335854502,0.045743604868911755,1.8937790919981694,-0.027256630612470887,0.7744353000785701,0.20850898379184787,0.0,0.0,0.0,0.0,0.0030733287732738856,0.0,0.0
2.61,0.7478081841846871,-0.4520605335854502,0.045743604868911755,1.8937790919981694,-0.027225538948997822,0.7744353000785701,0.20850898379184787,0.0,0.0,0.0,0.0,0.0031448826128462936,0.0,0.0
2.62,0.7478081841846871,-0.4520605335854502,0.045743604868911755,1.8937790919981694,-0.027193735519777572,0.7744353000785701,0.20850898379184787,0.0,0.0,0.0,0.0,0.003215668578505144,0.0,0.0
2.63,0.7478081841846871,-0.4520605335854502,0.045743604868911755,1.8937790919981694,-0.027161228404092096,0.7744353000785701,0.20850898379184787,0.0,0.0,0.0,0.0,0.0032856065416807996,0.0,0.0
2.64,0.7478081841846871,-0.4520605335854502,0.045743604868911755,1.8937790919981694,-0.02712802648302601,0.7744353000785701,0.20850898379184787,0.0,0.0,0.0,0.0,0.003354616278738391,0.0,0.0
2.65,0.7478081841846871,-0.4520605335854502,0.045743604868911755,1.8937790919981694,-0.027094139440167163,0.7744353000785701,0.20850898379184787,0.0,0.0,0.0,0.0,0.003422617521018415,0.0,0.0
2.66,0.7478081841846871,-0.4520605335854502,0.045743604868911755,1.8937790919981694,-0.02705957776180599,0.7744353000785701,0.20850898379184787,0.0,0.0,0.0,0.0,0.0034895300050443983,0.0,0.0
2.67,0.7478081841846871,-0.4520605335854502,0.045743604868911755,1.8937790919981694,-0.027024352736632045,0.7744353000785701,0.20850898379184787,0.0,0.0,0.0,0.0,0.0035552735228715267,0.0,0.0
2.68,0.7478081841846871,-0.4520605335854502,0.045743604868911755,1.8937790919981694,-0.026988476454926448,0.7744353000785701,0.20850898379184787,0.0,0.0,0.0,0.0,0.003619767972550217,0.0,0.0
2.69,0.7478081841846871,-0.4520605335854502,0.045743604868911755,1.8937790919981694,-0.02695196180724923,0.7744353000785701,0.20850898379184787,0.0,0.0,0.0,0.0,0.0036829334086783123,0.0,0.0
2.7,0.7478081841846871,-0.4520605335854502,0.045743604868911755,1.8937790919981694,-0.02691482248262083,0.7744353000785701,0.20850898379184787,0.0,0.0,0.0,0.0,0.0037446900930157515,0.0,0.0
2.71,0.7478081841846871,-0.4520605335854502,0.045743604868911755,1.8937790919981694,-0.02687707296619725,0.7744353000785701,0.20850898379184787,0.0,0.0,0.0,0.0,0.003804958545135236,0.0,0.0
2.72,0.7478081841846871,-0.4520605335854502,0.045743604868911755,1.8937790919981694,-0.0268387285364386,0.7744353000785701,0.20850898379184787,0.0,0.0,0.0,0.0,0.0038636595930826123,0.0,0.0
2.73,0.7478081841846871,-0.4520605335854502,0.045743604868911755,1.8937790919981694,-0.026799805261771153,0.7744353000785701,0.20850898379184787,0.0,0.0,0.0,0.0,0.0039207144240204425,0.0,0.0
2.74,0.7478081841846871,-0.4520605335854502,0.045743604868911755,1.8937790919981694,-0.0267603199967431,0.7744353000785701,0.20850898379184787,0.0,0.0,0.0,0.0,0.003976044634828382,0.0,0.0
2.75,0.7478081841846871,-0.4520605335854502,0.045743604868911755,1.8937790919981694,-0.02672029037767467,0.7744353000785701,0.20850898379184787,0.0,0.0,0.0,0.0,0.00402957228263383,0.0,0.0
2.76,0.7478081841846871,-0.4520605335854502,0.045743604868911755,1.8937790919981694,-0.0266797348178034,0.7744353000785701,0.20850898379184787,0.0,0.0,0.0,0.0,0.00408121993524642,0.0,0.0
2.77,0.7478081841846871,-0.4520605335854502,0.045743604868911755,1.8937790919981694,-0.026638672501925614,0.7744353000785701,0.20850898379184787,0.0,0.0,0.0,0.0,0.004130910721469879,0.0,0.0
2.78,0.7478081841846871,-0.4520605335854502,0.045743604868911755,1.8937790919981694,-0.02659712338053556,0.7744353000785701,0.20850898379184787,0.0,0.0,0.0,0.0,0.004178568381264795,0.0,0.0
2.79,0.7478081841846871,-0.4520605335854502,0.045743604868911755,1.8937790919981694,-0.026555108163463726,0.7744353000785701,0.20850898379184787,0.0,0.0,0.0,0.0,0.004224117315735954,0.0,0.0
2.8,0.7478081841846871,-0.4520605335854502,0.045743604868911755,1.8937790919981694,-0.026512648313016307,0.7744353000785701,0.20850898379184787,0.0,0.0,0.0,0.0,0.004267482636917834,0.0,0.0
2.81,0.7478081841846871,-0.4520605335854502,0.045743604868911755,1.8937790919981694,-0.02646976603661791,0.7744353000785701,0.20850898379184787,0.0,0.0,0.0,0.0,0.004308590217332026,0.0,0.0
2.82,0.7478081841846871,-0.4520605335854502,0.045743604868911755,1.8937790919981694,-0.02642648427895995,0.7744353000785701,0.20850898379184787,0.0,0.0,0.0,0.0,0.004347366739290336,0.0,0.0
2.83,0.7478081841846871,-0.4520605335854502,0.045743604868911755,1.8937790919981694,-0.02638282671365738,0.7744353000785701,0.20850898379184787,0.0,0.0,0.0,0.0,0.004383739743917486,0.0,0.0
2.84,0.7478081841846871,-0.4520605335854502,0.045743604868911755,1.8937790919981694,-0.02633881773441674,0.7744353000785701,0.20850898379184787,0.0,0.0,0.0,0.0,0.00441763767986736,0.0,0.0
2.85,0.7478081841846871,-0.4520605335854502,0.045743604868911755,1.8937790919981694,-0.02629448244571862,0.7744353000785701,0.20850898379184787,0.0,0.0,0.0,0.0,0.004448989951706921,0.0,0.0
2.86,0.7478081841846871,-0.4520605335854502,0.045743604868911755,1.8937790919981694,-0.02624984665301813,0.7744353000785701,0.20850898379184787,0.0,0.0,0.0,0.0,0.004477726967942009,0.0,0.0
2.87,0.7478081841846871,-0.4520605335854502,0.045743604868911755,1.8937790919981694,-0.026204936852466935,0.7744353000785701,0.20850898379184787,0.0,0.0,0.0,0.0,0.004503780188659384,0.0,0.0
2.88,0.7478081841846871,-0.4520605335854502,0.045743604868911755,1.8937790919981694,-0.026159780220160963,0.7744353000785701,0.20850898379184787,0.0,0.0,0.0,0.0,0.0045270821727595185,0.0,0.0
2.89,0.7478081841846871,-0.4520605335854502,0.045743604868911755,1.8937790919981694,-0.026114404600917875,0.7744353000785701,0.20850898379184787,0.0,0.0,0.0,0.0,0.004547566624754845,0.0,0.0
2.9,0.7478081841846871,-0.4520605335854502,0.045743604868911755,1.8937790919981694,-0.02606883849658888,0.7744353000785701,0.20850898379184787,0.0,0.0,0.0,0.0,0.004565168441108265,0.0,0.0
2.91,0.7478081841846871,-0.4520605335854502,0.045743604868911755,1.8937790919981694,-0.026023111053909538,0.7744353000785701,0.20850898379184787,0.0,0.0,0.0,0.0,0.004579823756087008,0.0,0.0
2.92,0.7478081841846871,-0.4520605335854502,0.045743604868911755,1.8937790919981694,-0.02597725205189456,0.7744353000785701,0.20850898379184787,0.0,0.0,0.0,0.0,0.004591469987107044,0.0,0.0
2.93,0.7478081841846871,-0.4520605335854502,0.045743604868911755,1.8937790919981694,-0.025931291888781818,0.7744353000785701,0.20850898379184787,0.0,0.0,0.0,0.0,0.004600045879543523,0.0,0.0
2.94,0.7478081841846871,-0.4520605335854502,0.045743604868911755,1.8937790919981694,-0.025885261568531007,0.7744353000785701,0.20850898379184787,0.0,0.0,0.0,0.0,0.0046054915509829136,0.0,0.0
2.95,0.7478081841846871,-0.4520605335854502,0.045743604868911755,1.8937790919981694,-0.025839192686882704,0.7744353000785701,0.20850898379184787,0.0,0.0,0.0,0.0,0.004607748534892754,0.0,0.0
2.96,0.7478081841846871,-0.4520605335854502,0.045743604868911755,1.8937790919981694,-0.025793117416983705,0.7744353000785701,0.20850898379184787,0.0,0.0,0.0,0.0,0.004606759823685171,0.0,0.0
2.97,0.7478081841846871,-0.4520605335854502,0.045743604868911755,1.8937790919981694,-0.025747068494584895,0.7744353000785701,0.20850898379184787,0.0,0.0,0.0,0.0,0.004602469911150595,0.0,0.0
2.98,0.7478081841846871,-0.4520605335854502,0.045743604868911755,1.8937790919981694,-0.025701079202817993,0.7744353000785701,0.20850898379184787,0.0,0.0,0.0,0.0,0.004594824834238358,0.0,0.0
2.99,0.7478081841846871,-0.4520605335854502,0.045743604868911755,1.8937790919981694,-0.02565518335655787,0.7744353000785701,0.20850898379184787,0.0,0.0,0.0,0.0,0.0045837722141611565,0.0,0.0
3.0,0.7478081841846871,-0.4520605335854502,0.045743604868911755,1.8937790919981694,-0.025609415286377318,0.7744353000785701,0.20850898379184787,0.0,0.0,0.0,0.0,0.004569261296800627,0.0,0.0
3.01,0.7478081841846871,-0.4520605335854502,0.045743604868911755,1.8937790919981694,-0.025563809822101286,0.7744353000785701,0.20850898379184787,0.0,0.0,0.0,0.0,0.00455124299239164,0.0,0.0
3.02,0.7478081841846871,-0.4520605335854502,0.045743604868911755,1.8937790919981694,-0.025518402275968056,0.7744353000785701,0.20850898379184787,0.0,0.0,0.0,0.0,0.004529669914463153,0.0,0.0
3.03,0.7478081841846871,-0.4520605335854502,0.045743604868911755,1.8937790919981694,-0.025473228425404757,0.7744353000785701,0.20850898379184787,0.0,0.0,0.0,0.0,0.0045044964180139015,0.0,0.0
3.04,0.7478081841846871,-0.4520605335854502,0.045743604868911755,1.8937790919981694,-0.02542832449542505,0.7744353000785701,0.20850898379184787,0.0,0.0,0.0,0.0,0.004475678636901406,0.0,0.0
3.05,0.7478081841846871,-0.4520605335854502,0.045743604868911755,1.8937790919981694,-0.025383727140656977,0.7744353000785701,0.20850898379184787,0.0,0.0,0.0,0.0,0.004443174520423283,0.0,0.0
3.06,0.7478081841846871,-0.4520605335854502,0.045743604868911755,1.8937790919981694,-0.02533947342700908,0.7744353000785701,0.20850898379184787,0.0,0.0,0.0,0.0,0.004406943869070018,0.0,0.0
3.07,0.7478081841846871,-0.4520605335854502,0.045743604868911755,1.8937790919981694,-0.02529560081298323,0.7744353000785701,0.20850898379184787,0.0,0.0,0.0,0.0,0.004366948369428931,0.0,0.0
3.08,0.7478081841846871,-0.4520605335854502,0.045743604868911755,1.8937790919981694,-0.02525214713064277,0.7744353000785701,0.20850898379184787,0.0,0.0,0.0,0.0,0.004323151628219266,0.0,0.0
3.09,0.7478081841846871,-0.4520605335854502,0.045743604868911755,1.8937790919981694,-0.025209150566244707,0.7744353000785701,0.20850898379184787,0.0,0.0,0.0,0.0,0.004275519205438859,0.0,0.0
3.1,0.7478081841846871,-0.4520605335854502,0.045743604868911755,1.8937790919981694,-0.02516664964054495,0.7744353000785701,0.20850898379184787,0.0,0.0,0.0,0.0,0.00422401864660311,0.0,0.0
3.11,0.7478081841846871,-0.4520605335854502,0.045743604868911755,1.8937790919981694,-0.025124683188785822,0.7744353000785701,0.20850898379184787,0.0,0.0,0.0,0.0,0.004168619514057565,0.0,0.0
3.12,0.7478081841846871,-0.4520605335854502,0.045743604868911755,1.8937790919981694,-0.0250832903403751,0.7744353000785701,0.20850898379184787,0.0,0.0,0.0,0.0,0.004109293417345606,0.0,0.0
3.13,0.7478081841846871,-0.4520605335854502,0.045743604868911755,1.8937790919981694,-0.025042510498266217,0.7744353000785701,0.20850898379184787,0.0,0.0,0.0,0.0,0.004046014042613435,0.0,0.0
3.14,0.7478081841846871,-0.4520605335854502,0.045743604868911755,1.8937790919981694,-0.02500238331804927,0.7744353000785701,0.20850898379184787,0.0,0.0,0.0,0.0,0.003978757181034695,0.0,0.0
3.15,0.7478081841846871,-0.4520605335854502,0.045743604868911755,1.8937790919981694,-0.024962948686762805,0.7744353000785701,0.20850898379184787,0.0,0.0,0.0,0.0,0.003907500756237807,0.0,0.0
3.16,0.7478081841846871,-0.4520605335854502,0.045743604868911755,1.8937790919981694,-0.024924246701436295,0.7744353000785701,0.20850898379184787,0.0,0.0,0.0,0.0,0.0038322248507192606,0.0,0.0
3.17,0.7478081841846871,-0.4520605335854502,0.045743604868911755,1.8937790919981694,-0.024886317647373743,0.7744353000785701,0.20850898379184787,0.0,0.0,0.0,0.0,0.003752911731226846,0.0,0.0
3.18,0.7478081841846871,-0.4520605335854502,0.045743604868911755,1.8937790919981694,-0.02484920197618855,0.7744353000785701,0.20850898379184787,0.0,0.0,0.0,0.0,0.00366954587309701,0.0,0.0
3.19,0.7478081841846871,-0.4520605335854502,0.045743604868911755,1.8937790919981694,-0.02481294028360039,0.7744353000785701,0.20850898379184787,0.0,0.0,0.0,0.0,0.003582113983531272,0.0,0.0
3.2,0.7478081841846871,-0.4520605335854502,0.045743604868911755,1.8937790919981694,-0.024777573287004633,0.7744353000785701,0.20850898379184787,0.0,0.0,0.0,0.0,0.0034906050237968373,0.0,0.0
3.21,0.7478081841846871,-0.4520605335854502,0.045743604868911755,1.8937790919981694,-0.024743141802825237,0.7744353000785701,0.20850898379184787,0.0,0.0,0.0,0.0,0.003395010230337324,0.0,0.0
3.22,0.7478081841846871,-0.4520605335854502,0.045743604868911755,1.8937790919981694,-0.024709686723662014,0.7744353000785701,0.20850898379184787,0.0,0.0,0.0,0.0,0.0032953231347797574,0.0,0.0
3.23,0.7478081841846871,-0.4520605335854502,0.045743604868911755,1.8937790919981694,-0.024677248995243407,0.7744353000785701,0.20850898379184787,0.0,0.0,0.0,0.0,0.0031915395828247383,0.0,0.0
3.24,0.7478081841846871,-0.4520605335854502,0.045743604868911755,1.8937790919981694,-0.024645869593196014,0.7744353000785701,0.20850898379184787,0.0,0.0,0.0,0.0,0.0030836577520069646,0.0,0.0
3.25,0.7478081841846871,-0.4520605335854502,0.045743604868911755,1.8937790919981694,-0.024615589499642192,0.7744353000785701,0.20850898379184787,0.0,0.0,0.0,0.0,0.0029716781683140456,0.0,0.0
3.26,0.7478081841846871,-0.4520605335854502,0.045743604868911755,1.8937790919981694,-0.02458644967963723,0.7744353000785701,0.20850898379184787,0.0,0.0,0.0,0.0,0.0028556037216518693,0.0,0.0
3.27,0.7478081841846871,-0.4520605335854502,0.045743604868911755,1.8937790919981694,-0.02455849105745769,0.7744353000785701,0.20850898379184787,0.0,0.0,0.0,0.0,0.0027354396801454765,0.0,0.0
3.28,0.7478081841846871,-0.4520605335854502,0.045743604868911755,1.8937790919981694,-0.024531754492752616,0.7744353000785701,0.20850898379184787,0.0,0.0,0.0,0.0,0.002611193703264862,0.0,0.0
3.29,0.7478081841846871,-0.4520605335854502,0.045743604868911755,1.8937790919981694,-0.02450628075656936,0.7744353000785701,0.20850898379184787,0.0,0.0,0.0,0.0,0.0024828758537655963,0.0,0.0
3.3,0.7478081841846871,-0.4520605335854502,0.045743604868911755,1.8937790919981694,-0.024482110507266043,0.7744353000785701,0.20850898379184787,0.0,0.0,0.0,0.0,0.0023504986084349655,0.0,0.0
3.31,0.7478081841846871,-0.4520605335854502,0.045743604868911755,1.8937790919981694,-0.02445928426632246,0.7744353000785701,0.20850898379184787,0.0,0.0,0.0,0.0,0.0022140768676344996,0.0,0.0
3.32,0.7478081841846871,-0.4520605335854502,0.045743604868911755,1.8937790919981694,-0.024437842394061715,0.7744353000785701,0.20850898379184787,0.0,0.0,0.0,0.0,0.0020736279636307583,0.0,0.0
3.33,0.7478081841846871,-0.4520605335854502,0.045743604868911755,1.8937790919981694,-0.024417825065294583,0.7744353000785701,0.20850898379184787,0.0,0.0,0.0,0.0,0.0019291716677063988,0.0,0.0
3.34,0.7478081841846871,-0.4520605335854502,0.045743604868911755,1.8937790919981694,-0.0243992722448989,0.7744353000785701,0.20850898379184787,0.0,0.0,0.0,0.0,0.0017807301960444527,0.0,0.0
3.35,0.7478081841846871,-0.4520605335854502,0.045743604868911755,1.8937790919981694,-0.024382223663346275,0.7744353000785701,0.20850898379184787,0.0,0.0,0.0,0.0,0.0016283282143790686,0.0,0.0
3.36,0.7478081841846871,-0.4520605335854502,0.045743604868911755,1.8937790919981694,-0.024366718792188484,0.7744353000785701,0.20850898379184787,0.0,0.0,0.0,0.0,0.0014719928414067781,0.0,0.0
3.37,0.7478081841846871,-0.4520605335854502,0.045743604868911755,1.8937790919981694,-0.024352796819515986,0.7744353000785701,0.20850898379184787,0.0,0.0,0.0,0.0,0.0013117536509526624,0.0,0.0
3.38,0.7478081841846871,-0.4520605335854502,0.045743604868911755,1.8937790919981694,-0.02434049662540101,0.7744353000785701,0.20850898379184787,0.0,0.0,0.0,0.0,0.0011476426728867257,0.0,0.0
3.39,0.7478081841846871,-0.4520605335854502,0.045743604868911755,1.8937790919981694,-0.02432985675733773,0.7744353000785701,0.20850898379184787,0.0,0.0,0.0,0.0,0.000979694392785928,0.0,0.0
3.4,0.7478081841846871,-0.4520605335854502,0.045743604868911755,1.8937790919981694,-0.02432091540569216,0.7744353000785701,0.20850898379184787,0.0,0.0,0.0,0.0,0.0008079457503384768,0.0,0.0
3.41,0.7478081841846871,-0.4520605335854502,0.045743604868911755,1.8937790919981694,-0.02431371037917423,0.7744353000785701,0.20850898379184787,0.0,0.0,0.0,0.0,0.0006324361364869694,0.0,0.0
3.42,0.7478081841846871,-0.4520605335854502,0.045743604868911755,1.8937790919981694,-0.024308279080344834,0.7744353000785701,0.20850898379184787,0.0,0.0,0.0,0.0,0.0004532073893081251,0.0,0.0
3.43,0.7478081841846871,-0.4520605335854502,0.045743604868911755,1.8937790919981694,-0.024304658481170326,0.7744353000785701,0.20850898379184787,0.0,0.0,0.0,0.0,0.00027030378862697785,0.0,0.0
3.44,0.7478081841846871,-0.4520605335854502,0.045743604868911755,1.8937790919981694,-0.024302885098637268,0.7744353000785701,0.20850898379184787,0.0,0.0,0.0,0.0,8.377204936447436e-05,0.0,0.0
3.45,0.7478081841846871,-0.4520605335854502,0.045743604868911755,1.8937790919981694,-0.02430299497044,0.7744353000785701,0.20850898379184787,-0.0,-0.0,-0.0,-0.0,-0.00010633868638252315,-0.0,-0.0
3.46,0.7478081841846871,-0.4520605335854502,0.045743604868911755,1.8937790919981694,-0.024305023630753767,0.7744353000785701,0.20850898379184787,-0.0,-0.0,-0.0,-0.0,-0.00029997685852863835,-0.0,-0.0
3.47,0.7478081841846871,-0.4520605335854502,0.045743604868911755,1.8937790919981694,-0.024309006086106057,0.7744353000785701,0.20850898379184787,-0.0,-0.0,-0.0,-0.0,-0.0004970884994545372,-0.0,-0.0
3.48,0.7478081841846871,-0.4520605335854502,0.045743604868911755,1.8937790919981694,-0.02431497679135879,0.7744353000785701,0.20850898379184787,-0.0,-0.0,-0.0,-0.0,-0.0006976172457272738,-0.0,-0.0
3.49,0.7478081841846871,-0.4520605335854502,0.045743604868911755,1.8937790919981694,-0.024322969625814077,0.7744353000785701,0.20850898379184787,-0.0,-0.0,-0.0,-0.0,-0.0009015043510849695,-0.0,-0.0
3.5,0.7478081841846871,-0.4520605335854502,0.045743604868911755,1.8937790919981694,-0.024333017869456096,0.7744353000785701,0.20850898379184787,-0.0,-0.0,-0.0,-0.0,-0.00110868870068326,-0.0,-0.0
3.51,0.7478081841846871,-0.4520605335854502,0.045743604868911755,1.8937790919981694,-0.024345154179341747,0.7744353000785701,0.20850898379184787,-0.0,-0.0,-0.0,-0.0,-0.0013191068266007755,-0.0,-0.0
3.52,0.7478081841846871,-0.4520605335854502,0.045743604868911755,1.8937790919981694,-0.024359410566152654,0.7744353000785701,0.20850898379184787,-0.0,-0.0,-0.0,-0.0,-0.0015326929245999593,-0.0,-0.0
3.53,0.7478081841846871,-0.4520605335854502,0.045743604868911755,1.8937790919981694,-0.02437581837092101,0.7744353000785701,0.20850898379184787,-0.0,-0.0,-0.0,-0.0,-0.0017493788721391287,-0.0,-0.0
3.54,0.7478081841846871,-0.4520605335854502,0.045743604868911755,1.8937790919981694,-0.0243944082419418,0.7744353000785701,0.20850898379184787,-0.0,-0.0,-0.0,-0.0,-0.0019690942476311424,-0.0,-0.0
3.55,0.7478081841846871,-0.4520605335854502,0.045743604868911755,1.8937790919981694,-0.024415210111883807,0.7744353000785701,0.20850898379184787,-0.0,-0.0,-0.0,-0.0,-0.0021917663509430905,-0.0,-0.0
3.56,0.7478081841846871,-0.4520605335854502,0.045743604868911755,1.8937790919981694,-0.024438253175111807,0.7744353000785701,0.20850898379184787,-0.0,-0.0,-0.0,-0.0,-0.0024173202251313317,-0.0,-0.0
3.57,0.7478081841846871,-0.4520605335854502,0.045743604868911755,1.8937790919981694,-0.024463565865232254,0.7744353000785701,0.20850898379184787,-0.0,-0.0,-0.0,-0.0,-0.002645678679404998,-0.0,-0.0
3.58,0.7478081841846871,-0.4520605335854502,0.045743604868911755,1.8937790919981694,-0.024491175832874724,0.7744353000785701,0.20850898379184787,-0.0,-0.0,-0.0,-0.0,-0.0028767623133111675,-0.0,-0.0
3.59,0.7478081841846871,-0.4520605335854502,0.045743604868911755,1.8937790919981694,-0.024521109923721286,0.7744353000785701,0.20850898379184787,-0.0,-0.0,-0.0,-0.0,-0.003110489542133622,-0.0,-0.0
3.6,0.7478081841846871,-0.4520605335854502,0.045743604868911755,1.8937790919981694,-0.02455339415679587,0.7744353000785701,0.20850898379184787,-0.0,-0.0,-0.0,-0.0,-0.0033467766234971533,-0.0,-0.0
3.61,0.7478081841846871,-0.4520605335854502,0.045743604868911755,1.8937790919981694,-0.0245880537030257,0.7744353000785701,0.20850898379184787,-0.0,-0.0,-0.0,-0.0,-0.0035855376851681737,-0.0,-0.0
3.62,0.7478081841846871,-0.4520605335854502,0.045743604868911755,1.8937790919981694,-0.02462511286408667,0.7744353000785701,0.20850898379184787,-0.0,-0.0,-0.0,-0.0,-0.0038266847540424187,-0.0,-0.0
3.63,0.7478081841846871,-0.4520605335854502,0.045743604868911755,1.8937790919981694,-0.02466459505154447,0.7744353000785701,0.20850898379184787,-0.0,-0.0,-0.0,-0.0,-0.004070127786309382,-0.0,-0.0
3.64,0.7478081841846871,-0.4520605335854502,0.045743604868911755,1.8937790919981694,-0.024706522766303217,0.7744353000785701,0.20850898379184787,-0.0,-0.0,-0.0,-0.0,-0.004315774698783035,-0.0,-0.0
3.65,0.7478081841846871,-0.4520605335854502,0.045743604868911755,1.8937790919981694,-0.024750917578373166,0.7744353000785701,0.20850898379184787,-0.0,-0.0,-0.0,-0.0,-0.004563531401387281,-0.0,-0.0
3.66,0.7478081841846871,-0.4520605335854502,0.045743604868911755,1.8937790919981694,-0.024797800106969012,0.7744353000785701,0.20850898379184787,-0.0,-0.0,-0.0,-0.0,-0.004813301830784653,-0.0,-0.0
3.67,0.7478081841846871,-0.4520605335854502,0.045743604868911755,1.8937790919981694,-0.02484719000095012,0.7744353000785701,0.20850898379184787,-0.0,-0.0,-0.0,-0.0,-0.00506498798513556,-0.0,-0.0
3.68,0.7478081841846871,-0.4520605335854502,0.045743604868911755,1.8937790919981694,-0.024899105919613994,0.7744353000785701,0.20850898379184787,-0.0,-0.0,-0.0,-0.0,-0.0053184899599753865,-0.0,-0.0
3.69,0.7478081841846871,-0.4520605335854502,0.045743604868911755,1.8937790919981694,-0.024953565513853974,0.7744353000785701,0.20850898379184787,-0.0,-0.0,-0.0,-0.0,-0.005573705985195604,-0.0,-0.0
3.7,0.7478081841846871,-0.4520605335854502,0.045743604868911755,1.8937790919981694,-0.0250105854076923,0.7744353000785701,0.20850898379184787,-0.0,-0.0,-0.0,-0.0,-0.0058305324631152304,-0.0,-0.0
3.71,0.7478081841846871,-0.4520605335854502,0.045743604868911755,1.8937790919981694,-0.025070181180199182,0.7744353000785701,0.20850898379184787,-0.0,-0.0,-0.0,-0.0,-0.006088864007627633,-0.0,-0.0
3.72,0.7478081841846871,-0.4520605335854502,0.045743604868911755,1.8937790919981694,-0.025132367347808753,0.7744353000785701,0.20850898379184787,-0.0,-0.0,-0.0,-0.0,-0.006348593484407866,-0.0,-0.0
3.73,0.7478081841846871,-0.4520605335854502,0.045743604868911755,1.8937790919981694,-0.02519715734704224,0.7744353000785701,0.20850898379184787,-0.0,-0.0,-0.0,-0.0,-0.0066096120521644975,-0.0,-0.0
3.74,0.7478081841846871,-0.4520605335854502,0.045743604868911755,1.8937790919981694,-0.025264563517648875,0.7744353000785701,0.20850898379184787,-0.0,-0.0,-0.0,-0.0,-0.006871809204920103,-0.0,-0.0
3.75,0.7478081841846871,-0.4520605335854502,0.045743604868911755,1.8937790919981694,-0.025334597086174648,0.7744353000785701,0.20850898379184787,-0.0,-0.0,-0.0,-0.0,-0.007135072815303305,-0.0,-0.0
3.76,0.7478081841846871,-0.4520605335854502,0.045743604868911755,1.8937790919981694,-0.025407268149968985,0.7744353000785701,0.20850898379184787,-0.0,-0.0,-0.0,-0.0,-0.0073992891788354585,-0.0,-0.0
3.77,0.7478081841846871,-0.4520605335854502,0.045743604868911755,1.8937790919981694,-0.02548258566163919,0.7744353000785701,0.20850898379184787,-0.0,-0.0,-0.0,-0.0,-0.00766434305919393,-0.0,-0.0
3.78,0.7478081841846871,-0.4520605335854502,0.045743604868911755,1.8937790919981694,-0.02556055741396231,0.7744353000785701,0.20850898379184787,-0.0,-0.0,-0.0,-0.0,-0.007930117734433839,-0.0,-0.0
3.79,0.7478081841846871,-0.4520605335854502,0.045743604868911755,1.8937790919981694,-0.025641190025263955,0.7744353000785701,0.20850898379184787,-0.0,-0.0,-0.0,-0.0,-0.008196495044149642,-0.0,-0.0
3.8,0.7478081841846871,-0.4520605335854502,0.045743604868911755,1.8937790919981694,-0.02572448892527333,0.7744353000785701,0.20850898379184787,-0.0,-0.0,-0.0,-0.0,-0.008463355437556996,-0.0,-0.0
3.81,0.7478081841846871,-0.4520605335854502,0.045743604868911755,1.8937790919981694,-0.025810458341463643,0.7744353000785701,0.20850898379184787,-0.0,-0.0,-0.0,-0.0,-0.008730578022475588,-0.0,-0.0
3.82,0.7478081841846871,-0.4520605335854502,0.045743604868911755,1.8937790919981694,-0.025899101285886714,0.7744353000785701,0.20850898379184787,-0.0,-0.0,-0.0,-0.0,-0.008998040615192333,-0.0,-0.0
3.83,0.7478081841846871,-0.4520605335854502,0.045743604868911755,1.8937790919981694,-0.02599041954251056,0.7744353000785701,0.20850898379184787,-0.0,-0.0,-0.0,-0.0,-0.009265619791184738,-0.0,-0.0
3.84,0.7478081841846871,-0.4520605335854502,0.045743604868911755,1.8937790919981694,-0.026084413655068424,0.7744353000785701,0.20850898379184787,-0.0,-0.0,-0.0,-0.0,-0.009533190936682869,-0.0,-0.0
3.85,0.7478081841846871,-0.4520605335854502,0.045743604868911755,1.8937790919981694,-0.026181082915427534,0.7744353000785701,0.20850898379184787,-0.0,-0.0,-0.0,-0.0,-0.009800628301048928,-0.0,-0.0
3.86,0.7478081841846871,-0.4520605335854502,0.045743604868911755,1.8937790919981694,-0.02628042535248562,0.7744353000785701,0.20850898379184787,-0.0,-0.0,-0.0,-0.0,-0.010067805049951844,-0.0,-0.0
3.87,0.7478081841846871,-0.4520605335854502,0.045743604868911755,1.8937790919981694,-0.02638243772160312,0.7744353000785701,0.20850898379184787,-0.0,-0.0,-0.0,-0.0,-0.010334593319315147,-0.0,-0.0
3.88,0.7478081841846871,-0.4520605335854502,0.045743604868911755,1.8937790919981694,-0.026487115494578564,0.7744353000785701,0.20850898379184787,-0.0,-0.0,-0.0,-0.0,-0.010600864270014724,-0.0,-0.0
3.89,0.7478081841846871,-0.4520605335854502,0.045743604868911755,1.8937790919981694,-0.026594452850174664,0.7744353000785701,0.20850898379184787,-0.0,-0.0,-0.0,-0.0,-0.010866488143303762,-0.0,-0.0
3.9,0.7478081841846871,-0.4520605335854502,0.045743604868911755,1.8937790919981694,-0.02670444266520211,0.7744353000785701,0.20850898379184787,-0.0,-0.0,-0.0,-0.0,-0.011131334316940798,-0.0,-0.0
3.91,0.7478081841846871,-0.4520605335854502,0.045743604868911755,1.8937790919981694,-0.026817076506168137,0.7744353000785701,0.20850898379184787,-0.0,-0.0,-0.0,-0.0,-0.011395271361997339,-0.0,-0.0
3.92,0.7478081841846871,-0.4520605335854502,0.045743604868911755,1.8937790919981694,-0.02693234462149641,0.7744353000785701,0.20850898379184787,-0.0,-0.0,-0.0,-0.0,-0.011658167100320284,-0.0,-0.0
3.93,0.7478081841846871,-0.4520605335854502,0.045743604868911755,1.8937790919981694,-0.02705023593432476,0.7744353000785701,0.20850898379184787,-0.0,-0.0,-0.0,-0.0,-0.01191988866262481,-0.0,-0.0
3.94,0.7478081841846871,-0.4520605335854502,0.045743604868911755,1.8937790919981694,-0.027170738035886807,0.7744353000785701,0.20850898379184787,-0.0,-0.0,-0.0,-0.0,-0.012180302547192233,-0.0,-0.0
3.95,0.7478081841846871,-0.4520605335854502,0.045743604868911755,1.8937790919981694,-0.02729383717948361,0.7744353000785701,0.20850898379184787,-0.0,-0.0,-0.0,-0.0,-0.012439274679147813,-0.0,-0.0
3.96,0.7478081841846871,-0.4520605335854502,0.045743604868911755,1.8937790919981694,-0.02741951827505073,0.7744353000785701,0.20850898379184787,-0.0,-0.0,-0.0,-0.0,-0.012696670470292458,-0.0,-0.0
3.97,0.7478081841846871,-0.4520605335854502,0.045743604868911755,1.8937790919981694,-0.027547764884326448,0.7744353000785701,0.20850898379184787,-0.0,-0.0,-0.0,-0.0,-0.012952354879462485,-0.0,-0.0
3.98,0.7478081841846871,-0.4520605335854502,0.045743604868911755,1.8937790919981694,-0.027678559216625934,0.7744353000785701,0.20850898379184787,-0.0,-0.0,-0.0,-0.0,-0.013206192473390796,-0.0,-0.0
3.99,0.7478081841846871,-0.4520605335854502,0.045743604868911755,1.8937790919981694,-0.027811882125226572,0.7744353000785701,0.20850898379184787,-0.0,-0.0,-0.0,-0.0,-0.013458047488043088,-0.0,-0.0
4.0,0.7478081841846871,-0.4520605335854502,0.045743604868911755,1.8937790919981694,-0.027947713104368797,0.7744353000785701,0.20850898379184787,-0.0,-0.0,-0.0,-0.0,-0.01370778389040188,-0.0,-0.0
4.01,0.7478081841846871,-0.4520605335854502,0.045743604868911755,1.8937790919981694,-0.028086030286876992,0.7744353000785701,0.20850898379184787,-0.0,-0.0,-0.0,-0.0,-0.013955265440671355,-0.0,-0.0
4.02,0.7478081841846871,-0.4520605335854502,0.045743604868911755,1.8937790919981694,-0.02822681044240436,0.7744353000785701,0.20850898379184787,-0.0,-0.0,-0.0,-0.0,-0.014200355754875223,-0.0,-0.0
4.03,0.7478081841846871,-0.4520605335854502,0.045743604868911755,1.8937790919981694,-0.028370028976305636,0.7744353000785701,0.20850898379184787,-0.0,-0.0,-0.0,-0.0,-0.014442918367820176,-0.0,-0.0
4.04,0.7478081841846871,-0.4520605335854502,0.045743604868911755,1.8937790919981694,-0.028515659929141138,0.7744353000785701,0.20850898379184787,-0.0,-0.0,-0.0,-0.0,-0.014682816796396702,-0.0,-0.0
4.05,0.7478081841846871,-0.4520605335854502,0.045743604868911755,1.8937790919981694,-0.028663675976815444,0.7744353000785701,0.20850898379184787,-0.0,-0.0,-0.0,-0.0,-0.014919914603189269,-0.0,-0.0
4.06,0.7478081841846871,-0.4520605335854502,0.045743604868911755,1.8937790919981694,-0.028814048431353566,0.7744353000785701,0.20850898379184787,-0.0,-0.0,-0.0,-0.0,-0.015154075460367225,-0.0,-0.0
4.07,0.7478081841846871,-0.4520605335854502,0.045743604868911755,1.8937790919981694,-0.028966747242317285,0.7744353000785701,0.20850898379184787,-0.0,-0.0,-0.0,-0.0,-0.015385163213827983,-0.0,-0.0
4.08,0.7478081841846871,-0.4520605335854502,0.045743604868911755,1.8937790919981694,-0.02912174099886409,0.7744353000785701,0.20850898379184787,-0.0,-0.0,-0.0,-0.0,-0.015613041947563487,-0.0,-0.0
4.09,0.7478081841846871,-0.4520605335854502,0.045743604868911755,1.8937790919981694,-0.029278996932450806,0.7744353000785701,0.20850898379184787,-0.0,-0.0,-0.0,-0.0,-0.015837576048221304,-0.0,-0.0
4.1,0.7478081841846871,-0.4520605335854502,0.045743604868911755,1.8937790919981694,-0.029438480920183654,0.7744353000785701,0.20850898379184787,-0.0,-0.0,-0.0,-0.0,-0.01605863026983079,-0.0,-0.0
4.11,0.7478081841846871,-0.4520605335854502,0.045743604868911755,1.8937790919981694,-0.029600157488816267,0.7744353000785701,0.20850898379184787,-0.0,-0.0,-0.0,-0.0,-0.016276069798665325,-0.0,-0.0
4.12,0.7478081841846871,-0.4520605335854502,0.045743604868911755,1.8937790919981694,-0.029763989819396867,0.7744353000785701,0.20850898379184787,-0.0,-0.0,-0.0,-0.0,-0.016489760318211012,-0.0,-0.0
4.13,0.7478081841846871,-0.4520605335854502,0.045743604868911755,1.8937790919981694,-0.02992993975256563,0.7744353000785701,0.20850898379184787,-0.0,-0.0,-0.0,-0.0,-0.016699568074212544,-0.0,-0.0
4.14,0.7478081841846871,-0.4520605335854502,0.045743604868911755,1.8937790919981694,-0.03009796779450268,0.7744353000785701,0.20850898379184787,-0.0,-0.0,-0.0,-0.0,-0.016905359939766183,-0.0,-0.0
4.15,0.7478081841846871,-0.4520605335854502,0.045743604868911755,1.8937790919981694,-0.030268033123527154,0.7744353000785701,0.20850898379184787,-0.0,-0.0,-0.0,-0.0,-0.017107003480430493,-0.0,-0.0
4.16,0.7478081841846871,-0.4520605335854502,0.045743604868911755,1.8937790919981694,-0.030440093597347326,0.7744353000785701,0.20850898379184787,-0.0,-0.0,-0.0,-0.0,-0.017304367019324616,-0.0,-0.0
4.17,0.7478081841846871,-0.4520605335854502,0.045743604868911755,1.8937790919981694,-0.03061410576096157,0.7744353000785701,0.20850898379184787,-0.0,-0.0,-0.0,-0.0,-0.017497319702184586,-0.0,-0.0
4.18,0.7478081841846871,-0.4520605335854502,0.045743604868911755,1.8937790919981694,-0.03079002485520952,0.7744353000785701,0.20850898379184787,-0.0,-0.0,-0.0,-0.0,-0.01768573156234735,-0.0,-0.0
4.19,0.7478081841846871,-0.4520605335854502,0.045743604868911755,1.8937790919981694,-0.03096780482597257,0.7744353000785701,0.20850898379184787,-0.0,-0.0,-0.0,-0.0,-0.017869473585632626,-0.0,-0.0
4.2,0.7478081841846871,-0.4520605335854502,0.045743604868911755,1.8937790919981694,-0.03114739833402256,0.7744353000785701,0.20850898379184787,-0.0,-0.0,-0.0,-0.0,-0.018048417775092616,-0.0,-0.0
4.21,0.7478081841846871,-0.4520605335854502,0.045743604868911755,1.8937790919981694,-0.03132875676551721,0.7744353000785701,0.20850898379184787,-0.0,-0.0,-0.0,-0.0,-0.018222437215599487,-0.0,-0.0
4.22,0.7478081841846871,-0.4520605335854502,0.045743604868911755,1.8937790919981694,-0.0315118302431405,0.7744353000785701,0.20850898379184787,-0.0,-0.0,-0.0,-0.0,-0.018391406138240484,-0.0,-0.0
4.23,0.7478081841846871,-0.4520605335854502,0.045743604868911755,1.8937790919981694,-0.0316965676378858,0.7744353000785701,0.20850898379184787,-0.0,-0.0,-0.0,-0.0,-0.018555199984490706,-0.0,-0.0
4.24,0.7478081841846871,-0.4520605335854502,0.045743604868911755,1.8937790919981694,-0.031882916581479626,0.7744353000785701,0.20850898379184787,-0.0,-0.0,-0.0,-0.0,-0.018713695470133497,-0.0,-0.0
4.25,0.7478081841846871,-0.4520605335854502,0.045743604868911755,1.8937790919981694,-0.03207082347944317,0.7744353000785701,0.20850898379184787,-0.0,-0.0,-0.0,-0.0,-0.018866770648898558,-0.0,-0.0
4.26,0.7478081841846871,-0.4520605335854502,0.045743604868911755,1.8937790919981694,-0.032260233524788635,0.7744353000785701,0.20850898379184787,-0.0,-0.0,-0.0,-0.0,-0.019014304975787655,-0.0,-0.0
4.27,0.7478081841846871,-0.4520605335854502,0.045743604868911755,1.8937790919981694,-0.0324510907123472,0.7744353000785701,0.20850898379184787,-0.0,-0.0,-0.0,-0.0,-0.019156179370058243,-0.0,-0.0
4.28,0.7478081841846871,-0.4520605335854502,0.045743604868911755,1.8937790919981694,-0.032643337853724926,0.7744353000785701,0.20850898379184787,-0.0,-0.0,-0.0,-0.0,-0.019292276277835165,-0.0,-0.0
4.29,0.7478081841846871,-0.4520605335854502,0.045743604868911755,1.8937790919981694,-0.032836916592882834,0.7744353000785701,0.20850898379184787,-0.0,-0.0,-0.0,-0.0,-0.01942247973432067,-0.0,-0.0
4.3,0.7478081841846871,-0.4520605335854502,0.045743604868911755,1.8937790919981694,-0.033031767422336974,0.7744353000785701,0.20850898379184787,-0.0,-0.0,-0.0,-0.0,-0.019546675425573288,-0.0,-0.0
4.31,0.7478081841846871,-0.4520605335854502,0.045743604868911755,1.8937790919981694,-0.033227829699973954,0.7744353000785701,0.20850898379184787,-0.0,-0.0,-0.0,-0.0,-0.01966475074982596,-0.0,-0.0
4.32,0.7478081841846871,-0.4520605335854502,0.045743604868911755,1.8937790919981694,-0.033425041666477244,0.7744353000785701,0.20850898379184787,-0.0,-0.0,-0.0,-0.0,-0.019776594878314246,-0.0,-0.0
4.33,0.7478081841846871,-0.4520605335854502,0.045743604868911755,1.8937790919981694,-0.03362334046335917,0.7744353000785701,0.20850898379184787,-0.0,-0.0,-0.0,-0.0,-0.0198820988155852,-0.0,-0.0
4.34,0.7478081841846871,-0.4520605335854502,0.045743604868911755,1.8937790919981694,-0.03382266215159336,0.7744353000785701,0.20850898379184787,-0.0,-0.0,-0.0,-0.0,-0.019981155459258226,-0.0,-0.0
4.35,0.7478081841846871,-0.4520605335854502,0.045743604868911755,1.8937790919981694,-0.03402294173084182,0.7744353000785701,0.20850898379184787,-0.0,-0.0,-0.0,-0.0,-0.020073659659208647,-0.0,-0.0
4.36,0.7478081841846871,-0.4520605335854502,0.045743604868911755,1.8937790919981694,-0.03422411315927096,0.7744353000785701,0.20850898379184787,-0.0,-0.0,-0.0,-0.0,-0.020159508276145727,-0.0,-0.0
4.37,0.7478081841846871,-0.4520605335854502,0.045743604868911755,1.8937790919981694,-0.03442610937395008,0.7744353000785701,0.20850898379184787,-0.0,-0.0,-0.0,-0.0,-0.020238600239556384,-0.0,-0.0
4.38,0.7478081841846871,-0.4520605335854502,0.045743604868911755,1.8937790919981694,-0.03462886231182628,0.7744353000785701,0.20850898379184787,-0.0,-0.0,-0.0,-0.0,-0.020310836604986487,-0.0,-0.0
4.39,0.7478081841846871,-0.4520605335854502,0.045743604868911755,1.8937790919981694,-0.034832302931268454,0.7744353000785701,0.20850898379184787,-0.0,-0.0,-0.0,-0.0,-0.02037612061063171,-0.0,-0.0
4.4,0.7478081841846871,-0.4520605335854502,0.045743604868911755,1.8937790919981694,-0.03503636123417384,0.7744353000785701,0.20850898379184787,-0.0,-0.0,-0.0,-0.0,-0.0204343577332101,-0.0,-0.0
4.41,0.7478081841846871,-0.4520605335854502,0.045743604868911755,1.8937790919981694,-0.03524096628862944,0.7744353000785701,0.20850898379184787,-0.0,-0.0,-0.0,-0.0,-0.02048545574308882,-0.0,-0.0
4.42,0.7478081841846871,-0.4520605335854502,0.045743604868911755,1.8937790919981694,-0.03544604625212099,0.7744353000785701,0.20850898379184787,-0.0,-0.0,-0.0,-0.0,-0.020529324758637935,-0.0,-0.0
4.43,0.7478081841846871,-0.4520605335854502,0.045743604868911755,1.8937790919981694,-0.03565152839528147,0.7744353000785701,0.20850898379184787,-0.0,-0.0,-0.0,-0.0,-0.020565877299784062,-0.0,-0.0
4.44,0.7478081841846871,-0.4520605335854502,0.045743604868911755,1.8937790919981694,-0.0358573391261709,0.7744353000785701,0.20850898379184787,-0.0,-0.0,-0.0,-0.0,-0.020595028340737297,-0.0,-0.0
4.45,0.7478081841846871,-0.4520605335854502,0.045743604868911755,1.8937790919981694,-0.036063404015079334,0.7744353000785701,0.20850898379184787,-0.0,-0.0,-0.0,-0.0,-0.020616695361864997,-0.0,-0.0
4.46,0.7478081841846871,-0.4520605335854502,0.045743604868911755,1.8937790919981694,-0.03626964781984413,0.7744353000785701,0.20850898379184787,-0.0,-0.0,-0.0,-0.0,-0.020630798400686344,-0.0,-0.0
4.47,0.7478081841846871,-0.4520605335854502,0.045743604868911755,1.8937790919981694,-0.03647599451167273,0.7744353000785701,0.20850898379184787,-0.0,-0.0,-0.0,-0.0,-0.020637260101961926,-0.0,-0.0
4.48,0.7478081841846871,-0.4520605335854502,0.045743604868911755,1.8937790919981694,-0.03668236730146157,0.7744353000785701,0.20850898379184787,-0.0,-0.0,-0.0,-0.0,-0.02063600576685286,-0.0,-0.0
4.49,0.7478081841846871,-0.4520605335854502,0.045743604868911755,1.8937790919981694,-0.03688868866660196,0.7744353000785701,0.20850898379184787,-0.0,-0.0,-0.0,-0.0,-0.02062696340112458,-0.0,-0.0
4.5,0.7478081841846871,-0.4520605335854502,0.045743604868911755,1.8937790919981694,-0.03709488037826306,0.7744353000785701,0.20850898379184787,-0.0,-0.0,-0.0,-0.0,-0.02061006376237029,-0.0,-0.0
4.51,0.7478081841846871,-0.4520605335854502,0.045743604868911755,1.8937790919981694,-0.037300863529142136,0.7744353000785701,0.20850898379184787,-0.0,-0.0,-0.0,-0.0,-0.02058524040623008,-0.0,-0.0
4.52,0.7478081841846871,-0.4520605335854502,0.045743604868911755,1.8937790919981694,-0.037506558561671795,0.7744353000785701,0.20850898379184787,-0.0,-0.0,-0.0,-0.0,-0.020552429731581487,-0.0,-0.0
4.53,0.7478081841846871,-0.4520605335854502,0.045743604868911755,1.8937790919981694,-0.03771188529667397,0.7744353000785701,0.20850898379184787,-0.0,-0.0,-0.0,-0.0,-0.020511571024678193,-0.0,-0.0
4.54,0.7478081841846871,-0.4520605335854502,0.045743604868911755,1.8937790919981694,-0.037916762962449876,0.7744353000785701,0.20850898379184787,-0.0,-0.0,-0.0,-0.0,-0.02046260650221352,-0.0,-0.0
4.55,0.7478081841846871,-0.4520605335854502,0.045743604868911755,1.8937790919981694,-0.03812111022429521,0.7744353000785701,0.20850898379184787,-0.0,-0.0,-0.0,-0.0,-0.02040548135328611,-0.0,-0.0
4.56,0.7478081841846871,-0.4520605335854502,0.045743604868911755,1.8937790919981694,-0.03832484521442932,0.7744353000785701,0.20850898379184787,-0.0,-0.0,-0.0,-0.0,-0.020340143780245613,-0.0,-0.0
4.57,0.7478081841846871,-0.4520605335854502,0.045743604868911755,1.8937790919981694,-0.03852788556232725,0.7744353000785701,0.20850898379184787,-0.0,-0.0,-0.0,-0.0,-0.02026654503839627,-0.0,-0.0
4.58,0.7478081841846871,-0.4520605335854502,0.045743604868911755,1.8937790919981694,-0.03873014842544289,0.7744353000785701,0.20850898379184787,-0.0,-0.0,-0.0,-0.0,-0.02018463947453728,-0.0,-0.0
4.59,0.7478081841846871,-0.4520605335854502,0.045743604868911755,1.8937790919981694,-0.038931550520311775,0.7744353000785701,0.20850898379184787,-0.0,-0.0,-0.0,-0.0,-0.020094384564318838,-0.0,-0.0
4.6,0.7478081841846871,-0.4520605335854502,0.045743604868911755,1.8937790919981694,-0.03913200815402133,0.7744353000785701,0.20850898379184787,-0.0,-0.0,-0.0,-0.0,-0.019995740948393508,-0.0,-0.0
4.61,0.7478081841846871,-0.4520605335854502,0.045743604868911755,1.8937790919981694,-0.0393314372560366,0.7744353000785701,0.20850898379184787,-0.0,-0.0,-0.0,-0.0,-0.01988867246734288,-0.0,-0.0
4.62,0.7478081841846871,-0.4520605335854502,0.045743604868911755,1.8937790919981694,-0.03952975341036885,0.7744353000785701,0.20850898379184787,-0.0,-0.0,-0.0,-0.0,-0.019773146195360095,-0.0,-0.0
4.63,0.7478081841846871,-0.4520605335854502,0.045743604868911755,1.8937790919981694,-0.039726871888075055,0.7744353000785701,0.20850898379184787,-0.0,-0.0,-0.0,-0.0,-0.019649132472669143,-0.0,-0.0
4.64,0.7478081841846871,-0.4520605335854502,0.045743604868911755,1.8937790919981694,-0.039922707680074825,0.7744353000785701,0.20850898379184787,-0.0,-0.0,-0.0,-0.0,-0.019516604936662695,-0.0,-0.0
4.65,0.7478081841846871,-0.4520605335854502,0.045743604868911755,1.8937790919981694,-0.040117175530272414,0.7744353000785701,0.20850898379184787,-0.0,-0.0,-0.0,-0.0,-0.019375540551740265,-0.0,-0.0
4.66,0.7478081841846871,-0.4520605335854502,0.045743604868911755,1.8937790919981694,-0.04031018996897047,0.7744353000785701,0.20850898379184787,-0.0,-0.0,-0.0,-0.0,-0.019225919637829464,-0.0,-0.0
4.67,0.7478081841846871,-0.4520605335854502,0.045743604868911755,1.8937790919981694,-0.04050166534656244,0.7744353000785701,0.20850898379184787,-0.0,-0.0,-0.0,-0.0,-0.019067725897573377,-0.0,-0.0
4.68,0.7478081841846871,-0.4520605335854502,0.045743604868911755,1.8937790919981694,-0.04069151586748996,0.7744353000785701,0.20850898379184787,-0.0,-0.0,-0.0,-0.0,-0.018900946442167808,-0.0,-0.0
4.69,0.7478081841846871,-0.4520605335854502,0.045743604868911755,1.8937790919981694,-0.040879655624452005,0.7744353000785701,0.20850898379184787,-0.0,-0.0,-0.0,-0.0,-0.018725571815832474,-0.0,-0.0
4.7,0.7478081841846871,-0.4520605335854502,0.045743604868911755,1.8937790919981694,-0.04106599863285153,0.7744353000785701,0.20850898379184787,-0.0,-0.0,-0.0,-0.0,-0.01854159601890124,-0.0,-0.0
4.71,0.7478081841846871,-0.4520605335854502,0.045743604868911755,1.8937790919981694,-0.04125045886546647,0.7744353000785701,0.20850898379184787,-0.0,-0.0,-0.0,-0.0,-0.018349016529516222,-0.0,-0.0
4.72,0.7478081841846871,-0.4520605335854502,0.045743604868911755,1.8937790919981694,-0.04143295028733033,0.7744353000785701,0.20850898379184787,-0.0,-0.0,-0.0,-0.0,-0.018147834323912343,-0.0,-0.0
4.73,0.7478081841846871,-0.4520605335854502,0.045743604868911755,1.8937790919981694,-0.04161338689080857,0.7744353000785701,0.20850898379184787,-0.0,-0.0,-0.0,-0.0,-0.01793805389527826,-0.0,-0.0
4.74,0.7478081841846871,-0.4520605335854502,0.045743604868911755,1.8937790919981694,-0.04179168273085652,0.7744353000785701,0.20850898379184787,-0.0,-0.0,-0.0,-0.0,-0.017719683271181313,-0.0,-0.0
4.75,0.7478081841846871,-0.4520605335854502,0.045743604868911755,1.8937790919981694,-0.04196775196044426,0.7744353000785701,0.20850898379184787,-0.0,-0.0,-0.0,-0.0,-0.01749273402954364,-0.0,-0.0
4.76,0.7478081841846871,-0.4520605335854502,0.045743604868911755,1.8937790919981694,-0.04214150886613399,0.7744353000785701,0.20850898379184787,-0.0,-0.0,-0.0,-0.0,-0.017257221313158256,-0.0,-0.0
4.77,0.7478081841846871,-0.4520605335854502,0.045743604868911755,1.8937790919981694,-0.04231286790379511,0.7744353000785701,0.20850898379184787,-0.0,-0.0,-0.0,-0.0,-0.017013163842733877,-0.0,-0.0
4.78,0.7478081841846871,-0.4520605335854502,0.045743604868911755,1.8937790919981694,-0.04248174373444253,0.7744353000785701,0.20850898379184787,-0.0,-0.0,-0.0,-0.0,-0.01676058392845784,-0.0,-0.0
4.79,0.7478081841846871,-0.4520605335854502,0.045743604868911755,1.8937790919981694,-0.04264805126018297,0.7744353000785701,0.20850898379184787,-0.0,-0.0,-0.0,-0.0,-0.016499507480067607,-0.0,-0.0
4.8,0.7478081841846871,-0.4520605335854502,0.045743604868911755,1.8937790919981694,-0.042811705660254655,0.7744353000785701,0.20850898379184787,-0.0,-0.0,-0.0,-0.0,-0.016229964015421306,-0.0,-0.0
4.81,0.7478081841846871,-0.4520605335854502,0.045743604868911755,1.8937790919981694,-0.042972622427145016,0.7744353000785701,0.20850898379184787,-0.0,-0.0,-0.0,-0.0,-0.01595198666755913,-0.0,-0.0
4.82,0.7478081841846871,-0.4520605335854502,0.045743604868911755,1.8937790919981694,-0.04313071740277158,0.7744353000785701,0.20850898379184787,-0.0,-0.0,-0.0,-0.0,-0.015665612190247237,-0.0,-0.0
4.83,0.7478081841846871,-0.4520605335854502,0.045743604868911755,1.8937790919981694,-0.043285906814710465,0.7744353000785701,0.20850898379184787,-0.0,-0.0,-0.0,-0.0,-0.015370880961997438,-0.0,-0.0
4.84,0.7478081841846871,-0.4520605335854502,0.045743604868911755,1.8937790919981694,-0.04343810731245772,0.7744353000785701,0.20850898379184787,-0.0,-0.0,-0.0,-0.0,-0.015067836988555149,-0.0,-0.0
4.85,0.7478081841846871,-0.4520605335854502,0.045743604868911755,1.8937790919981694,-0.0435872360037076,0.7744353000785701,0.20850898379184787,-0.0,-0.0,-0.0,-0.0,-0.014756527903850713,-0.0,-0.0
4.86,0.7478081841846871,-0.4520605335854502,0.045743604868911755,1.8937790919981694,-0.043733210490632765,0.7744353000785701,0.20850898379184787,-0.0,-0.0,-0.0,-0.0,-0.01443700496940785,-0.0,-0.0
4.87,0.7478081841846871,-0.4520605335854502,0.045743604868911755,1.8937790919981694,-0.04387594890615079,0.7744353000785701,0.20850898379184787,-0.0,-0.0,-0.0,-0.0,-0.014109323072205155,-0.0,-0.0
4.88,0.7478081841846871,-0.4520605335854502,0.045743604868911755,1.8937790919981694,-0.04401536995016163,0.7744353000785701,0.20850898379184787,-0.0,-0.0,-0.0,-0.0,-0.013773540720986174,-0.0,-0.0
4.89,0.7478081841846871,-0.4520605335854502,0.045743604868911755,1.8937790919981694,-0.04415139292574023,0.7744353000785701,0.20850898379184787,-0.0,-0.0,-0.0,-0.0,-0.013429720041015192,-0.0,-0.0
4.9,0.7478081841846871,-0.4520605335854502,0.045743604868911755,1.8937790919981694,-0.044283937775269205,0.7744353000785701,0.20850898379184787,-0.0,-0.0,-0.0,-0.0,-0.01307792676727559,-0.0,-0.0
4.91,0.7478081841846871,-0.4520605335854502,0.045743604868911755,1.8937790919981694,-0.044412925116495264,0.7744353000785701,0.20850898379184787,-0.0,-0.0,-0.0,-0.0,-0.012718230236109426,-0.0,-0.0
4.92,0.7478081841846871,-0.4520605335854502,0.045743604868911755,1.8937790919981694,-0.04453827627849476,0.7744353000785701,0.20850898379184787,-0.0,-0.0,-0.0,-0.0,-0.012350703375295813,-0.0,-0.0
4.93,0.7478081841846871,-0.4520605335854502,0.045743604868911755,1.8937790919981694,-0.04465991333753179,0.7744353000785701,0.20850898379184787,-0.0,-0.0,-0.0,-0.0,-0.011975422692568821,-0.0,-0.0
4.94,0.7478081841846871,-0.4520605335854502,0.045743604868911755,1.8937790919981694,-0.04477775915279386,0.7744353000785701,0.20850898379184787,-0.0,-0.0,-0.0,-0.0,-0.011592468262573772,-0.0,-0.0
4.95,0.7478081841846871,-0.4520605335854502,0.045743604868911755,1.8937790919981694,-0.04489173740198928,0.7744353000785701,0.20850898379184787,-0.0,-0.0,-0.0,-0.0,-0.011201923712263334,-0.0,-0.0
4.96,0.7478081841846871,-0.4520605335854502,0.045743604868911755,1.8937790919981694,-0.045001772616790774,0.7744353000785701,0.20850898379184787,-0.0,-0.0,-0.0,-0.0,-0.01080387620473435,-0.0,-0.0
4.97,0.7478081841846871,-0.4520605335854502,0.045743604868911755,1.8937790919981694,-0.0451077902181095,0.7744353000785701,0.20850898379184787,-0.0,-0.0,-0.0,-0.0,-0.010398416421507815,-0.0,-0.0
4.98,0.7478081841846871,-0.4520605335854502,0.045743604868911755,1.8937790919981694,-0.045209716551184345,0.7744353000785701,0.20850898379184787,-0.0,-0.0,-0.0,-0.0,-0.009985638543254413,-0.0,-0.0
4.99,0.7478081841846871,-0.4520605335854502,0.045743604868911755,1.8937790919981694,-0.045307478920470476,0.7744353000785701,0.20850898379184787,-0.0,-0.0,-0.0,-0.0,-0.009565640228969611,-0.0,-0.0
5.0,0.7478081841846871,-0.4520605335854502,0.045743604868911755,1.8937790919981694,-0.04540100562431209,0.7744353000785701,0.20850898379184787,-0.0,-0.0,-0.0,-0.0,-0.009138522593601263,-0.0,-0.0
5.01,0.7478081841846871,-0.4520605335854502,0.045743604868911755,1.8937790919981694,-0.04549022598938364,0.7744353000785701,0.20850898379184787,-0.0,-0.0,-0.0,-0.0,-0.00870439018413599,-0.0,-0.0
5.02,0.7478081841846871,-0.4520605335854502,0.045743604868911755,1.8937790919981694,-0.045575070404884205,0.7744353000785701,0.20850898379184787,-0.0,-0.0,-0.0,-0.0,-0.008263350954148626,-0.0,-0.0
5.03,0.7478081841846871,-0.4520605335854502,0.045743604868911755,1.8937790919981694,-0.04565547035646979,0.7744353000785701,0.20850898379184787,-0.0,-0.0,-0.0,-0.0,-0.00781551623682118,-0.0,-0.0
5.04,0.7478081841846871,-0.4520605335854502,0.045743604868911755,1.8937790919981694,-0.045731358459908084,0.7744353000785701,0.20850898379184787,-0.0,-0.0,-0.0,-0.0,-0.007361000716438821,-0.0,-0.0
5.05,0.7478081841846871,-0.4520605335854502,0.045743604868911755,1.8937790919981694,-0.045802668494440736,0.7744353000785701,0.20850898379184787,-0.0,-0.0,-0.0,-0.0,-0.00689992239836875,-0.0,-0.0
5.06,0.7478081841846871,-0.4520605335854502,0.045743604868911755,1.8937790919981694,-0.04586933543583771,0.7744353000785701,0.20850898379184787,-0.0,-0.0,-0.0,-0.0,-0.006432402577532106,-0.0,-0.0
5.07,0.7478081841846871,-0.4520605335854502,0.045743604868911755,1.8937790919981694,-0.04593129548912897,0.7744353000785701,0.20850898379184787,-0.0,-0.0,-0.0,-0.0,-0.005958565805376089,-0.0,-0.0
5.08,0.7478081841846871,-0.4520605335854502,0.045743604868911755,1.8937790919981694,-0.04598848612099834,0.7744353000785701,0.20850898379184787,-0.0,-0.0,-0.0,-0.0,-0.005478539855356819,-0.0,-0.0
5.09,0.7478081841846871,-0.4520605335854502,0.045743604868911755,1.8937790919981694,-0.046040846091824926,0.7744353000785701,0.20850898379184787,-0.0,-0.0,-0.0,-0.0,-0.004992455686942321,-0.0,-0.0
5.1,0.7478081841846871,-0.4520605335854502,0.045743604868911755,1.8937790919981694,-0.04608831548735705,0.7744353000785701,0.20850898379184787,-0.0,-0.0,-0.0,-0.0,-0.004500447408147184,-0.0,-0.0
5.11,0.7478081841846871,-0.4520605335854502,0.045743604868911755,1.8937790919981694,-0.046130835750004345,0.7744353000785701,0.20850898379184787,-0.0,-0.0,-0.0,-0.0,-0.004002652236609629,-0.0,-0.0
5.12,0.7478081841846871,-0.4520605335854502,0.045743604868911755,1.8937790919981694,-0.04616834970973334,0.7744353000785701,0.20850898379184787,-0.0,-0.0,-0.0,-0.0,-0.003499210459224091,-0.0,-0.0
5.13,0.7478081841846871,-0.4520605335854502,0.045743604868911755,1.8937790919981694,-0.046200801614552235,0.7744353000785701,0.20850898379184787,-0.0,-0.0,-0.0,-0.0,-0.0029902653903404867,-0.0,-0.0
5.14,0.7478081841846871,-0.4520605335854502,0.045743604868911755,1.8937790919981694,-0.046228137160570476,0.7744353000785701,0.20850898379184787,-0.0,-0.0,-0.0,-0.0,-0.0024759633285455704,-0.0,-0.0
5.15,0.7478081841846871,-0.4520605335854502,0.045743604868911755,1.8937790919981694,-0.04625030352161924,0.7744353000785701,0.20850898379184787,-0.0,-0.0,-0.0,-0.0,-0.001956453512038744,-0.0,-0.0
5.16,0.7478081841846871,-0.4520605335854502,0.045743604868911755,1.8937790919981694,-0.04626724937841861,0.7744353000785701,0.20850898379184787,-0.0,-0.0,-0.0,-0.0,-0.0014318880726180976,-0.0,-0.0
5.17,0.7478081841846871,-0.4520605335854502,0.045743604868911755,1.8937790919981694,-0.046278924947277734,0.7744353000785701,0.20850898379184787,-0.0,-0.0,-0.0,-0.0,-0.0009024219882912253,-0.0,-0.0
5.18,0.7478081841846871,-0.4520605335854502,0.045743604868911755,1.8937790919981694,-0.04628528200831436,0.7744353000785701,0.20850898379184787,-0.0,-0.0,-0.0,-0.0,-0.00036821303452747435,-0.0,-0.0
5.19,0.7478081841846871,-0.4520605335854502,0.045743604868911755,1.8937790919981694,-0.046286273933180064,0.7744353000785701,0.20850898379184787,0.0,0.0,0.0,0.0,0.00017057826583254798,0.0,0.0
5.2,0.7478081841846871,-0.4520605335854502,0.045743604868911755,1.8937790919981694,-0.046281855712278004,0.7744353000785701,0.20850898379184787,0.0,0.0,0.0,0.0,0.0007137886939919518,0.0,0.0
5.21,0.7478081841846871,-0.4520605335854502,0.045743604868911755,1.8937790919981694,-0.04627198398145996,0.7744353000785701,0.20850898379184787,0.0,0.0,0.0,0.0,0.0012612523879210404,0.0,0.0
5.22,0.7478081841846871,-0.4520605335854502,0.045743604868911755,1.8937790919981694,-0.04625661704818962,0.7744353000785701,0.20850898379184787,0.0,0.0,0.0,0.0,0.00181280089636872,0.0,0.0
5.23,0.7478081841846871,-0.4520605335854502,0.045743604868911755,1.8937790919981694,-0.046235714917159526,0.7744353000785701,0.20850898379184787,0.0,0.0,0.0,0.0,0.0023682632341446457,0.0,0.0
5.24,0.7478081841846871,-0.4520605335854502,0.045743604868911755,1.8937790919981694,-0.04620923931534876,0.7744353000785701,0.20850898379184787,0.0,0.0,0.0,0.0,0.002927465938651484,0.0,0.0
5.25,0.7478081841846871,-0.4520605335854502,0.045743604868911755,1.8937790919981694,-0.046177153716509226,0.7744353000785701,0.20850898379184787,0.0,0.0,0.0,0.0,0.0034902331276478902,0.0,0.0
5.26,0.7478081841846871,-0.4520605335854502,0.045743604868911755,1.8937790919981694,-0.04613942336506825,0.7744353000785701,0.20850898379184787,0.0,0.0,0.0,0.0,0.004056386558220795,0.0,0.0
5.27,0.7478081841846871,-0.4520605335854502,0.045743604868911755,1.8937790919981694,-0.046096015299435494,0.7744353000785701,0.20850898379184787,0.0,0.0,0.0,0.0,0.004625745686946401,0.0,0.0
5.28,0.7478081841846871,-0.4520605335854502,0.045743604868911755,1.8937790919981694,-0.0460468983747023,0.7744353000785701,0.20850898379184787,0.0,0.0,0.0,0.0,0.005198127731217386,0.0,0.0
5.29,0.7478081841846871,-0.4520605335854502,0.045743604868911755,1.8937790919981694,-0.04599204328472224,0.7744353000785701,0.20850898379184787,0.0,0.0,0.0,0.0,0.005773347731714548,0.0,0.0
5.3,0.7478081841846871,-0.4520605335854502,0.045743604868911755,1.8937790919981694,-0.0459314225835611,0.7744353000785701,0.20850898379184787,0.0,0.0,0.0,0.0,0.006351218615999806,0.0,0.0
5.31,0.7478081841846871,-0.4520605335854502,0.045743604868911755,1.8937790919981694,-0.04586501070630554,0.7744353000785701,0.20850898379184787,0.0,0.0,0.0,0.0,0.0069315512632068125,0.0,0.0
5.32,0.7478081841846871,-0.4520605335854502,0.045743604868911755,1.8937790919981694,-0.04579278398921944,0.7744353000785701,0.20850898379184787,0.0,0.0,0.0,0.0,0.007514154569805872,0.0,0.0
5.33,0.7478081841846871,-0.4520605335854502,0.045743604868911755,1.8937790919981694,-0.04571472068923736,0.7744353000785701,0.20850898379184787,0.0,0.0,0.0,0.0,0.008098835516417508,0.0,0.0
5.34,0.7478081841846871,-0.4520605335854502,0.045743604868911755,1.8937790919981694,-0.04563080100278465,0.7744353000785701,0.20850898379184787,0.0,0.0,0.0,0.0,0.008685399235651751,0.0,0.0
5.35,0.7478081841846871,-0.4520605335854502,0.045743604868911755,1.8937790919981694,-0.04554100708391419,0.7744353000785701,0.20850898379184787,0.0,0.0,0.0,0.0,0.009273649080945275,0.0,0.0
5.36,0.7478081841846871,-0.4520605335854502,0.045743604868911755,1.8937790919981694,-0.04544532306174988,0.7744353000785701,0.20850898379184787,0.0,0.0,0.0,0.0,0.009863386696372364,0.0,0.0
5.37,0.7478081841846871,-0.4520605335854502,0.045743604868911755,1.8937790919981694,-0.045343735057227275,0.7744353000785701,0.20850898379184787,0.0,0.0,0.0,0.0,0.01045441208740221,0.0,0.0
5.38,0.7478081841846871,-0.4520605335854502,0.045743604868911755,1.8937790919981694,-0.04523623119912198,0.7744353000785701,0.20850898379184787,0.0,0.0,0.0,0.0,0.011046523692576358,0.0,0.0
5.39,0.7478081841846871,-0.4520605335854502,0.045743604868911755,1.8937790919981694,-0.04512280163935678,0.7744353000785701,0.20850898379184787,0.0,0.0,0.0,0.0,0.011639518456078404,0.0,0.0
5.4,0.7478081841846871,-0.4520605335854502,0.045743604868911755,1.8937790919981694,-0.045003438567578796,0.7744353000785701,0.20850898379184787,0.0,0.0,0.0,0.0,0.012233191901168804,0.0,0.0
5.41,0.7478081841846871,-0.4520605335854502,0.045743604868911755,1.8937790919981694,-0.04487813622499811,0.7744353000785701,0.20850898379184787,0.0,0.0,0.0,0.0,0.012827338204455653,0.0,0.0
5.42,0.7478081841846871,-0.4520605335854502,0.045743604868911755,1.8937790919981694,-0.04474689091747939,0.7744353000785701,0.20850898379184787,0.0,0.0,0.0,0.0,0.01342175027097453,0.0,0.0
5.43,0.7478081841846871,-0.4520605335854502,0.045743604868911755,1.8937790919981694,-0.04460970102787909,0.7744353000785701,0.20850898379184787,0.0,0.0,0.0,0.0,0.014016219810046361,0.0,0.0
5.44,0.7478081841846871,-0.4520605335854502,0.045743604868911755,1.8937790919981694,-0.044466567027620134,0.7744353000785701,0.20850898379184787,0.0,0.0,0.0,0.0,0.014610537411885541,0.0,0.0
5.45,0.7478081841846871,-0.4520605335854502,0.045743604868911755,1.8937790919981694,-0.04431749148749693,0.7744353000785701,0.20850898379184787,0.0,0.0,0.0,0.0,0.01520449262492765,0.0,0.0
5.46,0.7478081841846871,-0.4520605335854502,0.045743604868911755,1.8937790919981694,-0.04416247908770364,0.7744353000785701,0.20850898379184787,0.0,0.0,0.0,0.0,0.015797874033847196,0.0,0.0
5.47,0.7478081841846871,-0.4520605335854502,0.045743604868911755,1.8937790919981694,-0.04400153662707891,0.7744353000785701,0.20850898379184787,0.0,0.0,0.0,0.0,0.016390469338234383,0.0,0.0
5.48,0.7478081841846871,-0.4520605335854502,0.045743604868911755,1.8937790919981694,-0.04383467303156068,0.7744353000785701,0.20850898379184787,0.0,0.0,0.0,0.0,0.01698206543190059,0.0,0.0
5.49,0.7478081841846871,-0.4520605335854502,0.045743604868911755,1.8937790919981694,-0.04366189936184512,0.7744353000785701,0.20850898379184787,0.0,0.0,0.0,0.0,0.017572448482780518,0.0,0.0
5.5,0.7478081841846871,-0.4520605335854502,0.045743604868911755,1.8937790919981694,-0.04348322882024323,0.7744353000785701,0.20850898379184787,0.0,0.0,0.0,0.0,0.018161404013401255,0.0,0.0
5.51,0.7478081841846871,-0.4520605335854502,0.045743604868911755,1.8937790919981694,-0.04329867675673056,0.7744353000785701,0.20850898379184787,0.0,0.0,0.0,0.0,0.01874871698188416,0.0,0.0
5.52,0.7478081841846871,-0.4520605335854502,0.045743604868911755,1.8937790919981694,-0.043108260674184065,0.7744353000785701,0.20850898379184787,0.0,0.0,0.0,0.0,0.019334171863449486,0.0,0.0
5.53,0.7478081841846871,-0.4520605335854502,0.045743604868911755,1.8937790919981694,-0.04291200023280159,0.7744353000785701,0.20850898379184787,0.0,0.0,0.0,0.0,0.01991755273239047,0.0,0.0
5.54,0.7478081841846871,-0.4520605335854502,0.045743604868911755,1.8937790919981694,-0.04270991725369955,0.7744353000785701,0.20850898379184787,0.0,0.0,0.0,0.0,0.020498643344483796,0.0,0.0
5.55,0.7478081841846871,-0.4520605335854502,0.045743604868911755,1.8937790919981694,-0.042502035721684206,0.7744353000785701,0.20850898379184787,0.0,0.0,0.0,0.0,0.021077227219805355,0.0,0.0
5.56,0.7478081841846871,-0.4520605335854502,0.045743604868911755,1.8937790919981694,-0.042288381787193144,0.7744353000785701,0.20850898379184787,0.0,0.0,0.0,0.0,0.0216530877259158,0.0,0.0
5.57,0.7478081841846871,-0.4520605335854502,0.045743604868911755,1.8937790919981694,-0.042068983767403006,0.7744353000785701,0.20850898379184787,0.0,0.0,0.0,0.0,0.022226008161384495,0.0,0.0
5.58,0.7478081841846871,-0.4520605335854502,0.045743604868911755,1.8937790919981694,-0.04184387214650055,0.7744353000785701,0.20850898379184787,0.0,0.0,0.0,0.0,0.022795771839617222,0.0,0.0
5.59,0.7478081841846871,-0.4520605335854502,0.045743604868911755,1.8937790919981694,-0.04161307957511401,0.7744353000785701,0.20850898379184787,0.0,0.0,0.0,0.0,0.02336216217295468,0.0,0.0
5.6,0.7478081841846871,-0.4520605335854502,0.045743604868911755,1.8937790919981694,-0.041376640868902186,0.7744353000785701,0.20850898379184787,0.0,0.0,0.0,0.0,0.0239249627570069,0.0,0.0
5.61,0.7478081841846871,-0.4520605335854502,0.045743604868911755,1.8937790919981694,-0.04113459300629925,0.7744353000785701,0.20850898379184787,0.0,0.0,0.0,0.0,0.02448395745519067,0.0,0.0
5.62,0.7478081841846871,-0.4520605335854502,0.045743604868911755,1.8937790919981694,-0.04088697512541342,0.7744353000785701,0.20850898379184787,0.0,0.0,0.0,0.0,0.025038930483434217,0.0,0.0
5.63,0.7478081841846871,-0.4520605335854502,0.045743604868911755,1.8937790919981694,-0.04063382852007748,0.7744353000785701,0.20850898379184787,0.0,0.0,0.0,0.0,0.02558966649501673,0.0,0.0
5.64,0.7478081841846871,-0.4520605335854502,0.045743604868911755,1.8937790919981694,-0.040375196635050875,0.7744353000785701,0.20850898379184787,0.0,0.0,0.0,0.0,0.026135950665506114,0.0,0.0
5.65,0.7478081841846871,-0.4520605335854502,0.045743604868911755,1.8937790919981694,-0.04011112506037172,0.7744353000785701,0.20850898379184787,0.0,0.0,0.0,0.0,0.026677568777761923,0.0,0.0
5.66,0.7478081841846871,-0.4520605335854502,0.045743604868911755,1.8937790919981694,-0.03984166152485883,0.7744353000785701,0.20850898379184787,0.0,0.0,0.0,0.0,0.027214307306967875,0.0,0.0
5.67,0.7478081841846871,-0.4520605335854502,0.045743604868911755,1.8937790919981694,-0.03956685588876323,0.7744353000785701,0.20850898379184787,0.0,0.0,0.0,0.0,0.02774595350565973,0.0,0.0
5.68,0.7478081841846871,-0.4520605335854502,0.045743604868911755,1.8937790919981694,-0.0392867601355697,0.7744353000785701,0.20850898379184787,0.0,0.0,0.0,0.0,0.028272295488713056,0.0,0.0
5.69,0.7478081841846871,-0.4520605335854502,0.045743604868911755,1.8937790919981694,-0.03900142836294866,0.7744353000785701,0.20850898379184787,0.0,0.0,0.0,0.0,0.028793122318256724,0.0,0.0
5.7,0.7478081841846871,-0.4520605335854502,0.045743604868911755,1.8937790919981694,-0.03871091677285972,0.7744353000785701,0.20850898379184787,0.0,0.0,0.0,0.0,0.029308224088475866,0.0,0.0
5.71,0.7478081841846871,-0.4520605335854502,0.045743604868911755,1.8937790919981694,-0.038415283660807376,0.7744353000785701,0.20850898379184787,0.0,0.0,0.0,0.0,0.02981739201027142,0.0,0.0
5.72,0.7478081841846871,-0.4520605335854502,0.045743604868911755,1.8937790919981694,-0.03811458940425155,0.7744353000785701,0.20850898379184787,0.0,0.0,0.0,0.0,0.03032041849573892,0.0,0.0
5.73,0.7478081841846871,-0.4520605335854502,0.045743604868911755,1.8937790919981694,-0.037808896450174,0.7744353000785701,0.20850898379184787,0.0,0.0,0.0,0.0,0.030817097242433165,0.0,0.0
5.74,0.7478081841846871,-0.4520605335854502,0.045743604868911755,1.8937790919981694,-0.03749826930180349,0.7744353000785701,0.20850898379184787,0.0,0.0,0.0,0.0,0.03130722331738311,0.0,0.0
5.75,0.7478081841846871,-0.4520605335854502,0.045743604868911755,1.8937790919981694,-0.03718277450450213,0.7744353000785701,0.20850898379184787,0.0,0.0,0.0,0.0,0.03179059324082239,0.0,0.0
5.76,0.7478081841846871,-0.4520605335854502,0.045743604868911755,1.8937790919981694,-0.03686248063081591,0.7744353000785701,0.20850898379184787,0.0,0.0,0.0,0.0,0.03226700506960028,0.0,0.0
5.77,0.7478081841846871,-0.4520605335854502,0.045743604868911755,1.8937790919981694,-0.03653745826469308,0.7744353000785701,0.20850898379184787,0.0,0.0,0.0,0.0,0.032736258480238326,0.0,0.0
5.78,0.7478081841846871,-0.4520605335854502,0.045743604868911755,1.8937790919981694,-0.03620777998487368,0.7744353000785701,0.20850898379184787,0.0,0.0,0.0,0.0,0.0331981548515982,0.0,0.0
5.79,0.7478081841846871,-0.4520605335854502,0.045743604868911755,1.8937790919981694,-0.03587352034745459,0.7744353000785701,0.20850898379184787,0.0,0.0,0.0,0.0,0.03365249734712576,0.0,0.0
5.8,0.7478081841846871,-0.4520605335854502,0.045743604868911755,1.8937790919981694,-0.035534755867634306,0.7744353000785701,0.20850898379184787,0.0,0.0,0.0,0.0,0.03409909099663715,0.0,0.0
5.81,0.7478081841846871,-0.4520605335854502,0.045743604868911755,1.8937790919981694,-0.03519156500064238,0.7744353000785701,0.20850898379184787,0.0,0.0,0.0,0.0,0.03453774277761215,0.0,0.0
5.82,0.7478081841846871,-0.4520605335854502,0.045743604868911755,1.8937790919981694,-0.03484402812185843,0.7744353000785701,0.20850898379184787,0.0,0.0,0.0,0.0,0.034968261695960866,0.0,0.0
5.83,0.7478081841846871,-0.4520605335854502,0.045743604868911755,1.8937790919981694,-0.034492227506126565,0.7744353000785701,0.20850898379184787,0.0,0.0,0.0,0.0,0.035390458866229144,0.0,0.0
5.84,0.7478081841846871,-0.4520605335854502,0.045743604868911755,1.8937790919981694,-0.03413624730627009,0.7744353000785701,0.20850898379184787,0.0,0.0,0.0,0.0,0.0358041475912097,0.0,0.0
5.85,0.7478081841846871,-0.4520605335854502,0.045743604868911755,1.8937790919981694,-0.033776173530813886,0.7744353000785701,0.20850898379184787,0.0,0.0,0.0,0.0,0.03620914344092404,0.0,0.0
5.86,0.7478081841846871,-0.4520605335854502,0.045743604868911755,1.8937790919981694,-0.03341209402091983,0.7744353000785701,0.20850898379184787,0.0,0.0,0.0,0.0,0.03660526433094235,0.0,0.0
5.87,0.7478081841846871,-0.4520605335854502,0.045743604868911755,1.8937790919981694,-0.03304409842654266,0.7744353000785701,0.20850898379184787,0.0,0.0,0.0,0.0,0.036992330600007846,0.0,0.0
5.88,0.7478081841846871,-0.4520605335854502,0.045743604868911755,1.8937790919981694,-0.03267227818181307,0.7744353000785701,0.20850898379184787,0.0,0.0,0.0,0.0,0.03737016508693251,0.0,0.0
5.89,0.7478081841846871,-0.4520605335854502,0.045743604868911755,1.8937790919981694,-0.03229672647965575,0.7744353000785701,0.20850898379184787,0.0,0.0,0.0,0.0,0.03773859320673092,0.0,0.0
5.9,0.7478081841846871,-0.4520605335854502,0.045743604868911755,1.8937790919981694,-0.0319175382456499,0.7744353000785701,0.20850898379184787,0.0,0.0,0.0,0.0,0.038097443025960416,0.0,0.0
5.91,0.7478081841846871,-0.4520605335854502,0.045743604868911755,1.8937790919981694,-0.03153481011114081,0.7744353000785701,0.20850898379184787,0.0,0.0,0.0,0.0,0.038446545337233795,0.0,0.0
5.92,0.7478081841846871,-0.4520605335854502,0.045743604868911755,1.8937790919981694,-0.03114864038560987,0.7744353000785701,0.20850898379184787,0.0,0.0,0.0,0.0,0.038785733732874424,0.0,0.0
5.93,0.7478081841846871,-0.4520605335854502,0.045743604868911755,1.8937790919981694,-0.030759129028313265,0.7744353000785701,0.20850898379184787,0.0,0.0,0.0,0.0,0.03911484467767992,0.0,0.0
5.94,0.7478081841846871,-0.4520605335854502,0.045743604868911755,1.8937790919981694,-0.030366377619197027,0.7744353000785701,0.20850898379184787,0.0,0.0,0.0,0.0,0.03943371758076459,0.0,0.0
5.95,0.7478081841846871,-0.4520605335854502,0.045743604868911755,1.8937790919981694,-0.02997048932909876,0.7744353000785701,0.20850898379184787,0.0,0.0,0.0,0.0,0.03974219486644822,0.0,0.0
5.96,0.7478081841846871,-0.4520605335854502,0.045743604868911755,1.8937790919981694,-0.029571568889245094,0.7744353000785701,0.20850898379184787,0.0,0.0,0.0,0.0,0.04004012204416154,0.0,0.0
5.97,0.7478081841846871,-0.4520605335854502,0.045743604868911755,1.8937790919981694,-0.029169722560055348,0.7744353000785701,0.20850898379184787,0.0,0.0,0.0,0.0,0.040327347777336806,0.0,0.0
5.98,0.7478081841846871,-0.4520605335854502,0.045743604868911755,1.8937790919981694,-0.02876505809926128,0.7744353000785701,0.20850898379184787,0.0,0.0,0.0,0.0,0.04060372395125428,0.0,0.0
5.99,0.7478081841846871,-0.4520605335854502,0.045743604868911755,1.8937790919981694,-0.02835768472935415,0.7744353000785701,0.20850898379184787,0.0,0.0,0.0,0.0,0.04086910573981421,0.0,0.0
6.0,0.7478081841846871,-0.4520605335854502,0.045743604868911755,1.8937790919981694,-0.027947713104368804,0.7744353000785701,0.20850898379184787,0.0,0.0,0.0,0.0,0.04112335167120565,0.0,0.0
6.01,0.7478081841846871,-0.4520605335854502,0.045743604868911755,1.8937790919981694,-0.027535255276017485,0.7744353000785701,0.20850898379184787,0.0,0.0,0.0,0.0,0.0413663236924425,0.0,0.0
6.02,0.7478081841846871,-0.4520605335854502,0.045743604868911755,1.8937790919981694,-0.02712042465918362,0.7744353000785701,0.20850898379184787,0.0,0.0,0.0,0.0,0.04159788723273868,0.0,0.0
6.03,0.7478081841846871,-0.4520605335854502,0.045743604868911755,1.8937790919981694,-0.026703335996787772,0.7744353000785701,0.20850898379184787,0.0,0.0,0.0,0.0,0.04181791126569451,0.0,0.0
6.04,0.7478081841846871,-0.4520605335854502,0.045743604868911755,1.8937790919981694,-0.026284105324038243,0.7744353000785701,0.20850898379184787,0.0,0.0,0.0,0.0,0.04202626837026577,0.0,0.0
6.05,0.7478081841846871,-0.4520605335854502,0.045743604868911755,1.8937790919981694,-0.025862849932077384,0.7744353000785701,0.20850898379184787,0.0,0.0,0.0,0.0,0.04222283479048969,0.0,0.0
6.06,0.7478081841846871,-0.4520605335854502,0.045743604868911755,1.8937790919981694,-0.025439688331037796,0.7744353000785701,0.20850898379184787,0.0,0.0,0.0,0.0,0.04240749049393956,0.0,0.0
6.07,0.7478081841846871,-0.4520605335854502,0.045743604868911755,1.8937790919981694,-0.025014740212519895,0.7744353000785701,0.20850898379184787,0.0,0.0,0.0,0.0,0.042580119228883107,0.0,0.0
6.08,0.7478081841846871,-0.4520605335854502,0.045743604868911755,1.8937790919981694,-0.024588126411504832,0.7744353000785701,0.20850898379184787,0.0,0.0,0.0,0.0,0.04274060858011763,0.0,0.0
6.09,0.7478081841846871,-0.4520605335854502,0.045743604868911755,1.8937790919981694,-0.024159968867715452,0.7744353000785701,0.20850898379184787,0.0,0.0,0.0,0.0,0.04288885002345779,0.0,0.0
6.1,0.7478081841846871,-0.4520605335854502,0.045743604868911755,1.8937790919981694,-0.023730390586439533,0.7744353000785701,0.20850898379184787,0.0,0.0,0.0,0.0,0.04302473897885039,0.0,0.0
6.11,0.7478081841846871,-0.4520605335854502,0.045743604868911755,1.8937790919981694,-0.023299515598828514,0.7744353000785701,0.20850898379184787,0.0,0.0,0.0,0.0,0.04314817486209251,0.0,0.0
6.12,0.7478081841846871,-0.4520605335854502,0.045743604868911755,1.8937790919981694,-0.0228674689216867,0.7744353000785701,0.20850898379184787,0.0,0.0,0.0,0.0,0.04325906113512877,0.0,0.0
6.13,0.7478081841846871,-0.4520605335854502,0.045743604868911755,1.8937790919981694,-0.022434376516763787,0.7744353000785701,0.20850898379184787,0.0,0.0,0.0,0.0,0.04335730535490524,0.0,0.0
6.14,0.7478081841846871,-0.4520605335854502,0.045743604868911755,1.8937790919981694,-0.02200036524956707,0.7744353000785701,0.20850898379184787,0.0,0.0,0.0,0.0,0.04344281922075668,0.0,0.0
6.15,0.7478081841846871,-0.4520605335854502,0.045743604868911755,1.8937790919981694,-0.021565562847706627,0.7744353000785701,0.20850898379184787,0.0,0.0,0.0,0.0,0.04351551862030561,0.0,0.0
6.16,0.7478081841846871,-0.4520605335854502,0.045743604868911755,1.8937790919981694,-0.021130097858789363,0.7744353000785701,0.20850898379184787,0.0,0.0,0.0,0.0,0.04357532367385145,0.0,0.0
6.17,0.7478081841846871,-0.4520605335854502,0.045743604868911755,1.8937790919981694,-0.0206940996078765,0.7744353000785701,0.20850898379184787,0.0,0.0,0.0,0.0,0.04362215877722901,0.0,0.0
6.18,0.7478081841846871,-0.4520605335854502,0.045743604868911755,1.8937790919981694,-0.020257698154520533,0.7744353000785701,0.20850898379184787,0.0,0.0,0.0,0.0,0.04365595264311587,0.0,0.0
6.19,0.7478081841846871,-0.4520605335854502,0.045743604868911755,1.8937790919981694,-0.0198210242493966,0.7744353000785701,0.20850898379184787,0.0,0.0,0.0,0.0,0.04367663834076922,0.0,0.0
6.2,0.7478081841846871,-0.4520605335854502,0.045743604868911755,1.8937790919981694,-0.01938420929054501,0.7744353000785701,0.20850898379184787,0.0,0.0,0.0,0.0,0.04368415333417278,0.0,0.0
6.21,0.7478081841846871,-0.4520605335854502,0.045743604868911755,1.8937790919981694,-0.018947385279239438,0.7744353000785701,0.20850898379184787,0.0,0.0,0.0,0.0,0.043678439518575626,0.0,0.0
6.22,0.7478081841846871,-0.4520605335854502,0.045743604868911755,1.8937790919981694,-0.01851068477549871,0.7744353000785701,0.20850898379184787,0.0,0.0,0.0,0.0,0.04365944325540484,0.0,0.0
6.23,0.7478081841846871,-0.4520605335854502,0.045743604868911755,1.8937790919981694,-0.018074240853257123,0.7744353000785701,0.20850898379184787,0.0,0.0,0.0,0.0,0.043627115405535107,0.0,0.0
6.24,0.7478081841846871,-0.4520605335854502,0.045743604868911755,1.8937790919981694,-0.01763818705521068,0.7744353000785701,0.20850898379184787,0.0,0.0,0.0,0.0,0.04358141136089832,0.0,0.0
6.25,0.7478081841846871,-0.4520605335854502,0.045743604868911755,1.8937790919981694,-0.017202657347355245,0.7744353000785701,0.20850898379184787,0.0,0.0,0.0,0.0,0.043522291074417664,0.0,0.0
6.26,0.7478081841846871,-0.4520605335854502,0.045743604868911755,1.8937790919981694,-0.016767786073234196,0.7744353000785701,0.20850898379184787,0.0,0.0,0.0,0.0,0.04344971908825066,0.0,0.0
6.27,0.7478081841846871,-0.4520605335854502,0.045743604868911755,1.8937790919981694,-0.016333707907911763,0.7744353000785701,0.20850898379184787,0.0,0.0,0.0,0.0,0.0433636645603269,0.0,0.0
6.28,0.7478081841846871,-0.4520605335854502,0.045743604868911755,1.8937790919981694,-0.015900557811689968,0.7744353000785701,0.20850898379184787,0.0,0.0,0.0,0.0,0.04326410128916623,0.0,0.0
6.29,0.7478081841846871,-0.4520605335854502,0.045743604868911755,1.8937790919981694,-0.015468470983585803,0.7744353000785701,0.20850898379184787,0.0,0.0,0.0,0.0,0.04315100773696448,0.0,0.0
6.3,0.7478081841846871,-0.4520605335854502,0.045743604868911755,1.8937790919981694,-0.015037582814586207,0.7744353000785701,0.20850898379184787,0.0,0.0,0.0,0.0,0.04302436705093392,0.0,0.0
6.31,0.7478081841846871,-0.4520605335854502,0.045743604868911755,1.8937790919981694,-0.014608028840698613,0.7744353000785701,0.20850898379184787,0.0,0.0,0.0,0.0,0.04288416708288706,0.0,0.0
6.32,0.7478081841846871,-0.4520605335854502,0.045743604868911755,1.8937790919981694,-0.014179944695814255,0.7744353000785701,0.20850898379184787,0.0,0.0,0.0,0.0,0.04273040040705194,0.0,0.0
6.33,0.7478081841846871,-0.4520605335854502,0.045743604868911755,1.8937790919981694,-0.013753466064402678,0.7744353000785701,0.20850898379184787,0.0,0.0,0.0,0.0,0.04256306433610937,0.0,0.0
6.34,0.7478081841846871,-0.4520605335854502,0.045743604868911755,1.8937790919981694,-0.013328728634054002,0.7744353000785701,0.20850898379184787,0.0,0.0,0.0,0.0,0.042382160935441456,0.0,0.0
6.35,0.7478081841846871,-0.4520605335854502,0.045743604868911755,1.8937790919981694,-0.012905868047888493,0.7744353000785701,0.20850898379184787,0.0,0.0,0.0,0.0,0.04218769703558329,0.0,0.0
6.36,0.7478081841846871,-0.4520605335854502,0.045743604868911755,1.8937790919981694,-0.012485019856850155,0.7744353000785701,0.20850898379184787,0.0,0.0,0.0,0.0,0.04197968424286882,0.0,0.0
6.37,0.7478081841846871,-0.4520605335854502,0.045743604868911755,1.8937790919981694,-0.012066319471903158,0.7744353000785701,0.20850898379184787,0.0,0.0,0.0,0.0,0.041758138948263746,0.0,0.0
6.38,0.7478081841846871,-0.4520605335854502,0.045743604868911755,1.8937790919981694,-0.011649902116148827,0.7744353000785701,0.20850898379184787,0.0,0.0,0.0,0.0,0.0415230823343783,0.0,0.0
6.39,0.7478081841846871,-0.4520605335854502,0.045743604868911755,1.8937790919981694,-0.011235902776881797,0.7744353000785701,0.20850898379184787,0.0,0.0,0.0,0.0,0.0412745403806542,0.0,0.0
6.4,0.7478081841846871,-0.4520605335854502,0.045743604868911755,1.8937790919981694,-0.010824456157603305,0.7744353000785701,0.20850898379184787,0.0,0.0,0.0,0.0,0.041012543866719854,0.0,0.0
6.41,0.7478081841846871,-0.4520605335854502,0.045743604868911755,1.8937790919981694,-0.010415696630010476,0.7744353000785701,0.20850898379184787,0.0,0.0,0.0,0.0,0.04073712837390988,0.0,0.0
6.42,0.7478081841846871,-0.4520605335854502,0.045743604868911755,1.8937790919981694,-0.010009758185978924,0.7744353000785701,0.20850898379184787,0.0,0.0,0.0,0.0,0.040448334284944,0.0,0.0
6.43,0.7478081841846871,-0.4520605335854502,0.045743604868911755,1.8937790919981694,-0.009606774389558474,0.7744353000785701,0.20850898379184787,0.0,0.0,0.0,0.0,0.04014620678176356,0.0,0.0
6.44,0.7478081841846871,-0.4520605335854502,0.045743604868911755,1.8937790919981694,-0.009206878328999347,0.7744353000785701,0.20850898379184787,0.0,0.0,0.0,0.0,0.039830795841521785,0.0,0.0
6.45,0.7478081841846871,-0.4520605335854502,0.045743604868911755,1.8937790919981694,-0.008810202568827849,0.7744353000785701,0.20850898379184787,0.0,0.0,0.0,0.0,0.03950215623072729,0.0,0.0
6.46,0.7478081841846871,-0.4520605335854502,0.045743604868911755,1.8937790919981694,-0.008416879101989714,0.7744353000785701,0.20850898379184787,0.0,0.0,0.0,0.0,0.039160347497539015,0.0,0.0
6.47,0.7478081841846871,-0.4520605335854502,0.045743604868911755,1.8937790919981694,-0.008027039302079878,0.7744353000785701,0.20850898379184787,0.0,0.0,0.0,0.0,0.03880543396221326,0.0,0.0
6.48,0.7478081841846871,-0.4520605335854502,0.045743604868911755,1.8937790919981694,-0.007640813875676895,0.7744353000785701,0.20850898379184787,0.0,0.0,0.0,0.0,0.038437484705702414,0.0,0.0
6.49,0.7478081841846871,-0.4520605335854502,0.045743604868911755,1.8937790919981694,-0.007258332814800931,0.7744353000785701,0.20850898379184787,0.0,0.0,0.0,0.0,0.03805657355640797,0.0,0.0
6.5,0.7478081841846871,-0.4520605335854502,0.045743604868911755,1.8937790919981694,-0.006879725349512804,0.7744353000785701,0.20850898379184787,0.0,0.0,0.0,0.0,0.037662779075088304,0.0,0.0
6.51,0.7478081841846871,-0.4520605335854502,0.045743604868911755,1.8937790919981694,-0.006505119900673852,0.7744353000785701,0.20850898379184787,0.0,0.0,0.0,0.0,0.037256184537925646,0.0,0.0
6.52,0.7478081841846871,-0.4520605335854502,0.045743604868911755,1.8937790919981694,-0.006134644032883926,0.7744353000785701,0.20850898379184787,0.0,0.0,0.0,0.0,0.036836877917754814,0.0,0.0
6.53,0.7478081841846871,-0.4520605335854502,0.045743604868911755,1.8937790919981694,-0.005768424407616251,0.7744353000785701,0.20850898379184787,0.0,0.0,0.0,0.0,0.036404951863458074,0.0,0.0
6.54,0.7478081841846871,-0.4520605335854502,0.045743604868911755,1.8937790919981694,-0.005406586736567909,0.7744353000785701,0.20850898379184787,0.0,0.0,0.0,0.0,0.035960503677532084,0.0,0.0
6.55,0.7478081841846871,-0.4520605335854502,0.045743604868911755,1.8937790919981694,-0.005049255735243056,0.7744353000785701,0.20850898379184787,0.0,0.0,0.0,0.0,0.035503635291831245,0.0,0.0
6.56,0.7478081841846871,-0.4520605335854502,0.045743604868911755,1.8937790919981694,-0.00469655507678848,0.7744353000785701,0.20850898379184787,0.0,0.0,0.0,0.0,0.035034453241495636,0.0,0.0
6.57,0.7478081841846871,-0.4520605335854502,0.045743604868911755,1.8937790919981694,-0.004348607346098536,0.7744353000785701,0.20850898379184787,0.0,0.0,0.0,0.0,0.034553068637069626,0.0,0.0
6.58,0.7478081841846871,-0.4520605335854502,0.045743604868911755,1.8937790919981694,-0.0040055339942080895,0.7744353000785701,0.20850898379184787,0.0,0.0,0.0,0.0,0.034059597134819944,0.0,0.0
6.59,0.7478081841846871,-0.4520605335854502,0.045743604868911755,1.8937790919981694,-0.003667455292991076,0.7744353000785701,0.20850898379184787,0.0,0.0,0.0,0.0,0.03355415890526147,0.0,0.0
6.6,0.7478081841846871,-0.4520605335854502,0.045743604868911755,1.8937790919981694,-0.003334490290182901,0.7744353000785701,0.20850898379184787,0.0,0.0,0.0,0.0,0.0330368785999008,0.0,0.0
6.61,0.7478081841846871,-0.4520605335854502,0.045743604868911755,1.8937790919981694,-0.0030067567647440903,0.7744353000785701,0.20850898379184787,0.0,0.0,0.0,0.0,0.032507885316207234,0.0,0.0
6.62,0.7478081841846871,-0.4520605335854502,0.045743604868911755,1.8937790919981694,-0.002684371182583363,0.7744353000785701,0.20850898379184787,0.0,0.0,0.0,0.0,0.03196731256082319,0.0,0.0
6.63,0.7478081841846871,-0.4520605335854502,0.045743604868911755,1.8937790919981694,-0.0023674486526568707,0.7744353000785701,0.20850898379184787,0.0,0.0,0.0,0.0,0.03141529821102403,0.0,0.0
6.64,0.7478081841846871,-0.4520605335854502,0.045743604868911755,1.8937790919981694,-0.0020561028834620056,0.7744353000785701,0.20850898379184787,0.0,0.0,0.0,0.0,0.03085198447444186,0.0,0.0
6.65,0.7478081841846871,-0.4520605335854502,0.045743604868911755,1.8937790919981694,-0.0017504461399423174,0.7744353000785701,0.20850898379184787,0.0,0.0,0.0,0.0,0.030277517847064624,0.0,0.0
6.66,0.7478081841846871,-0.4520605335854502,0.045743604868911755,1.8937790919981694,-0.0014505892008211743,0.7744353000785701,0.20850898379184787,0.0,0.0,0.0,0.0,0.02969204906952568,0.0,0.0
6.67,0.7478081841846871,-0.4520605335854502,0.045743604868911755,1.8937790919981694,-0.0011566413163808104,0.7744353000785701,0.20850898379184787,0.0,0.0,0.0,0.0,0.029095733081697307,0.0,0.0
6.68,0.7478081841846871,-0.4520605335854502,0.045743604868911755,1.8937790919981694,-0.0008687101667040793,0.7744353000785701,0.20850898379184787,0.0,0.0,0.0,0.0,0.02848872897560445,0.0,0.0
6.69,0.7478081841846871,-0.4520605335854502,0.045743604868911755,1.8937790919981694,-0.0005869018203951866,0.7744353000785701,0.20850898379184787,0.0,0.0,0.0,0.0,0.027871199946673815,0.0,0.0
6.7,0.7478081841846871,-0.4520605335854502,0.045743604868911755,1.8937790919981694,-0.00031132069379652405,0.7744353000785701,0.20850898379184787,0.0,0.0,0.0,0.0,0.027243313243336016,0.0,0.0
6.71,0.7478081841846871,-0.4520605335854502,0.045743604868911755,1.8937790919981694,-4.206951071711318e-05,0.7744353000785701,0.20850898379184787,0.0,0.0,0.0,0.0,0.02660524011499638,0.0,0.0
6.72,0.7478081841846871,-0.4520605335854502,0.045743604868911755,1.8937790919981694,0.00022075073731004854,0.7744353000785701,0.20850898379184787,0.0,0.0,0.0,0.0,0.0259571557583946,0.0,0.0
6.73,0.7478081841846871,-0.4520605335854502,0.045743604868911755,1.8937790919981694,0.0004770408302265522,0.7744353000785701,0.20850898379184787,0.0,0.0,0.0,0.0,0.02529923926237016,0.0,0.0
6.74,0.7478081841846871,-0.4520605335854502,0.045743604868911755,1.8937790919981694,0.0007267033580868089,0.7744353000785701,0.20850898379184787,0.0,0.0,0.0,0.0,0.024631673551053997,0.0,0.0
6.75,0.7478081841846871,-0.4520605335854502,0.045743604868911755,1.8937790919981694,0.000969642759120485,0.7744353000785701,0.20850898379184787,0.0,0.0,0.0,0.0,0.023954645325505584,0.0,0.0
6.76,0.7478081841846871,-0.4520605335854502,0.045743604868911755,1.8937790919981694,0.0012057653572035733,0.7744353000785701,0.20850898379184787,0.0,0.0,0.0,0.0,0.023268345003816714,0.0,0.0
6.77,0.7478081841846871,-0.4520605335854502,0.045743604868911755,1.8937790919981694,0.0014349793987228632,0.7744353000785701,0.20850898379184787,0.0,0.0,0.0,0.0,0.022572966659703278,0.0,0.0
6.78,0.7478081841846871,-0.4520605335854502,0.045743604868911755,1.8937790919981694,0.0016571950888189801,0.7744353000785701,0.20850898379184787,0.0,0.0,0.0,0.0,0.02186870795960634,0.0,0.0
6.79,0.7478081841846871,-0.4520605335854502,0.045743604868911755,1.8937790919981694,0.0018723246269929696,0.7744353000785701,0.20850898379184787,0.0,0.0,0.0,0.0,0.021155770098325987,0.0,0.0
6.8,0.7478081841846871,-0.4520605335854502,0.045743604868911755,1.8937790919981694,0.0020802822420620953,0.7744353000785701,0.20850898379184787,0.0,0.0,0.0,0.0,0.020434357733210107,0.0,0.0
6.81,0.7478081841846871,-0.4520605335854502,0.045743604868911755,1.8937790919981694,0.002280984226450268,0.7744353000785701,0.20850898379184787,0.0,0.0,0.0,0.0,0.01970467891692296,0.0,0.0
6.82,0.7478081841846871,-0.4520605335854502,0.045743604868911755,1.8937790919981694,0.0024743489697992976,0.7744353000785701,0.20850898379184787,0.0,0.0,0.0,0.0,0.01896694502881679,0.0,0.0
6.83,0.7478081841846871,-0.4520605335854502,0.045743604868911755,1.8937790919981694,0.002660296991886746,0.7744353000785701,0.20850898379184787,0.0,0.0,0.0,0.0,0.01822137070493307,0.0,0.0
6.84,0.7478081841846871,-0.4520605335854502,0.045743604868911755,1.8937790919981694,0.0028387509748374305,0.7744353000785701,0.20850898379184787,0.0,0.0,0.0,0.0,0.017468173766656325,0.0,0.0
6.85,0.7478081841846871,-0.4520605335854502,0.045743604868911755,1.8937790919981694,0.0030096357946144507,0.7744353000785701,0.20850898379184787,0.0,0.0,0.0,0.0,0.01670757514804979,0.0,0.0
6.86,0.7478081841846871,-0.4520605335854502,0.045743604868911755,1.8937790919981694,0.003172878551777319,0.7744353000785701,0.20850898379184787,0.0,0.0,0.0,0.0,0.015939798821896996,0.0,0.0
6.87,0.7478081841846871,-0.4520605335854502,0.045743604868911755,1.8937790919981694,0.003328408601494047,0.7744353000785701,0.20850898379184787,0.0,0.0,0.0,0.0,0.015165071724478119,0.0,0.0
6.88,0.7478081841846871,-0.4520605335854502,0.045743604868911755,1.8937790919981694,0.0034761575827948754,0.7744353000785701,0.20850898379184787,0.0,0.0,0.0,0.0,0.014383623679107707,0.0,0.0
6.89,0.7478081841846871,-0.4520605335854502,0.045743604868911755,1.8937790919981694,0.00361605944705521,0.7744353000785701,0.20850898379184787,0.0,0.0,0.0,0.0,0.013595687318463142,0.0,0.0
6.9,0.7478081841846871,-0.4520605335854502,0.045743604868911755,1.8937790919981694,0.003748050485696007,0.7744353000785701,0.20850898379184787,0.0,0.0,0.0,0.0,0.012801498005731535,0.0,0.0
6.91,0.7478081841846871,-0.4520605335854502,0.045743604868911755,1.8937790919981694,0.003872069357089697,0.7744353000785701,0.20850898379184787,0.0,0.0,0.0,0.0,0.01200129375460598,0.0,0.0
6.92,0.7478081841846871,-0.4520605335854502,0.045743604868911755,1.8937790919981694,0.003988057112660683,0.7744353000785701,0.20850898379184787,0.0,0.0,0.0,0.0,0.011195315148158276,0.0,0.0
6.93,0.7478081841846871,-0.4520605335854502,0.045743604868911755,1.8937790919981694,0.004095957222168788,0.7744353000785701,0.20850898379184787,0.0,0.0,0.0,0.0,0.010383805256621676,0.0,0.0
6.94,0.7478081841846871,-0.4520605335854502,0.045743604868911755,1.8937790919981694,0.004195715598165457,0.7744353000785701,0.20850898379184787,0.0,0.0,0.0,0.0,0.009567009554111699,0.0,0.0
6.95,0.7478081841846871,-0.4520605335854502,0.045743604868911755,1.8937790919981694,0.004287280619611818,0.7744353000785701,0.20850898379184787,0.0,0.0,0.0,0.0,0.008745175834317885,0.0,0.0
6.96,0.7478081841846871,-0.4520605335854502,0.045743604868911755,1.8937790919981694,0.004370603154648725,0.7744353000785701,0.20850898379184787,0.0,0.0,0.0,0.0,0.007918554125196951,0.0,0.0
6.97,0.7478081841846871,-0.4520605335854502,0.045743604868911755,1.8937790919981694,0.0044456365825088495,0.7744353000785701,0.20850898379184787,0.0,0.0,0.0,0.0,0.00708739660270055,0.0,0.0
6.98,0.7478081841846871,-0.4520605335854502,0.045743604868911755,1.8937790919981694,0.00451233681456141,0.7744353000785701,0.20850898379184787,0.0,0.0,0.0,0.0,0.006251957503568959,0.0,0.0
6.99,0.7478081841846871,-0.4520605335854502,0.045743604868911755,1.8937790919981694,0.004570662314480202,0.7744353000785701,0.20850898379184787,0.0,0.0,0.0,0.0,0.005412493037225277,0.0,0.0
7.0,0.7478081841846871,-0.4520605335854502,0.045743604868911755,1.8937790919981694,0.004620574117526317,0.7744353000785701,0.20850898379184787,0.0,0.0,0.0,0.0,0.004569261296800643,0.0,0.0
7.01,0.7478081841846871,-0.4520605335854502,0.045743604868911755,1.8937790919981694,0.004662035848936791,0.7744353000785701,0.20850898379184787,0.0,0.0,0.0,0.0,0.0037225221693275557,0.0,0.0
7.02,0.7478081841846871,-0.4520605335854502,0.045743604868911755,1.8937790919981694,0.00469501374141134,0.7744353000785701,0.20850898379184787,0.0,0.0,0.0,0.0,0.0028725372451325875,0.0,0.0
7.03,0.7478081841846871,-0.4520605335854502,0.045743604868911755,1.8937790919981694,0.004719476651688988,0.7744353000785701,0.20850898379184787,0.0,0.0,0.0,0.0,0.0020195697264639777,0.0,0.0
7.04,0.7478081841846871,-0.4520605335854502,0.045743604868911755,1.8937790919981694,0.00473539607620737,0.7744353000785701,0.20850898379184787,0.0,0.0,0.0,0.0,0.0011638843353896612,0.0,0.0
7.05,0.7478081841846871,-0.4520605335854502,0.045743604868911755,1.8937790919981694,0.004742746165837544,0.7744353000785701,0.20850898379184787,0.0,0.0,0.0,0.0,0.0003057472209981854,0.0,0.0
7.06,0.7478081841846871,-0.4520605335854502,0.045743604868911755,1.8937790919981694,0.004741503739687389,0.7744353000785701,0.20850898379184787,-0.0,-0.0,-0.0,-0.0,-0.0005545741340587375,-0.0,-0.0
7.07,0.7478081841846871,-0.4520605335854502,0.045743604868911755,1.8937790919981694,0.004731648297967378,0.7744353000785701,0.20850898379184787,-0.0,-0.0,-0.0,-0.0,-0.0014168110076491925,-0.0,-0.0
7.08,0.7478081841846871,-0.4520605335854502,0.045743604868911755,1.8937790919981694,0.004713162033912477,0.7744353000785701,0.20850898379184787,-0.0,-0.0,-0.0,-0.0,-0.002280693532831937,-0.0,-0.0
7.09,0.7478081841846871,-0.4520605335854502,0.045743604868911755,1.8937790919981694,0.0046860298447545315,0.7744353000785701,0.20850898379184787,-0.0,-0.0,-0.0,-0.0,-0.0031459507930800784,-0.0,-0.0
7.1,0.7478081841846871,-0.4520605335854502,0.045743604868911755,1.8937790919981694,0.004650239341739935,0.7744353000785701,0.20850898379184787,-0.0,-0.0,-0.0,-0.0,-0.0040123109180201216,-0.0,-0.0
7.11,0.7478081841846871,-0.4520605335854502,0.045743604868911755,1.8937790919981694,0.004605780859187274,0.7744353000785701,0.20850898379184787,-0.0,-0.0,-0.0,-0.0,-0.004879501179650658,-0.0,-0.0
7.12,0.7478081841846871,-0.4520605335854502,0.045743604868911755,1.8937790919981694,0.0045526474625807375,0.7744353000785701,0.20850898379184787,-0.0,-0.0,-0.0,-0.0,-0.0057472480890026,-0.0,-0.0
7.13,0.7478081841846871,-0.4520605335854502,0.045743604868911755,1.8937790919981694,0.004490834955694779,0.7744353000785701,0.20850898379184787,-0.0,-0.0,-0.0,-0.0,-0.0066152774932052676,-0.0,-0.0
7.14,0.7478081841846871,-0.4520605335854502,0.045743604868911755,1.8937790919981694,0.004420341886746185,0.7744353000785701,0.20850898379184787,-0.0,-0.0,-0.0,-0.0,-0.007483314672920208,-0.0,-0.0
7.15,0.7478081841846871,-0.4520605335854502,0.045743604868911755,1.8937790919981694,0.004341169553570279,0.7744353000785701,0.20850898379184787,-0.0,-0.0,-0.0,-0.0,-0.008351084440105084,-0.0,-0.0
7.16,0.7478081841846871,-0.4520605335854502,0.045743604868911755,1.8937790919981694,0.004253322007817882,0.7744353000785701,0.20850898379184787,-0.0,-0.0,-0.0,-0.0,-0.009218311236069681,-0.0,-0.0
7.17,0.7478081841846871,-0.4520605335854502,0.045743604868911755,1.8937790919981694,0.004156806058170398,0.7744353000785701,0.20850898379184787,-0.0,-0.0,-0.0,-0.0,-0.010084719229788664,-0.0,-0.0
7.18,0.7478081841846871,-0.4520605335854502,0.045743604868911755,1.8937790919981694,0.004051631272570688,0.7744353000785701,0.20850898379184787,-0.0,-0.0,-0.0,-0.0,-0.01095003241642946,-0.0,-0.0
7.19,0.7478081841846871,-0.4520605335854502,0.045743604868911755,1.8937790919981694,0.003937809979467806,0.7744353000785701,0.20850898379184787,-0.0,-0.0,-0.0,-0.0,-0.011813974716059642,-0.0,-0.0
7.2,0.7478081841846871,-0.4520605335854502,0.045743604868911755,1.8937790919981694,0.003815357268073777,0.7744353000785701,0.20850898379184787,-0.0,-0.0,-0.0,-0.0,-0.012676270072495402,-0.0,-0.0
7.21,0.7478081841846871,-0.4520605335854502,0.045743604868911755,1.8937790919981694,0.0036842909876314625,0.7744353000785701,0.20850898379184787,-0.0,-0.0,-0.0,-0.0,-0.013536642552252728,-0.0,-0.0
7.22,0.7478081841846871,-0.4520605335854502,0.045743604868911755,1.8937790919981694,0.003544631745692528,0.7744353000785701,0.20850898379184787,-0.0,-0.0,-0.0,-0.0,-0.014394816443561755,-0.0,-0.0
7.23,0.7478081841846871,-0.4520605335854502,0.045743604868911755,1.8937790919981694,0.00339640290540507,0.7744353000785701,0.20850898379184787,-0.0,-0.0,-0.0,-0.0,-0.015250516355408635,-0.0,-0.0
7.24,0.7478081841846871,-0.4520605335854502,0.045743604868911755,1.8937790919981694,0.0032396305818109816,0.7744353000785701,0.20850898379184787,-0.0,-0.0,-0.0,-0.0,-0.01610346731656326,-0.0,-0.0
7.25,0.7478081841846871,-0.4520605335854502,0.045743604868911755,1.8937790919981694,0.0030743436371529764,0.7744353000785701,0.20850898379184787,-0.0,-0.0,-0.0,-0.0,-0.016953394874557687,-0.0,-0.0
7.26,0.7478081841846871,-0.4520605335854502,0.045743604868911755,1.8937790919981694,0.00290057367519269,0.7744353000785701,0.20850898379184787,-0.0,-0.0,-0.0,-0.0,-0.017800025194573715,-0.0,-0.0
7.27,0.7478081841846871,-0.4520605335854502,0.045743604868911755,1.8937790919981694,0.0027183550345400292,0.7744353000785701,0.20850898379184787,-0.0,-0.0,-0.0,-0.0,-0.018643085158204155,-0.0,-0.0
7.28,0.7478081841846871,-0.4520605335854502,0.045743604868911755,1.8937790919981694,0.0025277247809960338,0.7744353000785701,0.20850898379184787,-0.0,-0.0,-0.0,-0.0,-0.019482302462047154,-0.0,-0.0
7.29,0.7478081841846871,-0.4520605335854502,0.045743604868911755,1.8937790919981694,0.0023287226989107852,0.7744353000785701,0.20850898379184787,-0.0,-0.0,-0.0,-0.0,-0.02031740571609552,-0.0,-0.0
7.3,0.7478081841846871,-0.4520605335854502,0.045743604868911755,1.8937790919981694,0.0021213912815582804,0.7744353000785701,0.20850898379184787,-0.0,-0.0,-0.0,-0.0,-0.02114812454188523,-0.0,-0.0
7.31,0.7478081841846871,-0.4520605335854502,0.045743604868911755,1.8937790919981694,0.0019057757205315669,0.7744353000785701,0.20850898379184787,-0.0,-0.0,-0.0,-0.0,-0.021974189670360997,-0.0,-0.0
7.32,0.7478081841846871,-0.4520605335854502,0.045743604868911755,1.8937790919981694,0.001681923894160664,0.7744353000785701,0.20850898379184787,-0.0,-0.0,-0.0,-0.0,-0.02279533303942346,-0.0,-0.0
7.33,0.7478081841846871,-0.4520605335854502,0.045743604868911755,1.8937790919981694,0.0014498863549566587,0.7744353000785701,0.20850898379184787,-0.0,-0.0,-0.0,-0.0,-0.023611287891119343,-0.0,-0.0
7.34,0.7478081841846871,-0.4520605335854502,0.045743604868911755,1.8937790919981694,0.0012097163160859105,0.7744353000785701,0.20850898379184787,-0.0,-0.0,-0.0,-0.0,-0.024421788868436847,-0.0,-0.0
7.35,0.7478081841846871,-0.4520605335854502,0.045743604868911755,1.8937790919981694,0.0009614696368785806,0.7744353000785701,0.20850898379184787,-0.0,-0.0,-0.0,-0.0,-0.025226572111667116,-0.0,-0.0
7.36,0.7478081841846871,-0.4520605335854502,0.045743604868911755,1.8937790919981694,0.000705204807375532,0.7744353000785701,0.20850898379184787,-0.0,-0.0,-0.0,-0.0,-0.026025375354296665,-0.0,-0.0
7.37,0.7478081841846871,-0.4520605335854502,0.045743604868911755,1.8937790919981694,0.00044098293191926694,0.7744353000785701,0.20850898379184787,-0.0,-0.0,-0.0,-0.0,-0.02681793801839049,-0.0,-0.0
7.38,0.7478081841846871,-0.4520605335854502,0.045743604868911755,1.8937790919981694,0.0001688677117932108,0.7744353000785701,0.20850898379184787,-0.0,-0.0,-0.0,-0.0,-0.027604001309431296,-0.0,-0.0
7.39,0.7478081841846871,-0.4520605335854502,0.045743604868911755,1.8937790919981694,-0.00011107457308398919,0.7744353000785701,0.20850898379184787,-0.0,-0.0,-0.0,-0.0,-0.028383308310574975,-0.0,-0.0
7.4,0.7478081841846871,-0.4520605335854502,0.045743604868911755,1.8937790919981694,-0.00039877508340414175,0.7744353000785701,0.20850898379184787,-0.0,-0.0,-0.0,-0.0,-0.029155604076288394,-0.0,-0.0
7.41,0.7478081841846871,-0.4520605335854502,0.045743604868911755,1.8937790919981694,-0.0006941624406479226,0.7744353000785701,0.20850898379184787,-0.0,-0.0,-0.0,-0.0,-0.0299206357253299,-0.0,-0.0
7.42,0.7478081841846871,-0.4520605335854502,0.045743604868911755,1.8937790919981694,-0.0009971627481898254,0.7744353000785701,0.20850898379184787,-0.0,-0.0,-0.0,-0.0,-0.03067815253303856,-0.0,-0.0
7.43,0.7478081841846871,-0.4520605335854502,0.045743604868911755,1.8937790919981694,-0.0013076996133225861,0.7744353000785701,0.20850898379184787,-0.0,-0.0,-0.0,-0.0,-0.03142790602289461,-0.0,-0.0
7.44,0.7478081841846871,-0.4520605335854502,0.045743604868911755,1.8937790919981694,-0.0016256941701930719,0.7744353000785701,0.20850898379184787,-0.0,-0.0,-0.0,-0.0,-0.032169650057315625,-0.0,-0.0
7.45,0.7478081841846871,-0.4520605335854502,0.045743604868911755,1.8937790919981694,-0.0019510651036421765,0.7744353000785701,0.20850898379184787,-0.0,-0.0,-0.0,-0.0,-0.032903140927651994,-0.0,-0.0
7.46,0.7478081841846871,-0.4520605335854502,0.045743604868911755,1.8937790919981694,-0.0022837286739410025,0.7744353000785701,0.20850898379184787,-0.0,-0.0,-0.0,-0.0,-0.03362813744334887,-0.0,-0.0
7.47,0.7478081841846871,-0.4520605335854502,0.045743604868911755,1.8937790919981694,-0.002623598742413795,0.7744353000785701,0.20850898379184787,-0.0,-0.0,-0.0,-0.0,-0.03434440102023618,-0.0,-0.0
7.48,0.7478081841846871,-0.4520605335854502,0.045743604868911755,1.8937790919981694,-0.0029705867979394757,0.7744353000785701,0.20850898379184787,-0.0,-0.0,-0.0,-0.0,-0.03505169576791434,-0.0,-0.0
7.49,0.7478081841846871,-0.4520605335854502,0.045743604868911755,1.8937790919981694,-0.0033246019843223493,0.7744353000785701,0.20850898379184787,-0.0,-0.0,-0.0,-0.0,-0.03574978857620087,-0.0,-0.0
7.5,0.7478081841846871,-0.4520605335854502,0.045743604868911755,1.8937790919981694,-0.0036855511285226843,0.7744353000785701,0.20850898379184787,-0.0,-0.0,-0.0,-0.0,-0.03643844920060373,-0.0,-0.0
7.51,0.7478081841846871,-0.4520605335854502,0.045743604868911755,1.8937790919981694,-0.004053338769736618,0.7744353000785701,0.20850898379184787,-0.0,-0.0,-0.0,-0.0,-0.03711745034678774,-0.0,-0.0
7.52,0.7478081841846871,-0.4520605335854502,0.045743604868911755,1.8937790919981694,-0.004427867189315638,0.7744353000785701,0.20850898379184787,-0.0,-0.0,-0.0,-0.0,-0.03778656775400071,-0.0,-0.0
7.53,0.7478081841846871,-0.4520605335854502,0.045743604868911755,1.8937790919981694,-0.00480903644151541,0.7744353000785701,0.20850898379184787,-0.0,-0.0,-0.0,-0.0,-0.038445580277427484,-0.0,-0.0
7.54,0.7478081841846871,-0.4520605335854502,0.045743604868911755,1.8937790919981694,-0.00519674438506201,0.7744353000785701,0.20850898379184787,-0.0,-0.0,-0.0,-0.0,-0.03909426996943776,-0.0,-0.0
7.55,0.7478081841846871,-0.4520605335854502,0.045743604868911755,1.8937790919981694,-0.005590886715525392,0.7744353000785701,0.20850898379184787,-0.0,-0.0,-0.0,-0.0,-0.03973242215969745,-0.0,-0.0
7.56,0.7478081841846871,-0.4520605335854502,0.045743604868911755,1.8937790919981694,-0.005991356998488184,0.7744353000785701,0.20850898379184787,-0.0,-0.0,-0.0,-0.0,-0.040359825534110993,-0.0,-0.0
7.57,0.7478081841846871,-0.4520605335854502,0.045743604868911755,1.8937790919981694,-0.006398046703497723,0.7744353000785701,0.20850898379184787,-0.0,-0.0,-0.0,-0.0,-0.04097627221256379,-0.0,-0.0
7.58,0.7478081841846871,-0.4520605335854502,0.045743604868911755,1.8937790919981694,-0.00681084523878913,0.7744353000785701,0.20850898379184787,-0.0,-0.0,-0.0,-0.0,-0.04158155782543364,-0.0,-0.0
7.59,0.7478081841846871,-0.4520605335854502,0.045743604868911755,1.8937790919981694,-0.007229639986768149,0.7744353000785701,0.20850898379184787,-0.0,-0.0,-0.0,-0.0,-0.04217548158884275,-0.0,-0.0
7.6,0.7478081841846871,-0.4520605335854502,0.045743604868911755,1.8937790919981694,-0.007654316340239147,0.7744353000785701,0.20850898379184787,-0.0,-0.0,-0.0,-0.0,-0.042757846378618285,-0.0,-0.0
7.61,0.7478081841846871,-0.4520605335854502,0.045743604868911755,1.8937790919981694,-0.008084757739366382,0.7744353000785701,0.20850898379184787,-0.0,-0.0,-0.0,-0.0,-0.04332845880293368,-0.0,-0.0
7.62,0.7478081841846871,-0.4520605335854502,0.045743604868911755,1.8937790919981694,-0.008520845709355244,0.7744353000785701,0.20850898379184787,-0.0,-0.0,-0.0,-0.0,-0.043887129273602145,-0.0,-0.0
7.63,0.7478081841846871,-0.4520605335854502,0.045743604868911755,1.8937790919981694,-0.00896245989883947,0.7744353000785701,0.20850898379184787,-0.0,-0.0,-0.0,-0.0,-0.04443367207599393,-0.0,-0.0
7.64,0.7478081841846871,-0.4520605335854502,0.045743604868911755,1.8937790919981694,-0.009409478118960181,0.7744353000785701,0.20850898379184787,-0.0,-0.0,-0.0,-0.0,-0.044967905437549006,-0.0,-0.0
7.65,0.7478081841846871,-0.4520605335854502,0.045743604868911755,1.8937790919981694,-0.009861776383123529,0.7744353000785701,0.20850898379184787,-0.0,-0.0,-0.0,-0.0,-0.045489651594859924,-0.0,-0.0
7.66,0.7478081841846871,-0.4520605335854502,0.045743604868911755,1.8937790919981694,-0.010319228947421221,0.7744353000785701,0.20850898379184787,-0.0,-0.0,-0.0,-0.0,-0.04599873685929624,-0.0,-0.0
7.67,0.7478081841846871,-0.4520605335854502,0.045743604868911755,1.8937790919981694,-0.010781708351700635,0.7744353000785701,0.20850898379184787,-0.0,-0.0,-0.0,-0.0,-0.04649499168114661,-0.0,-0.0
7.68,0.7478081841846871,-0.4520605335854502,0.045743604868911755,1.8937790919981694,-0.011249085461268016,0.7744353000785701,0.20850898379184787,-0.0,-0.0,-0.0,-0.0,-0.04697825071225134,-0.0,-0.0
7.69,0.7478081841846871,-0.4520605335854502,0.045743604868911755,1.8937790919981694,-0.011721229509211215,0.7744353000785701,0.20850898379184787,-0.0,-0.0,-0.0,-0.0,-0.04744835286710241,-0.0,-0.0
7.7,0.7478081841846871,-0.4520605335854502,0.045743604868911755,1.8937790919981694,-0.012198008139324847,0.7744353000785701,0.20850898379184787,-0.0,-0.0,-0.0,-0.0,-0.04790514138238524,-0.0,-0.0
7.71,0.7478081841846871,-0.4520605335854502,0.045743604868911755,1.8937790919981694,-0.01267928744962352,0.7744353000785701,0.20850898379184787,-0.0,-0.0,-0.0,-0.0,-0.04834846387493984,-0.0,-0.0
7.72,0.7478081841846871,-0.4520605335854502,0.045743604868911755,1.8937790919981694,-0.013164932036426614,0.7744353000785701,0.20850898379184787,-0.0,-0.0,-0.0,-0.0,-0.048778172398118075,-0.0,-0.0
7.73,0.7478081841846871,-0.4520605335854502,0.045743604868911755,1.8937790919981694,-0.013654805038998376,0.7744353000785701,0.20850898379184787,-0.0,-0.0,-0.0,-0.0,-0.04919412349651439,-0.0,-0.0
7.74,0.7478081841846871,-0.4520605335854502,0.045743604868911755,1.8937790919981694,-0.014148768184726749,0.7744353000785701,0.20850898379184787,-0.0,-0.0,-0.0,-0.0,-0.04959617825904839,-0.0,-0.0
7.75,0.7478081841846871,-0.4520605335854502,0.045743604868911755,1.8937790919981694,-0.014646681834825757,0.7744353000785701,0.20850898379184787,-0.0,-0.0,-0.0,-0.0,-0.049984202370379566,-0.0,-0.0
7.76,0.7478081841846871,-0.4520605335854502,0.045743604868911755,1.8937790919981694,-0.015148405030542551,0.7744353000785701,0.20850898379184787,-0.0,-0.0,-0.0,-0.0,-0.05035806616063173,-0.0,-0.0
7.77,0.7478081841846871,-0.4520605335854502,0.045743604868911755,1.8937790919981694,-0.015653795539853473,0.7744353000785701,0.20850898379184787,-0.0,-0.0,-0.0,-0.0,-0.0507176446534089,-0.0,-0.0
7.78,0.7478081841846871,-0.4520605335854502,0.045743604868911755,1.8937790919981694,-0.016162709904632103,0.7744353000785701,0.20850898379184787,-0.0,-0.0,-0.0,-0.0,-0.05106281761208369,-0.0,-0.0
7.79,0.7478081841846871,-0.4520605335854502,0.045743604868911755,1.8937790919981694,-0.016675003488270702,0.7744353000785701,0.20850898379184787,-0.0,-0.0,-0.0,-0.0,-0.05139346958433873,-0.0,-0.0
7.8,0.7478081841846871,-0.4520605335854502,0.045743604868911755,1.8937790919981694,-0.01719053052373912,0.7744353000785701,0.20850898379184787,-0.0,-0.0,-0.0,-0.0,-0.05170948994494504,-0.0,-0.0
7.81,0.7478081841846871,-0.4520605335854502,0.045743604868911755,1.8937790919981694,-0.01770914416206168,0.7744353000785701,0.20850898379184787,-0.0,-0.0,-0.0,-0.0,-0.05201077293675898,-0.0,-0.0
7.82,0.7478081841846871,-0.4520605335854502,0.045743604868911755,1.8937790919981694,-0.01823069652119603,0.7744353000785701,0.20850898379184787,-0.0,-0.0,-0.0,-0.0,-0.05229721770992263,-0.0,-0.0
7.83,0.7478081841846871,-0.4520605335854502,0.045743604868911755,1.8937790919981694,-0.018755038735294022,0.7744353000785701,0.20850898379184787,-0.0,-0.0,-0.0,-0.0,-0.052568728359251304,-0.0,-0.0
7.84,0.7478081841846871,-0.4520605335854502,0.045743604868911755,1.8937790919981694,-0.019282021004327965,0.7744353000785701,0.20850898379184787,-0.0,-0.0,-0.0,-0.0,-0.052825213959794004,-0.0,-0.0
7.85,0.7478081841846871,-0.4520605335854502,0.045743604868911755,1.8937790919981694,-0.019811492644063212,0.7744353000785701,0.20850898379184787,-0.0,-0.0,-0.0,-0.0,-0.05306658860055238,-0.0,-0.0
7.86,0.7478081841846871,-0.4520605335854502,0.045743604868911755,1.8937790919981694,-0.02034330213635851,0.7744353000785701,0.20850898379184787,-0.0,-0.0,-0.0,-0.0,-0.05329277141634477,-0.0,-0.0
7.87,0.7478081841846871,-0.4520605335854502,0.045743604868911755,1.8937790919981694,-0.020877297179775253,0.7744353000785701,0.20850898379184787,-0.0,-0.0,-0.0,-0.0,-0.0535036866178029,-0.0,-0.0
7.88,0.7478081841846871,-0.4520605335854502,0.045743604868911755,1.8937790919981694,-0.02141332474047855,0.7744353000785701,0.20850898379184787,-0.0,-0.0,-0.0,-0.0,-0.05369926351948952,-0.0,-0.0
7.89,0.7478081841846871,-0.4520605335854502,0.045743604868911755,1.8937790919981694,-0.02195123110340879,0.7744353000785701,0.20850898379184787,-0.0,-0.0,-0.0,-0.0,-0.05387943656612531,-0.0,-0.0
7.9,0.7478081841846871,-0.4520605335854502,0.045743604868911755,1.8937790919981694,-0.02249086192370639,0.7744353000785701,0.20850898379184787,-0.0,-0.0,-0.0,-0.0,-0.0540441453569152,-0.0,-0.0
7.91,0.7478081841846871,-0.4520605335854502,0.045743604868911755,1.8937790919981694,-0.023032062278370437,0.7744353000785701,0.20850898379184787,-0.0,-0.0,-0.0,-0.0,-0.05419333466796403,-0.0,-0.0
7.92,0.7478081841846871,-0.4520605335854502,0.045743604868911755,1.8937790919981694,-0.023574676718131956,0.7744353000785701,0.20850898379184787,-0.0,-0.0,-0.0,-0.0,-0.054326954472773095,-0.0,-0.0
7.93,0.7478081841846871,-0.4520605335854502,0.045743604868911755,1.8937790919981694,-0.02411854931952189,0.7744353000785701,0.20850898379184787,-0.0,-0.0,-0.0,-0.0,-0.054444959960809086,-0.0,-0.0
7.94,0.7478081841846871,-0.4520605335854502,0.045743604868911755,1.8937790919981694,-0.02466352373711605,0.7744353000785701,0.20850898379184787,-0.0,-0.0,-0.0,-0.0,-0.05454731155413826,-0.0,-0.0
7.95,0.7478081841846871,-0.4520605335854502,0.045743604868911755,1.8937790919981694,-0.02520944325593568,0.7744353000785701,0.20850898379184787,-0.0,-0.0,-0.0,-0.0,-0.054633974922119154,-0.0,-0.0
7.96,0.7478081841846871,-0.4520605335854502,0.045743604868911755,1.8937790919981694,-0.025756150843986247,0.7744353000785701,0.20850898379184787,-0.0,-0.0,-0.0,-0.0,-0.0547049209941482,-0.0,-0.0
7.97,0.7478081841846871,-0.4520605335854502,0.045743604868911755,1.8937790919981694,-0.026303489204912902,0.7744353000785701,0.20850898379184787,-0.0,-0.0,-0.0,-0.0,-0.054760125970452815,-0.0,-0.0
7.98,0.7478081841846871,-0.4520605335854502,0.045743604868911755,1.8937790919981694,-0.026851300830755112,0.7744353000785701,0.20850898379184787,-0.0,-0.0,-0.0,-0.0,-0.05479957133092822,-0.0,-0.0
7.99,0.7478081841846871,-0.4520605335854502,0.045743604868911755,1.8937790919981694,-0.027399428054778924,0.7744353000785701,0.20850898379184787,-0.0,-0.0,-0.0,-0.0,-0.05482324384201393,-0.0,-0.0
8.0,0.7478081841846871,-0.4520605335854502,0.045743604868911755,1.8937790919981694,-0.027947713104368783,0.7744353000785701,0.20850898379184787,-0.0,-0.0,-0.0,-0.0,-0.05483113556160755,-0.0,-0.0
8.01,0.7478081841846871,-0.4520605335854502,0.045743604868911755,1.8937790919981694,-0.028495998153958646,0.7744353000785701,0.20850898379184787,-0.0,-0.0,-0.0,-0.0,-0.05482324384201393,-0.0,-0.0
8.02,0.7478081841846871,-0.4520605335854502,0.045743604868911755,1.8937790919981694,-0.029044125377982455,0.7744353000785701,0.20850898379184787,-0.0,-0.0,-0.0,-0.0,-0.05479957133092822,-0.0,-0.0
8.03,0.7478081841846871,-0.4520605335854502,0.045743604868911755,1.8937790919981694,-0.029591937003824606,0.7744353000785701,0.20850898379184787,-0.0,-0.0,-0.0,-0.0,-0.05476012597045282,-0.0,-0.0
8.04,0.7478081841846871,-0.4520605335854502,0.045743604868911755,1.8937790919981694,-0.03013927536475126,0.7744353000785701,0.20850898379184787,-0.0,-0.0,-0.0,-0.0,-0.0547049209941482,-0.0,-0.0
8.05,0.7478081841846871,-0.4520605335854502,0.045743604868911755,1.8937790919981694,-0.030685982952801887,0.7744353000785701,0.20850898379184787,-0.0,-0.0,-0.0,-0.0,-0.054633974922119154,-0.0,-0.0
8.06,0.7478081841846871,-0.4520605335854502,0.045743604868911755,1.8937790919981694,-0.03123190247162158,0.7744353000785701,0.20850898379184787,-0.0,-0.0,-0.0,-0.0,-0.05454731155413825,-0.0,-0.0
8.07,0.7478081841846871,-0.4520605335854502,0.045743604868911755,1.8937790919981694,-0.031776876889215676,0.7744353000785701,0.20850898379184787,-0.0,-0.0,-0.0,-0.0,-0.05444495996080909,-0.0,-0.0
8.08,0.7478081841846871,-0.4520605335854502,0.045743604868911755,1.8937790919981694,-0.032320749490605614,0.7744353000785701,0.20850898379184787,-0.0,-0.0,-0.0,-0.0,-0.0543269544727731,-0.0,-0.0
8.09,0.7478081841846871,-0.4520605335854502,0.045743604868911755,1.8937790919981694,-0.03286336393036713,0.7744353000785701,0.20850898379184787,-0.0,-0.0,-0.0,-0.0,-0.054193334667964034,-0.0,-0.0
8.1,0.7478081841846871,-0.4520605335854502,0.045743604868911755,1.8937790919981694,-0.03340456428503118,0.7744353000785701,0.20850898379184787,-0.0,-0.0,-0.0,-0.0,-0.05404414535691521,-0.0,-0.0
8.11,0.7478081841846871,-0.4520605335854502,0.045743604868911755,1.8937790919981694,-0.03394419510532878,0.7744353000785701,0.20850898379184787,-0.0,-0.0,-0.0,-0.0,-0.053879436566125316,-0.0,-0.0
8.12,0.7478081841846871,-0.4520605335854502,0.045743604868911755,1.8937790919981694,-0.03448210146825896,0.7744353000785701,0.20850898379184787,-0.0,-0.0,-0.0,-0.0,-0.05369926351948954,-0.0,-0.0
8.13,0.7478081841846871,-0.4520605335854502,0.045743604868911755,1.8937790919981694,-0.035018129028962376,0.7744353000785701,0.20850898379184787,-0.0,-0.0,-0.0,-0.0,-0.05350368661780289,-0.0,-0.0
8.14,0.7478081841846871,-0.4520605335854502,0.045743604868911755,1.8937790919981694,-0.03555212407237912,0.7744353000785701,0.20850898379184787,-0.0,-0.0,-0.0,-0.0,-0.05329277141634475,-0.0,-0.0
8.15,0.7478081841846871,-0.4520605335854502,0.045743604868911755,1.8937790919981694,-0.036083933564674354,0.7744353000785701,0.20850898379184787,-0.0,-0.0,-0.0,-0.0,-0.05306658860055238,-0.0,-0.0
8.16,0.7478081841846871,-0.4520605335854502,0.045743604868911755,1.8937790919981694,-0.03661340520440961,0.7744353000785701,0.20850898379184787,-0.0,-0.0,-0.0,-0.0,-0.05282521395979401,-0.0,-0.0
8.17,0.7478081841846871,-0.4520605335854502,0.045743604868911755,1.8937790919981694,-0.03714038747344355,0.7744353000785701,0.20850898379184787,-0.0,-0.0,-0.0,-0.0,-0.05256872835925131,-0.0,-0.0
8.18,0.7478081841846871,-0.4520605335854502,0.045743604868911755,1.8937790919981694,-0.037664729687541545,0.7744353000785701,0.20850898379184787,-0.0,-0.0,-0.0,-0.0,-0.05229721770992264,-0.0,-0.0
8.19,0.7478081841846871,-0.4520605335854502,0.045743604868911755,1.8937790919981694,-0.03818628204667583,0.7744353000785701,0.20850898379184787,-0.0,-0.0,-0.0,-0.0,-0.052010772936759014,-0.0,-0.0
8.2,0.7478081841846871,-0.4520605335854502,0.045743604868911755,1.8937790919981694,-0.038704895684998394,0.7744353000785701,0.20850898379184787,-0.0,-0.0,-0.0,-0.0,-0.05170948994494509,-0.0,-0.0
8.21,0.7478081841846871,-0.4520605335854502,0.045743604868911755,1.8937790919981694,-0.039220422720466865,0.7744353000785701,0.20850898379184787,-0.0,-0.0,-0.0,-0.0,-0.05139346958433874,-0.0,-0.0
8.22,0.7478081841846871,-0.4520605335854502,0.045743604868911755,1.8937790919981694,-0.03973271630410553,0.7744353000785701,0.20850898379184787,-0.0,-0.0,-0.0,-0.0,-0.05106281761208367,-0.0,-0.0
8.23,0.7478081841846871,-0.4520605335854502,0.045743604868911755,1.8937790919981694,-0.0402416306688841,0.7744353000785701,0.20850898379184787,-0.0,-0.0,-0.0,-0.0,-0.05071764465340894,-0.0,-0.0
8.24,0.7478081841846871,-0.4520605335854502,0.045743604868911755,1.8937790919981694,-0.040747021178195016,0.7744353000785701,0.20850898379184787,-0.0,-0.0,-0.0,-0.0,-0.050358066160631744,-0.0,-0.0
8.25,0.7478081841846871,-0.4520605335854502,0.045743604868911755,1.8937790919981694,-0.041248744373911815,0.7744353000785701,0.20850898379184787,-0.0,-0.0,-0.0,-0.0,-0.04998420237037958,-0.0,-0.0
8.26,0.7478081841846871,-0.4520605335854502,0.045743604868911755,1.8937790919981694,-0.04174665802401083,0.7744353000785701,0.20850898379184787,-0.0,-0.0,-0.0,-0.0,-0.0495961782590484,-0.0,-0.0
8.27,0.7478081841846871,-0.4520605335854502,0.045743604868911755,1.8937790919981694,-0.042240621169739194,0.7744353000785701,0.20850898379184787,-0.0,-0.0,-0.0,-0.0,-0.04919412349651442,-0.0,-0.0
8.28,0.7478081841846871,-0.4520605335854502,0.045743604868911755,1.8937790919981694,-0.0427304941723109,0.7744353000785701,0.20850898379184787,-0.0,-0.0,-0.0,-0.0,-0.048778172398118144,-0.0,-0.0
8.29,0.7478081841846871,-0.4520605335854502,0.045743604868911755,1.8937790919981694,-0.043216138759113995,0.7744353000785701,0.20850898379184787,-0.0,-0.0,-0.0,-0.0,-0.048348463874939906,-0.0,-0.0
8.3,0.7478081841846871,-0.4520605335854502,0.045743604868911755,1.8937790919981694,-0.04369741806941278,0.7744353000785701,0.20850898379184787,-0.0,-0.0,-0.0,-0.0,-0.047905141382385205,-0.0,-0.0
8.31,0.7478081841846871,-0.4520605335854502,0.045743604868911755,1.8937790919981694,-0.04417419669952635,0.7744353000785701,0.20850898379184787,-0.0,-0.0,-0.0,-0.0,-0.04744835286710243,-0.0,-0.0
8.32,0.7478081841846871,-0.4520605335854502,0.045743604868911755,1.8937790919981694,-0.04464634074746956,0.7744353000785701,0.20850898379184787,-0.0,-0.0,-0.0,-0.0,-0.04697825071225137,-0.0,-0.0
8.33,0.7478081841846871,-0.4520605335854502,0.045743604868911755,1.8937790919981694,-0.04511371785703694,0.7744353000785701,0.20850898379184787,-0.0,-0.0,-0.0,-0.0,-0.046494991681146625,-0.0,-0.0
8.34,0.7478081841846871,-0.4520605335854502,0.045743604868911755,1.8937790919981694,-0.04557619726131635,0.7744353000785701,0.20850898379184787,-0.0,-0.0,-0.0,-0.0,-0.045998736859296264,-0.0,-0.0
8.35,0.7478081841846871,-0.4520605335854502,0.045743604868911755,1.8937790919981694,-0.046033649825614045,0.7744353000785701,0.20850898379184787,-0.0,-0.0,-0.0,-0.0,-0.045489651594859945,-0.0,-0.0
8.36,0.7478081841846871,-0.4520605335854502,0.045743604868911755,1.8937790919981694,-0.04648594808977734,0.7744353000785701,0.20850898379184787,-0.0,-0.0,-0.0,-0.0,-0.04496790543754909,-0.0,-0.0
8.37,0.7478081841846871,-0.4520605335854502,0.045743604868911755,1.8937790919981694,-0.0469329663098981,0.7744353000785701,0.20850898379184787,-0.0,-0.0,-0.0,-0.0,-0.04443367207599397,-0.0,-0.0
8.38,0.7478081841846871,-0.4520605335854502,0.045743604868911755,1.8937790919981694,-0.04737458049938238,0.7744353000785701,0.20850898379184787,-0.0,-0.0,-0.0,-0.0,-0.04388712927360211,-0.0,-0.0
8.39,0.7478081841846871,-0.4520605335854502,0.045743604868911755,1.8937790919981694,-0.04781066846937124,0.7744353000785701,0.20850898379184787,-0.0,-0.0,-0.0,-0.0,-0.04332845880293363,-0.0,-0.0
8.4,0.7478081841846871,-0.4520605335854502,0.045743604868911755,1.8937790919981694,-0.04824110986849843,0.7744353000785701,0.20850898379184787,-0.0,-0.0,-0.0,-0.0,-0.04275784637861832,-0.0,-0.0
8.41,0.7478081841846871,-0.4520605335854502,0.045743604868911755,1.8937790919981694,-0.04866578622196942,0.7744353000785701,0.20850898379184787,-0.0,-0.0,-0.0,-0.0,-0.04217548158884278,-0.0,-0.0
8.42,0.7478081841846871,-0.4520605335854502,0.045743604868911755,1.8937790919981694,-0.049084580969948444,0.7744353000785701,0.20850898379184787,-0.0,-0.0,-0.0,-0.0,-0.041581557825433664,-0.0,-0.0
8.43,0.7478081841846871,-0.4520605335854502,0.045743604868911755,1.8937790919981694,-0.04949737950523986,0.7744353000785701,0.20850898379184787,-0.0,-0.0,-0.0,-0.0,-0.040976272212563836,-0.0,-0.0
8.44,0.7478081841846871,-0.4520605335854502,0.045743604868911755,1.8937790919981694,-0.04990406921024934,0.7744353000785701,0.20850898379184787,-0.0,-0.0,-0.0,-0.0,-0.040359825534111084,-0.0,-0.0
8.45,0.7478081841846871,-0.4520605335854502,0.045743604868911755,1.8937790919981694,-0.05030453949321213,0.7744353000785701,0.20850898379184787,-0.0,-0.0,-0.0,-0.0,-0.039732422159697536,-0.0,-0.0
8.46,0.7478081841846871,-0.4520605335854502,0.045743604868911755,1.8937790919981694,-0.05069868182367561,0.7744353000785701,0.20850898379184787,-0.0,-0.0,-0.0,-0.0,-0.039094269969437725,-0.0,-0.0
8.47,0.7478081841846871,-0.4520605335854502,0.045743604868911755,1.8937790919981694,-0.051086389767222164,0.7744353000785701,0.20850898379184787,-0.0,-0.0,-0.0,-0.0,-0.03844558027742752,-0.0,-0.0
8.48,0.7478081841846871,-0.4520605335854502,0.045743604868911755,1.8937790919981694,-0.05146755901942193,0.7744353000785701,0.20850898379184787,-0.0,-0.0,-0.0,-0.0,-0.03778656775400074,-0.0,-0.0
8.49,0.7478081841846871,-0.4520605335854502,0.045743604868911755,1.8937790919981694,-0.051842087439000956,0.7744353000785701,0.20850898379184787,-0.0,-0.0,-0.0,-0.0,-0.037117450346787775,-0.0,-0.0
8.5,0.7478081841846871,-0.4520605335854502,0.045743604868911755,1.8937790919981694,-0.05220987508021489,0.7744353000785701,0.20850898379184787,-0.0,-0.0,-0.0,-0.0,-0.03643844920060376,-0.0,-0.0
8.51,0.7478081841846871,-0.4520605335854502,0.045743604868911755,1.8937790919981694,-0.052570824224415225,0.7744353000785701,0.20850898379184787,-0.0,-0.0,-0.0,-0.0,-0.03574978857620089,-0.0,-0.0
8.52,0.7478081841846871,-0.4520605335854502,0.045743604868911755,1.8937790919981694,-0.052924839410798105,0.7744353000785701,0.20850898379184787,-0.0,-0.0,-0.0,-0.0,-0.035051695767914386,-0.0,-0.0
8.53,0.7478081841846871,-0.4520605335854502,0.045743604868911755,1.8937790919981694,-0.05327182746632378,0.7744353000785701,0.20850898379184787,-0.0,-0.0,-0.0,-0.0,-0.03434440102023621,-0.0,-0.0
8.54,0.7478081841846871,-0.4520605335854502,0.045743604868911755,1.8937790919981694,-0.05361169753479654,0.7744353000785701,0.20850898379184787,-0.0,-0.0,-0.0,-0.0,-0.03362813744334898,-0.0,-0.0
8.55,0.7478081841846871,-0.4520605335854502,0.045743604868911755,1.8937790919981694,-0.05394436110509544,0.7744353000785701,0.20850898379184787,-0.0,-0.0,-0.0,-0.0,-0.03290314092765195,-0.0,-0.0
8.56,0.7478081841846871,-0.4520605335854502,0.045743604868911755,1.8937790919981694,-0.054269732038544544,0.7744353000785701,0.20850898379184787,-0.0,-0.0,-0.0,-0.0,-0.032169650057315584,-0.0,-0.0
8.57,0.7478081841846871,-0.4520605335854502,0.045743604868911755,1.8937790919981694,-0.054587726595415,0.7744353000785701,0.20850898379184787,-0.0,-0.0,-0.0,-0.0,-0.03142790602289464,-0.0,-0.0
8.58,0.7478081841846871,-0.4520605335854502,0.045743604868911755,1.8937790919981694,-0.054898263460547755,0.7744353000785701,0.20850898379184787,-0.0,-0.0,-0.0,-0.0,-0.030678152533038596,-0.0,-0.0
8.59,0.7478081841846871,-0.4520605335854502,0.045743604868911755,1.8937790919981694,-0.05520126376808966,0.7744353000785701,0.20850898379184787,-0.0,-0.0,-0.0,-0.0,-0.029920635725329936,-0.0,-0.0
8.6,0.7478081841846871,-0.4520605335854502,0.045743604868911755,1.8937790919981694,-0.05549665112533344,0.7744353000785701,0.20850898379184787,-0.0,-0.0,-0.0,-0.0,-0.029155604076288425,-0.0,-0.0
8.61,0.7478081841846871,-0.4520605335854502,0.045743604868911755,1.8937790919981694,-0.05578435163565357,0.7744353000785701,0.20850898379184787,-0.0,-0.0,-0.0,-0.0,-0.0283833083105751,-0.0,-0.0
8.62,0.7478081841846871,-0.4520605335854502,0.045743604868911755,1.8937790919981694,-0.056064293920530764,0.7744353000785701,0.20850898379184787,-0.0,-0.0,-0.0,-0.0,-0.027604001309431424,-0.0,-0.0
8.63,0.7478081841846871,-0.4520605335854502,0.045743604868911755,1.8937790919981694,-0.056336409140656844,0.7744353000785701,0.20850898379184787,-0.0,-0.0,-0.0,-0.0,-0.02681793801839053,-0.0,-0.0
8.64,0.7478081841846871,-0.4520605335854502,0.045743604868911755,1.8937790919981694,-0.05660063101611315,0.7744353000785701,0.20850898379184787,-0.0,-0.0,-0.0,-0.0,-0.026025375354296613,-0.0,-0.0
8.65,0.7478081841846871,-0.4520605335854502,0.045743604868911755,1.8937790919981694,-0.056856895845616165,0.7744353000785701,0.20850898379184787,-0.0,-0.0,-0.0,-0.0,-0.025226572111667143,-0.0,-0.0
8.66,0.7478081841846871,-0.4520605335854502,0.045743604868911755,1.8937790919981694,-0.0571051425248235,0.7744353000785701,0.20850898379184787,-0.0,-0.0,-0.0,-0.0,-0.024421788868436888,-0.0,-0.0
8.67,0.7478081841846871,-0.4520605335854502,0.045743604868911755,1.8937790919981694,-0.05734531256369424,0.7744353000785701,0.20850898379184787,-0.0,-0.0,-0.0,-0.0,-0.02361128789111938,-0.0,-0.0
8.68,0.7478081841846871,-0.4520605335854502,0.045743604868911755,1.8937790919981694,-0.057577350102898245,0.7744353000785701,0.20850898379184787,-0.0,-0.0,-0.0,-0.0,-0.022795333039423493,-0.0,-0.0
8.69,0.7478081841846871,-0.4520605335854502,0.045743604868911755,1.8937790919981694,-0.05780120192926915,0.7744353000785701,0.20850898379184787,-0.0,-0.0,-0.0,-0.0,-0.021974189670361036,-0.0,-0.0
8.7,0.7478081841846871,-0.4520605335854502,0.045743604868911755,1.8937790919981694,-0.058016817490295844,0.7744353000785701,0.20850898379184787,-0.0,-0.0,-0.0,-0.0,-0.021148124541885364,-0.0,-0.0
8.71,0.7478081841846871,-0.4520605335854502,0.045743604868911755,1.8937790919981694,-0.0582241489076484,0.7744353000785701,0.20850898379184787,-0.0,-0.0,-0.0,-0.0,-0.020317405716095464,-0.0,-0.0
8.72,0.7478081841846871,-0.4520605335854502,0.045743604868911755,1.8937790919981694,-0.05842315098973364,0.7744353000785701,0.20850898379184787,-0.0,-0.0,-0.0,-0.0,-0.0194823024620471,-0.0,-0.0
8.73,0.7478081841846871,-0.4520605335854502,0.045743604868911755,1.8937790919981694,-0.05861378124327762,0.7744353000785701,0.20850898379184787,-0.0,-0.0,-0.0,-0.0,-0.018643085158204193,-0.0,-0.0
8.74,0.7478081841846871,-0.4520605335854502,0.045743604868911755,1.8937790919981694,-0.05879599988393028,0.7744353000785701,0.20850898379184787,-0.0,-0.0,-0.0,-0.0,-0.017800025194573754,-0.0,-0.0
8.75,0.7478081841846871,-0.4520605335854502,0.045743604868911755,1.8937790919981694,-0.05896976984589056,0.7744353000785701,0.20850898379184787,-0.0,-0.0,-0.0,-0.0,-0.016953394874557725,-0.0,-0.0
8.76,0.7478081841846871,-0.4520605335854502,0.045743604868911755,1.8937790919981694,-0.05913505679054856,0.7744353000785701,0.20850898379184787,-0.0,-0.0,-0.0,-0.0,-0.0161034673165633,-0.0,-0.0
8.77,0.7478081841846871,-0.4520605335854502,0.045743604868911755,1.8937790919981694,-0.05929182911414266,0.7744353000785701,0.20850898379184787,-0.0,-0.0,-0.0,-0.0,-0.015250516355408672,-0.0,-0.0
8.78,0.7478081841846871,-0.4520605335854502,0.045743604868911755,1.8937790919981694,-0.0594400579544301,0.7744353000785701,0.20850898379184787,-0.0,-0.0,-0.0,-0.0,-0.01439481644356189,-0.0,-0.0
8.79,0.7478081841846871,-0.4520605335854502,0.045743604868911755,1.8937790919981694,-0.05957971719636905,0.7744353000785701,0.20850898379184787,-0.0,-0.0,-0.0,-0.0,-0.01353664255225277,-0.0,-0.0
8.8,0.7478081841846871,-0.4520605335854502,0.045743604868911755,1.8937790919981694,-0.059710783476811385,0.7744353000785701,0.20850898379184787,-0.0,-0.0,-0.0,-0.0,-0.012676270072495348,-0.0,-0.0
8.81,0.7478081841846871,-0.4520605335854502,0.045743604868911755,1.8937790919981694,-0.05983323618820541,0.7744353000785701,0.20850898379184787,-0.0,-0.0,-0.0,-0.0,-0.011813974716059588,-0.0,-0.0
8.82,0.7478081841846871,-0.4520605335854502,0.045743604868911755,1.8937790919981694,-0.059947057481308276,0.7744353000785701,0.20850898379184787,-0.0,-0.0,-0.0,-0.0,-0.0109500324164295,-0.0,-0.0
8.83,0.7478081841846871,-0.4520605335854502,0.045743604868911755,1.8937790919981694,-0.06005223226690799,0.7744353000785701,0.20850898379184787,-0.0,-0.0,-0.0,-0.0,-0.010084719229788708,-0.0,-0.0
8.84,0.7478081841846871,-0.4520605335854502,0.045743604868911755,1.8937790919981694,-0.06014874821655547,0.7744353000785701,0.20850898379184787,-0.0,-0.0,-0.0,-0.0,-0.009218311236069721,-0.0,-0.0
8.85,0.7478081841846871,-0.4520605335854502,0.045743604868911755,1.8937790919981694,-0.06023659576230787,0.7744353000785701,0.20850898379184787,-0.0,-0.0,-0.0,-0.0,-0.008351084440105124,-0.0,-0.0
8.86,0.7478081841846871,-0.4520605335854502,0.045743604868911755,1.8937790919981694,-0.060315768095483765,0.7744353000785701,0.20850898379184787,-0.0,-0.0,-0.0,-0.0,-0.007483314672920344,-0.0,-0.0
8.87,0.7478081841846871,-0.4520605335854502,0.045743604868911755,1.8937790919981694,-0.06038626116443236,0.7744353000785701,0.20850898379184787,-0.0,-0.0,-0.0,-0.0,-0.0066152774932054055,-0.0,-0.0
8.88,0.7478081841846871,-0.4520605335854502,0.045743604868911755,1.8937790919981694,-0.06044807367131834,0.7744353000785701,0.20850898379184787,-0.0,-0.0,-0.0,-0.0,-0.005747248089002543,-0.0,-0.0
8.89,0.7478081841846871,-0.4520605335854502,0.045743604868911755,1.8937790919981694,-0.06050120706792487,0.7744353000785701,0.20850898379184787,-0.0,-0.0,-0.0,-0.0,-0.004879501179650697,-0.0,-0.0
8.9,0.7478081841846871,-0.4520605335854502,0.045743604868911755,1.8937790919981694,-0.06054566555047752,0.7744353000785701,0.20850898379184787,-0.0,-0.0,-0.0,-0.0,-0.004012310918020161,-0.0,-0.0
8.91,0.7478081841846871,-0.4520605335854502,0.045743604868911755,1.8937790919981694,-0.06058145605349213,0.7744353000785701,0.20850898379184787,-0.0,-0.0,-0.0,-0.0,-0.00314595079308012,-0.0,-0.0
8.92,0.7478081841846871,-0.4520605335854502,0.045743604868911755,1.8937790919981694,-0.06060858824265007,0.7744353000785701,0.20850898379184787,-0.0,-0.0,-0.0,-0.0,-0.002280693532831927,-0.0,-0.0
8.93,0.7478081841846871,-0.4520605335854502,0.045743604868911755,1.8937790919981694,-0.06062707450670497,0.7744353000785701,0.20850898379184787,-0.0,-0.0,-0.0,-0.0,-0.0014168110076492324,-0.0,-0.0
8.94,0.7478081841846871,-0.4520605335854502,0.045743604868911755,1.8937790919981694,-0.060636929948424984,0.7744353000785701,0.20850898379184787,-0.0,-0.0,-0.0,-0.0,-0.0005545741340588726,-0.0,-0.0
8.95,0.7478081841846871,-0.4520605335854502,0.045743604868911755,1.8937790919981694,-0.06063817237457513,0.7744353000785701,0.20850898379184787,0.0,0.0,0.0,0.0,0.0003057472209980953,0.0,0.0
8.96,0.7478081841846871,-0.4520605335854502,0.045743604868911755,1.8937790919981694,-0.06063082228494497,0.7744353000785701,0.20850898379184787,0.0,0.0,0.0,0.0,0.0011638843353897169,0.0,0.0
8.97,0.7478081841846871,-0.4520605335854502,0.045743604868911755,1.8937790919981694,-0.06061490286042658,0.7744353000785701,0.20850898379184787,0.0,0.0,0.0,0.0,0.002019569726464035,0.0,0.0
8.98,0.7478081841846871,-0.4520605335854502,0.045743604868911755,1.8937790919981694,-0.06059043995014894,0.7744353000785701,0.20850898379184787,0.0,0.0,0.0,0.0,0.002872537245132498,0.0,0.0
8.99,0.7478081841846871,-0.4520605335854502,0.045743604868911755,1.8937790919981694,-0.060557462057674386,0.7744353000785701,0.20850898379184787,0.0,0.0,0.0,0.0,0.0037225221693275618,0.0,0.0
9.0,0.7478081841846871,-0.4520605335854502,0.045743604868911755,1.8937790919981694,-0.06051600032626391,0.7744353000785701,0.20850898379184787,0.0,0.0,0.0,0.0,0.004569261296800604,0.0,0.0
9.01,0.7478081841846871,-0.4520605335854502,0.045743604868911755,1.8937790919981694,-0.060466088523217804,0.7744353000785701,0.20850898379184787,0.0,0.0,0.0,0.0,0.005412493037225187,0.0,0.0
9.02,0.7478081841846871,-0.4520605335854502,0.045743604868911755,1.8937790919981694,-0.060407763023299005,0.7744353000785701,0.20850898379184787,0.0,0.0,0.0,0.0,0.0062519575035689685,0.0,0.0
9.03,0.7478081841846871,-0.4520605335854502,0.045743604868911755,1.8937790919981694,-0.060341062791246444,0.7744353000785701,0.20850898379184787,0.0,0.0,0.0,0.0,0.007087396602700418,0.0,0.0
9.04,0.7478081841846871,-0.4520605335854502,0.045743604868911755,1.8937790919981694,-0.06026602936338632,0.7744353000785701,0.20850898379184787,0.0,0.0,0.0,0.0,0.00791855412519682,0.0,0.0
9.05,0.7478081841846871,-0.4520605335854502,0.045743604868911755,1.8937790919981694,-0.06018270682834941,0.7744353000785701,0.20850898379184787,0.0,0.0,0.0,0.0,0.008745175834317892,0.0,0.0
9.06,0.7478081841846871,-0.4520605335854502,0.045743604868911755,1.8937790919981694,-0.060091141806903045,0.7744353000785701,0.20850898379184787,0.0,0.0,0.0,0.0,0.009567009554111758,0.0,0.0
9.07,0.7478081841846871,-0.4520605335854502,0.045743604868911755,1.8937790919981694,-0.05999138343090639,0.7744353000785701,0.20850898379184787,0.0,0.0,0.0,0.0,0.01038380525662164,0.0,0.0
9.08,0.7478081841846871,-0.4520605335854502,0.045743604868911755,1.8937790919981694,-0.059883483321398284,0.7744353000785701,0.20850898379184787,0.0,0.0,0.0,0.0,0.011195315148158197,0.0,0.0
9.09,0.7478081841846871,-0.4520605335854502,0.045743604868911755,1.8937790919981694,-0.0597674955658273,0.7744353000785701,0.20850898379184787,0.0,0.0,0.0,0.0,0.012001293754605942,0.0,0.0
9.1,0.7478081841846871,-0.4520605335854502,0.045743604868911755,1.8937790919981694,-0.05964347669443361,0.7744353000785701,0.20850898379184787,0.0,0.0,0.0,0.0,0.0128014980057315,0.0,0.0
9.11,0.7478081841846871,-0.4520605335854502,0.045743604868911755,1.8937790919981694,-0.05951148565579282,0.7744353000785701,0.20850898379184787,0.0,0.0,0.0,0.0,0.013595687318463058,0.0,0.0
9.12,0.7478081841846871,-0.4520605335854502,0.045743604868911755,1.8937790919981694,-0.059371583791532484,0.7744353000785701,0.20850898379184787,0.0,0.0,0.0,0.0,0.014383623679107628,0.0,0.0
9.13,0.7478081841846871,-0.4520605335854502,0.045743604868911755,1.8937790919981694,-0.059223834810231635,0.7744353000785701,0.20850898379184787,0.0,0.0,0.0,0.0,0.015165071724478169,0.0,0.0
9.14,0.7478081841846871,-0.4520605335854502,0.045743604868911755,1.8937790919981694,-0.05906830476051491,0.7744353000785701,0.20850898379184787,0.0,0.0,0.0,0.0,0.015939798821897,0.0,0.0
9.15,0.7478081841846871,-0.4520605335854502,0.045743604868911755,1.8937790919981694,-0.05890506200335205,0.7744353000785701,0.20850898379184787,0.0,0.0,0.0,0.0,0.016707575148049797,0.0,0.0
9.16,0.7478081841846871,-0.4520605335854502,0.045743604868911755,1.8937790919981694,-0.05873417718357504,0.7744353000785701,0.20850898379184787,0.0,0.0,0.0,0.0,0.017468173766656294,0.0,0.0
9.17,0.7478081841846871,-0.4520605335854502,0.045743604868911755,1.8937790919981694,-0.05855572320062436,0.7744353000785701,0.20850898379184787,0.0,0.0,0.0,0.0,0.018221370704932995,0.0,0.0
9.18,0.7478081841846871,-0.4520605335854502,0.045743604868911755,1.8937790919981694,-0.05836977517853689,0.7744353000785701,0.20850898379184787,0.0,0.0,0.0,0.0,0.018966945028816806,0.0,0.0
9.19,0.7478081841846871,-0.4520605335854502,0.045743604868911755,1.8937790919981694,-0.05817641043518789,0.7744353000785701,0.20850898379184787,0.0,0.0,0.0,0.0,0.019704678916922843,0.0,0.0
9.2,0.7478081841846871,-0.4520605335854502,0.045743604868911755,1.8937790919981694,-0.05797570845079973,0.7744353000785701,0.20850898379184787,0.0,0.0,0.0,0.0,0.020434357733209996,0.0,0.0
9.21,0.7478081841846871,-0.4520605335854502,0.045743604868911755,1.8937790919981694,-0.05776775083573056,0.7744353000785701,0.20850898379184787,0.0,0.0,0.0,0.0,0.02115577009832599,0.0,0.0
9.22,0.7478081841846871,-0.4520605335854502,0.045743604868911755,1.8937790919981694,-0.057552621297556554,0.7744353000785701,0.20850898379184787,0.0,0.0,0.0,0.0,0.02186870795960639,0.0,0.0
9.23,0.7478081841846871,-0.4520605335854502,0.045743604868911755,1.8937790919981694,-0.057330405607460465,0.7744353000785701,0.20850898379184787,0.0,0.0,0.0,0.0,0.022572966659703247,0.0,0.0
9.24,0.7478081841846871,-0.4520605335854502,0.045743604868911755,1.8937790919981694,-0.057101191565941185,0.7744353000785701,0.20850898379184787,0.0,0.0,0.0,0.0,0.023268345003816644,0.0,0.0
9.25,0.7478081841846871,-0.4520605335854502,0.045743604868911755,1.8937790919981694,-0.05686506896785809,0.7744353000785701,0.20850898379184787,0.0,0.0,0.0,0.0,0.023954645325505553,0.0,0.0
9.26,0.7478081841846871,-0.4520605335854502,0.045743604868911755,1.8937790919981694,-0.05662212956682442,0.7744353000785701,0.20850898379184787,0.0,0.0,0.0,0.0,0.02463167355105397,0.0,0.0
9.27,0.7478081841846871,-0.4520605335854502,0.045743604868911755,1.8937790919981694,-0.056372467038964175,0.7744353000785701,0.20850898379184787,0.0,0.0,0.0,0.0,0.025299239262370092,0.0,0.0
9.28,0.7478081841846871,-0.4520605335854502,0.045743604868911755,1.8937790919981694,-0.056116176946047674,0.7744353000785701,0.20850898379184787,0.0,0.0,0.0,0.0,0.02595715575839453,0.0,0.0
9.29,0.7478081841846871,-0.4520605335854502,0.045743604868911755,1.8937790919981694,-0.05585335669802052,0.7744353000785701,0.20850898379184787,0.0,0.0,0.0,0.0,0.02660524011499628,0.0,0.0
9.3,0.7478081841846871,-0.4520605335854502,0.045743604868911755,1.8937790919981694,-0.05558410551494107,0.7744353000785701,0.20850898379184787,0.0,0.0,0.0,0.0,0.02724331324333602,0.0,0.0
9.31,0.7478081841846871,-0.4520605335854502,0.045743604868911755,1.8937790919981694,-0.0553085243883424,0.7744353000785701,0.20850898379184787,0.0,0.0,0.0,0.0,0.027871199946673815,0.0,0.0
9.32,0.7478081841846871,-0.4520605335854502,0.045743604868911755,1.8937790919981694,-0.055026716042033526,0.7744353000785701,0.20850898379184787,0.0,0.0,0.0,0.0,0.028488728975604418,0.0,0.0
9.33,0.7478081841846871,-0.4520605335854502,0.045743604868911755,1.8937790919981694,-0.0547387848923568,0.7744353000785701,0.20850898379184787,0.0,0.0,0.0,0.0,0.029095733081697276,0.0,0.0
9.34,0.7478081841846871,-0.4520605335854502,0.045743604868911755,1.8937790919981694,-0.05444483700791641,0.7744353000785701,0.20850898379184787,0.0,0.0,0.0,0.0,0.02969204906952569,0.0,0.0
9.35,0.7478081841846871,-0.4520605335854502,0.045743604868911755,1.8937790919981694,-0.05414498006879529,0.7744353000785701,0.20850898379184787,0.0,0.0,0.0,0.0,0.030277517847064596,0.0,0.0
9.36,0.7478081841846871,-0.4520605335854502,0.045743604868911755,1.8937790919981694,-0.053839323325275634,0.7744353000785701,0.20850898379184787,0.0,0.0,0.0,0.0,0.03085198447444176,0.0,0.0
9.37,0.7478081841846871,-0.4520605335854502,0.045743604868911755,1.8937790919981694,-0.053527977556080755,0.7744353000785701,0.20850898379184787,0.0,0.0,0.0,0.0,0.03141529821102398,0.0,0.0
9.38,0.7478081841846871,-0.4520605335854502,0.045743604868911755,1.8937790919981694,-0.053211055026154204,0.7744353000785701,0.20850898379184787,0.0,0.0,0.0,0.0,0.03196731256082322,0.0,0.0
9.39,0.7478081841846871,-0.4520605335854502,0.045743604868911755,1.8937790919981694,-0.05288866944399348,0.7744353000785701,0.20850898379184787,0.0,0.0,0.0,0.0,0.03250788531620726,0.0,0.0
9.4,0.7478081841846871,-0.4520605335854502,0.045743604868911755,1.8937790919981694,-0.05256093591855472,0.7744353000785701,0.20850898379184787,0.0,0.0,0.0,0.0,0.033036878599900746,0.0,0.0
9.41,0.7478081841846871,-0.4520605335854502,0.045743604868911755,1.8937790919981694,-0.05222797091574652,0.7744353000785701,0.20850898379184787,0.0,0.0,0.0,0.0,0.03355415890526148,0.0,0.0
9.42,0.7478081841846871,-0.4520605335854502,0.045743604868911755,1.8937790919981694,-0.051889892214529526,0.7744353000785701,0.20850898379184787,0.0,0.0,0.0,0.0,0.03405959713481993,0.0,0.0
9.43,0.7478081841846871,-0.4520605335854502,0.045743604868911755,1.8937790919981694,-0.05154681886263909,0.7744353000785701,0.20850898379184787,0.0,0.0,0.0,0.0,0.03455306863706958,0.0,0.0
9.44,0.7478081841846871,-0.4520605335854502,0.045743604868911755,1.8937790919981694,-0.05119887113194915,0.7744353000785701,0.20850898379184787,0.0,0.0,0.0,0.0,0.035034453241495594,0.0,0.0
9.45,0.7478081841846871,-0.4520605335854502,0.045743604868911755,1.8937790919981694,-0.050846170473494594,0.7744353000785701,0.20850898379184787,0.0,0.0,0.0,0.0,0.035503635291831176,0.0,0.0
9.46,0.7478081841846871,-0.4520605335854502,0.045743604868911755,1.8937790919981694,-0.05048883947216967,0.7744353000785701,0.20850898379184787,0.0,0.0,0.0,0.0,0.0359605036775321,0.0,0.0
9.47,0.7478081841846871,-0.4520605335854502,0.045743604868911755,1.8937790919981694,-0.05012700180112134,0.7744353000785701,0.20850898379184787,0.0,0.0,0.0,0.0,0.03640495186345807,0.0,0.0
9.48,0.7478081841846871,-0.4520605335854502,0.045743604868911755,1.8937790919981694,-0.04976078217585368,0.7744353000785701,0.20850898379184787,0.0,0.0,0.0,0.0,0.0368368779177548,0.0,0.0
9.49,0.7478081841846871,-0.4520605335854502,0.045743604868911755,1.8937790919981694,-0.04939030630806376,0.7744353000785701,0.20850898379184787,0.0,0.0,0.0,0.0,0.03725618453792563,0.0,0.0
9.5,0.7478081841846871,-0.4520605335854502,0.045743604868911755,1.8937790919981694,-0.049015700859224826,0.7744353000785701,0.20850898379184787,0.0,0.0,0.0,0.0,0.037662779075088255,0.0,0.0
9.51,0.7478081841846871,-0.4520605335854502,0.045743604868911755,1.8937790919981694,-0.04863709339393668,0.7744353000785701,0.20850898379184787,0.0,0.0,0.0,0.0,0.03805657355640796,0.0,0.0
9.52,0.7478081841846871,-0.4520605335854502,0.045743604868911755,1.8937790919981694,-0.04825461233306072,0.7744353000785701,0.20850898379184787,0.0,0.0,0.0,0.0,0.0384374847057024,0.0,0.0
9.53,0.7478081841846871,-0.4520605335854502,0.045743604868911755,1.8937790919981694,-0.047868386906657755,0.7744353000785701,0.20850898379184787,0.0,0.0,0.0,0.0,0.03880543396221322,0.0,0.0
9.54,0.7478081841846871,-0.4520605335854502,0.045743604868911755,1.8937790919981694,-0.047478547106747926,0.7744353000785701,0.20850898379184787,0.0,0.0,0.0,0.0,0.03916034749753899,0.0,0.0
9.55,0.7478081841846871,-0.4520605335854502,0.045743604868911755,1.8937790919981694,-0.04708522363990972,0.7744353000785701,0.20850898379184787,0.0,0.0,0.0,0.0,0.039502156230727295,0.0,0.0
9.56,0.7478081841846871,-0.4520605335854502,0.045743604868911755,1.8937790919981694,-0.046688547879738244,0.7744353000785701,0.20850898379184787,0.0,0.0,0.0,0.0,0.03983079584152179,0.0,0.0
9.57,0.7478081841846871,-0.4520605335854502,0.045743604868911755,1.8937790919981694,-0.046288651819179114,0.7744353000785701,0.20850898379184787,0.0,0.0,0.0,0.0,0.04014620678176355,0.0,0.0
9.58,0.7478081841846871,-0.4520605335854502,0.045743604868911755,1.8937790919981694,-0.04588566802275869,0.7744353000785701,0.20850898379184787,0.0,0.0,0.0,0.0,0.040448334284943994,0.0,0.0
9.59,0.7478081841846871,-0.4520605335854502,0.045743604868911755,1.8937790919981694,-0.04547972957872716,0.7744353000785701,0.20850898379184787,0.0,0.0,0.0,0.0,0.040737128373909845,0.0,0.0
9.6,0.7478081841846871,-0.4520605335854502,0.045743604868911755,1.8937790919981694,-0.04507097005113429,0.7744353000785701,0.20850898379184787,0.0,0.0,0.0,0.0,0.041012543866719875,0.0,0.0
9.61,0.7478081841846871,-0.4520605335854502,0.045743604868911755,1.8937790919981694,-0.04465952343185586,0.7744353000785701,0.20850898379184787,0.0,0.0,0.0,0.0,0.04127454038065417,0.0,0.0
9.62,0.7478081841846871,-0.4520605335854502,0.045743604868911755,1.8937790919981694,-0.044245524092588834,0.7744353000785701,0.20850898379184787,0.0,0.0,0.0,0.0,0.041523082334378264,0.0,0.0
9.63,0.7478081841846871,-0.4520605335854502,0.045743604868911755,1.8937790919981694,-0.043829106736834426,0.7744353000785701,0.20850898379184787,0.0,0.0,0.0,0.0,0.041758138948263746,0.0,0.0
9.64,0.7478081841846871,-0.4520605335854502,0.045743604868911755,1.8937790919981694,-0.043410406351887414,0.7744353000785701,0.20850898379184787,0.0,0.0,0.0,0.0,0.041979684242868846,0.0,0.0
9.65,0.7478081841846871,-0.4520605335854502,0.045743604868911755,1.8937790919981694,-0.04298955816084912,0.7744353000785701,0.20850898379184787,0.0,0.0,0.0,0.0,0.04218769703558328,0.0,0.0
9.66,0.7478081841846871,-0.4520605335854502,0.045743604868911755,1.8937790919981694,-0.042566697574683635,0.7744353000785701,0.20850898379184787,0.0,0.0,0.0,0.0,0.042382160935441435,0.0,0.0
9.67,0.7478081841846871,-0.4520605335854502,0.045743604868911755,1.8937790919981694,-0.04214196014433494,0.7744353000785701,0.20850898379184787,0.0,0.0,0.0,0.0,0.04256306433610937,0.0,0.0
9.68,0.7478081841846871,-0.4520605335854502,0.045743604868911755,1.8937790919981694,-0.04171548151292336,0.7744353000785701,0.20850898379184787,0.0,0.0,0.0,0.0,0.04273040040705194,0.0,0.0
9.69,0.7478081841846871,-0.4520605335854502,0.045743604868911755,1.8937790919981694,-0.04128739736803903,0.7744353000785701,0.20850898379184787,0.0,0.0,0.0,0.0,0.04288416708288705,0.0,0.0
9.7,0.7478081841846871,-0.4520605335854502,0.045743604868911755,1.8937790919981694,-0.04085784339415144,0.7744353000785701,0.20850898379184787,0.0,0.0,0.0,0.0,0.04302436705093391,0.0,0.0
9.71,0.7478081841846871,-0.4520605335854502,0.045743604868911755,1.8937790919981694,-0.040426955225151766,0.7744353000785701,0.20850898379184787,0.0,0.0,0.0,0.0,0.04315100773696449,0.0,0.0
9.72,0.7478081841846871,-0.4520605335854502,0.045743604868911755,1.8937790919981694,-0.03999486839704762,0.7744353000785701,0.20850898379184787,0.0,0.0,0.0,0.0,0.04326410128916623,0.0,0.0
9.73,0.7478081841846871,-0.4520605335854502,0.045743604868911755,1.8937790919981694,-0.039561718300825825,0.7744353000785701,0.20850898379184787,0.0,0.0,0.0,0.0,0.0433636645603269,0.0,0.0
9.74,0.7478081841846871,-0.4520605335854502,0.045743604868911755,1.8937790919981694,-0.03912764013550342,0.7744353000785701,0.20850898379184787,0.0,0.0,0.0,0.0,0.04344971908825067,0.0,0.0
9.75,0.7478081841846871,-0.4520605335854502,0.045743604868911755,1.8937790919981694,-0.03869276886138237,0.7744353000785701,0.20850898379184787,0.0,0.0,0.0,0.0,0.043522291074417664,0.0,0.0
9.76,0.7478081841846871,-0.4520605335854502,0.045743604868911755,1.8937790919981694,-0.03825723915352691,0.7744353000785701,0.20850898379184787,0.0,0.0,0.0,0.0,0.04358141136089832,0.0,0.0
9.77,0.7478081841846871,-0.4520605335854502,0.045743604868911755,1.8937790919981694,-0.037821185355480486,0.7744353000785701,0.20850898379184787,0.0,0.0,0.0,0.0,0.0436271154055351,0.0,0.0
9.78,0.7478081841846871,-0.4520605335854502,0.045743604868911755,1.8937790919981694,-0.03738474143323896,0.7744353000785701,0.20850898379184787,0.0,0.0,0.0,0.0,0.04365944325540483,0.0,0.0
9.79,0.7478081841846871,-0.4520605335854502,0.045743604868911755,1.8937790919981694,-0.0369480409294982,0.7744353000785701,0.20850898379184787,0.0,0.0,0.0,0.0,0.04367843951857562,0.0,0.0
9.8,0.7478081841846871,-0.4520605335854502,0.045743604868911755,1.8937790919981694,-0.03651121691819255,0.7744353000785701,0.20850898379184787,0.0,0.0,0.0,0.0,0.04368415333417277,0.0,0.0
9.81,0.7478081841846871,-0.4520605335854502,0.045743604868911755,1.8937790919981694,-0.03607440195934097,0.7744353000785701,0.20850898379184787,0.0,0.0,0.0,0.0,0.043676638340769215,0.0,0.0
9.82,0.7478081841846871,-0.4520605335854502,0.045743604868911755,1.8937790919981694,-0.035637728054217103,0.7744353000785701,0.20850898379184787,0.0,0.0,0.0,0.0,0.04365595264311586,0.0,0.0
9.83,0.7478081841846871,-0.4520605335854502,0.045743604868911755,1.8937790919981694,-0.03520132660086109,0.7744353000785701,0.20850898379184787,0.0,0.0,0.0,0.0,0.04362215877722901,0.0,0.0
9.84,0.7478081841846871,-0.4520605335854502,0.045743604868911755,1.8937790919981694,-0.034765328349948256,0.7744353000785701,0.20850898379184787,0.0,0.0,0.0,0.0,0.04357532367385147,0.0,0.0
9.85,0.7478081841846871,-0.4520605335854502,0.045743604868911755,1.8937790919981694,-0.03432986336103101,0.7744353000785701,0.20850898379184787,0.0,0.0,0.0,0.0,0.043515518620305636,0.0,0.0
9.86,0.7478081841846871,-0.4520605335854502,0.045743604868911755,1.8937790919981694,-0.03389506095917057,0.7744353000785701,0.20850898379184787,0.0,0.0,0.0,0.0,0.04344281922075669,0.0,0.0
9.87,0.7478081841846871,-0.4520605335854502,0.045743604868911755,1.8937790919981694,-0.033461049691973874,0.7744353000785701,0.20850898379184787,0.0,0.0,0.0,0.0,0.04335730535490526,0.0,0.0
9.88,0.7478081841846871,-0.4520605335854502,0.045743604868911755,1.8937790919981694,-0.033027957287050894,0.7744353000785701,0.20850898379184787,0.0,0.0,0.0,0.0,0.043259061135128785,0.0,0.0
9.89,0.7478081841846871,-0.4520605335854502,0.045743604868911755,1.8937790919981694,-0.03259591060990907,0.7744353000785701,0.20850898379184787,0.0,0.0,0.0,0.0,0.04314817486209252,0.0,0.0
9.9,0.7478081841846871,-0.4520605335854502,0.045743604868911755,1.8937790919981694,-0.03216503562229808,0.7744353000785701,0.20850898379184787,0.0,0.0,0.0,0.0,0.0430247389788504,0.0,0.0
9.91,0.7478081841846871,-0.4520605335854502,0.045743604868911755,1.8937790919981694,-0.031735457341022164,0.7744353000785701,0.20850898379184787,0.0,0.0,0.0,0.0,0.04288885002345779,0.0,0.0
9.92,0.7478081841846871,-0.4520605335854502,0.045743604868911755,1.8937790919981694,-0.03130729979723276,0.7744353000785701,0.20850898379184787,0.0,0.0,0.0,0.0,0.04274060858011762,0.0,0.0
9.93,0.7478081841846871,-0.4520605335854502,0.045743604868911755,1.8937790919981694,-0.03088068599621772,0.7744353000785701,0.20850898379184787,0.0,0.0,0.0,0.0,0.042580119228883107,0.0,0.0
9.94,0.7478081841846871,-0.4520605335854502,0.045743604868911755,1.8937790919981694,-0.030455737877699868,0.7744353000785701,0.20850898379184787,0.0,0.0,0.0,0.0,0.0424074904939396,0.0,0.0
9.95,0.7478081841846871,-0.4520605335854502,0.045743604868911755,1.8937790919981694,-0.030032576276660252,0.7744353000785701,0.20850898379184787,0.0,0.0,0.0,0.0,0.042222834790489695,0.0,0.0
9.96,0.7478081841846871,-0.4520605335854502,0.045743604868911755,1.8937790919981694,-0.029611320884699324,0.7744353000785701,0.20850898379184787,0.0,0.0,0.0,0.0,0.042026268370265754,0.0,0.0
9.97,0.7478081841846871,-0.4520605335854502,0.045743604868911755,1.8937790919981694,-0.029192090211949795,0.7744353000785701,0.20850898379184787,0.0,0.0,0.0,0.0,0.041817911265694487,0.0,0.0
9.98,0.7478081841846871,-0.4520605335854502,0.045743604868911755,1.8937790919981694,-0.028775001549554015,0.7744353000785701,0.20850898379184787,0.0,0.0,0.0,0.0,0.0415978872327387,0.0,0.0
9.99,0.7478081841846871,-0.4520605335854502,0.045743604868911755,1.8937790919981694,-0.028360170932720107,0.7744353000785701,0.20850898379184787,0.0,0.0,0.0,0.0,0.0413663236924425,0.0,0.0
10.0,0.7478081841846871,-0.4520605335854502,0.045743604868911755,1.8937790919981694,-0.02794771310436881,0.7744353000785701,0.20850898379184787,0.0,0.0,0.0,0.0,0.04112335167120568,0.0,0.0
10.01,0.7478081841846871,-0.4520605335854502,0.045743604868911755,1.8937790919981694,-0.027537741479383485,0.7744353000785701,0.20850898379184787,0.0,0.0,0.0,0.0,0.04086910573981424,0.0,0.0
10.02,0.7478081841846871,-0.4520605335854502,0.045743604868911755,1.8937790919981694,-0.02713036810947631,0.7744353000785701,0.20850898379184787,0.0,0.0,0.0,0.0,0.04060372395125428,0.0,0.0
10.03,0.7478081841846871,-0.4520605335854502,0.045743604868911755,1.8937790919981694,-0.02672570364868231,0.7744353000785701,0.20850898379184787,0.0,0.0,0.0,0.0,0.04032734777733683,0.0,0.0
10.04,0.7478081841846871,-0.4520605335854502,0.045743604868911755,1.8937790919981694,-0.026323857319492567,0.7744353000785701,0.20850898379184787,0.0,0.0,0.0,0.0,0.04004012204416159,0.0,0.0
10.05,0.7478081841846871,-0.4520605335854502,0.045743604868911755,1.8937790919981694,-0.02592493687963883,0.7744353000785701,0.20850898379184787,0.0,0.0,0.0,0.0,0.039742194866448234,0.0,0.0
10.06,0.7478081841846871,-0.4520605335854502,0.045743604868911755,1.8937790919981694,-0.025529048589540543,0.7744353000785701,0.20850898379184787,0.0,0.0,0.0,0.0,0.03943371758076456,0.0,0.0
10.07,0.7478081841846871,-0.4520605335854502,0.045743604868911755,1.8937790919981694,-0.025136297180424347,0.7744353000785701,0.20850898379184787,0.0,0.0,0.0,0.0,0.039114844677679936,0.0,0.0
10.08,0.7478081841846871,-0.4520605335854502,0.045743604868911755,1.8937790919981694,-0.024746785823127764,0.7744353000785701,0.20850898379184787,0.0,0.0,0.0,0.0,0.03878573373287446,0.0,0.0
10.09,0.7478081841846871,-0.4520605335854502,0.045743604868911755,1.8937790919981694,-0.024360616097596807,0.7744353000785701,0.20850898379184787,0.0,0.0,0.0,0.0,0.0384465453372338,0.0,0.0
10.1,0.7478081841846871,-0.4520605335854502,0.045743604868911755,1.8937790919981694,-0.02397788796308771,0.7744353000785701,0.20850898379184787,0.0,0.0,0.0,0.0,0.03809744302596042,0.0,0.0
10.11,0.7478081841846871,-0.4520605335854502,0.045743604868911755,1.8937790919981694,-0.02359869972908188,0.7744353000785701,0.20850898379184787,0.0,0.0,0.0,0.0,0.03773859320673097,0.0,0.0
10.12,0.7478081841846871,-0.4520605335854502,0.045743604868911755,1.8937790919981694,-0.023223148026924566,0.7744353000785701,0.20850898379184787,0.0,0.0,0.0,0.0,0.03737016508693254,0.0,0.0
10.13,0.7478081841846871,-0.4520605335854502,0.045743604868911755,1.8937790919981694,-0.022851327782194907,0.7744353000785701,0.20850898379184787,0.0,0.0,0.0,0.0,0.03699233060000781,0.0,0.0
10.14,0.7478081841846871,-0.4520605335854502,0.045743604868911755,1.8937790919981694,-0.022483332187817763,0.7744353000785701,0.20850898379184787,0.0,0.0,0.0,0.0,0.036605264330942335,0.0,0.0
10.15,0.7478081841846871,-0.4520605335854502,0.045743604868911755,1.8937790919981694,-0.022119252677923702,0.7744353000785701,0.20850898379184787,0.0,0.0,0.0,0.0,0.03620914344092404,0.0,0.0
10.16,0.7478081841846871,-0.4520605335854502,0.045743604868911755,1.8937790919981694,-0.02175917890246752,0.7744353000785701,0.20850898379184787,0.0,0.0,0.0,0.0,0.03580414759120974,0.0,0.0
10.17,0.7478081841846871,-0.4520605335854502,0.045743604868911755,1.8937790919981694,-0.021403198702611065,0.7744353000785701,0.20850898379184787,0.0,0.0,0.0,0.0,0.0353904588662292,0.0,0.0
10.18,0.7478081841846871,-0.4520605335854502,0.045743604868911755,1.8937790919981694,-0.02105139808687916,0.7744353000785701,0.20850898379184787,0.0,0.0,0.0,0.0,0.034968261695960866,0.0,0.0
10.19,0.7478081841846871,-0.4520605335854502,0.045743604868911755,1.8937790919981694,-0.020703861208095267,0.7744353000785701,0.20850898379184787,0.0,0.0,0.0,0.0,0.03453774277761222,0.0,0.0
10.2,0.7478081841846871,-0.4520605335854502,0.045743604868911755,1.8937790919981694,-0.020360670341103344,0.7744353000785701,0.20850898379184787,0.0,0.0,0.0,0.0,0.03409909099663724,0.0,0.0
10.21,0.7478081841846871,-0.4520605335854502,0.045743604868911755,1.8937790919981694,-0.020021905861282996,0.7744353000785701,0.20850898379184787,0.0,0.0,0.0,0.0,0.03365249734712576,0.0,0.0
10.22,0.7478081841846871,-0.4520605335854502,0.045743604868911755,1.8937790919981694,-0.019687646223863892,0.7744353000785701,0.20850898379184787,0.0,0.0,0.0,0.0,0.03319815485159817,0.0,0.0
10.23,0.7478081841846871,-0.4520605335854502,0.045743604868911755,1.8937790919981694,-0.019357967944044527,0.7744353000785701,0.20850898379184787,0.0,0.0,0.0,0.0,0.03273625848023834,0.0,0.0
10.24,0.7478081841846871,-0.4520605335854502,0.045743604868911755,1.8937790919981694,-0.01903294557792172,0.7744353000785701,0.20850898379184787,0.0,0.0,0.0,0.0,0.03226700506960032,0.0,0.0
10.25,0.7478081841846871,-0.4520605335854502,0.045743604868911755,1.8937790919981694,-0.01871265170423548,0.7744353000785701,0.20850898379184787,0.0,0.0,0.0,0.0,0.0317905932408224,0.0,0.0
10.26,0.7478081841846871,-0.4520605335854502,0.045743604868911755,1.8937790919981694,-0.018397156906934116,0.7744353000785701,0.20850898379184787,0.0,0.0,0.0,0.0,0.03130722331738313,0.0,0.0
10.27,0.7478081841846871,-0.4520605335854502,0.045743604868911755,1.8937790919981694,-0.018086529758563633,0.7744353000785701,0.20850898379184787,0.0,0.0,0.0,0.0,0.0308170972424332,0.0,0.0
10.28,0.7478081841846871,-0.4520605335854502,0.045743604868911755,1.8937790919981694,-0.01778083680448607,0.7744353000785701,0.20850898379184787,0.0,0.0,0.0,0.0,0.030320418495738986,0.0,0.0
10.29,0.7478081841846871,-0.4520605335854502,0.045743604868911755,1.8937790919981694,-0.01748014254793026,0.7744353000785701,0.20850898379184787,0.0,0.0,0.0,0.0,0.029817392010271514,0.0,0.0
10.3,0.7478081841846871,-0.4520605335854502,0.045743604868911755,1.8937790919981694,-0.017184509435877876,0.7744353000785701,0.20850898379184787,0.0,0.0,0.0,0.0,0.029308224088475842,0.0,0.0
10.31,0.7478081841846871,-0.4520605335854502,0.045743604868911755,1.8937790919981694,-0.016893997845788933,0.7744353000785701,0.20850898379184787,0.0,0.0,0.0,0.0,0.028793122318256707,0.0,0.0
10.32,0.7478081841846871,-0.4520605335854502,0.045743604868911755,1.8937790919981694,-0.016608666073167903,0.7744353000785701,0.20850898379184787,0.0,0.0,0.0,0.0,0.028272295488713094,0.0,0.0
10.33,0.7478081841846871,-0.4520605335854502,0.045743604868911755,1.8937790919981694,-0.016328570319974377,0.7744353000785701,0.20850898379184787,0.0,0.0,0.0,0.0,0.02774595350565976,0.0,0.0
10.34,0.7478081841846871,-0.4520605335854502,0.045743604868911755,1.8937790919981694,-0.016053764683878764,0.7744353000785701,0.20850898379184787,0.0,0.0,0.0,0.0,0.02721430730696787,0.0,0.0
10.35,0.7478081841846871,-0.4520605335854502,0.045743604868911755,1.8937790919981694,-0.01578430114836589,0.7744353000785701,0.20850898379184787,0.0,0.0,0.0,0.0,0.026677568777761954,0.0,0.0
10.36,0.7478081841846871,-0.4520605335854502,0.045743604868911755,1.8937790919981694,-0.015520229573686761,0.7744353000785701,0.20850898379184787,0.0,0.0,0.0,0.0,0.0261359506655062,0.0,0.0
10.37,0.7478081841846871,-0.4520605335854502,0.045743604868911755,1.8937790919981694,-0.015261597688660141,0.7744353000785701,0.20850898379184787,0.0,0.0,0.0,0.0,0.02558966649501678,0.0,0.0
10.38,0.7478081841846871,-0.4520605335854502,0.045743604868911755,1.8937790919981694,-0.01500845108332416,0.7744353000785701,0.20850898379184787,0.0,0.0,0.0,0.0,0.025038930483434176,0.0,0.0
10.39,0.7478081841846871,-0.4520605335854502,0.045743604868911755,1.8937790919981694,-0.014760833202438331,0.7744353000785701,0.20850898379184787,0.0,0.0,0.0,0.0,0.024483957455190636,0.0,0.0
10.4,0.7478081841846871,-0.4520605335854502,0.045743604868911755,1.8937790919981694,-0.014518785339835439,0.7744353000785701,0.20850898379184787,0.0,0.0,0.0,0.0,0.02392496275700695,0.0,0.0
10.41,0.7478081841846871,-0.4520605335854502,0.045743604868911755,1.8937790919981694,-0.014282346633623592,0.7744353000785701,0.20850898379184787,0.0,0.0,0.0,0.0,0.023362162172954663,0.0,0.0
10.42,0.7478081841846871,-0.4520605335854502,0.045743604868911755,1.8937790919981694,-0.014051554062237055,0.7744353000785701,0.20850898379184787,0.0,0.0,0.0,0.0,0.022795771839617243,0.0,0.0
10.43,0.7478081841846871,-0.4520605335854502,0.045743604868911755,1.8937790919981694,-0.01382644244133462,0.7744353000785701,0.20850898379184787,0.0,0.0,0.0,0.0,0.02222600816138455,0.0,0.0
10.44,0.7478081841846871,-0.4520605335854502,0.045743604868911755,1.8937790919981694,-0.013607044421544468,0.7744353000785701,0.20850898379184787,0.0,0.0,0.0,0.0,0.02165308772591586,0.0,0.0
10.45,0.7478081841846871,-0.4520605335854502,0.045743604868911755,1.8937790919981694,-0.013393390487053418,0.7744353000785701,0.20850898379184787,0.0,0.0,0.0,0.0,0.021077227219805456,0.0,0.0
10.46,0.7478081841846871,-0.4520605335854502,0.045743604868911755,1.8937790919981694,-0.013185508955038047,0.7744353000785701,0.20850898379184787,0.0,0.0,0.0,0.0,0.02049864334448379,0.0,0.0
10.47,0.7478081841846871,-0.4520605335854502,0.045743604868911755,1.8937790919981694,-0.01298342597593601,0.7744353000785701,0.20850898379184787,0.0,0.0,0.0,0.0,0.019917552732390466,0.0,0.0
10.48,0.7478081841846871,-0.4520605335854502,0.045743604868911755,1.8937790919981694,-0.012787165534553533,0.7744353000785701,0.20850898379184787,0.0,0.0,0.0,0.0,0.019334171863449524,0.0,0.0
10.49,0.7478081841846871,-0.4520605335854502,0.045743604868911755,1.8937790919981694,-0.012596749452007039,0.7744353000785701,0.20850898379184787,0.0,0.0,0.0,0.0,0.018748716981884198,0.0,0.0
10.5,0.7478081841846871,-0.4520605335854502,0.045743604868911755,1.8937790919981694,-0.012412197388494358,0.7744353000785701,0.20850898379184787,0.0,0.0,0.0,0.0,0.018161404013401248,0.0,0.0
10.51,0.7478081841846871,-0.4520605335854502,0.045743604868911755,1.8937790919981694,-0.012233526846892481,0.7744353000785701,0.20850898379184787,0.0,0.0,0.0,0.0,0.017572448482780553,0.0,0.0
10.52,0.7478081841846871,-0.4520605335854502,0.045743604868911755,1.8937790919981694,-0.012060753177176916,0.7744353000785701,0.20850898379184787,0.0,0.0,0.0,0.0,0.01698206543190062,0.0,0.0
10.53,0.7478081841846871,-0.4520605335854502,0.045743604868911755,1.8937790919981694,-0.011893889581658705,0.7744353000785701,0.20850898379184787,0.0,0.0,0.0,0.0,0.01639046933823444,0.0,0.0
10.54,0.7478081841846871,-0.4520605335854502,0.045743604868911755,1.8937790919981694,-0.011732947121033978,0.7744353000785701,0.20850898379184787,0.0,0.0,0.0,0.0,0.015797874033847248,0.0,0.0
10.55,0.7478081841846871,-0.4520605335854502,0.045743604868911755,1.8937790919981694,-0.011577934721240649,0.7744353000785701,0.20850898379184787,0.0,0.0,0.0,0.0,0.015204492624927603,0.0,0.0
10.56,0.7478081841846871,-0.4520605335854502,0.045743604868911755,1.8937790919981694,-0.011428859181117457,0.7744353000785701,0.20850898379184787,0.0,0.0,0.0,0.0,0.014610537411885541,0.0,0.0
10.57,0.7478081841846871,-0.4520605335854502,0.045743604868911755,1.8937790919981694,-0.011285725180858509,0.7744353000785701,0.20850898379184787,0.0,0.0,0.0,0.0,0.014016219810046348,0.0,0.0
10.58,0.7478081841846871,-0.4520605335854502,0.045743604868911755,1.8937790919981694,-0.011148535291258217,0.7744353000785701,0.20850898379184787,0.0,0.0,0.0,0.0,0.013421750270974558,0.0,0.0
10.59,0.7478081841846871,-0.4520605335854502,0.045743604868911755,1.8937790919981694,-0.011017289983739506,0.7744353000785701,0.20850898379184787,0.0,0.0,0.0,0.0,0.012827338204455706,0.0,0.0
10.6,0.7478081841846871,-0.4520605335854502,0.045743604868911755,1.8937790919981694,-0.010891987641158788,0.7744353000785701,0.20850898379184787,0.0,0.0,0.0,0.0,0.012233191901168807,0.0,0.0
10.61,0.7478081841846871,-0.4520605335854502,0.045743604868911755,1.8937790919981694,-0.010772624569380836,0.7744353000785701,0.20850898379184787,0.0,0.0,0.0,0.0,0.011639518456078494,0.0,0.0
10.62,0.7478081841846871,-0.4520605335854502,0.045743604868911755,1.8937790919981694,-0.010659195009615634,0.7744353000785701,0.20850898379184787,0.0,0.0,0.0,0.0,0.011046523692576457,0.0,0.0
10.63,0.7478081841846871,-0.4520605335854502,0.045743604868911755,1.8937790919981694,-0.010551691151510317,0.7744353000785701,0.20850898379184787,0.0,0.0,0.0,0.0,0.010454412087402203,0.0,0.0
10.64,0.7478081841846871,-0.4520605335854502,0.045743604868911755,1.8937790919981694,-0.010450103146987702,0.7744353000785701,0.20850898379184787,0.0,0.0,0.0,0.0,0.009863386696372331,0.0,0.0
10.65,0.7478081841846871,-0.4520605335854502,0.045743604868911755,1.8937790919981694,-0.010354419124823405,0.7744353000785701,0.20850898379184787,0.0,0.0,0.0,0.0,0.009273649080945304,0.0,0.0
10.66,0.7478081841846871,-0.4520605335854502,0.045743604868911755,1.8937790919981694,-0.010264625205952952,0.7744353000785701,0.20850898379184787,0.0,0.0,0.0,0.0,0.008685399235651814,0.0,0.0
10.67,0.7478081841846871,-0.4520605335854502,0.045743604868911755,1.8937790919981694,-0.01018070551950024,0.7744353000785701,0.20850898379184787,0.0,0.0,0.0,0.0,0.00809883551641753,0.0,0.0
10.68,0.7478081841846871,-0.4520605335854502,0.045743604868911755,1.8937790919981694,-0.010102642219518159,0.7744353000785701,0.20850898379184787,0.0,0.0,0.0,0.0,0.007514154569805901,0.0,0.0
10.69,0.7478081841846871,-0.4520605335854502,0.045743604868911755,1.8937790919981694,-0.010030415502432066,0.7744353000785701,0.20850898379184787,0.0,0.0,0.0,0.0,0.006931551263206872,0.0,0.0
10.7,0.7478081841846871,-0.4520605335854502,0.045743604868911755,1.8937790919981694,-0.009964003625176503,0.7744353000785701,0.20850898379184787,0.0,0.0,0.0,0.0,0.00635121861599986,0.0,0.0
10.71,0.7478081841846871,-0.4520605335854502,0.045743604868911755,1.8937790919981694,-0.009903382924015349,0.7744353000785701,0.20850898379184787,0.0,0.0,0.0,0.0,0.005773347731714508,0.0,0.0
10.72,0.7478081841846871,-0.4520605335854502,0.045743604868911755,1.8937790919981694,-0.009848527834035295,0.7744353000785701,0.20850898379184787,0.0,0.0,0.0,0.0,0.005198127731217383,0.0,0.0
10.73,0.7478081841846871,-0.4520605335854502,0.045743604868911755,1.8937790919981694,-0.009799410909302107,0.7744353000785701,0.20850898379184787,0.0,0.0,0.0,0.0,0.004625745686946392,0.0,0.0
10.74,0.7478081841846871,-0.4520605335854502,0.045743604868911755,1.8937790919981694,-0.009756002843669342,0.7744353000785701,0.20850898379184787,0.0,0.0,0.0,0.0,0.004056386558220823,0.0,0.0
10.75,0.7478081841846871,-0.4520605335854502,0.045743604868911755,1.8937790919981694,-0.009718272492228376,0.7744353000785701,0.20850898379184787,0.0,0.0,0.0,0.0,0.003490233127647913,0.0,0.0
10.76,0.7478081841846871,-0.4520605335854502,0.045743604868911755,1.8937790919981694,-0.009686186893388828,0.7744353000785701,0.20850898379184787,0.0,0.0,0.0,0.0,0.002927465938651481,0.0,0.0
10.77,0.7478081841846871,-0.4520605335854502,0.045743604868911755,1.8937790919981694,-0.009659711291578055,0.7744353000785701,0.20850898379184787,0.0,0.0,0.0,0.0,0.0023682632341446765,0.0,0.0
10.78,0.7478081841846871,-0.4520605335854502,0.045743604868911755,1.8937790919981694,-0.009638809160547969,0.7744353000785701,0.20850898379184787,0.0,0.0,0.0,0.0,0.0018128008963688102,0.0,0.0
10.79,0.7478081841846871,-0.4520605335854502,0.045743604868911755,1.8937790919981694,-0.009623442227277644,0.7744353000785701,0.20850898379184787,0.0,0.0,0.0,0.0,0.0012612523879210994,0.0,0.0
10.8,0.7478081841846871,-0.4520605335854502,0.045743604868911755,1.8937790919981694,-0.009613570496459584,0.7744353000785701,0.20850898379184787,0.0,0.0,0.0,0.0,0.000713788693991918,0.0,0.0
10.81,0.7478081841846871,-0.4520605335854502,0.045743604868911755,1.8937790919981694,-0.009609152275557524,0.7744353000785701,0.20850898379184787,0.0,0.0,0.0,0.0,0.00017057826583251407,0.0,0.0
10.82,0.7478081841846871,-0.4520605335854502,0.045743604868911755,1.8937790919981694,-0.009610144200423228,0.7744353000785701,0.20850898379184787,-0.0,-0.0,-0.0,-0.0,-0.00036821303452741526,-0.0,-0.0
10.83,0.7478081841846871,-0.4520605335854502,0.045743604868911755,1.8937790919981694,-0.00961650126145986,0.7744353000785701,0.20850898379184787,-0.0,-0.0,-0.0,-0.0,-0.00090242198829123,-0.0,-0.0
10.84,0.7478081841846871,-0.4520605335854502,0.045743604868911755,1.8937790919981694,-0.009628176830318986,0.7744353000785701,0.20850898379184787,-0.0,-0.0,-0.0,-0.0,-0.0014318880726180714,-0.0,-0.0
10.85,0.7478081841846871,-0.4520605335854502,0.045743604868911755,1.8937790919981694,-0.00964512268711835,0.7744353000785701,0.20850898379184787,-0.0,-0.0,-0.0,-0.0,-0.0019564535120386905,-0.0,-0.0
10.86,0.7478081841846871,-0.4520605335854502,0.045743604868911755,1.8937790919981694,-0.009667289048167122,0.7744353000785701,0.20850898379184787,-0.0,-0.0,-0.0,-0.0,-0.00247596332854552,-0.0,-0.0
10.87,0.7478081841846871,-0.4520605335854502,0.045743604868911755,1.8937790919981694,-0.009694624594185356,0.7744353000785701,0.20850898379184787,-0.0,-0.0,-0.0,-0.0,-0.0029902653903404095,-0.0,-0.0
10.88,0.7478081841846871,-0.4520605335854502,0.045743604868911755,1.8937790919981694,-0.009727076499004252,0.7744353000785701,0.20850898379184787,-0.0,-0.0,-0.0,-0.0,-0.003499210459224096,-0.0,-0.0
10.89,0.7478081841846871,-0.4520605335854502,0.045743604868911755,1.8937790919981694,-0.009764590458733246,0.7744353000785701,0.20850898379184787,-0.0,-0.0,-0.0,-0.0,-0.004002652236609635,-0.0,-0.0
10.9,0.7478081841846871,-0.4520605335854502,0.045743604868911755,1.8937790919981694,-0.00980711072138055,0.7744353000785701,0.20850898379184787,-0.0,-0.0,-0.0,-0.0,-0.0045004474081471605,-0.0,-0.0
10.91,0.7478081841846871,-0.4520605335854502,0.045743604868911755,1.8937790919981694,-0.009854580116912672,0.7744353000785701,0.20850898379184787,-0.0,-0.0,-0.0,-0.0,-0.004992455686942298,-0.0,-0.0
10.92,0.7478081841846871,-0.4520605335854502,0.045743604868911755,1.8937790919981694,-0.009906940087739253,0.7744353000785701,0.20850898379184787,-0.0,-0.0,-0.0,-0.0,-0.005478539855356824,-0.0,-0.0
10.93,0.7478081841846871,-0.4520605335854502,0.045743604868911755,1.8937790919981694,-0.009964130719608624,0.7744353000785701,0.20850898379184787,-0.0,-0.0,-0.0,-0.0,-0.005958565805376068,-0.0,-0.0
10.94,0.7478081841846871,-0.4520605335854502,0.045743604868911755,1.8937790919981694,-0.010026090772899867,0.7744353000785701,0.20850898379184787,-0.0,-0.0,-0.0,-0.0,-0.0064324025775320285,-0.0,-0.0
10.95,0.7478081841846871,-0.4520605335854502,0.045743604868911755,1.8937790919981694,-0.010092757714296848,0.7744353000785701,0.20850898379184787,-0.0,-0.0,-0.0,-0.0,-0.006899922398368701,-0.0,-0.0
10.96,0.7478081841846871,-0.4520605335854502,0.045743604868911755,1.8937790919981694,-0.010164067748829515,0.7744353000785701,0.20850898379184787,-0.0,-0.0,-0.0,-0.0,-0.007361000716438852,-0.0,-0.0
10.97,0.7478081841846871,-0.4520605335854502,0.045743604868911755,1.8937790919981694,-0.010239955852267807,0.7744353000785701,0.20850898379184787,-0.0,-0.0,-0.0,-0.0,-0.007815516236821212,-0.0,-0.0
10.98,0.7478081841846871,-0.4520605335854502,0.045743604868911755,1.8937790919981694,-0.010320355803853383,0.7744353000785701,0.20850898379184787,-0.0,-0.0,-0.0,-0.0,-0.008263350954148579,-0.0,-0.0
10.99,0.7478081841846871,-0.4520605335854502,0.045743604868911755,1.8937790919981694,-0.010405200219353955,0.7744353000785701,0.20850898379184787,-0.0,-0.0,-0.0,-0.0,-0.008704390184135994,-0.0,-0.0
11.0,0.7478081841846871,-0.4520605335854502,0.045743604868911755,1.8937790919981694,-0.010494420584425498,0.7744353000785701,0.20850898379184787,-0.0,-0.0,-0.0,-0.0,-0.00913852259360124,-0.0,-0.0
11.01,0.7478081841846871,-0.4520605335854502,0.045743604868911755,1.8937790919981694,-0.010587947288267115,0.7744353000785701,0.20850898379184787,-0.0,-0.0,-0.0,-0.0,-0.009565640228969566,-0.0,-0.0
11.02,0.7478081841846871,-0.4520605335854502,0.045743604868911755,1.8937790919981694,-0.01068570965755326,0.7744353000785701,0.20850898379184787,-0.0,-0.0,-0.0,-0.0,-0.009985638543254419,-0.0,-0.0
11.03,0.7478081841846871,-0.4520605335854502,0.045743604868911755,1.8937790919981694,-0.010787635990628087,0.7744353000785701,0.20850898379184787,-0.0,-0.0,-0.0,-0.0,-0.010398416421507751,-0.0,-0.0
11.04,0.7478081841846871,-0.4520605335854502,0.045743604868911755,1.8937790919981694,-0.01089365359194681,0.7744353000785701,0.20850898379184787,-0.0,-0.0,-0.0,-0.0,-0.010803876204734284,-0.0,-0.0
11.05,0.7478081841846871,-0.4520605335854502,0.045743604868911755,1.8937790919981694,-0.011003688806748305,0.7744353000785701,0.20850898379184787,-0.0,-0.0,-0.0,-0.0,-0.01120192371226334,-0.0,-0.0
11.06,0.7478081841846871,-0.4520605335854502,0.045743604868911755,1.8937790919981694,-0.011117667055943744,0.7744353000785701,0.20850898379184787,-0.0,-0.0,-0.0,-0.0,-0.011592468262573794,-0.0,-0.0
11.07,0.7478081841846871,-0.4520605335854502,0.045743604868911755,1.8937790919981694,-0.011235512871205808,0.7744353000785701,0.20850898379184787,-0.0,-0.0,-0.0,-0.0,-0.011975422692568802,-0.0,-0.0
11.08,0.7478081841846871,-0.4520605335854502,0.045743604868911755,1.8937790919981694,-0.011357149930242831,0.7744353000785701,0.20850898379184787,-0.0,-0.0,-0.0,-0.0,-0.012350703375295773,-0.0,-0.0
11.09,0.7478081841846871,-0.4520605335854502,0.045743604868911755,1.8937790919981694,-0.011482501092242324,0.7744353000785701,0.20850898379184787,-0.0,-0.0,-0.0,-0.0,-0.012718230236109409,-0.0,-0.0
11.1,0.7478081841846871,-0.4520605335854502,0.045743604868911755,1.8937790919981694,-0.011611488433468386,0.7744353000785701,0.20850898379184787,-0.0,-0.0,-0.0,-0.0,-0.013077926767275573,-0.0,-0.0
11.11,0.7478081841846871,-0.4520605335854502,0.045743604868911755,1.8937790919981694,-0.011744033282997349,0.7744353000785701,0.20850898379184787,-0.0,-0.0,-0.0,-0.0,-0.013429720041015157,-0.0,-0.0
11.12,0.7478081841846871,-0.4520605335854502,0.045743604868911755,1.8937790919981694,-0.011880056258575963,0.7744353000785701,0.20850898379184787,-0.0,-0.0,-0.0,-0.0,-0.013773540720986138,-0.0,-0.0
11.13,0.7478081841846871,-0.4520605335854502,0.045743604868911755,1.8937790919981694,-0.012019477302586807,0.7744353000785701,0.20850898379184787,-0.0,-0.0,-0.0,-0.0,-0.014109323072205181,-0.0,-0.0
11.14,0.7478081841846871,-0.4520605335854502,0.045743604868911755,1.8937790919981694,-0.012162215718104826,0.7744353000785701,0.20850898379184787,-0.0,-0.0,-0.0,-0.0,-0.014437004969407858,-0.0,-0.0
11.15,0.7478081841846871,-0.4520605335854502,0.045743604868911755,1.8937790919981694,-0.012308190205029997,0.7744353000785701,0.20850898379184787,-0.0,-0.0,-0.0,-0.0,-0.014756527903850718,-0.0,-0.0
11.16,0.7478081841846871,-0.4520605335854502,0.045743604868911755,1.8937790919981694,-0.01245731889627987,0.7744353000785701,0.20850898379184787,-0.0,-0.0,-0.0,-0.0,-0.015067836988555135,-0.0,-0.0
11.17,0.7478081841846871,-0.4520605335854502,0.045743604868911755,1.8937790919981694,-0.012609519394027121,0.7744353000785701,0.20850898379184787,-0.0,-0.0,-0.0,-0.0,-0.01537088096199741,-0.0,-0.0
11.18,0.7478081841846871,-0.4520605335854502,0.045743604868911755,1.8937790919981694,-0.012764708805966026,0.7744353000785701,0.20850898379184787,-0.0,-0.0,-0.0,-0.0,-0.01566561219024724,-0.0,-0.0
11.19,0.7478081841846871,-0.4520605335854502,0.045743604868911755,1.8937790919981694,-0.012922803781592558,0.7744353000785701,0.20850898379184787,-0.0,-0.0,-0.0,-0.0,-0.015951986667559086,-0.0,-0.0
11.2,0.7478081841846871,-0.4520605335854502,0.045743604868911755,1.8937790919981694,-0.013083720548482917,0.7744353000785701,0.20850898379184787,-0.0,-0.0,-0.0,-0.0,-0.016229964015421258,-0.0,-0.0
11.21,0.7478081841846871,-0.4520605335854502,0.045743604868911755,1.8937790919981694,-0.013247374948554621,0.7744353000785701,0.20850898379184787,-0.0,-0.0,-0.0,-0.0,-0.016499507480067607,-0.0,-0.0
11.22,0.7478081841846871,-0.4520605335854502,0.045743604868911755,1.8937790919981694,-0.013413682474295077,0.7744353000785701,0.20850898379184787,-0.0,-0.0,-0.0,-0.0,-0.016760583928457858,-0.0,-0.0
11.23,0.7478081841846871,-0.4520605335854502,0.045743604868911755,1.8937790919981694,-0.01358255830494248,0.7744353000785701,0.20850898379184787,-0.0,-0.0,-0.0,-0.0,-0.017013163842733867,-0.0,-0.0
11.24,0.7478081841846871,-0.4520605335854502,0.045743604868911755,1.8937790919981694,-0.01375391734260359,0.7744353000785701,0.20850898379184787,-0.0,-0.0,-0.0,-0.0,-0.01725722131315823,-0.0,-0.0
11.25,0.7478081841846871,-0.4520605335854502,0.045743604868911755,1.8937790919981694,-0.01392767424829332,0.7744353000785701,0.20850898379184787,-0.0,-0.0,-0.0,-0.0,-0.017492734029543634,-0.0,-0.0
11.26,0.7478081841846871,-0.4520605335854502,0.045743604868911755,1.8937790919981694,-0.014103743477881063,0.7744353000785701,0.20850898379184787,-0.0,-0.0,-0.0,-0.0,-0.017719683271181307,-0.0,-0.0
11.27,0.7478081841846871,-0.4520605335854502,0.045743604868911755,1.8937790919981694,-0.014282039317929006,0.7744353000785701,0.20850898379184787,-0.0,-0.0,-0.0,-0.0,-0.017938053895278246,-0.0,-0.0
11.28,0.7478081841846871,-0.4520605335854502,0.045743604868911755,1.8937790919981694,-0.014462475921407252,0.7744353000785701,0.20850898379184787,-0.0,-0.0,-0.0,-0.0,-0.018147834323912315,-0.0,-0.0
11.29,0.7478081841846871,-0.4520605335854502,0.045743604868911755,1.8937790919981694,-0.01464496734327109,0.7744353000785701,0.20850898379184787,-0.0,-0.0,-0.0,-0.0,-0.018349016529516194,-0.0,-0.0
11.3,0.7478081841846871,-0.4520605335854502,0.045743604868911755,1.8937790919981694,-0.014829427575886067,0.7744353000785701,0.20850898379184787,-0.0,-0.0,-0.0,-0.0,-0.018541596018901242,-0.0,-0.0
11.31,0.7478081841846871,-0.4520605335854502,0.045743604868911755,1.8937790919981694,-0.01501577058428559,0.7744353000785701,0.20850898379184787,-0.0,-0.0,-0.0,-0.0,-0.018725571815832478,-0.0,-0.0
11.32,0.7478081841846871,-0.4520605335854502,0.045743604868911755,1.8937790919981694,-0.015203910341247627,0.7744353000785701,0.20850898379184787,-0.0,-0.0,-0.0,-0.0,-0.0189009464421678,-0.0,-0.0
11.33,0.7478081841846871,-0.4520605335854502,0.045743604868911755,1.8937790919981694,-0.015393760862175152,0.7744353000785701,0.20850898379184787,-0.0,-0.0,-0.0,-0.0,-0.01906772589757337,-0.0,-0.0
11.34,0.7478081841846871,-0.4520605335854502,0.045743604868911755,1.8937790919981694,-0.015585236239767129,0.7744353000785701,0.20850898379184787,-0.0,-0.0,-0.0,-0.0,-0.01922591963782946,-0.0,-0.0
11.35,0.7478081841846871,-0.4520605335854502,0.045743604868911755,1.8937790919981694,-0.015778250678465177,0.7744353000785701,0.20850898379184787,-0.0,-0.0,-0.0,-0.0,-0.019375540551740258,-0.0,-0.0
11.36,0.7478081841846871,-0.4520605335854502,0.045743604868911755,1.8937790919981694,-0.015972718528662742,0.7744353000785701,0.20850898379184787,-0.0,-0.0,-0.0,-0.0,-0.019516604936662674,-0.0,-0.0
11.37,0.7478081841846871,-0.4520605335854502,0.045743604868911755,1.8937790919981694,-0.016168554320662516,0.7744353000785701,0.20850898379184787,-0.0,-0.0,-0.0,-0.0,-0.019649132472669136,-0.0,-0.0
11.38,0.7478081841846871,-0.4520605335854502,0.045743604868911755,1.8937790919981694,-0.016365672798368765,0.7744353000785701,0.20850898379184787,-0.0,-0.0,-0.0,-0.0,-0.019773146195360095,-0.0,-0.0
11.39,0.7478081841846871,-0.4520605335854502,0.045743604868911755,1.8937790919981694,-0.016563988952701017,0.7744353000785701,0.20850898379184787,-0.0,-0.0,-0.0,-0.0,-0.019888672467342876,-0.0,-0.0
11.4,0.7478081841846871,-0.4520605335854502,0.045743604868911755,1.8937790919981694,-0.016763418054716248,0.7744353000785701,0.20850898379184787,-0.0,-0.0,-0.0,-0.0,-0.019995740948393497,-0.0,-0.0
11.41,0.7478081841846871,-0.4520605335854502,0.045743604868911755,1.8937790919981694,-0.016963875688425813,0.7744353000785701,0.20850898379184787,-0.0,-0.0,-0.0,-0.0,-0.02009438456431884,-0.0,-0.0
11.42,0.7478081841846871,-0.4520605335854502,0.045743604868911755,1.8937790919981694,-0.017165277783294693,0.7744353000785701,0.20850898379184787,-0.0,-0.0,-0.0,-0.0,-0.02018463947453728,-0.0,-0.0
11.43,0.7478081841846871,-0.4520605335854502,0.045743604868911755,1.8937790919981694,-0.017367540646410322,0.7744353000785701,0.20850898379184787,-0.0,-0.0,-0.0,-0.0,-0.02026654503839627,-0.0,-0.0
11.44,0.7478081841846871,-0.4520605335854502,0.045743604868911755,1.8937790919981694,-0.017570580994308256,0.7744353000785701,0.20850898379184787,-0.0,-0.0,-0.0,-0.0,-0.02034014378024561,-0.0,-0.0
11.45,0.7478081841846871,-0.4520605335854502,0.045743604868911755,1.8937790919981694,-0.01777431598444236,0.7744353000785701,0.20850898379184787,-0.0,-0.0,-0.0,-0.0,-0.0204054813532861,-0.0,-0.0
11.46,0.7478081841846871,-0.4520605335854502,0.045743604868911755,1.8937790919981694,-0.01797866324628772,0.7744353000785701,0.20850898379184787,-0.0,-0.0,-0.0,-0.0,-0.020462606502213525,-0.0,-0.0
11.47,0.7478081841846871,-0.4520605335854502,0.045743604868911755,1.8937790919981694,-0.018183540912063617,0.7744353000785701,0.20850898379184787,-0.0,-0.0,-0.0,-0.0,-0.020511571024678203,-0.0,-0.0
11.48,0.7478081841846871,-0.4520605335854502,0.045743604868911755,1.8937790919981694,-0.018388867647065796,0.7744353000785701,0.20850898379184787,-0.0,-0.0,-0.0,-0.0,-0.020552429731581494,-0.0,-0.0
11.49,0.7478081841846871,-0.4520605335854502,0.045743604868911755,1.8937790919981694,-0.018594562679595444,0.7744353000785701,0.20850898379184787,-0.0,-0.0,-0.0,-0.0,-0.02058524040623007,-0.0,-0.0
11.5,0.7478081841846871,-0.4520605335854502,0.045743604868911755,1.8937790919981694,-0.01880054583047451,0.7744353000785701,0.20850898379184787,-0.0,-0.0,-0.0,-0.0,-0.020610063762370286,-0.0,-0.0
11.51,0.7478081841846871,-0.4520605335854502,0.045743604868911755,1.8937790919981694,-0.019006737542135638,0.7744353000785701,0.20850898379184787,-0.0,-0.0,-0.0,-0.0,-0.02062696340112457,-0.0,-0.0
11.52,0.7478081841846871,-0.4520605335854502,0.045743604868911755,1.8937790919981694,-0.01921305890727601,0.7744353000785701,0.20850898379184787,-0.0,-0.0,-0.0,-0.0,-0.020636005766852854,-0.0,-0.0
11.53,0.7478081841846871,-0.4520605335854502,0.045743604868911755,1.8937790919981694,-0.01941943169706485,0.7744353000785701,0.20850898379184787,-0.0,-0.0,-0.0,-0.0,-0.020637260101961926,-0.0,-0.0
11.54,0.7478081841846871,-0.4520605335854502,0.045743604868911755,1.8937790919981694,-0.01962577838889343,0.7744353000785701,0.20850898379184787,-0.0,-0.0,-0.0,-0.0,-0.020630798400686354,-0.0,-0.0
11.55,0.7478081841846871,-0.4520605335854502,0.045743604868911755,1.8937790919981694,-0.01983202219365828,0.7744353000785701,0.20850898379184787,-0.0,-0.0,-0.0,-0.0,-0.020616695361864987,-0.0,-0.0
11.56,0.7478081841846871,-0.4520605335854502,0.045743604868911755,1.8937790919981694,-0.0200380870825667,0.7744353000785701,0.20850898379184787,-0.0,-0.0,-0.0,-0.0,-0.020595028340737287,-0.0,-0.0
11.57,0.7478081841846871,-0.4520605335854502,0.045743604868911755,1.8937790919981694,-0.020243897813456126,0.7744353000785701,0.20850898379184787,-0.0,-0.0,-0.0,-0.0,-0.020565877299784072,-0.0,-0.0
11.58,0.7478081841846871,-0.4520605335854502,0.045743604868911755,1.8937790919981694,-0.02044937995661659,0.7744353000785701,0.20850898379184787,-0.0,-0.0,-0.0,-0.0,-0.020529324758637942,-0.0,-0.0
11.59,0.7478081841846871,-0.4520605335854502,0.045743604868911755,1.8937790919981694,-0.020654459920108142,0.7744353000785701,0.20850898379184787,-0.0,-0.0,-0.0,-0.0,-0.020485455743088823,-0.0,-0.0
11.6,0.7478081841846871,-0.4520605335854502,0.045743604868911755,1.8937790919981694,-0.02085906497456375,0.7744353000785701,0.20850898379184787,-0.0,-0.0,-0.0,-0.0,-0.0204343577332101,-0.0,-0.0
11.61,0.7478081841846871,-0.4520605335854502,0.045743604868911755,1.8937790919981694,-0.02106312327746911,0.7744353000785701,0.20850898379184787,-0.0,-0.0,-0.0,-0.0,-0.020376120610631727,-0.0,-0.0
11.62,0.7478081841846871,-0.4520605335854502,0.045743604868911755,1.8937790919981694,-0.021266563896911277,0.7744353000785701,0.20850898379184787,-0.0,-0.0,-0.0,-0.0,-0.0203108366049865,-0.0,-0.0
11.63,0.7478081841846871,-0.4520605335854502,0.045743604868911755,1.8937790919981694,-0.02146931683478751,0.7744353000785701,0.20850898379184787,-0.0,-0.0,-0.0,-0.0,-0.02023860023955639,-0.0,-0.0
11.64,0.7478081841846871,-0.4520605335854502,0.045743604868911755,1.8937790919981694,-0.02167131304946665,0.7744353000785701,0.20850898379184787,-0.0,-0.0,-0.0,-0.0,-0.020159508276145724,-0.0,-0.0
11.65,0.7478081841846871,-0.4520605335854502,0.045743604868911755,1.8937790919981694,-0.021872484477895762,0.7744353000785701,0.20850898379184787,-0.0,-0.0,-0.0,-0.0,-0.020073659659208647,-0.0,-0.0
11.66,0.7478081841846871,-0.4520605335854502,0.045743604868911755,1.8937790919981694,-0.022072764057144218,0.7744353000785701,0.20850898379184787,-0.0,-0.0,-0.0,-0.0,-0.01998115545925823,-0.0,-0.0
11.67,0.7478081841846871,-0.4520605335854502,0.045743604868911755,1.8937790919981694,-0.02227208574537842,0.7744353000785701,0.20850898379184787,-0.0,-0.0,-0.0,-0.0,-0.0198820988155852,-0.0,-0.0
11.68,0.7478081841846871,-0.4520605335854502,0.045743604868911755,1.8937790919981694,-0.022470384542260337,0.7744353000785701,0.20850898379184787,-0.0,-0.0,-0.0,-0.0,-0.019776594878314242,-0.0,-0.0
11.69,0.7478081841846871,-0.4520605335854502,0.045743604868911755,1.8937790919981694,-0.022667596508763623,0.7744353000785701,0.20850898379184787,-0.0,-0.0,-0.0,-0.0,-0.019664750749825977,-0.0,-0.0
11.7,0.7478081841846871,-0.4520605335854502,0.045743604868911755,1.8937790919981694,-0.022863658786400592,0.7744353000785701,0.20850898379184787,-0.0,-0.0,-0.0,-0.0,-0.019546675425573305,-0.0,-0.0
11.71,0.7478081841846871,-0.4520605335854502,0.045743604868911755,1.8937790919981694,-0.023058509615854775,0.7744353000785701,0.20850898379184787,-0.0,-0.0,-0.0,-0.0,-0.019422479734320656,-0.0,-0.0
11.72,0.7478081841846871,-0.4520605335854502,0.045743604868911755,1.8937790919981694,-0.023252088355012673,0.7744353000785701,0.20850898379184787,-0.0,-0.0,-0.0,-0.0,-0.019292276277835155,-0.0,-0.0
11.73,0.7478081841846871,-0.4520605335854502,0.045743604868911755,1.8937790919981694,-0.023444335496390398,0.7744353000785701,0.20850898379184787,-0.0,-0.0,-0.0,-0.0,-0.019156179370058243,-0.0,-0.0
11.74,0.7478081841846871,-0.4520605335854502,0.045743604868911755,1.8937790919981694,-0.02363519268394895,0.7744353000785701,0.20850898379184787,-0.0,-0.0,-0.0,-0.0,-0.019014304975787665,-0.0,-0.0
11.75,0.7478081841846871,-0.4520605335854502,0.045743604868911755,1.8937790919981694,-0.02382460272929441,0.7744353000785701,0.20850898379184787,-0.0,-0.0,-0.0,-0.0,-0.01886677064889858,-0.0,-0.0
11.76,0.7478081841846871,-0.4520605335854502,0.045743604868911755,1.8937790919981694,-0.024012509627257966,0.7744353000785701,0.20850898379184787,-0.0,-0.0,-0.0,-0.0,-0.018713695470133497,-0.0,-0.0
11.77,0.7478081841846871,-0.4520605335854502,0.045743604868911755,1.8937790919981694,-0.024198858570851786,0.7744353000785701,0.20850898379184787,-0.0,-0.0,-0.0,-0.0,-0.01855519998449071,-0.0,-0.0
11.78,0.7478081841846871,-0.4520605335854502,0.045743604868911755,1.8937790919981694,-0.02438359596559707,0.7744353000785701,0.20850898379184787,-0.0,-0.0,-0.0,-0.0,-0.018391406138240505,-0.0,-0.0
11.79,0.7478081841846871,-0.4520605335854502,0.045743604868911755,1.8937790919981694,-0.024566669443220363,0.7744353000785701,0.20850898379184787,-0.0,-0.0,-0.0,-0.0,-0.0182224372155995,-0.0,-0.0
11.8,0.7478081841846871,-0.4520605335854502,0.045743604868911755,1.8937790919981694,-0.024748027874715053,0.7744353000785701,0.20850898379184787,-0.0,-0.0,-0.0,-0.0,-0.018048417775092605,-0.0,-0.0
11.81,0.7478081841846871,-0.4520605335854502,0.045743604868911755,1.8937790919981694,-0.02492762138276503,0.7744353000785701,0.20850898379184787,-0.0,-0.0,-0.0,-0.0,-0.01786947358563262,-0.0,-0.0
11.82,0.7478081841846871,-0.4520605335854502,0.045743604868911755,1.8937790919981694,-0.02510540135352806,0.7744353000785701,0.20850898379184787,-0.0,-0.0,-0.0,-0.0,-0.017685731562347363,-0.0,-0.0
11.83,0.7478081841846871,-0.4520605335854502,0.045743604868911755,1.8937790919981694,-0.025281320447776024,0.7744353000785701,0.20850898379184787,-0.0,-0.0,-0.0,-0.0,-0.01749731970218458,-0.0,-0.0
11.84,0.7478081841846871,-0.4520605335854502,0.045743604868911755,1.8937790919981694,-0.025455332611390262,0.7744353000785701,0.20850898379184787,-0.0,-0.0,-0.0,-0.0,-0.01730436701932462,-0.0,-0.0
11.85,0.7478081841846871,-0.4520605335854502,0.045743604868911755,1.8937790919981694,-0.025627393085210424,0.7744353000785701,0.20850898379184787,-0.0,-0.0,-0.0,-0.0,-0.017107003480430507,-0.0,-0.0
11.86,0.7478081841846871,-0.4520605335854502,0.045743604868911755,1.8937790919981694,-0.0257974584142349,0.7744353000785701,0.20850898379184787,-0.0,-0.0,-0.0,-0.0,-0.01690535993976621,-0.0,-0.0
11.87,0.7478081841846871,-0.4520605335854502,0.045743604868911755,1.8937790919981694,-0.025965486456171936,0.7744353000785701,0.20850898379184787,-0.0,-0.0,-0.0,-0.0,-0.016699568074212582,-0.0,-0.0
11.88,0.7478081841846871,-0.4520605335854502,0.045743604868911755,1.8937790919981694,-0.026131436389340734,0.7744353000785701,0.20850898379184787,-0.0,-0.0,-0.0,-0.0,-0.016489760318211,-0.0,-0.0
11.89,0.7478081841846871,-0.4520605335854502,0.045743604868911755,1.8937790919981694,-0.026295268719921324,0.7744353000785701,0.20850898379184787,-0.0,-0.0,-0.0,-0.0,-0.016276069798665322,-0.0,-0.0
11.9,0.7478081841846871,-0.4520605335854502,0.045743604868911755,1.8937790919981694,-0.026456945288553937,0.7744353000785701,0.20850898379184787,-0.0,-0.0,-0.0,-0.0,-0.016058630269830797,-0.0,-0.0
11.91,0.7478081841846871,-0.4520605335854502,0.045743604868911755,1.8937790919981694,-0.026616429276286775,0.7744353000785701,0.20850898379184787,-0.0,-0.0,-0.0,-0.0,-0.015837576048221325,-0.0,-0.0
11.92,0.7478081841846871,-0.4520605335854502,0.045743604868911755,1.8937790919981694,-0.026773685209873506,0.7744353000785701,0.20850898379184787,-0.0,-0.0,-0.0,-0.0,-0.015613041947563484,-0.0,-0.0
11.93,0.7478081841846871,-0.4520605335854502,0.045743604868911755,1.8937790919981694,-0.0269286789664203,0.7744353000785701,0.20850898379184787,-0.0,-0.0,-0.0,-0.0,-0.015385163213827994,-0.0,-0.0
11.94,0.7478081841846871,-0.4520605335854502,0.045743604868911755,1.8937790919981694,-0.027081377777384005,0.7744353000785701,0.20850898379184787,-0.0,-0.0,-0.0,-0.0,-0.015154075460367265,-0.0,-0.0
11.95,0.7478081841846871,-0.4520605335854502,0.045743604868911755,1.8937790919981694,-0.027231750231922133,0.7744353000785701,0.20850898379184787,-0.0,-0.0,-0.0,-0.0,-0.014919914603189284,-0.0,-0.0
11.96,0.7478081841846871,-0.4520605335854502,0.045743604868911755,1.8937790919981694,-0.02737976627959647,0.7744353000785701,0.20850898379184787,-0.0,-0.0,-0.0,-0.0,-0.01468281679639668,-0.0,-0.0
11.97,0.7478081841846871,-0.4520605335854502,0.045743604868911755,1.8937790919981694,-0.027525397232431963,0.7744353000785701,0.20850898379184787,-0.0,-0.0,-0.0,-0.0,-0.014442918367820166,-0.0,-0.0
11.98,0.7478081841846871,-0.4520605335854502,0.045743604868911755,1.8937790919981694,-0.027668615766333223,0.7744353000785701,0.20850898379184787,-0.0,-0.0,-0.0,-0.0,-0.014200355754875243,-0.0,-0.0
11.99,0.7478081841846871,-0.4520605335854502,0.045743604868911755,1.8937790919981694,-0.0278093959218606,0.7744353000785701,0.20850898379184787,-0.0,-0.0,-0.0,-0.0,-0.013955265440671353,-0.0,-0.0
12.0,0.7478081841846871,-0.4520605335854502,0.045743604868911755,1.8937790919981694,-0.02794771310436879,0.7744353000785701,0.20850898379184787,-0.0,-0.0,-0.0,-0.0,-0.013707783890401889,-0.0,-0.0
12.01,0.7478081841846871,-0.4520605335854502,0.045743604868911755,1.8937790919981694,-0.028083544083511013,0.7744353000785701,0.20850898379184787,-0.0,-0.0,-0.0,-0.0,-0.013458047488043095,-0.0,-0.0
12.02,0.7478081841846871,-0.4520605335854502,0.045743604868911755,1.8937790919981694,-0.028216866992111653,0.7744353000785701,0.20850898379184787,-0.0,-0.0,-0.0,-0.0,-0.01320619247339081,-0.0,-0.0
12.03,0.7478081841846871,-0.4520605335854502,0.045743604868911755,1.8937790919981694,-0.028347661324411133,0.7744353000785701,0.20850898379184787,-0.0,-0.0,-0.0,-0.0,-0.012952354879462518,-0.0,-0.0
12.04,0.7478081841846871,-0.4520605335854502,0.045743604868911755,1.8937790919981694,-0.02847590793368684,0.7744353000785701,0.20850898379184787,-0.0,-0.0,-0.0,-0.0,-0.012696670470292515,-0.0,-0.0
12.05,0.7478081841846871,-0.4520605335854502,0.045743604868911755,1.8937790919981694,-0.02860158902925399,0.7744353000785701,0.20850898379184787,-0.0,-0.0,-0.0,-0.0,-0.012439274679147804,-0.0,-0.0
12.06,0.7478081841846871,-0.4520605335854502,0.045743604868911755,1.8937790919981694,-0.02872468817285079,0.7744353000785701,0.20850898379184787,-0.0,-0.0,-0.0,-0.0,-0.012180302547192233,-0.0,-0.0
12.07,0.7478081841846871,-0.4520605335854502,0.045743604868911755,1.8937790919981694,-0.028845190274412836,0.7744353000785701,0.20850898379184787,-0.0,-0.0,-0.0,-0.0,-0.011919888662624825,-0.0,-0.0
12.08,0.7478081841846871,-0.4520605335854502,0.045743604868911755,1.8937790919981694,-0.028963081587241174,0.7744353000785701,0.20850898379184787,-0.0,-0.0,-0.0,-0.0,-0.011658167100320317,-0.0,-0.0
12.09,0.7478081841846871,-0.4520605335854502,0.045743604868911755,1.8937790919981694,-0.029078349702569457,0.7744353000785701,0.20850898379184787,-0.0,-0.0,-0.0,-0.0,-0.011395271361997344,-0.0,-0.0
12.1,0.7478081841846871,-0.4520605335854502,0.045743604868911755,1.8937790919981694,-0.029190983543535474,0.7744353000785701,0.20850898379184787,-0.0,-0.0,-0.0,-0.0,-0.011131334316940824,-0.0,-0.0
12.11,0.7478081841846871,-0.4520605335854502,0.045743604868911755,1.8937790919981694,-0.029300973358562923,0.7744353000785701,0.20850898379184787,-0.0,-0.0,-0.0,-0.0,-0.010866488143303767,-0.0,-0.0
12.12,0.7478081841846871,-0.4520605335854502,0.045743604868911755,1.8937790919981694,-0.029408310714159013,0.7744353000785701,0.20850898379184787,-0.0,-0.0,-0.0,-0.0,-0.010600864270014752,-0.0,-0.0
12.13,0.7478081841846871,-0.4520605335854502,0.045743604868911755,1.8937790919981694,-0.029512988487134482,0.7744353000785701,0.20850898379184787,-0.0,-0.0,-0.0,-0.0,-0.010334593319315133,-0.0,-0.0
12.14,0.7478081841846871,-0.4520605335854502,0.045743604868911755,1.8937790919981694,-0.029615000856251975,0.7744353000785701,0.20850898379184787,-0.0,-0.0,-0.0,-0.0,-0.01006780504995185,-0.0,-0.0
12.15,0.7478081841846871,-0.4520605335854502,0.045743604868911755,1.8937790919981694,-0.029714343293310064,0.7744353000785701,0.20850898379184787,-0.0,-0.0,-0.0,-0.0,-0.009800628301048914,-0.0,-0.0
12.16,0.7478081841846871,-0.4520605335854502,0.045743604868911755,1.8937790919981694,-0.029811012553669164,0.7744353000785701,0.20850898379184787,-0.0,-0.0,-0.0,-0.0,-0.009533190936682878,-0.0,-0.0
12.17,0.7478081841846871,-0.4520605335854502,0.045743604868911755,1.8937790919981694,-0.029905006666227023,0.7744353000785701,0.20850898379184787,-0.0,-0.0,-0.0,-0.0,-0.009265619791184749,-0.0,-0.0
12.18,0.7478081841846871,-0.4520605335854502,0.045743604868911755,1.8937790919981694,-0.029996324922850877,0.7744353000785701,0.20850898379184787,-0.0,-0.0,-0.0,-0.0,-0.008998040615192354,-0.0,-0.0
12.19,0.7478081841846871,-0.4520605335854502,0.045743604868911755,1.8937790919981694,-0.03008496786727395,0.7744353000785701,0.20850898379184787,-0.0,-0.0,-0.0,-0.0,-0.008730578022475583,-0.0,-0.0
12.2,0.7478081841846871,-0.4520605335854502,0.045743604868911755,1.8937790919981694,-0.03017093728346425,0.7744353000785701,0.20850898379184787,-0.0,-0.0,-0.0,-0.0,-0.008463355437557052,-0.0,-0.0
12.21,0.7478081841846871,-0.4520605335854502,0.045743604868911755,1.8937790919981694,-0.030254236183473653,0.7744353000785701,0.20850898379184787,-0.0,-0.0,-0.0,-0.0,-0.008196495044149614,-0.0,-0.0
12.22,0.7478081841846871,-0.4520605335854502,0.045743604868911755,1.8937790919981694,-0.030334868794775278,0.7744353000785701,0.20850898379184787,-0.0,-0.0,-0.0,-0.0,-0.007930117734433854,-0.0,-0.0
12.23,0.7478081841846871,-0.4520605335854502,0.045743604868911755,1.8937790919981694,-0.030412840547098405,0.7744353000785701,0.20850898379184787,-0.0,-0.0,-0.0,-0.0,-0.007664343059193938,-0.0,-0.0
12.24,0.7478081841846871,-0.4520605335854502,0.045743604868911755,1.8937790919981694,-0.03048815805876861,0.7744353000785701,0.20850898379184787,-0.0,-0.0,-0.0,-0.0,-0.007399289178835454,-0.0,-0.0
12.25,0.7478081841846871,-0.4520605335854502,0.045743604868911755,1.8937790919981694,-0.03056082912256294,0.7744353000785701,0.20850898379184787,-0.0,-0.0,-0.0,-0.0,-0.007135072815303345,-0.0,-0.0
12.26,0.7478081841846871,-0.4520605335854502,0.045743604868911755,1.8937790919981694,-0.030630862691088716,0.7744353000785701,0.20850898379184787,-0.0,-0.0,-0.0,-0.0,-0.006871809204920114,-0.0,-0.0
12.27,0.7478081841846871,-0.4520605335854502,0.045743604868911755,1.8937790919981694,-0.03069826886169535,0.7744353000785701,0.20850898379184787,-0.0,-0.0,-0.0,-0.0,-0.006609612052164499,-0.0,-0.0
12.28,0.7478081841846871,-0.4520605335854502,0.045743604868911755,1.8937790919981694,-0.030763058860928828,0.7744353000785701,0.20850898379184787,-0.0,-0.0,-0.0,-0.0,-0.006348593484407915,-0.0,-0.0
12.29,0.7478081841846871,-0.4520605335854502,0.045743604868911755,1.8937790919981694,-0.030825245028538402,0.7744353000785701,0.20850898379184787,-0.0,-0.0,-0.0,-0.0,-0.006088864007627668,-0.0,-0.0
12.3,0.7478081841846871,-0.4520605335854502,0.045743604868911755,1.8937790919981694,-0.030884840801045303,0.7744353000785701,0.20850898379184787,-0.0,-0.0,-0.0,-0.0,-0.0058305324631151845,-0.0,-0.0
12.31,0.7478081841846871,-0.4520605335854502,0.045743604868911755,1.8937790919981694,-0.030941860694883618,0.7744353000785701,0.20850898379184787,-0.0,-0.0,-0.0,-0.0,-0.005573705985195615,-0.0,-0.0
12.32,0.7478081841846871,-0.4520605335854502,0.045743604868911755,1.8937790919981694,-0.0309963202891236,0.7744353000785701,0.20850898379184787,-0.0,-0.0,-0.0,-0.0,-0.00531848995997538,-0.0,-0.0
12.33,0.7478081841846871,-0.4520605335854502,0.045743604868911755,1.8937790919981694,-0.031048236207787478,0.7744353000785701,0.20850898379184787,-0.0,-0.0,-0.0,-0.0,-0.005064987985135554,-0.0,-0.0
12.34,0.7478081841846871,-0.4520605335854502,0.045743604868911755,1.8937790919981694,-0.031097626101768576,0.7744353000785701,0.20850898379184787,-0.0,-0.0,-0.0,-0.0,-0.004813301830784676,-0.0,-0.0
12.35,0.7478081841846871,-0.4520605335854502,0.045743604868911755,1.8937790919981694,-0.03114450863036443,0.7744353000785701,0.20850898379184787,-0.0,-0.0,-0.0,-0.0,-0.004563531401387306,-0.0,-0.0
12.36,0.7478081841846871,-0.4520605335854502,0.045743604868911755,1.8937790919981694,-0.031188903442434378,0.7744353000785701,0.20850898379184787,-0.0,-0.0,-0.0,-0.0,-0.00431577469878304,-0.0,-0.0
12.37,0.7478081841846871,-0.4520605335854502,0.045743604868911755,1.8937790919981694,-0.03123083115719312,0.7744353000785701,0.20850898379184787,-0.0,-0.0,-0.0,-0.0,-0.00407012778630944,-0.0,-0.0
12.38,0.7478081841846871,-0.4520605335854502,0.045743604868911755,1.8937790919981694,-0.03127031334465093,0.7744353000785701,0.20850898379184787,-0.0,-0.0,-0.0,-0.0,-0.0038266847540423983,-0.0,-0.0
12.39,0.7478081841846871,-0.4520605335854502,0.045743604868911755,1.8937790919981694,-0.03130737250571189,0.7744353000785701,0.20850898379184787,-0.0,-0.0,-0.0,-0.0,-0.0035855376851681936,-0.0,-0.0
12.4,0.7478081841846871,-0.4520605335854502,0.045743604868911755,1.8937790919981694,-0.03134203205194173,0.7744353000785701,0.20850898379184787,-0.0,-0.0,-0.0,-0.0,-0.003346776623497169,-0.0,-0.0
12.41,0.7478081841846871,-0.4520605335854502,0.045743604868911755,1.8937790919981694,-0.03137431628501631,0.7744353000785701,0.20850898379184787,-0.0,-0.0,-0.0,-0.0,-0.003110489542133625,-0.0,-0.0
12.42,0.7478081841846871,-0.4520605335854502,0.045743604868911755,1.8937790919981694,-0.03140425037586287,0.7744353000785701,0.20850898379184787,-0.0,-0.0,-0.0,-0.0,-0.002876762313311149,-0.0,-0.0
12.43,0.7478081841846871,-0.4520605335854502,0.045743604868911755,1.8937790919981694,-0.03143186034350534,0.7744353000785701,0.20850898379184787,-0.0,-0.0,-0.0,-0.0,-0.002645678679405028,-0.0,-0.0
12.44,0.7478081841846871,-0.4520605335854502,0.045743604868911755,1.8937790919981694,-0.03145717303362579,0.7744353000785701,0.20850898379184787,-0.0,-0.0,-0.0,-0.0,-0.002417320225131344,-0.0,-0.0
12.45,0.7478081841846871,-0.4520605335854502,0.045743604868911755,1.8937790919981694,-0.03148021609685379,0.7744353000785701,0.20850898379184787,-0.0,-0.0,-0.0,-0.0,-0.002191766350943103,-0.0,-0.0
12.46,0.7478081841846871,-0.4520605335854502,0.045743604868911755,1.8937790919981694,-0.031501017966795795,0.7744353000785701,0.20850898379184787,-0.0,-0.0,-0.0,-0.0,-0.001969094247631134,-0.0,-0.0
12.47,0.7478081841846871,-0.4520605335854502,0.045743604868911755,1.8937790919981694,-0.031519607837816585,0.7744353000785701,0.20850898379184787,-0.0,-0.0,-0.0,-0.0,-0.0017493788721391122,-0.0,-0.0
12.48,0.7478081841846871,-0.4520605335854502,0.045743604868911755,1.8937790919981694,-0.03153601564258494,0.7744353000785701,0.20850898379184787,-0.0,-0.0,-0.0,-0.0,-0.0015326929245999797,-0.0,-0.0
12.49,0.7478081841846871,-0.4520605335854502,0.045743604868911755,1.8937790919981694,-0.031550272029395844,0.7744353000785701,0.20850898379184787,-0.0,-0.0,-0.0,-0.0,-0.0013191068266007872,-0.0,-0.0
12.5,0.7478081841846871,-0.4520605335854502,0.045743604868911755,1.8937790919981694,-0.031562408339281506,0.7744353000785701,0.20850898379184787,-0.0,-0.0,-0.0,-0.0,-0.001108688700683261,-0.0,-0.0
12.51,0.7478081841846871,-0.4520605335854502,0.045743604868911755,1.8937790919981694,-0.031572456582923514,0.7744353000785701,0.20850898379184787,-0.0,-0.0,-0.0,-0.0,-0.0009015043510849937,-0.0,-0.0
12.52,0.7478081841846871,-0.4520605335854502,0.045743604868911755,1.8937790919981694,-0.03158044941737881,0.7744353000785701,0.20850898379184787,-0.0,-0.0,-0.0,-0.0,-0.0006976172457272952,-0.0,-0.0
12.53,0.7478081841846871,-0.4520605335854502,0.045743604868911755,1.8937790919981694,-0.03158642012263154,0.7744353000785701,0.20850898379184787,-0.0,-0.0,-0.0,-0.0,-0.0004970884994545459,-0.0,-0.0
12.54,0.7478081841846871,-0.4520605335854502,0.045743604868911755,1.8937790919981694,-0.03159040257798383,0.7744353000785701,0.20850898379184787,-0.0,-0.0,-0.0,-0.0,-0.0002999768585286887,-0.0,-0.0
12.55,0.7478081841846871,-0.4520605335854502,0.045743604868911755,1.8937790919981694,-0.0315924312382976,0.7744353000785701,0.20850898379184787,-0.0,-0.0,-0.0,-0.0,-0.00010633868638251443,-0.0,-0.0
12.56,0.7478081841846871,-0.4520605335854502,0.045743604868911755,1.8937790919981694,-0.031592541110100326,0.7744353000785701,0.20850898379184787,0.0,0.0,0.0,0.0,8.377204936448987e-05,0.0,0.0
12.57,0.7478081841846871,-0.4520605335854502,0.045743604868911755,1.8937790919981694,-0.031590767727567276,0.7744353000785701,0.20850898379184787,0.0,0.0,0.0,0.0,0.0002703037886269624,0.0,0.0
12.58,0.7478081841846871,-0.4520605335854502,0.045743604868911755,1.8937790919981694,-0.031587147128392765,0.7744353000785701,0.20850898379184787,0.0,0.0,0.0,0.0,0.00045320738930811733,0.0,0.0
12.59,0.7478081841846871,-0.4520605335854502,0.045743604868911755,1.8937790919981694,-0.03158171582956336,0.7744353000785701,0.20850898379184787,0.0,0.0,0.0,0.0,0.0006324361364869771,0.0,0.0
12.6,0.7478081841846871,-0.4520605335854502,0.045743604868911755,1.8937790919981694,-0.031574510803045436,0.7744353000785701,0.20850898379184787,0.0,0.0,0.0,0.0,0.0008079457503384487,0.0,0.0
12.61,0.7478081841846871,-0.4520605335854502,0.045743604868911755,1.8937790919981694,-0.031565569451399864,0.7744353000785701,0.20850898379184787,0.0,0.0,0.0,0.0,0.000979694392785912,0.0,0.0
12.62,0.7478081841846871,-0.4520605335854502,0.045743604868911755,1.8937790919981694,-0.03155492958333659,0.7744353000785701,0.20850898379184787,0.0,0.0,0.0,0.0,0.0011476426728867124,0.0,0.0
12.63,0.7478081841846871,-0.4520605335854502,0.045743604868911755,1.8937790919981694,-0.03154262938922161,0.7744353000785701,0.20850898379184787,0.0,0.0,0.0,0.0,0.0013117536509526656,0.0,0.0
12.64,0.7478081841846871,-0.4520605335854502,0.045743604868911755,1.8937790919981694,-0.031528707416549104,0.7744353000785701,0.20850898379184787,0.0,0.0,0.0,0.0,0.0014719928414067844,0.0,0.0
12.65,0.7478081841846871,-0.4520605335854502,0.045743604868911755,1.8937790919981694,-0.03151320254539132,0.7744353000785701,0.20850898379184787,0.0,0.0,0.0,0.0,0.0016283282143790823,0.0,0.0
12.66,0.7478081841846871,-0.4520605335854502,0.045743604868911755,1.8937790919981694,-0.031496153963838695,0.7744353000785701,0.20850898379184787,0.0,0.0,0.0,0.0,0.001780730196044439,0.0,0.0
12.67,0.7478081841846871,-0.4520605335854502,0.045743604868911755,1.8937790919981694,-0.031477601143443015,0.7744353000785701,0.20850898379184787,0.0,0.0,0.0,0.0,0.001929171667706396,0.0,0.0
12.68,0.7478081841846871,-0.4520605335854502,0.045743604868911755,1.8937790919981694,-0.03145758381467588,0.7744353000785701,0.20850898379184787,0.0,0.0,0.0,0.0,0.0020736279636307605,0.0,0.0
12.69,0.7478081841846871,-0.4520605335854502,0.045743604868911755,1.8937790919981694,-0.03143614194241515,0.7744353000785701,0.20850898379184787,0.0,0.0,0.0,0.0,0.002214076867634477,0.0,0.0
12.7,0.7478081841846871,-0.4520605335854502,0.045743604868911755,1.8937790919981694,-0.03141331570147156,0.7744353000785701,0.20850898379184787,0.0,0.0,0.0,0.0,0.0023504986084349477,0.0,0.0
12.71,0.7478081841846871,-0.4520605335854502,0.045743604868911755,1.8937790919981694,-0.03138914545216823,0.7744353000785701,0.20850898379184787,0.0,0.0,0.0,0.0,0.0024828758537655915,0.0,0.0
12.72,0.7478081841846871,-0.4520605335854502,0.045743604868911755,1.8937790919981694,-0.03136367171598498,0.7744353000785701,0.20850898379184787,0.0,0.0,0.0,0.0,0.002611193703264859,0.0,0.0
12.73,0.7478081841846871,-0.4520605335854502,0.045743604868911755,1.8937790919981694,-0.0313369351512799,0.7744353000785701,0.20850898379184787,0.0,0.0,0.0,0.0,0.0027354396801454834,0.0,0.0
12.74,0.7478081841846871,-0.4520605335854502,0.045743604868911755,1.8937790919981694,-0.03130897652910037,0.7744353000785701,0.20850898379184787,0.0,0.0,0.0,0.0,0.002855603721651852,0.0,0.0
12.75,0.7478081841846871,-0.4520605335854502,0.045743604868911755,1.8937790919981694,-0.031279836709095406,0.7744353000785701,0.20850898379184787,0.0,0.0,0.0,0.0,0.002971678168314037,0.0,0.0
12.76,0.7478081841846871,-0.4520605335854502,0.045743604868911755,1.8937790919981694,-0.031249556615541577,0.7744353000785701,0.20850898379184787,0.0,0.0,0.0,0.0,0.0030836577520069646,0.0,0.0
12.77,0.7478081841846871,-0.4520605335854502,0.045743604868911755,1.8937790919981694,-0.03121817721349419,0.7744353000785701,0.20850898379184787,0.0,0.0,0.0,0.0,0.0031915395828247192,0.0,0.0
12.78,0.7478081841846871,-0.4520605335854502,0.045743604868911755,1.8937790919981694,-0.03118573948507558,0.7744353000785701,0.20850898379184787,0.0,0.0,0.0,0.0,0.0032953231347797422,0.0,0.0
12.79,0.7478081841846871,-0.4520605335854502,0.045743604868911755,1.8937790919981694,-0.03115228440591236,0.7744353000785701,0.20850898379184787,0.0,0.0,0.0,0.0,0.003395010230337313,0.0,0.0
12.8,0.7478081841846871,-0.4520605335854502,0.045743604868911755,1.8937790919981694,-0.031117852921732962,0.7744353000785701,0.20850898379184787,0.0,0.0,0.0,0.0,0.0034906050237968347,0.0,0.0
12.81,0.7478081841846871,-0.4520605335854502,0.045743604868911755,1.8937790919981694,-0.031082485925137203,0.7744353000785701,0.20850898379184787,0.0,0.0,0.0,0.0,0.0035821139835312712,0.0,0.0
12.82,0.7478081841846871,-0.4520605335854502,0.045743604868911755,1.8937790919981694,-0.031046224232549043,0.7744353000785701,0.20850898379184787,0.0,0.0,0.0,0.0,0.0036695458730970176,0.0,0.0
12.83,0.7478081841846871,-0.4520605335854502,0.045743604868911755,1.8937790919981694,-0.031009108561363852,0.7744353000785701,0.20850898379184787,0.0,0.0,0.0,0.0,0.0037529117312268333,0.0,0.0
12.84,0.7478081841846871,-0.4520605335854502,0.045743604868911755,1.8937790919981694,-0.030971179507301303,0.7744353000785701,0.20850898379184787,0.0,0.0,0.0,0.0,0.003832224850719257,0.0,0.0
12.85,0.7478081841846871,-0.4520605335854502,0.045743604868911755,1.8937790919981694,-0.030932477521974793,0.7744353000785701,0.20850898379184787,0.0,0.0,0.0,0.0,0.003907500756237804,0.0,0.0
12.86,0.7478081841846871,-0.4520605335854502,0.045743604868911755,1.8937790919981694,-0.03089304289068833,0.7744353000785701,0.20850898379184787,0.0,0.0,0.0,0.0,0.003978757181034683,0.0,0.0
12.87,0.7478081841846871,-0.4520605335854502,0.045743604868911755,1.8937790919981694,-0.030852915710471385,0.7744353000785701,0.20850898379184787,0.0,0.0,0.0,0.0,0.004046014042613424,0.0,0.0
12.88,0.7478081841846871,-0.4520605335854502,0.045743604868911755,1.8937790919981694,-0.03081213586836249,0.7744353000785701,0.20850898379184787,0.0,0.0,0.0,0.0,0.004109293417345615,0.0,0.0
12.89,0.7478081841846871,-0.4520605335854502,0.045743604868911755,1.8937790919981694,-0.03077074301995178,0.7744353000785701,0.20850898379184787,0.0,0.0,0.0,0.0,0.004168619514057563,0.0,0.0
12.9,0.7478081841846871,-0.4520605335854502,0.045743604868911755,1.8937790919981694,-0.030728776568192645,0.7744353000785701,0.20850898379184787,0.0,0.0,0.0,0.0,0.004224018646603112,0.0,0.0
12.91,0.7478081841846871,-0.4520605335854502,0.045743604868911755,1.8937790919981694,-0.030686275642492884,0.7744353000785701,0.20850898379184787,0.0,0.0,0.0,0.0,0.0042755192054388606,0.0,0.0
12.92,0.7478081841846871,-0.4520605335854502,0.045743604868911755,1.8937790919981694,-0.030643279078094828,0.7744353000785701,0.20850898379184787,0.0,0.0,0.0,0.0,0.004323151628219262,0.0,0.0
12.93,0.7478081841846871,-0.4520605335854502,0.045743604868911755,1.8937790919981694,-0.030599825395754364,0.7744353000785701,0.20850898379184787,0.0,0.0,0.0,0.0,0.004366948369428925,0.0,0.0
12.94,0.7478081841846871,-0.4520605335854502,0.045743604868911755,1.8937790919981694,-0.03055595278172852,0.7744353000785701,0.20850898379184787,0.0,0.0,0.0,0.0,0.004406943869070019,0.0,0.0
12.95,0.7478081841846871,-0.4520605335854502,0.045743604868911755,1.8937790919981694,-0.030511699068080624,0.7744353000785701,0.20850898379184787,0.0,0.0,0.0,0.0,0.004443174520423275,0.0,0.0
12.96,0.7478081841846871,-0.4520605335854502,0.045743604868911755,1.8937790919981694,-0.030467101713312537,0.7744353000785701,0.20850898379184787,0.0,0.0,0.0,0.0,0.004475678636901407,0.0,0.0
12.97,0.7478081841846871,-0.4520605335854502,0.045743604868911755,1.8937790919981694,-0.030422197783332845,0.7744353000785701,0.20850898379184787,0.0,0.0,0.0,0.0,0.004504496418013897,0.0,0.0
12.98,0.7478081841846871,-0.4520605335854502,0.045743604868911755,1.8937790919981694,-0.030377023932769538,0.7744353000785701,0.20850898379184787,0.0,0.0,0.0,0.0,0.004529669914463149,0.0,0.0
12.99,0.7478081841846871,-0.4520605335854502,0.045743604868911755,1.8937790919981694,-0.03033161638663631,0.7744353000785701,0.20850898379184787,0.0,0.0,0.0,0.0,0.004551242992391643,0.0,0.0
13.0,0.7478081841846871,-0.4520605335854502,0.045743604868911755,1.8937790919981694,-0.03028601092236028,0.7744353000785701,0.20850898379184787,0.0,0.0,0.0,0.0,0.004569261296800624,0.0,0.0
13.01,0.7478081841846871,-0.4520605335854502,0.045743604868911755,1.8937790919981694,-0.03024024285217973,0.7744353000785701,0.20850898379184787,0.0,0.0,0.0,0.0,0.004583772214161157,0.0,0.0
13.02,0.7478081841846871,-0.4520605335854502,0.045743604868911755,1.8937790919981694,-0.030194347005919605,0.7744353000785701,0.20850898379184787,0.0,0.0,0.0,0.0,0.004594824834238358,0.0,0.0
13.03,0.7478081841846871,-0.4520605335854502,0.045743604868911755,1.8937790919981694,-0.030148357714152696,0.7744353000785701,0.20850898379184787,0.0,0.0,0.0,0.0,0.004602469911150593,0.0,0.0
13.04,0.7478081841846871,-0.4520605335854502,0.045743604868911755,1.8937790919981694,-0.030102308791753896,0.7744353000785701,0.20850898379184787,0.0,0.0,0.0,0.0,0.0046067598236851715,0.0,0.0
13.05,0.7478081841846871,-0.4520605335854502,0.045743604868911755,1.8937790919981694,-0.030056233521854887,0.7744353000785701,0.20850898379184787,0.0,0.0,0.0,0.0,0.004607748534892754,0.0,0.0
13.06,0.7478081841846871,-0.4520605335854502,0.045743604868911755,1.8937790919981694,-0.03001016464020659,0.7744353000785701,0.20850898379184787,0.0,0.0,0.0,0.0,0.004605491550982916,0.0,0.0
13.07,0.7478081841846871,-0.4520605335854502,0.045743604868911755,1.8937790919981694,-0.02996413431995578,0.7744353000785701,0.20850898379184787,0.0,0.0,0.0,0.0,0.004600045879543523,0.0,0.0
13.08,0.7478081841846871,-0.4520605335854502,0.045743604868911755,1.8937790919981694,-0.02991817415684303,0.7744353000785701,0.20850898379184787,0.0,0.0,0.0,0.0,0.004591469987107041,0.0,0.0
13.09,0.7478081841846871,-0.4520605335854502,0.045743604868911755,1.8937790919981694,-0.029872315154828064,0.7744353000785701,0.20850898379184787,0.0,0.0,0.0,0.0,0.004579823756087011,0.0,0.0
13.1,0.7478081841846871,-0.4520605335854502,0.045743604868911755,1.8937790919981694,-0.029826587712148717,0.7744353000785701,0.20850898379184787,0.0,0.0,0.0,0.0,0.004565168441108264,0.0,0.0
13.11,0.7478081841846871,-0.4520605335854502,0.045743604868911755,1.8937790919981694,-0.029781021607819726,0.7744353000785701,0.20850898379184787,0.0,0.0,0.0,0.0,0.004547566624754849,0.0,0.0
13.12,0.7478081841846871,-0.4520605335854502,0.045743604868911755,1.8937790919981694,-0.02973564598857664,0.7744353000785701,0.20850898379184787,0.0,0.0,0.0,0.0,0.004527082172759522,0.0,0.0
13.13,0.7478081841846871,-0.4520605335854502,0.045743604868911755,1.8937790919981694,-0.029690489356270652,0.7744353000785701,0.20850898379184787,0.0,0.0,0.0,0.0,0.004503780188659379,0.0,0.0
13.14,0.7478081841846871,-0.4520605335854502,0.045743604868911755,1.8937790919981694,-0.029645579555719462,0.7744353000785701,0.20850898379184787,0.0,0.0,0.0,0.0,0.00447772696794201,0.0,0.0
13.15,0.7478081841846871,-0.4520605335854502,0.045743604868911755,1.8937790919981694,-0.029600943763018975,0.7744353000785701,0.20850898379184787,0.0,0.0,0.0,0.0,0.00444898995170692,0.0,0.0
13.16,0.7478081841846871,-0.4520605335854502,0.045743604868911755,1.8937790919981694,-0.02955660847432086,0.7744353000785701,0.20850898379184787,0.0,0.0,0.0,0.0,0.004417637679867363,0.0,0.0
13.17,0.7478081841846871,-0.4520605335854502,0.045743604868911755,1.8937790919981694,-0.029512599495080213,0.7744353000785701,0.20850898379184787,0.0,0.0,0.0,0.0,0.004383739743917485,0.0,0.0
13.18,0.7478081841846871,-0.4520605335854502,0.045743604868911755,1.8937790919981694,-0.029468941929777656,0.7744353000785701,0.20850898379184787,0.0,0.0,0.0,0.0,0.004347366739290345,0.0,0.0
13.19,0.7478081841846871,-0.4520605335854502,0.045743604868911755,1.8937790919981694,-0.02942566017211969,0.7744353000785701,0.20850898379184787,0.0,0.0,0.0,0.0,0.004308590217332029,0.0,0.0
13.2,0.7478081841846871,-0.4520605335854502,0.045743604868911755,1.8937790919981694,-0.029382777895721288,0.7744353000785701,0.20850898379184787,0.0,0.0,0.0,0.0,0.004267482636917833,0.0,0.0
13.21,0.7478081841846871,-0.4520605335854502,0.045743604868911755,1.8937790919981694,-0.02934031804527387,0.7744353000785701,0.20850898379184787,0.0,0.0,0.0,0.0,0.004224117315735957,0.0,0.0
13.22,0.7478081841846871,-0.4520605335854502,0.045743604868911755,1.8937790919981694,-0.029298302828202033,0.7744353000785701,0.20850898379184787,0.0,0.0,0.0,0.0,0.004178568381264793,0.0,0.0
13.23,0.7478081841846871,-0.4520605335854502,0.045743604868911755,1.8937790919981694,-0.029256753706811973,0.7744353000785701,0.20850898379184787,0.0,0.0,0.0,0.0,0.004130910721469871,0.0,0.0
13.24,0.7478081841846871,-0.4520605335854502,0.045743604868911755,1.8937790919981694,-0.029215691390934197,0.7744353000785701,0.20850898379184787,0.0,0.0,0.0,0.0,0.004081219935246424,0.0,0.0
13.25,0.7478081841846871,-0.4520605335854502,0.045743604868911755,1.8937790919981694,-0.029175135831062925,0.7744353000785701,0.20850898379184787,0.0,0.0,0.0,0.0,0.004029572282633826,0.0,0.0
13.26,0.7478081841846871,-0.4520605335854502,0.045743604868911755,1.8937790919981694,-0.029135106211994496,0.7744353000785701,0.20850898379184787,0.0,0.0,0.0,0.0,0.003976044634828382,0.0,0.0
13.27,0.7478081841846871,-0.4520605335854502,0.045743604868911755,1.8937790919981694,-0.029095620946966445,0.7744353000785701,0.20850898379184787,0.0,0.0,0.0,0.0,0.003920714424020447,0.0,0.0
13.28,0.7478081841846871,-0.4520605335854502,0.045743604868911755,1.8937790919981694,-0.029056697672299,0.7744353000785701,0.20850898379184787,0.0,0.0,0.0,0.0,0.0038636595930826205,0.0,0.0
13.29,0.7478081841846871,-0.4520605335854502,0.045743604868911755,1.8937790919981694,-0.02901835324254035,0.7744353000785701,0.20850898379184787,0.0,0.0,0.0,0.0,0.0038049585451352384,0.0,0.0
13.3,0.7478081841846871,-0.4520605335854502,0.045743604868911755,1.8937790919981694,-0.028980603726116765,0.7744353000785701,0.20850898379184787,0.0,0.0,0.0,0.0,0.0037446900930157468,0.0,0.0
13.31,0.7478081841846871,-0.4520605335854502,0.045743604868911755,1.8937790919981694,-0.028943464401488365,0.7744353000785701,0.20850898379184787,0.0,0.0,0.0,0.0,0.003682933408678312,0.0,0.0
13.32,0.7478081841846871,-0.4520605335854502,0.045743604868911755,1.8937790919981694,-0.02890694975381115,0.7744353000785701,0.20850898379184787,0.0,0.0,0.0,0.0,0.0036197679725502195,0.0,0.0
13.33,0.7478081841846871,-0.4520605335854502,0.045743604868911755,1.8937790919981694,-0.028871073472105553,0.7744353000785701,0.20850898379184787,0.0,0.0,0.0,0.0,0.0035552735228715354,0.0,0.0
13.34,0.7478081841846871,-0.4520605335854502,0.045743604868911755,1.8937790919981694,-0.028835848446931604,0.7744353000785701,0.20850898379184787,0.0,0.0,0.0,0.0,0.0034895300050443987,0.0,0.0
13.35,0.7478081841846871,-0.4520605335854502,0.045743604868911755,1.8937790919981694,-0.028801286768570442,0.7744353000785701,0.20850898379184787,0.0,0.0,0.0,0.0,0.0034226175210184317,0.0,0.0
13.36,0.7478081841846871,-0.4520605335854502,0.045743604868911755,1.8937790919981694,-0.02876739972571159,0.7744353000785701,0.20850898379184787,0.0,0.0,0.0,0.0,0.0033546162787384004,0.0,0.0
13.37,0.7478081841846871,-0.4520605335854502,0.045743604868911755,1.8937790919981694,-0.0287341978046455,0.7744353000785701,0.20850898379184787,0.0,0.0,0.0,0.0,0.0032856065416808026,0.0,0.0
13.38,0.7478081841846871,-0.4520605335854502,0.045743604868911755,1.8937790919981694,-0.028701690688960026,0.7744353000785701,0.20850898379184787,0.0,0.0,0.0,0.0,0.0032156685785051493,0.0,0.0
13.39,0.7478081841846871,-0.4520605335854502,0.045743604868911755,1.8937790919981694,-0.028669887259739773,0.7744353000785701,0.20850898379184787,0.0,0.0,0.0,0.0,0.0031448826128462927,0.0,0.0
13.4,0.7478081841846871,-0.4520605335854502,0.045743604868911755,1.8937790919981694,-0.028638795596266704,0.7744353000785701,0.20850898379184787,0.0,0.0,0.0,0.0,0.0030733287732738765,0.0,0.0
13.41,0.7478081841846871,-0.4520605335854502,0.045743604868911755,1.8937790919981694,-0.028608422977220202,0.7744353000785701,0.20850898379184787,0.0,0.0,0.0,0.0,0.00300108704344462,0.0,0.0
13.42,0.7478081841846871,-0.4520605335854502,0.045743604868911755,1.8937790919981694,-0.028578775882374514,0.7744353000785701,0.20850898379184787,0.0,0.0,0.0,0.0,0.002928237212473243,0.0,0.0
13.43,0.7478081841846871,-0.4520605335854502,0.045743604868911755,1.8937790919981694,-0.02854985999479135,0.7744353000785701,0.20850898379184787,0.0,0.0,0.0,0.0,0.0028548588255479703,0.0,0.0
13.44,0.7478081841846871,-0.4520605335854502,0.045743604868911755,1.8937790919981694,-0.028521680203504925,0.7744353000785701,0.20850898379184787,0.0,0.0,0.0,0.0,0.002781031134815577,0.0,0.0
13.45,0.7478081841846871,-0.4520605335854502,0.045743604868911755,1.8937790919981694,-0.02849424060669674,0.7744353000785701,0.20850898379184787,0.0,0.0,0.0,0.0,0.0027068330505617697,0.0,0.0
13.46,0.7478081841846871,-0.4520605335854502,0.045743604868911755,1.8937790919981694,-0.028467544515356942,0.7744353000785701,0.20850898379184787,0.0,0.0,0.0,0.0,0.0026323430927117945,0.0,0.0
13.47,0.7478081841846871,-0.4520605335854502,0.045743604868911755,1.8937790919981694,-0.028441594457429074,0.7744353000785701,0.20850898379184787,0.0,0.0,0.0,0.0,0.0025576393426764246,0.0,0.0
13.48,0.7478081841846871,-0.4520605335854502,0.045743604868911755,1.8937790919981694,-0.028416392182434358,0.7744353000785701,0.20850898379184787,0.0,0.0,0.0,0.0,0.0024827993955677356,0.0,0.0
13.49,0.7478081841846871,-0.4520605335854502,0.045743604868911755,1.8937790919981694,-0.02839193866657203,0.7744353000785701,0.20850898379184787,0.0,0.0,0.0,0.0,0.0024079003128097297,0.0,0.0
13.5,0.7478081841846871,-0.4520605335854502,0.045743604868911755,1.8937790919981694,-0.02836823411829142,0.7744353000785701,0.20850898379184787,0.0,0.0,0.0,0.0,0.0023330185751677846,0.0,0.0
13.51,0.7478081841846871,-0.4520605335854502,0.045743604868911755,1.8937790919981694,-0.028345277984331545,0.7744353000785701,0.20850898379184787,0.0,0.0,0.0,0.0,0.002258230036220988,0.0,0.0
13.52,0.7478081841846871,-0.4520605335854502,0.045743604868911755,1.8937790919981694,-0.028323068956223697,0.7744353000785701,0.20850898379184787,0.0,0.0,0.0,0.0,0.0021836098763016215,0.0,0.0
13.53,0.7478081841846871,-0.4520605335854502,0.045743604868911755,1.8937790919981694,-0.02830160497725216,0.7744353000785701,0.20850898379184787,0.0,0.0,0.0,0.0,0.00210923255692488,0.0,0.0
13.54,0.7478081841846871,-0.4520605335854502,0.045743604868911755,1.8937790919981694,-0.02828088324986809,0.7744353000785701,0.20850898379184787,0.0,0.0,0.0,0.0,0.0020351717757324107,0.0,0.0
13.55,0.7478081841846871,-0.4520605335854502,0.045743604868911755,1.8937790919981694,-0.02826090024355135,0.7744353000785701,0.20850898379184787,0.0,0.0,0.0,0.0,0.001961500421972911,0.0,0.0
13.56,0.7478081841846871,-0.4520605335854502,0.045743604868911755,1.8937790919981694,-0.02824165170311467,0.7744353000785701,0.20850898379184787,0.0,0.0,0.0,0.0,0.0018882905325420679,0.0,0.0
13.57,0.7478081841846871,-0.4520605335854502,0.045743604868911755,1.8937790919981694,-0.028223132657444576,0.7744353000785701,0.20850898379184787,0.0,0.0,0.0,0.0,0.0018156132486047826,0.0,0.0
13.58,0.7478081841846871,-0.4520605335854502,0.045743604868911755,1.8937790919981694,-0.028205337428673094,0.7744353000785701,0.20850898379184787,0.0,0.0,0.0,0.0,0.001743538772821529,0.0,0.0
13.59,0.7478081841846871,-0.4520605335854502,0.045743604868911755,1.8937790919981694,-0.028188259641774023,0.7744353000785701,0.20850898379184787,0.0,0.0,0.0,0.0,0.0016721363272007017,0.0,0.0
13.6,0.7478081841846871,-0.4520605335854502,0.045743604868911755,1.8937790919981694,-0.028171892234577563,0.7744353000785701,0.20850898379184787,0.0,0.0,0.0,0.0,0.0016014741115987425,0.0,0.0
13.61,0.7478081841846871,-0.4520605335854502,0.045743604868911755,1.8937790919981694,-0.028156227468196498,0.7744353000785701,0.20850898379184787,0.0,0.0,0.0,0.0,0.0015316192628887066,0.0,0.0
13.62,0.7478081841846871,-0.4520605335854502,0.045743604868911755,1.8937790919981694,-0.028141256937857365,0.7744353000785701,0.20850898379184787,0.0,0.0,0.0,0.0,0.0014626378148185604,0.0,0.0
13.63,0.7478081841846871,-0.4520605335854502,0.045743604868911755,1.8937790919981694,-0.02812697158412943,0.7744353000785701,0.20850898379184787,0.0,0.0,0.0,0.0,0.0013945946585792017,0.0,0.0
13.64,0.7478081841846871,-0.4520605335854502,0.045743604868911755,1.8937790919981694,-0.028113361704544423,0.7744353000785701,0.20850898379184787,0.0,0.0,0.0,0.0,0.0013275535041028354,0.0,0.0
13.65,0.7478081841846871,-0.4520605335854502,0.045743604868911755,1.8937790919981694,-0.028100416965599482,0.7744353000785701,0.20850898379184787,0.0,0.0,0.0,0.0,0.00126157684211065,0.0,0.0
13.66,0.7478081841846871,-0.4520605335854502,0.045743604868911755,1.8937790919981694,-0.02808812641513585,0.7744353000785701,0.20850898379184787,0.0,0.0,0.0,0.0,0.001196725906929824,0.0,0.0
13.67,0.7478081841846871,-0.4520605335854502,0.045743604868911755,1.8937790919981694,-0.028076478495085447,0.7744353000785701,0.20850898379184787,0.0,0.0,0.0,0.0,0.0011330606400983187,0.0,0.0
13.68,0.7478081841846871,-0.4520605335854502,0.045743604868911755,1.8937790919981694,-0.028065461054577384,0.7744353000785701,0.20850898379184787,0.0,0.0,0.0,0.0,0.0010706396547759658,0.0,0.0
13.69,0.7478081841846871,-0.4520605335854502,0.045743604868911755,1.8937790919981694,-0.028055061363396264,0.7744353000785701,0.20850898379184787,0.0,0.0,0.0,0.0,0.0010095202009802388,0.0,0.0
13.7,0.7478081841846871,-0.4520605335854502,0.045743604868911755,1.8937790919981694,-0.028045266125783935,0.7744353000785701,0.20850898379184787,0.0,0.0,0.0,0.0,0.0009497581316639475,0.0,0.0
13.71,0.7478081841846871,-0.4520605335854502,0.045743604868911755,1.8937790919981694,-0.028036061494576145,0.7744353000785701,0.20850898379184787,0.0,0.0,0.0,0.0,0.0008914078696522497,0.0,0.0
13.72,0.7478081841846871,-0.4520605335854502,0.045743604868911755,1.8937790919981694,-0.02802743308566553,0.7744353000785701,0.20850898379184787,0.0,0.0,0.0,0.0,0.0008345223754559698,0.0,0.0
13.73,0.7478081841846871,-0.4520605335854502,0.045743604868911755,1.8937790919981694,-0.02801936599278196,0.7744353000785701,0.20850898379184787,0.0,0.0,0.0,0.0,0.000779153115977047,0.0,0.0
13.74,0.7478081841846871,-0.4520605335854502,0.045743604868911755,1.8937790919981694,-0.02801184480258129,0.7744353000785701,0.20850898379184787,0.0,0.0,0.0,0.0,0.0007253500341223712,0.0,0.0
13.75,0.7478081841846871,-0.4520605335854502,0.045743604868911755,1.8937790919981694,-0.028004853610033475,0.7744353000785701,0.20850898379184787,0.0,0.0,0.0,0.0,0.0006731615193413815,0.0,0.0
13.76,0.7478081841846871,-0.4520605335854502,0.045743604868911755,1.8937790919981694,-0.027998376034100474,0.7744353000785701,0.20850898379184787,0.0,0.0,0.0,0.0,0.0006226343791020695,0.0,0.0
13.77,0.7478081841846871,-0.4520605335854502,0.045743604868911755,1.8937790919981694,-0.027992395233694768,0.7744353000785701,0.20850898379184787,0.0,0.0,0.0,0.0,0.000573813811320115,0.0,0.0
13.78,0.7478081841846871,-0.4520605335854502,0.045743604868911755,1.8937790919981694,-0.027986893923908695,0.7744353000785701,0.20850898379184787,0.0,0.0,0.0,0.0,0.0005267433777549906,0.0,0.0
13.79,0.7478081841846871,-0.4520605335854502,0.045743604868911755,1.8937790919981694,-0.027981854392504956,0.7744353000785701,0.20850898379184787,0.0,0.0,0.0,0.0,0.00048146497838651576,0.0,0.0
13.8,0.7478081841846871,-0.4520605335854502,0.045743604868911755,1.8937790919981694,-0.02797725851665839,0.7744353000785701,0.20850898379184787,0.0,0.0,0.0,0.0,0.00043801882678472654,0.0,0.0
13.81,0.7478081841846871,-0.4520605335854502,0.045743604868911755,1.8937790919981694,-0.027973087779939055,0.7744353000785701,0.20850898379184787,0.0,0.0,0.0,0.0,0.0003964434264858108,0.0,0.0
13.82,0.7478081841846871,-0.4520605335854502,0.045743604868911755,1.8937790919981694,-0.027969323289526418,0.7744353000785701,0.20850898379184787,0.0,0.0,0.0,0.0,0.000356775548385592,0.0,0.0
13.83,0.7478081841846871,-0.4520605335854502,0.045743604868911755,1.8937790919981694,-0.02796594579364454,0.7744353000785701,0.20850898379184787,0.0,0.0,0.0,0.0,0.00031905020916245464,0.0,0.0
13.84,0.7478081841846871,-0.4520605335854502,0.045743604868911755,1.8937790919981694,-0.027962935699207794,0.7744353000785701,0.20850898379184787,0.0,0.0,0.0,0.0,0.0002833006507403195,0.0,0.0
13.85,0.7478081841846871,-0.4520605335854502,0.045743604868911755,1.8937790919981694,-0.027960273089666702,0.7744353000785701,0.20850898379184787,0.0,0.0,0.0,0.0,0.00024955832080214883,0.0,0.0
13.86,0.7478081841846871,-0.4520605335854502,0.045743604868911755,1.8937790919981694,-0.0279579377430434,0.7744353000785701,0.20850898379184787,0.0,0.0,0.0,0.0,0.00021785285436377508,0.0,0.0
13.87,0.7478081841846871,-0.4520605335854502,0.045743604868911755,1.8937790919981694,-0.02795590915014596,0.7744353000785701,0.20850898379184787,0.0,0.0,0.0,0.0,0.00018821205641749727,0.0,0.0
13.88,0.7478081841846871,-0.4520605335854502,0.045743604868911755,1.8937790919981694,-0.027954166532950925,0.7744353000785701,0.20850898379184787,0.0,0.0,0.0,0.0,0.00016066188565398945,0.0,0.0
13.89,0.7478081841846871,-0.4520605335854502,0.045743604868911755,1.8937790919981694,-0.0279526888631432,0.7744353000785701,0.20850898379184787,0.0,0.0,0.0,0.0,0.00013522643927094482,0.0,0.0
13.9,0.7478081841846871,-0.4520605335854502,0.045743604868911755,1.8937790919981694,-0.027951454880802355,0.7744353000785701,0.20850898379184787,0.0,0.0,0.0,0.0,0.00011192793887600163,0.0,0.0
13.91,0.7478081841846871,-0.4520605335854502,0.045743604868911755,1.8937790919981694,-0.027950443113224466,0.7744353000785701,0.20850898379184787,0.0,0.0,0.0,0.0,9.078671749108641e-05,0.0,0.0
13.92,0.7478081841846871,-0.4520605335854502,0.045743604868911755,1.8937790919981694,-0.027949631893868298,0.7744353000785701,0.20850898379184787,0.0,0.0,0.0,0.0,7.18212076648194e-05,0.0,0.0
13.93,0.7478081841846871,-0.4520605335854502,0.045743604868911755,1.8937790919981694,-0.027948999381414853,0.7744353000785701,0.20850898379184787,0.0,0.0,0.0,0.0,5.5047930698833367e-05,0.0,0.0
13.94,0.7478081841846871,-0.4520605335854502,0.045743604868911755,1.8937790919981694,-0.027948523578929057,0.7744353000785701,0.20850898379184787,0.0,0.0,0.0,0.0,4.048148699356459e-05,0.0,0.0
13.95,0.7478081841846871,-0.4520605335854502,0.045743604868911755,1.8937790919981694,-0.02794818235311233,0.7744353000785701,0.20850898379184787,0.0,0.0,0.0,0.0,2.81345475183371e-05,0.0,0.0
13.96,0.7478081841846871,-0.4520605335854502,0.045743604868911755,1.8937790919981694,-0.027947953453634884,0.7744353000785701,0.20850898379184787,0.0,0.0,0.0,0.0,1.801784641004419e-05,0.0,0.0
13.97,0.7478081841846871,-0.4520605335854502,0.045743604868911755,1.8937790919981694,-0.027947814532536305,0.7744353000785701,0.20850898379184787,0.0,0.0,0.0,0.0,1.0140174704163792e-05,0.0,0.0
13.98,0.7478081841846871,-0.4520605335854502,0.045743604868911755,1.8937790919981694,-0.027947743163683193,0.7744353000785701,0.20850898379184787,0.0,0.0,0.0,0.0,4.508375201272681e-06,0.0,0.0
13.99,0.7478081841846871,-0.4520605335854502,0.045743604868911755,1.8937790919981694,-0.027947716862272452,0.7744353000785701,0.20850898379184787,0.0,0.0,0.0,0.0,1.1273384716550833e-06,0.0,0.0
14.0,0.7478081841846871,-0.4520605335854502,0.045743604868911755,1.8937790919981694,-0.027947713104368797,0.7744353000785701,0.20850898379184787,0.0,0.0,0.0,0.0,2.467005958589381e-33,0.0,0.0
14.01,0.7478081841846871,-0.4520605335854502,0.045743604868911755,1.8937790919981694,-0.027947713104368797,0.7744353000785701,0.20850898379184787,0.0,0.0,0.0,0.0,2.467005958589381e-33,0.0,0.0
14.02,0.7478081841846871,-0.4520605335854502,0.045743604868911755,1.8937790919981694,-0.027947713104368797,0.7744353000785701,0.20850898379184787,0.0,0.0,0.0,0.0,2.467005958589381e-33,0.0,0.0
14.03,0.7478081841846871,-0.4520605335854502,0.045743604868911755,1.8937790919981694,-0.027947713104368797,0.7744353000785701,0.20850898379184787,0.0,0.0,0.0,0.0,2.467005958589381e-33,0.0,0.0
14.04,0.7478081841846871,-0.4520605335854502,0.045743604868911755,1.8937790919981694,-0.027947713104368797,0.7744353000785701,0.20850898379184787,0.0,0.0,0.0,0.0,2.467005958589381e-33,0.0,0.0
14.05,0.7478081841846871,-0.4520605335854502,0.045743604868911755,1.8937790919981694,-0.027947713104368797,0.7744353000785701,0.20850898379184787,0.0,0.0,0.0,0.0,2.467005958589381e-33,0.0,0.0
14.06,0.7478081841846871,-0.4520605335854502,0.045743604868911755,1.8937790919981694,-0.027947713104368797,0.7744353000785701,0.20850898379184787,0.0,0.0,0.0,0.0,2.467005958589381e-33,0.0,0.0
14.07,0.7478081841846871,-0.4520605335854502,0.045743604868911755,1.8937790919981694,-0.027947713104368797,0.7744353000785701,0.20850898379184787,0.0,0.0,0.0,0.0,2.467005958589381e-33,0.0,0.0
14.08,0.7478081841846871,-0.4520605335854502,0.045743604868911755,1.8937790919981694,-0.027947713104368797,0.7744353000785701,0.20850898379184787,0.0,0.0,0.0,0.0,2.467005958589381e-33,0.0,0.0
14.09,0.7478081841846871,-0.4520605335854502,0.045743604868911755,1.8937790919981694,-0.027947713104368797,0.7744353000785701,0.20850898379184787,0.0,0.0,0.0,0.0,2.467005958589381e-33,0.0,0.0
14.1,0.7478081841846871,-0.4520605335854502,0.045743604868911755,1.8937790919981694,-0.027947713104368797,0.7744353000785701,0.20850898379184787,0.0,0.0,0.0,0.0,2.467005958589381e-33,0.0,0.0
14.11,0.7478081841846871,-0.4520605335854502,0.045743604868911755,1.8937790919981694,-0.027947713104368797,0.7744353000785701,0.20850898379184787,0.0,0.0,0.0,0.0,2.467005958589381e-33,0.0,0.0
14.12,0.7478081841846871,-0.4520605335854502,0.045743604868911755,1.8937790919981694,-0.027947713104368797,0.7744353000785701,0.20850898379184787,0.0,0.0,0.0,0.0,2.467005958589381e-33,0.0,0.0
14.13,0.7478081841846871,-0.4520605335854502,0.045743604868911755,1.8937790919981694,-0.027947713104368797,0.7744353000785701,0.20850898379184787,0.0,0.0,0.0,0.0,2.467005958589381e-33,0.0,0.0
14.14,0.7478081841846871,-0.4520605335854502,0.045743604868911755,1.8937790919981694,-0.027947713104368797,0.7744353000785701,0.20850898379184787,0.0,0.0,0.0,0.0,2.467005958589381e-33,0.0,0.0
14.15,0.7478081841846871,-0.4520605335854502,0.045743604868911755,1.8937790919981694,-0.027947713104368797,0.7744353000785701,0.20850898379184787,0.0,0.0,0.0,0.0,2.467005958589381e-33,0.0,0.0
14.16,0.7478081841846871,-0.4520605335854502,0.045743604868911755,1.8937790919981694,-0.027947713104368797,0.7744353000785701,0.20850898379184787,0.0,0.0,0.0,0.0,2.467005958589381e-33,0.0,0.0
14.17,0.7478081841846871,-0.4520605335854502,0.045743604868911755,1.8937790919981694,-0.027947713104368797,0.7744353000785701,0.20850898379184787,0.0,0.0,0.0,0.0,2.467005958589381e-33,0.0,0.0
14.18,0.7478081841846871,-0.4520605335854502,0.045743604868911755,1.8937790919981694,-0.027947713104368797,0.7744353000785701,0.20850898379184787,0.0,0.0,0.0,0.0,2.467005958589381e-33,0.0,0.0
14.19,0.7478081841846871,-0.4520605335854502,0.045743604868911755,1.8937790919981694,-0.027947713104368797,0.7744353000785701,0.20850898379184787,0.0,0.0,0.0,0.0,2.467005958589381e-33,0.0,0.0
14.2,0.7478081841846871,-0.4520605335854502,0.045743604868911755,1.8937790919981694,-0.027947713104368797,0.7744353000785701,0.20850898379184787,0.0,0.0,0.0,0.0,2.467005958589381e-33,0.0,0.0
14.21,0.7478081841846871,-0.4520605335854502,0.045743604868911755,1.8937790919981694,-0.027947713104368797,0.7744353000785701,0.20850898379184787,0.0,0.0,0.0,0.0,2.467005958589381e-33,0.0,0.0
14.22,0.7478081841846871,-0.4520605335854502,0.045743604868911755,1.8937790919981694,-0.027947713104368797,0.7744353000785701,0.20850898379184787,0.0,0.0,0.0,0.0,2.467005958589381e-33,0.0,0.0
14.23,0.7478081841846871,-0.4520605335854502,0.045743604868911755,1.8937790919981694,-0.027947713104368797,0.7744353000785701,0.20850898379184787,0.0,0.0,0.0,0.0,2.467005958589381e-33,0.0,0.0
14.24,0.7478081841846871,-0.4520605335854502,0.045743604868911755,1.8937790919981694,-0.027947713104368797,0.7744353000785701,0.20850898379184787,0.0,0.0,0.0,0.0,2.467005958589381e-33,0.0,0.0
14.25,0.7478081841846871,-0.4520605335854502,0.045743604868911755,1.8937790919981694,-0.027947713104368797,0.7744353000785701,0.20850898379184787,0.0,0.0,0.0,0.0,2.467005958589381e-33,0.0,0.0
14.26,0.7478081841846871,-0.4520605335854502,0.045743604868911755,1.8937790919981694,-0.027947713104368797,0.7744353000785701,0.20850898379184787,0.0,0.0,0.0,0.0,2.467005958589381e-33,0.0,0.0
14.27,0.7478081841846871,-0.4520605335854502,0.045743604868911755,1.8937790919981694,-0.027947713104368797,0.7744353000785701,0.20850898379184787,0.0,0.0,0.0,0.0,2.467005958589381e-33,0.0,0.0
14.28,0.7478081841846871,-0.4520605335854502,0.045743604868911755,1.8937790919981694,-0.027947713104368797,0.7744353000785701,0.20850898379184787,0.0,0.0,0.0,0.0,2.467005958589381e-33,0.0,0.0
14.29,0.7478081841846871,-0.4520605335854502,0.045743604868911755,1.8937790919981694,-0.027947713104368797,0.7744353000785701,0.20850898379184787,0.0,0.0,0.0,0.0,2.467005958589381e-33,0.0,0.0
14.3,0.7478081841846871,-0.4520605335854502,0.045743604868911755,1.8937790919981694,-0.027947713104368797,0.7744353000785701,0.20850898379184787,0.0,0.0,0.0,0.0,2.467005958589381e-33,0.0,0.0
14.31,0.7478081841846871,-0.4520605335854502,0.045743604868911755,1.8937790919981694,-0.027947713104368797,0.7744353000785701,0.20850898379184787,0.0,0.0,0.0,0.0,2.467005958589381e-33,0.0,0.0
14.32,0.7478081841846871,-0.4520605335854502,0.045743604868911755,1.8937790919981694,-0.027947713104368797,0.7744353000785701,0.20850898379184787,0.0,0.0,0.0,0.0,2.467005958589381e-33,0.0,0.0
14.33,0.7478081841846871,-0.4520605335854502,0.045743604868911755,1.8937790919981694,-0.027947713104368797,0.7744353000785701,0.20850898379184787,0.0,0.0,0.0,0.0,2.467005958589381e-33,0.0,0.0
14.34,0.7478081841846871,-0.4520605335854502,0.045743604868911755,1.8937790919981694,-0.027947713104368797,0.7744353000785701,0.20850898379184787,0.0,0.0,0.0,0.0,2.467005958589381e-33,0.0,0.0
14.35,0.7478081841846871,-0.4520605335854502,0.045743604868911755,1.8937790919981694,-0.027947713104368797,0.7744353000785701,0.20850898379184787,0.0,0.0,0.0,0.0,2.467005958589381e-33,0.0,0.0
14.36,0.7478081841846871,-0.4520605335854502,0.045743604868911755,1.8937790919981694,-0.027947713104368797,0.7744353000785701,0.20850898379184787,0.0,0.0,0.0,0.0,2.467005958589381e-33,0.0,0.0
14.37,0.7478081841846871,-0.4520605335854502,0.045743604868911755,1.8937790919981694,-0.027947713104368797,0.7744353000785701,0.20850898379184787,0.0,0.0,0.0,0.0,2.467005958589381e-33,0.0,0.0
14.38,0.7478081841846871,-0.4520605335854502,0.045743604868911755,1.8937790919981694,-0.027947713104368797,0.7744353000785701,0.20850898379184787,0.0,0.0,0.0,0.0,2.467005958589381e-33,0.0,0.0
14.39,0.7478081841846871,-0.4520605335854502,0.045743604868911755,1.8937790919981694,-0.027947713104368797,0.7744353000785701,0.20850898379184787,0.0,0.0,0.0,0.0,2.467005958589381e-33,0.0,0.0
14.4,0.7478081841846871,-0.4520605335854502,0.045743604868911755,1.8937790919981694,-0.027947713104368797,0.7744353000785701,0.20850898379184787,0.0,0.0,0.0,0.0,2.467005958589381e-33,0.0,0.0
14.41,0.7478081841846871,-0.4520605335854502,0.045743604868911755,1.8937790919981694,-0.027947713104368797,0.7744353000785701,0.20850898379184787,0.0,0.0,0.0,0.0,2.467005958589381e-33,0.0,0.0
14.42,0.7478081841846871,-0.4520605335854502,0.045743604868911755,1.8937790919981694,-0.027947713104368797,0.7744353000785701,0.20850898379184787,0.0,0.0,0.0,0.0,2.467005958589381e-33,0.0,0.0
14.43,0.7478081841846871,-0.4520605335854502,0.045743604868911755,1.8937790919981694,-0.027947713104368797,0.7744353000785701,0.20850898379184787,0.0,0.0,0.0,0.0,2.467005958589381e-33,0.0,0.0
14.44,0.7478081841846871,-0.4520605335854502,0.045743604868911755,1.8937790919981694,-0.027947713104368797,0.7744353000785701,0.20850898379184787,0.0,0.0,0.0,0.0,2.467005958589381e-33,0.0,0.0
14.45,0.7478081841846871,-0.4520605335854502,0.045743604868911755,1.8937790919981694,-0.027947713104368797,0.7744353000785701,0.20850898379184787,0.0,0.0,0.0,0.0,2.467005958589381e-33,0.0,0.0
14.46,0.7478081841846871,-0.4520605335854502,0.045743604868911755,1.8937790919981694,-0.027947713104368797,0.7744353000785701,0.20850898379184787,0.0,0.0,0.0,0.0,2.467005958589381e-33,0.0,0.0
14.47,0.7478081841846871,-0.4520605335854502,0.045743604868911755,1.8937790919981694,-0.027947713104368797,0.7744353000785701,0.20850898379184787,0.0,0.0,0.0,0.0,2.467005958589381e-33,0.0,0.0
14.48,0.7478081841846871,-0.4520605335854502,0.045743604868911755,1.8937790919981694,-0.027947713104368797,0.7744353000785701,0.20850898379184787,0.0,0.0,0.0,0.0,2.467005958589381e-33,0.0,0.0
14.49,0.7478081841846871,-0.4520605335854502,0.045743604868911755,1.8937790919981694,-0.027947713104368797,0.7744353000785701,0.20850898379184787,0.0,0.0,0.0,0.0,2.467005958589381e-33,0.0,0.0
14.5,0.7478081841846871,-0.4520605335854502,0.045743604868911755,1.8937790919981694,-0.027947713104368797,0.7744353000785701,0.20850898379184787,0.0,0.0,0.0,0.0,2.467005958589381e-33,0.0,0.0
14.51,0.7478081841846871,-0.4520605335854502,0.045743604868911755,1.8937790919981694,-0.027947713104368797,0.7744353000785701,0.20850898379184787,0.0,0.0,0.0,0.0,2.467005958589381e-33,0.0,0.0
14.52,0.7478081841846871,-0.4520605335854502,0.045743604868911755,1.8937790919981694,-0.027947713104368797,0.7744353000785701,0.20850898379184787,0.0,0.0,0.0,0.0,2.467005958589381e-33,0.0,0.0
14.53,0.7478081841846871,-0.4520605335854502,0.045743604868911755,1.8937790919981694,-0.027947713104368797,0.7744353000785701,0.20850898379184787,0.0,0.0,0.0,0.0,2.467005958589381e-33,0.0,0.0
14.54,0.7478081841846871,-0.4520605335854502,0.045743604868911755,1.8937790919981694,-0.027947713104368797,0.7744353000785701,0.20850898379184787,0.0,0.0,0.0,0.0,2.467005958589381e-33,0.0,0.0
14.55,0.7478081841846871,-0.4520605335854502,0.045743604868911755,1.8937790919981694,-0.027947713104368797,0.7744353000785701,0.20850898379184787,0.0,0.0,0.0,0.0,2.467005958589381e-33,0.0,0.0
14.56,0.7478081841846871,-0.4520605335854502,0.045743604868911755,1.8937790919981694,-0.027947713104368797,0.7744353000785701,0.20850898379184787,0.0,0.0,0.0,0.0,2.467005958589381e-33,0.0,0.0
14.57,0.7478081841846871,-0.4520605335854502,0.045743604868911755,1.8937790919981694,-0.027947713104368797,0.7744353000785701,0.20850898379184787,0.0,0.0,0.0,0.0,2.467005958589381e-33,0.0,0.0
14.58,0.7478081841846871,-0.4520605335854502,0.045743604868911755,1.8937790919981694,-0.027947713104368797,0.7744353000785701,0.20850898379184787,0.0,0.0,0.0,0.0,2.467005958589381e-33,0.0,0.0
14.59,0.7478081841846871,-0.4520605335854502,0.045743604868911755,1.8937790919981694,-0.027947713104368797,0.7744353000785701,0.20850898379184787,0.0,0.0,0.0,0.0,2.467005958589381e-33,0.0,0.0
14.6,0.7478081841846871,-0.4520605335854502,0.045743604868911755,1.8937790919981694,-0.027947713104368797,0.7744353000785701,0.20850898379184787,0.0,0.0,0.0,0.0,2.467005958589381e-33,0.0,0.0
14.61,0.7478081841846871,-0.4520605335854502,0.045743604868911755,1.8937790919981694,-0.027947713104368797,0.7744353000785701,0.20850898379184787,0.0,0.0,0.0,0.0,2.467005958589381e-33,0.0,0.0
14.62,0.7478081841846871,-0.4520605335854502,0.045743604868911755,1.8937790919981694,-0.027947713104368797,0.7744353000785701,0.20850898379184787,0.0,0.0,0.0,0.0,2.467005958589381e-33,0.0,0.0
14.63,0.7478081841846871,-0.4520605335854502,0.045743604868911755,1.8937790919981694,-0.027947713104368797,0.7744353000785701,0.20850898379184787,0.0,0.0,0.0,0.0,2.467005958589381e-33,0.0,0.0
14.64,0.7478081841846871,-0.4520605335854502,0.045743604868911755,1.8937790919981694,-0.027947713104368797,0.7744353000785701,0.20850898379184787,0.0,0.0,0.0,0.0,2.467005958589381e-33,0.0,0.0
14.65,0.7478081841846871,-0.4520605335854502,0.045743604868911755,1.8937790919981694,-0.027947713104368797,0.7744353000785701,0.20850898379184787,0.0,0.0,0.0,0.0,2.467005958589381e-33,0.0,0.0
14.66,0.7478081841846871,-0.4520605335854502,0.045743604868911755,1.8937790919981694,-0.027947713104368797,0.7744353000785701,0.20850898379184787,0.0,0.0,0.0,0.0,2.467005958589381e-33,0.0,0.0
14.67,0.7478081841846871,-0.4520605335854502,0.045743604868911755,1.8937790919981694,-0.027947713104368797,0.7744353000785701,0.20850898379184787,0.0,0.0,0.0,0.0,2.467005958589381e-33,0.0,0.0
14.68,0.7478081841846871,-0.4520605335854502,0.045743604868911755,1.8937790919981694,-0.027947713104368797,0.7744353000785701,0.20850898379184787,0.0,0.0,0.0,0.0,2.467005958589381e-33,0.0,0.0
14.69,0.7478081841846871,-0.4520605335854502,0.045743604868911755,1.8937790919981694,-0.027947713104368797,0.7744353000785701,0.20850898379184787,0.0,0.0,0.0,0.0,2.467005958589381e-33,0.0,0.0
14.7,0.7478081841846871,-0.4520605335854502,0.045743604868911755,1.8937790919981694,-0.027947713104368797,0.7744353000785701,0.20850898379184787,0.0,0.0,0.0,0.0,2.467005958589381e-33,0.0,0.0
14.71,0.7478081841846871,-0.4520605335854502,0.045743604868911755,1.8937790919981694,-0.027947713104368797,0.7744353000785701,0.20850898379184787,0.0,0.0,0.0,0.0,2.467005958589381e-33,0.0,0.0
14.72,0.7478081841846871,-0.4520605335854502,0.045743604868911755,1.8937790919981694,-0.027947713104368797,0.7744353000785701,0.20850898379184787,0.0,0.0,0.0,0.0,2.467005958589381e-33,0.0,0.0
14.73,0.7478081841846871,-0.4520605335854502,0.045743604868911755,1.8937790919981694,-0.027947713104368797,0.7744353000785701,0.20850898379184787,0.0,0.0,0.0,0.0,2.467005958589381e-33,0.0,0.0
14.74,0.7478081841846871,-0.4520605335854502,0.045743604868911755,1.8937790919981694,-0.027947713104368797,0.7744353000785701,0.20850898379184787,0.0,0.0,0.0,0.0,2.467005958589381e-33,0.0,0.0
14.75,0.7478081841846871,-0.4520605335854502,0.045743604868911755,1.8937790919981694,-0.027947713104368797,0.7744353000785701,0.20850898379184787,0.0,0.0,0.0,0.0,2.467005958589381e-33,0.0,0.0
14.76,0.7478081841846871,-0.4520605335854502,0.045743604868911755,1.8937790919981694,-0.027947713104368797,0.7744353000785701,0.20850898379184787,0.0,0.0,0.0,0.0,2.467005958589381e-33,0.0,0.0
14.77,0.7478081841846871,-0.4520605335854502,0.045743604868911755,1.8937790919981694,-0.027947713104368797,0.7744353000785701,0.20850898379184787,0.0,0.0,0.0,0.0,2.467005958589381e-33,0.0,0.0
14.78,0.7478081841846871,-0.4520605335854502,0.045743604868911755,1.8937790919981694,-0.027947713104368797,0.7744353000785701,0.20850898379184787,0.0,0.0,0.0,0.0,2.467005958589381e-33,0.0,0.0
14.79,0.7478081841846871,-0.4520605335854502,0.045743604868911755,1.8937790919981694,-0.027947713104368797,0.7744353000785701,0.20850898379184787,0.0,0.0,0.0,0.0,2.467005958589381e-33,0.0,0.0
14.8,0.7478081841846871,-0.4520605335854502,0.045743604868911755,1.8937790919981694,-0.027947713104368797,0.7744353000785701,0.20850898379184787,0.0,0.0,0.0,0.0,2.467005958589381e-33,0.0,0.0
14.81,0.7478081841846871,-0.4520605335854502,0.045743604868911755,1.8937790919981694,-0.027947713104368797,0.7744353000785701,0.20850898379184787,0.0,0.0,0.0,0.0,2.467005958589381e-33,0.0,0.0
14.82,0.7478081841846871,-0.4520605335854502,0.045743604868911755,1.8937790919981694,-0.027947713104368797,0.7744353000785701,0.20850898379184787,0.0,0.0,0.0,0.0,2.467005958589381e-33,0.0,0.0
14.83,0.7478081841846871,-0.4520605335854502,0.045743604868911755,1.8937790919981694,-0.027947713104368797,0.7744353000785701,0.20850898379184787,0.0,0.0,0.0,0.0,2.467005958589381e-33,0.0,0.0
14.84,0.7478081841846871,-0.4520605335854502,0.045743604868911755,1.8937790919981694,-0.027947713104368797,0.7744353000785701,0.20850898379184787,0.0,0.0,0.0,0.0,2.467005958589381e-33,0.0,0.0
14.85,0.7478081841846871,-0.4520605335854502,0.045743604868911755,1.8937790919981694,-0.027947713104368797,0.7744353000785701,0.20850898379184787,0.0,0.0,0.0,0.0,2.467005958589381e-33,0.0,0.0
14.86,0.7478081841846871,-0.4520605335854502,0.045743604868911755,1.8937790919981694,-0.027947713104368797,0.7744353000785701,0.20850898379184787,0.0,0.0,0.0,0.0,2.467005958589381e-33,0.0,0.0
14.87,0.7478081841846871,-0.4520605335854502,0.045743604868911755,1.8937790919981694,-0.027947713104368797,0.7744353000785701,0.20850898379184787,0.0,0.0,0.0,0.0,2.467005958589381e-33,0.0,0.0
14.88,0.7478081841846871,-0.4520605335854502,0.045743604868911755,1.8937790919981694,-0.027947713104368797,0.7744353000785701,0.20850898379184787,0.0,0.0,0.0,0.0,2.467005958589381e-33,0.0,0.0
14.89,0.7478081841846871,-0.4520605335854502,0.045743604868911755,1.8937790919981694,-0.027947713104368797,0.7744353000785701,0.20850898379184787,0.0,0.0,0.0,0.0,2.467005958589381e-33,0.0,0.0
14.9,0.7478081841846871,-0.4520605335854502,0.045743604868911755,1.8937790919981694,-0.027947713104368797,0.7744353000785701,0.20850898379184787,0.0,0.0,0.0,0.0,2.467005958589381e-33,0.0,0.0
14.91,0.7478081841846871,-0.4520605335854502,0.045743604868911755,1.8937790919981694,-0.027947713104368797,0.7744353000785701,0.20850898379184787,0.0,0.0,0.0,0.0,2.467005958589381e-33,0.0,0.0
14.92,0.7478081841846871,-0.4520605335854502,0.045743604868911755,1.8937790919981694,-0.027947713104368797,0.7744353000785701,0.20850898379184787,0.0,0.0,0.0,0.0,2.467005958589381e-33,0.0,0.0
14.93,0.7478081841846871,-0.4520605335854502,0.045743604868911755,1.8937790919981694,-0.027947713104368797,0.7744353000785701,0.20850898379184787,0.0,0.0,0.0,0.0,2.467005958589381e-33,0.0,0.0
14.94,0.7478081841846871,-0.4520605335854502,0.045743604868911755,1.8937790919981694,-0.027947713104368797,0.7744353000785701,0.20850898379184787,0.0,0.0,0.0,0.0,2.467005958589381e-33,0.0,0.0
14.95,0.7478081841846871,-0.4520605335854502,0.045743604868911755,1.8937790919981694,-0.027947713104368797,0.7744353000785701,0.20850898379184787,0.0,0.0,0.0,0.0,2.467005958589381e-33,0.0,0.0
14.96,0.7478081841846871,-0.4520605335854502,0.045743604868911755,1.8937790919981694,-0.027947713104368797,0.7744353000785701,0.20850898379184787,0.0,0.0,0.0,0.0,2.467005958589381e-33,0.0,0.0
14.97,0.7478081841846871,-0.4520605335854502,0.045743604868911755,1.8937790919981694,-0.027947713104368797,0.7744353000785701,0.20850898379184787,0.0,0.0,0.0,0.0,2.467005958589381e-33,0.0,0.0
14.98,0.7478081841846871,-0.4520605335854502,0.045743604868911755,1.8937790919981694,-0.027947713104368797,0.7744353000785701,0.20850898379184787,0.0,0.0,0.0,0.0,2.467005958589381e-33,0.0,0.0
14.99,0.7478081841846871,-0.4520605335854502,0.045743604868911755,1.8937790919981694,-0.027947713104368797,0.7744353000785701,0.20850898379184787,0.0,0.0,0.0,0.0,2.467005958589381e-33,0.0,0.0
15.0,0.7478081841846871,-0.4520605335854502,0.045743604868911755,1.8937790919981694,-0.027947713104368797,0.7744353000785701,0.20850898379184787,0.0,0.0,0.0,0.0,2.467005958589381e-33,0.0,0.0
15.01,0.7478081841846871,-0.4520605335854502,0.045743604868911755,1.8937790919981694,-0.027947713104368797,0.7744353000785701,0.20850898379184787,0.0,0.0,0.0,0.0,2.467005958589381e-33,0.0,0.0
15.02,0.7478081841846871,-0.4520605335854502,0.045743604868911755,1.8937790919981694,-0.027947713104368797,0.7744353000785701,0.20850898379184787,0.0,0.0,0.0,0.0,2.467005958589381e-33,0.0,0.0
15.03,0.7478081841846871,-0.4520605335854502,0.045743604868911755,1.8937790919981694,-0.027947713104368797,0.7744353000785701,0.20850898379184787,0.0,0.0,0.0,0.0,2.467005958589381e-33,0.0,0.0
15.04,0.7478081841846871,-0.4520605335854502,0.045743604868911755,1.8937790919981694,-0.027947713104368797,0.7744353000785701,0.20850898379184787,0.0,0.0,0.0,0.0,2.467005958589381e-33,0.0,0.0
15.05,0.7478081841846871,-0.4520605335854502,0.045743604868911755,1.8937790919981694,-0.027947713104368797,0.7744353000785701,0.20850898379184787,0.0,0.0,0.0,0.0,2.467005958589381e-33,0.0,0.0
15.06,0.7478081841846871,-0.4520605335854502,0.045743604868911755,1.8937790919981694,-0.027947713104368797,0.7744353000785701,0.20850898379184787,0.0,0.0,0.0,0.0,2.467005958589381e-33,0.0,0.0
15.07,0.7478081841846871,-0.4520605335854502,0.045743604868911755,1.8937790919981694,-0.027947713104368797,0.7744353000785701,0.20850898379184787,0.0,0.0,0.0,0.0,2.467005958589381e-33,0.0,0.0
15.08,0.7478081841846871,-0.4520605335854502,0.045743604868911755,1.8937790919981694,-0.027947713104368797,0.7744353000785701,0.20850898379184787,0.0,0.0,0.0,0.0,2.467005958589381e-33,0.0,0.0
15.09,0.7478081841846871,-0.4520605335854502,0.045743604868911755,1.8937790919981694,-0.027947713104368797,0.7744353000785701,0.20850898379184787,0.0,0.0,0.0,0.0,2.467005958589381e-33,0.0,0.0
15.1,0.7478081841846871,-0.4520605335854502,0.045743604868911755,1.8937790919981694,-0.027947713104368797,0.7744353000785701,0.20850898379184787,0.0,0.0,0.0,0.0,2.467005958589381e-33,0.0,0.0
15.11,0.7478081841846871,-0.4520605335854502,0.045743604868911755,1.8937790919981694,-0.027947713104368797,0.7744353000785701,0.20850898379184787,0.0,0.0,0.0,0.0,2.467005958589381e-33,0.0,0.0
15.12,0.7478081841846871,-0.4520605335854502,0.045743604868911755,1.8937790919981694,-0.027947713104368797,0.7744353000785701,0.20850898379184787,0.0,0.0,0.0,0.0,2.467005958589381e-33,0.0,0.0
15.13,0.7478081841846871,-0.4520605335854502,0.045743604868911755,1.8937790919981694,-0.027947713104368797,0.7744353000785701,0.20850898379184787,0.0,0.0,0.0,0.0,2.467005958589381e-33,0.0,0.0
15.14,0.7478081841846871,-0.4520605335854502,0.045743604868911755,1.8937790919981694,-0.027947713104368797,0.7744353000785701,0.20850898379184787,0.0,0.0,0.0,0.0,2.467005958589381e-33,0.0,0.0
15.15,0.7478081841846871,-0.4520605335854502,0.045743604868911755,1.8937790919981694,-0.027947713104368797,0.7744353000785701,0.20850898379184787,0.0,0.0,0.0,0.0,2.467005958589381e-33,0.0,0.0
15.16,0.7478081841846871,-0.4520605335854502,0.045743604868911755,1.8937790919981694,-0.027947713104368797,0.7744353000785701,0.20850898379184787,0.0,0.0,0.0,0.0,2.467005958589381e-33,0.0,0.0
15.17,0.7478081841846871,-0.4520605335854502,0.045743604868911755,1.8937790919981694,-0.027947713104368797,0.7744353000785701,0.20850898379184787,0.0,0.0,0.0,0.0,2.467005958589381e-33,0.0,0.0
15.18,0.7478081841846871,-0.4520605335854502,0.045743604868911755,1.8937790919981694,-0.027947713104368797,0.7744353000785701,0.20850898379184787,0.0,0.0,0.0,0.0,2.467005958589381e-33,0.0,0.0
15.19,0.7478081841846871,-0.4520605335854502,0.045743604868911755,1.8937790919981694,-0.027947713104368797,0.7744353000785701,0.20850898379184787,0.0,0.0,0.0,0.0,2.467005958589381e-33,0.0,0.0
15.2,0.7478081841846871,-0.4520605335854502,0.045743604868911755,1.8937790919981694,-0.027947713104368797,0.7744353000785701,0.20850898379184787,0.0,0.0,0.0,0.0,2.467005958589381e-33,0.0,0.0
15.21,0.7478081841846871,-0.4520605335854502,0.045743604868911755,1.8937790919981694,-0.027947713104368797,0.7744353000785701,0.20850898379184787,0.0,0.0,0.0,0.0,2.467005958589381e-33,0.0,0.0
15.22,0.7478081841846871,-0.4520605335854502,0.045743604868911755,1.8937790919981694,-0.027947713104368797,0.7744353000785701,0.20850898379184787,0.0,0.0,0.0,0.0,2.467005958589381e-33,0.0,0.0
15.23,0.7478081841846871,-0.4520605335854502,0.045743604868911755,1.8937790919981694,-0.027947713104368797,0.7744353000785701,0.20850898379184787,0.0,0.0,0.0,0.0,2.467005958589381e-33,0.0,0.0
15.24,0.7478081841846871,-0.4520605335854502,0.045743604868911755,1.8937790919981694,-0.027947713104368797,0.7744353000785701,0.20850898379184787,0.0,0.0,0.0,0.0,2.467005958589381e-33,0.0,0.0
15.25,0.7478081841846871,-0.4520605335854502,0.045743604868911755,1.8937790919981694,-0.027947713104368797,0.7744353000785701,0.20850898379184787,0.0,0.0,0.0,0.0,2.467005958589381e-33,0.0,0.0
15.26,0.7478081841846871,-0.4520605335854502,0.045743604868911755,1.8937790919981694,-0.027947713104368797,0.7744353000785701,0.20850898379184787,0.0,0.0,0.0,0.0,2.467005958589381e-33,0.0,0.0
15.27,0.7478081841846871,-0.4520605335854502,0.045743604868911755,1.8937790919981694,-0.027947713104368797,0.7744353000785701,0.20850898379184787,0.0,0.0,0.0,0.0,2.467005958589381e-33,0.0,0.0
15.28,0.7478081841846871,-0.4520605335854502,0.045743604868911755,1.8937790919981694,-0.027947713104368797,0.7744353000785701,0.20850898379184787,0.0,0.0,0.0,0.0,2.467005958589381e-33,0.0,0.0
15.29,0.7478081841846871,-0.4520605335854502,0.045743604868911755,1.8937790919981694,-0.027947713104368797,0.7744353000785701,0.20850898379184787,0.0,0.0,0.0,0.0,2.467005958589381e-33,0.0,0.0
15.3,0.7478081841846871,-0.4520605335854502,0.045743604868911755,1.8937790919981694,-0.027947713104368797,0.7744353000785701,0.20850898379184787,0.0,0.0,0.0,0.0,2.467005958589381e-33,0.0,0.0
15.31,0.7478081841846871,-0.4520605335854502,0.045743604868911755,1.8937790919981694,-0.027947713104368797,0.7744353000785701,0.20850898379184787,0.0,0.0,0.0,0.0,2.467005958589381e-33,0.0,0.0
15.32,0.7478081841846871,-0.4520605335854502,0.045743604868911755,1.8937790919981694,-0.027947713104368797,0.7744353000785701,0.20850898379184787,0.0,0.0,0.0,0.0,2.467005958589381e-33,0.0,0.0
15.33,0.7478081841846871,-0.4520605335854502,0.045743604868911755,1.8937790919981694,-0.027947713104368797,0.7744353000785701,0.20850898379184787,0.0,0.0,0.0,0.0,2.467005958589381e-33,0.0,0.0
15.34,0.7478081841846871,-0.4520605335854502,0.045743604868911755,1.8937790919981694,-0.027947713104368797,0.7744353000785701,0.20850898379184787,0.0,0.0,0.0,0.0,2.467005958589381e-33,0.0,0.0
15.35,0.7478081841846871,-0.4520605335854502,0.045743604868911755,1.8937790919981694,-0.027947713104368797,0.7744353000785701,0.20850898379184787,0.0,0.0,0.0,0.0,2.467005958589381e-33,0.0,0.0
15.36,0.7478081841846871,-0.4520605335854502,0.045743604868911755,1.8937790919981694,-0.027947713104368797,0.7744353000785701,0.20850898379184787,0.0,0.0,0.0,0.0,2.467005958589381e-33,0.0,0.0
15.37,0.7478081841846871,-0.4520605335854502,0.045743604868911755,1.8937790919981694,-0.027947713104368797,0.7744353000785701,0.20850898379184787,0.0,0.0,0.0,0.0,2.467005958589381e-33,0.0,0.0
15.38,0.7478081841846871,-0.4520605335854502,0.045743604868911755,1.8937790919981694,-0.027947713104368797,0.7744353000785701,0.20850898379184787,0.0,0.0,0.0,0.0,2.467005958589381e-33,0.0,0.0
15.39,0.7478081841846871,-0.4520605335854502,0.045743604868911755,1.8937790919981694,-0.027947713104368797,0.7744353000785701,0.20850898379184787,0.0,0.0,0.0,0.0,2.467005958589381e-33,0.0,0.0
15.4,0.7478081841846871,-0.4520605335854502,0.045743604868911755,1.8937790919981694,-0.027947713104368797,0.7744353000785701,0.20850898379184787,0.0,0.0,0.0,0.0,2.467005958589381e-33,0.0,0.0
15.41,0.7478081841846871,-0.4520605335854502,0.045743604868911755,1.8937790919981694,-0.027947713104368797,0.7744353000785701,0.20850898379184787,0.0,0.0,0.0,0.0,2.467005958589381e-33,0.0,0.0
15.42,0.7478081841846871,-0.4520605335854502,0.045743604868911755,1.8937790919981694,-0.027947713104368797,0.7744353000785701,0.20850898379184787,0.0,0.0,0.0,0.0,2.467005958589381e-33,0.0,0.0
15.43,0.7478081841846871,-0.4520605335854502,0.045743604868911755,1.8937790919981694,-0.027947713104368797,0.7744353000785701,0.20850898379184787,0.0,0.0,0.0,0.0,2.467005958589381e-33,0.0,0.0
15.44,0.7478081841846871,-0.4520605335854502,0.045743604868911755,1.8937790919981694,-0.027947713104368797,0.7744353000785701,0.20850898379184787,0.0,0.0,0.0,0.0,2.467005958589381e-33,0.0,0.0
15.45,0.7478081841846871,-0.4520605335854502,0.045743604868911755,1.8937790919981694,-0.027947713104368797,0.7744353000785701,0.20850898379184787,0.0,0.0,0.0,0.0,2.467005958589381e-33,0.0,0.0
15.46,0.7478081841846871,-0.4520605335854502,0.045743604868911755,1.8937790919981694,-0.027947713104368797,0.7744353000785701,0.20850898379184787,0.0,0.0,0.0,0.0,2.467005958589381e-33,0.0,0.0
15.47,0.7478081841846871,-0.4520605335854502,0.045743604868911755,1.8937790919981694,-0.027947713104368797,0.7744353000785701,0.20850898379184787,0.0,0.0,0.0,0.0,2.467005958589381e-33,0.0,0.0
15.48,0.7478081841846871,-0.4520605335854502,0.045743604868911755,1.8937790919981694,-0.027947713104368797,0.7744353000785701,0.20850898379184787,0.0,0.0,0.0,0.0,2.467005958589381e-33,0.0,0.0
15.49,0.7478081841846871,-0.4520605335854502,0.045743604868911755,1.8937790919981694,-0.027947713104368797,0.7744353000785701,0.20850898379184787,0.0,0.0,0.0,0.0,2.467005958589381e-33,0.0,0.0
15.5,0.7478081841846871,-0.4520605335854502,0.045743604868911755,1.8937790919981694,-0.027947713104368797,0.7744353000785701,0.20850898379184787,0.0,0.0,0.0,0.0,2.467005958589381e-33,0.0,0.0
15.51,0.7478081841846871,-0.4520605335854502,0.045743604868911755,1.8937790919981694,-0.027947713104368797,0.7744353000785701,0.20850898379184787,0.0,0.0,0.0,0.0,2.467005958589381e-33,0.0,0.0
15.52,0.7478081841846871,-0.4520605335854502,0.045743604868911755,1.8937790919981694,-0.027947713104368797,0.7744353000785701,0.20850898379184787,0.0,0.0,0.0,0.0,2.467005958589381e-33,0.0,0.0
15.53,0.7478081841846871,-0.4520605335854502,0.045743604868911755,1.8937790919981694,-0.027947713104368797,0.7744353000785701,0.20850898379184787,0.0,0.0,0.0,0.0,2.467005958589381e-33,0.0,0.0
15.54,0.7478081841846871,-0.4520605335854502,0.045743604868911755,1.8937790919981694,-0.027947713104368797,0.7744353000785701,0.20850898379184787,0.0,0.0,0.0,0.0,2.467005958589381e-33,0.0,0.0
15.55,0.7478081841846871,-0.4520605335854502,0.045743604868911755,1.8937790919981694,-0.027947713104368797,0.7744353000785701,0.20850898379184787,0.0,0.0,0.0,0.0,2.467005958589381e-33,0.0,0.0
15.56,0.7478081841846871,-0.4520605335854502,0.045743604868911755,1.8937790919981694,-0.027947713104368797,0.7744353000785701,0.20850898379184787,0.0,0.0,0.0,0.0,2.467005958589381e-33,0.0,0.0
15.57,0.7478081841846871,-0.4520605335854502,0.045743604868911755,1.8937790919981694,-0.027947713104368797,0.7744353000785701,0.20850898379184787,0.0,0.0,0.0,0.0,2.467005958589381e-33,0.0,0.0
15.58,0.7478081841846871,-0.4520605335854502,0.045743604868911755,1.8937790919981694,-0.027947713104368797,0.7744353000785701,0.20850898379184787,0.0,0.0,0.0,0.0,2.467005958589381e-33,0.0,0.0
15.59,0.7478081841846871,-0.4520605335854502,0.045743604868911755,1.8937790919981694,-0.027947713104368797,0.7744353000785701,0.20850898379184787,0.0,0.0,0.0,0.0,2.467005958589381e-33,0.0,0.0
15.6,0.7478081841846871,-0.4520605335854502,0.045743604868911755,1.8937790919981694,-0.027947713104368797,0.7744353000785701,0.20850898379184787,0.0,0.0,0.0,0.0,2.467005958589381e-33,0.0,0.0
15.61,0.7478081841846871,-0.4520605335854502,0.045743604868911755,1.8937790919981694,-0.027947713104368797,0.7744353000785701,0.20850898379184787,0.0,0.0,0.0,0.0,2.467005958589381e-33,0.0,0.0
15.62,0.7478081841846871,-0.4520605335854502,0.045743604868911755,1.8937790919981694,-0.027947713104368797,0.7744353000785701,0.20850898379184787,0.0,0.0,0.0,0.0,2.467005958589381e-33,0.0,0.0
15.63,0.7478081841846871,-0.4520605335854502,0.045743604868911755,1.8937790919981694,-0.027947713104368797,0.7744353000785701,0.20850898379184787,0.0,0.0,0.0,0.0,2.467005958589381e-33,0.0,0.0
15.64,0.7478081841846871,-0.4520605335854502,0.045743604868911755,1.8937790919981694,-0.027947713104368797,0.7744353000785701,0.20850898379184787,0.0,0.0,0.0,0.0,2.467005958589381e-33,0.0,0.0
15.65,0.7478081841846871,-0.4520605335854502,0.045743604868911755,1.8937790919981694,-0.027947713104368797,0.7744353000785701,0.20850898379184787,0.0,0.0,0.0,0.0,2.467005958589381e-33,0.0,0.0
15.66,0.7478081841846871,-0.4520605335854502,0.045743604868911755,1.8937790919981694,-0.027947713104368797,0.7744353000785701,0.20850898379184787,0.0,0.0,0.0,0.0,2.467005958589381e-33,0.0,0.0
15.67,0.7478081841846871,-0.4520605335854502,0.045743604868911755,1.8937790919981694,-0.027947713104368797,0.7744353000785701,0.20850898379184787,0.0,0.0,0.0,0.0,2.467005958589381e-33,0.0,0.0
15.68,0.7478081841846871,-0.4520605335854502,0.045743604868911755,1.8937790919981694,-0.027947713104368797,0.7744353000785701,0.20850898379184787,0.0,0.0,0.0,0.0,2.467005958589381e-33,0.0,0.0
15.69,0.7478081841846871,-0.4520605335854502,0.045743604868911755,1.8937790919981694,-0.027947713104368797,0.7744353000785701,0.20850898379184787,0.0,0.0,0.0,0.0,2.467005958589381e-33,0.0,0.0
15.7,0.7478081841846871,-0.4520605335854502,0.045743604868911755,1.8937790919981694,-0.027947713104368797,0.7744353000785701,0.20850898379184787,0.0,0.0,0.0,0.0,2.467005958589381e-33,0.0,0.0
15.71,0.7478081841846871,-0.4520605335854502,0.045743604868911755,1.8937790919981694,-0.027947713104368797,0.7744353000785701,0.20850898379184787,0.0,0.0,0.0,0.0,2.467005958589381e-33,0.0,0.0
15.72,0.7478081841846871,-0.4520605335854502,0.045743604868911755,1.8937790919981694,-0.027947713104368797,0.7744353000785701,0.20850898379184787,0.0,0.0,0.0,0.0,2.467005958589381e-33,0.0,0.0
15.73,0.7478081841846871,-0.4520605335854502,0.045743604868911755,1.8937790919981694,-0.027947713104368797,0.7744353000785701,0.20850898379184787,0.0,0.0,0.0,0.0,2.467005958589381e-33,0.0,0.0
15.74,0.7478081841846871,-0.4520605335854502,0.045743604868911755,1.8937790919981694,-0.027947713104368797,0.7744353000785701,0.20850898379184787,0.0,0.0,0.0,0.0,2.467005958589381e-33,0.0,0.0
15.75,0.7478081841846871,-0.4520605335854502,0.045743604868911755,1.8937790919981694,-0.027947713104368797,0.7744353000785701,0.20850898379184787,0.0,0.0,0.0,0.0,2.467005958589381e-33,0.0,0.0
15.76,0.7478081841846871,-0.4520605335854502,0.045743604868911755,1.8937790919981694,-0.027947713104368797,0.7744353000785701,0.20850898379184787,0.0,0.0,0.0,0.0,2.467005958589381e-33,0.0,0.0
15.77,0.7478081841846871,-0.4520605335854502,0.045743604868911755,1.8937790919981694,-0.027947713104368797,0.7744353000785701,0.20850898379184787,0.0,0.0,0.0,0.0,2.467005958589381e-33,0.0,0.0
15.78,0.7478081841846871,-0.4520605335854502,0.045743604868911755,1.8937790919981694,-0.027947713104368797,0.7744353000785701,0.20850898379184787,0.0,0.0,0.0,0.0,2.467005958589381e-33,0.0,0.0
15.79,0.7478081841846871,-0.4520605335854502,0.045743604868911755,1.8937790919981694,-0.027947713104368797,0.7744353000785701,0.20850898379184787,0.0,0.0,0.0,0.0,2.467005958589381e-33,0.0,0.0
15.8,0.7478081841846871,-0.4520605335854502,0.045743604868911755,1.8937790919981694,-0.027947713104368797,0.7744353000785701,0.20850898379184787,0.0,0.0,0.0,0.0,2.467005958589381e-33,0.0,0.0
15.81,0.7478081841846871,-0.4520605335854502,0.045743604868911755,1.8937790919981694,-0.027947713104368797,0.7744353000785701,0.20850898379184787,0.0,0.0,0.0,0.0,2.467005958589381e-33,0.0,0.0
15.82,0.7478081841846871,-0.4520605335854502,0.045743604868911755,1.8937790919981694,-0.027947713104368797,0.7744353000785701,0.20850898379184787,0.0,0.0,0.0,0.0,2.467005958589381e-33,0.0,0.0
15.83,0.7478081841846871,-0.4520605335854502,0.045743604868911755,1.8937790919981694,-0.027947713104368797,0.7744353000785701,0.20850898379184787,0.0,0.0,0.0,0.0,2.467005958589381e-33,0.0,0.0
15.84,0.7478081841846871,-0.4520605335854502,0.045743604868911755,1.8937790919981694,-0.027947713104368797,0.7744353000785701,0.20850898379184787,0.0,0.0,0.0,0.0,2.467005958589381e-33,0.0,0.0
15.85,0.7478081841846871,-0.4520605335854502,0.045743604868911755,1.8937790919981694,-0.027947713104368797,0.7744353000785701,0.20850898379184787,0.0,0.0,0.0,0.0,2.467005958589381e-33,0.0,0.0
15.86,0.7478081841846871,-0.4520605335854502,0.045743604868911755,1.8937790919981694,-0.027947713104368797,0.7744353000785701,0.20850898379184787,0.0,0.0,0.0,0.0,2.467005958589381e-33,0.0,0.0
15.87,0.7478081841846871,-0.4520605335854502,0.045743604868911755,1.8937790919981694,-0.027947713104368797,0.7744353000785701,0.20850898379184787,0.0,0.0,0.0,0.0,2.467005958589381e-33,0.0,0.0
15.88,0.7478081841846871,-0.4520605335854502,0.045743604868911755,1.8937790919981694,-0.027947713104368797,0.7744353000785701,0.20850898379184787,0.0,0.0,0.0,0.0,2.467005958589381e-33,0.0,0.0
15.89,0.7478081841846871,-0.4520605335854502,0.045743604868911755,1.8937790919981694,-0.027947713104368797,0.7744353000785701,0.20850898379184787,0.0,0.0,0.0,0.0,2.467005958589381e-33,0.0,0.0
15.9,0.7478081841846871,-0.4520605335854502,0.045743604868911755,1.8937790919981694,-0.027947713104368797,0.7744353000785701,0.20850898379184787,0.0,0.0,0.0,0.0,2.467005958589381e-33,0.0,0.0
15.91,0.7478081841846871,-0.4520605335854502,0.045743604868911755,1.8937790919981694,-0.027947713104368797,0.7744353000785701,0.20850898379184787,0.0,0.0,0.0,0.0,2.467005958589381e-33,0.0,0.0
15.92,0.7478081841846871,-0.4520605335854502,0.045743604868911755,1.8937790919981694,-0.027947713104368797,0.7744353000785701,0.20850898379184787,0.0,0.0,0.0,0.0,2.467005958589381e-33,0.0,0.0
15.93,0.7478081841846871,-0.4520605335854502,0.045743604868911755,1.8937790919981694,-0.027947713104368797,0.7744353000785701,0.20850898379184787,0.0,0.0,0.0,0.0,2.467005958589381e-33,0.0,0.0
15.94,0.7478081841846871,-0.4520605335854502,0.045743604868911755,1.8937790919981694,-0.027947713104368797,0.7744353000785701,0.20850898379184787,0.0,0.0,0.0,0.0,2.467005958589381e-33,0.0,0.0
15.95,0.7478081841846871,-0.4520605335854502,0.045743604868911755,1.8937790919981694,-0.027947713104368797,0.7744353000785701,0.20850898379184787,0.0,0.0,0.0,0.0,2.467005958589381e-33,0.0,0.0
15.96,0.7478081841846871,-0.4520605335854502,0.045743604868911755,1.8937790919981694,-0.027947713104368797,0.7744353000785701,0.20850898379184787,0.0,0.0,0.0,0.0,2.467005958589381e-33,0.0,0.0
15.97,0.7478081841846871,-0.4520605335854502,0.045743604868911755,1.8937790919981694,-0.027947713104368797,0.7744353000785701,0.20850898379184787,0.0,0.0,0.0,0.0,2.467005958589381e-33,0.0,0.0
15.98,0.7478081841846871,-0.4520605335854502,0.045743604868911755,1.8937790919981694,-0.027947713104368797,0.7744353000785701,0.20850898379184787,0.0,0.0,0.0,0.0,2.467005958589381e-33,0.0,0.0
15.99,0.7478081841846871,-0.4520605335854502,0.045743604868911755,1.8937790919981694,-0.027947713104368797,0.7744353000785701,0.20850898379184787,0.0,0.0,0.0,0.0,2.467005958589381e-33,0.0,0.0
16.0,0.7478081841846871,-0.4520605335854502,0.045743604868911755,1.8937790919981694,-0.027947713104368797,0.7744353000785701,0.20850898379184787,0.0,0.0,0.0,0.0,2.467005958589381e-33,0.0,0.0
