time_s,q1_rad,q2_rad,q3_rad,q4_rad,q5_rad,q6_rad,q7_rad,dq1_rad_s,dq2_rad_s,dq3_rad_s,dq4_rad_s,dq5_rad_s,dq6_rad_s,dq7_rad_s
0.0,0.7478081841846871,-0.4520605335854502,0.045743604868911755,1.8937790919981694,-0.027947713104368797,0.7744353000785701,0.20850898379184787,0.0,0.0,0.0,0.0,0.0,0.0,0.0
0.01,0.7478081841846871,-0.4520605335854502,0.045743604868911755,1.8937790919981694,-0.027947713104368797,0.7744353000785701,0.20850898379184787,0.0,0.0,0.0,0.0,0.0,0.0,0.0
0.02,0.7478081841846871,-0.4520605335854502,0.045743604868911755,1.8937790919981694,-0.027947713104368797,0.7744353000785701,0.20850898379184787,0.0,0.0,0.0,0.0,0.0,0.0,0.0
0.03,0.7478081841846871,-0.4520605335854502,0.045743604868911755,1.8937790919981694,-0.027947713104368797,0.7744353000785701,0.20850898379184787,0.0,0.0,0.0,0.0,0.0,0.0,0.0
0.04,0.7478081841846871,-0.4520605335854502,0.045743604868911755,1.8937790919981694,-0.027947713104368797,0.7744353000785701,0.20850898379184787,0.0,0.0,0.0,0.0,0.0,0.0,0.0
0.05,0.7478081841846871,-0.4520605335854502,0.045743604868911755,1.8937790919981694,-0.027947713104368797,0.7744353000785701,0.20850898379184787,0.0,0.0,0.0,0.0,0.0,0.0,0.0
0.06,0.7478081841846871,-0.4520605335854502,0.045743604868911755,1.8937790919981694,-0.027947713104368797,0.7744353000785701,0.20850898379184787,0.0,0.0,0.0,0.0,0.0,0.0,0.0
0.07,0.7478081841846871,-0.4520605335854502,0.045743604868911755,1.8937790919981694,-0.027947713104368797,0.7744353000785701,0.20850898379184787,0.0,0.0,0.0,0.0,0.0,0.0,0.0
0.08,0.7478081841846871,-0.4520605335854502,0.045743604868911755,1.8937790919981694,-0.027947713104368797,0.7744353000785701,0.20850898379184787,0.0,0.0,0.0,0.0,0.0,0.0,0.0
0.09,0.7478081841846871,-0.4520605335854502,0.045743604868911755,1.8937790919981694,-0.027947713104368797,0.7744353000785701,0.20850898379184787,0.0,0.0,0.0,0.0,0.0,0.0,0.0
0.1,0.7478081841846871,-0.4520605335854502,0.045743604868911755,1.8937790919981694,-0.027947713104368797,0.7744353000785701,0.20850898379184787,0.0,0.0,0.0,0.0,0.0,0.0,0.0
0.11,0.7478081841846871,-0.4520605335854502,0.045743604868911755,1.8937790919981694,-0.027947713104368797,0.7744353000785701,0.20850898379184787,0.0,0.0,0.0,0.0,0.0,0.0,0.0
0.12,0.7478081841846871,-0.4520605335854502,0.045743604868911755,1.8937790919981694,-0.027947713104368797,0.7744353000785701,0.20850898379184787,0.0,0.0,0.0,0.0,0.0,0.0,0.0
0.13,0.7478081841846871,-0.4520605335854502,0.045743604868911755,1.8937790919981694,-0.027947713104368797,0.7744353000785701,0.20850898379184787,0.0,0.0,0.0,0.0,0.0,0.0,0.0
0.14,0.7478081841846871,-0.4520605335854502,0.045743604868911755,1.8937790919981694,-0.027947713104368797,0.7744353000785701,0.20850898379184787,0.0,0.0,0.0,0.0,0.0,0.0,0.0
0.15,0.7478081841846871,-0.4520605335854502,0.045743604868911755,1.8937790919981694,-0.027947713104368797,0.7744353000785701,0.20850898379184787,0.0,0.0,0.0,0.0,0.0,0.0,0.0
0.16,0.7478081841846871,-0.4520605335854502,0.045743604868911755,1.8937790919981694,-0.027947713104368797,0.7744353000785701,0.20850898379184787,0.0,0.0,0.0,0.0,0.0,0.0,0.0
0.17,0.7478081841846871,-0.4520605335854502,0.045743604868911755,1.8937790919981694,-0.027947713104368797,0.7744353000785701,0.20850898379184787,0.0,0.0,0.0,0.0,0.0,0.0,0.0
0.18,0.7478081841846871,-0.4520605335854502,0.045743604868911755,1.8937790919981694,-0.027947713104368797,0.7744353000785701,0.20850898379184787,0.0,0.0,0.0,0.0,0.0,0.0,0.0
0.19,0.7478081841846871,-0.4520605335854502,0.045743604868911755,1.8937790919981694,-0.027947713104368797,0.7744353000785701,0.20850898379184787,0.0,0.0,0.0,0.0,0.0,0.0,0.0
0.2,0.7478081841846871,-0.4520605335854502,0.045743604868911755,1.8937790919981694,-0.027947713104368797,0.7744353000785701,0.20850898379184787,0.0,0.0,0.0,0.0,0.0,0.0,0.0
0.21,0.7478081841846871,-0.4520605335854502,0.045743604868911755,1.8937790919981694,-0.027947713104368797,0.7744353000785701,0.20850898379184787,0.0,0.0,0.0,0.0,0.0,0.0,0.0
0.22,0.7478081841846871,-0.4520605335854502,0.045743604868911755,1.8937790919981694,-0.027947713104368797,0.7744353000785701,0.20850898379184787,0.0,0.0,0.0,0.0,0.0,0.0,0.0
0.23,0.7478081841846871,-0.4520605335854502,0.045743604868911755,1.8937790919981694,-0.027947713104368797,0.7744353000785701,0.20850898379184787,0.0,0.0,0.0,0.0,0.0,0.0,0.0
0.24,0.7478081841846871,-0.4520605335854502,0.045743604868911755,1.8937790919981694,-0.027947713104368797,0.7744353000785701,0.20850898379184787,0.0,0.0,0.0,0.0,0.0,0.0,0.0
0.25,0.7478081841846871,-0.4520605335854502,0.045743604868911755,1.8937790919981694,-0.027947713104368797,0.7744353000785701,0.20850898379184787,0.0,0.0,0.0,0.0,0.0,0.0,0.0
0.26,0.7478081841846871,-0.4520605335854502,0.045743604868911755,1.8937790919981694,-0.027947713104368797,0.7744353000785701,0.20850898379184787,0.0,0.0,0.0,0.0,0.0,0.0,0.0
0.27,0.7478081841846871,-0.4520605335854502,0.045743604868911755,1.8937790919981694,-0.027947713104368797,0.7744353000785701,0.20850898379184787,0.0,0.0,0.0,0.0,0.0,0.0,0.0
0.28,0.7478081841846871,-0.4520605335854502,0.045743604868911755,1.8937790919981694,-0.027947713104368797,0.7744353000785701,0.20850898379184787,0.0,0.0,0.0,0.0,0.0,0.0,0.0
0.29,0.7478081841846871,-0.4520605335854502,0.045743604868911755,1.8937790919981694,-0.027947713104368797,0.7744353000785701,0.20850898379184787,0.0,0.0,0.0,0.0,0.0,0.0,0.0
0.3,0.7478081841846871,-0.4520605335854502,0.045743604868911755,1.8937790919981694,-0.027947713104368797,0.7744353000785701,0.20850898379184787,0.0,0.0,0.0,0.0,0.0,0.0,0.0
0.31,0.7478081841846871,-0.4520605335854502,0.045743604868911755,1.8937790919981694,-0.027947713104368797,0.7744353000785701,0.20850898379184787,0.0,0.0,0.0,0.0,0.0,0.0,0.0
0.32,0.7478081841846871,-0.4520605335854502,0.045743604868911755,1.8937790919981694,-0.027947713104368797,0.7744353000785701,0.20850898379184787,0.0,0.0,0.0,0.0,0.0,0.0,0.0
0.33,0.7478081841846871,-0.4520605335854502,0.045743604868911755,1.8937790919981694,-0.027947713104368797,0.7744353000785701,0.20850898379184787,0.0,0.0,0.0,0.0,0.0,0.0,0.0
0.34,0.7478081841846871,-0.4520605335854502,0.045743604868911755,1.8937790919981694,-0.027947713104368797,0.7744353000785701,0.20850898379184787,0.0,0.0,0.0,0.0,0.0,0.0,0.0
0.35,0.7478081841846871,-0.4520605335854502,0.045743604868911755,1.8937790919981694,-0.027947713104368797,0.7744353000785701,0.20850898379184787,0.0,0.0,0.0,0.0,0.0,0.0,0.0
0.36,0.7478081841846871,-0.4520605335854502,0.045743604868911755,1.8937790919981694,-0.027947713104368797,0.7744353000785701,0.20850898379184787,0.0,0.0,0.0,0.0,0.0,0.0,0.0
0.37,0.7478081841846871,-0.4520605335854502,0.045743604868911755,1.8937790919981694,-0.027947713104368797,0.7744353000785701,0.20850898379184787,0.0,0.0,0.0,0.0,0.0,0.0,0.0
0.38,0.7478081841846871,-0.4520605335854502,0.045743604868911755,1.8937790919981694,-0.027947713104368797,0.7744353000785701,0.20850898379184787,0.0,0.0,0.0,0.0,0.0,0.0,0.0
0.39,0.7478081841846871,-0.4520605335854502,0.045743604868911755,1.8937790919981694,-0.027947713104368797,0.7744353000785701,0.20850898379184787,0.0,0.0,0.0,0.0,0.0,0.0,0.0
0.4,0.7478081841846871,-0.4520605335854502,0.045743604868911755,1.8937790919981694,-0.027947713104368797,0.7744353000785701,0.20850898379184787,0.0,0.0,0.0,0.0,0.0,0.0,0.0
0.41,0.7478081841846871,-0.4520605335854502,0.045743604868911755,1.8937790919981694,-0.027947713104368797,0.7744353000785701,0.20850898379184787,0.0,0.0,0.0,0.0,0.0,0.0,0.0
0.42,0.7478081841846871,-0.4520605335854502,0.045743604868911755,1.8937790919981694,-0.027947713104368797,0.7744353000785701,0.20850898379184787,0.0,0.0,0.0,0.0,0.0,0.0,0.0
0.43,0.7478081841846871,-0.4520605335854502,0.045743604868911755,1.8937790919981694,-0.027947713104368797,0.7744353000785701,0.20850898379184787,0.0,0.0,0.0,0.0,0.0,0.0,0.0
0.44,0.7478081841846871,-0.4520605335854502,0.045743604868911755,1.8937790919981694,-0.027947713104368797,0.7744353000785701,0.20850898379184787,0.0,0.0,0.0,0.0,0.0,0.0,0.0
0.45,0.7478081841846871,-0.4520605335854502,0.045743604868911755,1.8937790919981694,-0.027947713104368797,0.7744353000785701,0.20850898379184787,0.0,0.0,0.0,0.0,0.0,0.0,0.0
0.46,0.7478081841846871,-0.4520605335854502,0.045743604868911755,1.8937790919981694,-0.027947713104368797,0.7744353000785701,0.20850898379184787,0.0,0.0,0.0,0.0,0.0,0.0,0.0
0.47,0.7478081841846871,-0.4520605335854502,0.045743604868911755,1.8937790919981694,-0.027947713104368797,0.7744353000785701,0.20850898379184787,0.0,0.0,0.0,0.0,0.0,0.0,0.0
0.48,0.7478081841846871,-0.4520605335854502,0.045743604868911755,1.8937790919981694,-0.027947713104368797,0.7744353000785701,0.20850898379184787,0.0,0.0,0.0,0.0,0.0,0.0,0.0
0.49,0.7478081841846871,-0.4520605335854502,0.045743604868911755,1.8937790919981694,-0.027947713104368797,0.7744353000785701,0.20850898379184787,0.0,0.0,0.0,0.0,0.0,0.0,0.0
0.5,0.7478081841846871,-0.4520605335854502,0.045743604868911755,1.8937790919981694,-0.027947713104368797,0.7744353000785701,0.20850898379184787,0.0,0.0,0.0,0.0,0.0,0.0,0.0
0.51,0.7478081841846871,-0.4520605335854502,0.045743604868911755,1.8937790919981694,-0.027947713104368797,0.7744353000785701,0.20850898379184787,0.0,0.0,0.0,0.0,0.0,0.0,0.0
0.52,0.7478081841846871,-0.4520605335854502,0.045743604868911755,1.8937790919981694,-0.027947713104368797,0.7744353000785701,0.20850898379184787,0.0,0.0,0.0,0.0,0.0,0.0,0.0
0.53,0.7478081841846871,-0.4520605335854502,0.045743604868911755,1.8937790919981694,-0.027947713104368797,0.7744353000785701,0.20850898379184787,0.0,0.0,0.0,0.0,0.0,0.0,0.0
0.54,0.7478081841846871,-0.4520605335854502,0.045743604868911755,1.8937790919981694,-0.027947713104368797,0.7744353000785701,0.20850898379184787,0.0,0.0,0.0,0.0,0.0,0.0,0.0
0.55,0.7478081841846871,-0.4520605335854502,0.045743604868911755,1.8937790919981694,-0.027947713104368797,0.7744353000785701,0.20850898379184787,0.0,0.0,0.0,0.0,0.0,0.0,0.0
0.56,0.7478081841846871,-0.4520605335854502,0.045743604868911755,1.8937790919981694,-0.027947713104368797,0.7744353000785701,0.20850898379184787,0.0,0.0,0.0,0.0,0.0,0.0,0.0
0.57,0.7478081841846871,-0.4520605335854502,0.045743604868911755,1.8937790919981694,-0.027947713104368797,0.7744353000785701,0.20850898379184787,0.0,0.0,0.0,0.0,0.0,0.0,0.0
0.58,0.7478081841846871,-0.4520605335854502,0.045743604868911755,1.8937790919981694,-0.027947713104368797,0.7744353000785701,0.20850898379184787,0.0,0.0,0.0,0.0,0.0,0.0,0.0
0.59,0.7478081841846871,-0.4520605335854502,0.045743604868911755,1.8937790919981694,-0.027947713104368797,0.7744353000785701,0.20850898379184787,0.0,0.0,0.0,0.0,0.0,0.0,0.0
0.6,0.7478081841846871,-0.4520605335854502,0.045743604868911755,1.8937790919981694,-0.027947713104368797,0.7744353000785701,0.20850898379184787,0.0,0.0,0.0,0.0,0.0,0.0,0.0
0.61,0.7478081841846871,-0.4520605335854502,0.045743604868911755,1.8937790919981694,-0.027947713104368797,0.7744353000785701,0.20850898379184787,0.0,0.0,0.0,0.0,0.0,0.0,0.0
0.62,0.7478081841846871,-0.4520605335854502,0.045743604868911755,1.8937790919981694,-0.027947713104368797,0.7744353000785701,0.20850898379184787,0.0,0.0,0.0,0.0,0.0,0.0,0.0
0.63,0.7478081841846871,-0.4520605335854502,0.045743604868911755,1.8937790919981694,-0.027947713104368797,0.7744353000785701,0.20850898379184787,0.0,0.0,0.0,0.0,0.0,0.0,0.0
0.64,0.7478081841846871,-0.4520605335854502,0.045743604868911755,1.8937790919981694,-0.027947713104368797,0.7744353000785701,0.20850898379184787,0.0,0.0,0.0,0.0,0.0,0.0,0.0
0.65,0.7478081841846871,-0.4520605335854502,0.045743604868911755,1.8937790919981694,-0.027947713104368797,0.7744353000785701,0.20850898379184787,0.0,0.0,0.0,0.0,0.0,0.0,0.0
0.66,0.7478081841846871,-0.4520605335854502,0.045743604868911755,1.8937790919981694,-0.027947713104368797,0.7744353000785701,0.20850898379184787,0.0,0.0,0.0,0.0,0.0,0.0,0.0
0.67,0.7478081841846871,-0.4520605335854502,0.045743604868911755,1.8937790919981694,-0.027947713104368797,0.7744353000785701,0.20850898379184787,0.0,0.0,0.0,0.0,0.0,0.0,0.0
0.68,0.7478081841846871,-0.4520605335854502,0.045743604868911755,1.8937790919981694,-0.027947713104368797,0.7744353000785701,0.20850898379184787,0.0,0.0,0.0,0.0,0.0,0.0,0.0
0.69,0.7478081841846871,-0.4520605335854502,0.045743604868911755,1.8937790919981694,-0.027947713104368797,0.7744353000785701,0.20850898379184787,0.0,0.0,0.0,0.0,0.0,0.0,0.0
0.7,0.7478081841846871,-0.4520605335854502,0.045743604868911755,1.8937790919981694,-0.027947713104368797,0.7744353000785701,0.20850898379184787,0.0,0.0,0.0,0.0,0.0,0.0,0.0
0.71,0.7478081841846871,-0.4520605335854502,0.045743604868911755,1.8937790919981694,-0.027947713104368797,0.7744353000785701,0.20850898379184787,0.0,0.0,0.0,0.0,0.0,0.0,0.0
0.72,0.7478081841846871,-0.4520605335854502,0.045743604868911755,1.8937790919981694,-0.027947713104368797,0.7744353000785701,0.20850898379184787,0.0,0.0,0.0,0.0,0.0,0.0,0.0
0.73,0.7478081841846871,-0.4520605335854502,0.045743604868911755,1.8937790919981694,-0.027947713104368797,0.7744353000785701,0.20850898379184787,0.0,0.0,0.0,0.0,0.0,0.0,0.0
0.74,0.7478081841846871,-0.4520605335854502,0.045743604868911755,1.8937790919981694,-0.027947713104368797,0.7744353000785701,0.20850898379184787,0.0,0.0,0.0,0.0,0.0,0.0,0.0
0.75,0.7478081841846871,-0.4520605335854502,0.045743604868911755,1.8937790919981694,-0.027947713104368797,0.7744353000785701,0.20850898379184787,0.0,0.0,0.0,0.0,0.0,0.0,0.0
0.76,0.7478081841846871,-0.4520605335854502,0.045743604868911755,1.8937790919981694,-0.027947713104368797,0.7744353000785701,0.20850898379184787,0.0,0.0,0.0,0.0,0.0,0.0,0.0
0.77,0.7478081841846871,-0.4520605335854502,0.045743604868911755,1.8937790919981694,-0.027947713104368797,0.7744353000785701,0.20850898379184787,0.0,0.0,0.0,0.0,0.0,0.0,0.0
0.78,0.7478081841846871,-0.4520605335854502,0.045743604868911755,1.8937790919981694,-0.027947713104368797,0.7744353000785701,0.20850898379184787,0.0,0.0,0.0,0.0,0.0,0.0,0.0
0.79,0.7478081841846871,-0.4520605335854502,0.045743604868911755,1.8937790919981694,-0.027947713104368797,0.7744353000785701,0.20850898379184787,0.0,0.0,0.0,0.0,0.0,0.0,0.0
0.8,0.7478081841846871,-0.4520605335854502,0.045743604868911755,1.8937790919981694,-0.027947713104368797,0.7744353000785701,0.20850898379184787,0.0,0.0,0.0,0.0,0.0,0.0,0.0
0.81,0.7478081841846871,-0.4520605335854502,0.045743604868911755,1.8937790919981694,-0.027947713104368797,0.7744353000785701,0.20850898379184787,0.0,0.0,0.0,0.0,0.0,0.0,0.0
0.82,0.7478081841846871,-0.4520605335854502,0.045743604868911755,1.8937790919981694,-0.027947713104368797,0.7744353000785701,0.20850898379184787,0.0,0.0,0.0,0.0,0.0,0.0,0.0
0.83,0.7478081841846871,-0.4520605335854502,0.045743604868911755,1.8937790919981694,-0.027947713104368797,0.7744353000785701,0.20850898379184787,0.0,0.0,0.0,0.0,0.0,0.0,0.0
0.84,0.7478081841846871,-0.4520605335854502,0.045743604868911755,1.8937790919981694,-0.027947713104368797,0.7744353000785701,0.20850898379184787,0.0,0.0,0.0,0.0,0.0,0.0,0.0
0.85,0.7478081841846871,-0.4520605335854502,0.045743604868911755,1.8937790919981694,-0.027947713104368797,0.7744353000785701,0.20850898379184787,0.0,0.0,0.0,0.0,0.0,0.0,0.0
0.86,0.7478081841846871,-0.4520605335854502,0.045743604868911755,1.8937790919981694,-0.027947713104368797,0.7744353000785701,0.20850898379184787,0.0,0.0,0.0,0.0,0.0,0.0,0.0
0.87,0.7478081841846871,-0.4520605335854502,0.045743604868911755,1.8937790919981694,-0.027947713104368797,0.7744353000785701,0.20850898379184787,0.0,0.0,0.0,0.0,0.0,0.0,0.0
0.88,0.7478081841846871,-0.4520605335854502,0.045743604868911755,1.8937790919981694,-0.027947713104368797,0.7744353000785701,0.20850898379184787,0.0,0.0,0.0,0.0,0.0,0.0,0.0
0.89,0.7478081841846871,-0.4520605335854502,0.045743604868911755,1.8937790919981694,-0.027947713104368797,0.7744353000785701,0.20850898379184787,0.0,0.0,0.0,0.0,0.0,0.0,0.0
0.9,0.7478081841846871,-0.4520605335854502,0.045743604868911755,1.8937790919981694,-0.027947713104368797,0.7744353000785701,0.20850898379184787,0.0,0.0,0.0,0.0,0.0,0.0,0.0
0.91,0.7478081841846871,-0.4520605335854502,0.045743604868911755,1.8937790919981694,-0.027947713104368797,0.7744353000785701,0.20850898379184787,0.0,0.0,0.0,0.0,0.0,0.0,0.0
0.92,0.7478081841846871,-0.4520605335854502,0.045743604868911755,1.8937790919981694,-0.027947713104368797,0.7744353000785701,0.20850898379184787,0.0,0.0,0.0,0.0,0.0,0.0,0.0
0.93,0.7478081841846871,-0.4520605335854502,0.045743604868911755,1.8937790919981694,-0.027947713104368797,0.7744353000785701,0.20850898379184787,0.0,0.0,0.0,0.0,0.0,0.0,0.0
0.94,0.7478081841846871,-0.4520605335854502,0.045743604868911755,1.8937790919981694,-0.027947713104368797,0.7744353000785701,0.20850898379184787,0.0,0.0,0.0,0.0,0.0,0.0,0.0
0.95,0.7478081841846871,-0.4520605335854502,0.045743604868911755,1.8937790919981694,-0.027947713104368797,0.7744353000785701,0.20850898379184787,0.0,0.0,0.0,0.0,0.0,0.0,0.0
0.96,0.7478081841846871,-0.4520605335854502,0.045743604868911755,1.8937790919981694,-0.027947713104368797,0.7744353000785701,0.20850898379184787,0.0,0.0,0.0,0.0,0.0,0.0,0.0
0.97,0.7478081841846871,-0.4520605335854502,0.045743604868911755,1.8937790919981694,-0.027947713104368797,0.7744353000785701,0.20850898379184787,0.0,0.0,0.0,0.0,0.0,0.0,0.0
0.98,0.7478081841846871,-0.4520605335854502,0.045743604868911755,1.8937790919981694,-0.027947713104368797,0.7744353000785701,0.20850898379184787,0.0,0.0,0.0,0.0,0.0,0.0,0.0
0.99,0.7478081841846871,-0.4520605335854502,0.045743604868911755,1.8937790919981694,-0.027947713104368797,0.7744353000785701,0.20850898379184787,0.0,0.0,0.0,0.0,0.0,0.0,0.0
1.0,0.7478081841846871,-0.4520605335854502,0.045743604868911755,1.8937790919981694,-0.027947713104368797,0.7744353000785701,0.20850898379184787,0.0,0.0,0.0,0.0,0.0,0.0,0.0
1.01,0.7478081841846871,-0.4520605335854502,0.045743604868911755,1.8937790919981694,-0.027947713104368797,0.7744353000785701,0.20850898379184787,0.0,0.0,0.0,0.0,0.0,0.0,0.0
1.02,0.7478081841846871,-0.4520605335854502,0.045743604868911755,1.8937790919981694,-0.027947713104368797,0.7744353000785701,0.20850898379184787,0.0,0.0,0.0,0.0,0.0,0.0,0.0
1.03,0.7478081841846871,-0.4520605335854502,0.045743604868911755,1.8937790919981694,-0.027947713104368797,0.7744353000785701,0.20850898379184787,0.0,0.0,0.0,0.0,0.0,0.0,0.0
1.04,0.7478081841846871,-0.4520605335854502,0.045743604868911755,1.8937790919981694,-0.027947713104368797,0.7744353000785701,0.20850898379184787,0.0,0.0,0.0,0.0,0.0,0.0,0.0
1.05,0.7478081841846871,-0.4520605335854502,0.045743604868911755,1.8937790919981694,-0.027947713104368797,0.7744353000785701,0.20850898379184787,0.0,0.0,0.0,0.0,0.0,0.0,0.0
1.06,0.7478081841846871,-0.4520605335854502,0.045743604868911755,1.8937790919981694,-0.027947713104368797,0.7744353000785701,0.20850898379184787,0.0,0.0,0.0,0.0,0.0,0.0,0.0
1.07,0.7478081841846871,-0.4520605335854502,0.045743604868911755,1.8937790919981694,-0.027947713104368797,0.7744353000785701,0.20850898379184787,0.0,0.0,0.0,0.0,0.0,0.0,0.0
1.08,0.7478081841846871,-0.4520605335854502,0.045743604868911755,1.8937790919981694,-0.027947713104368797,0.7744353000785701,0.20850898379184787,0.0,0.0,0.0,0.0,0.0,0.0,0.0
1.09,0.7478081841846871,-0.4520605335854502,0.045743604868911755,1.8937790919981694,-0.027947713104368797,0.7744353000785701,0.20850898379184787,0.0,0.0,0.0,0.0,0.0,0.0,0.0
1.1,0.7478081841846871,-0.4520605335854502,0.045743604868911755,1.8937790919981694,-0.027947713104368797,0.7744353000785701,0.20850898379184787,0.0,0.0,0.0,0.0,0.0,0.0,0.0
1.11,0.7478081841846871,-0.4520605335854502,0.045743604868911755,1.8937790919981694,-0.027947713104368797,0.7744353000785701,0.20850898379184787,0.0,0.0,0.0,0.0,0.0,0.0,0.0
1.12,0.7478081841846871,-0.4520605335854502,0.045743604868911755,1.8937790919981694,-0.027947713104368797,0.7744353000785701,0.20850898379184787,0.0,0.0,0.0,0.0,0.0,0.0,0.0
1.13,0.7478081841846871,-0.4520605335854502,0.045743604868911755,1.8937790919981694,-0.027947713104368797,0.7744353000785701,0.20850898379184787,0.0,0.0,0.0,0.0,0.0,0.0,0.0
1.14,0.7478081841846871,-0.4520605335854502,0.045743604868911755,1.8937790919981694,-0.027947713104368797,0.7744353000785701,0.20850898379184787,0.0,0.0,0.0,0.0,0.0,0.0,0.0
1.15,0.7478081841846871,-0.4520605335854502,0.045743604868911755,1.8937790919981694,-0.027947713104368797,0.7744353000785701,0.20850898379184787,0.0,0.0,0.0,0.0,0.0,0.0,0.0
1.16,0.7478081841846871,-0.4520605335854502,0.045743604868911755,1.8937790919981694,-0.027947713104368797,0.7744353000785701,0.20850898379184787,0.0,0.0,0.0,0.0,0.0,0.0,0.0
1.17,0.7478081841846871,-0.4520605335854502,0.045743604868911755,1.8937790919981694,-0.027947713104368797,0.7744353000785701,0.20850898379184787,0.0,0.0,0.0,0.0,0.0,0.0,0.0
1.18,0.7478081841846871,-0.4520605335854502,0.045743604868911755,1.8937790919981694,-0.027947713104368797,0.7744353000785701,0.20850898379184787,0.0,0.0,0.0,0.0,0.0,0.0,0.0
1.19,0.7478081841846871,-0.4520605335854502,0.045743604868911755,1.8937790919981694,-0.027947713104368797,0.7744353000785701,0.20850898379184787,0.0,0.0,0.0,0.0,0.0,0.0,0.0
1.2,0.7478081841846871,-0.4520605335854502,0.045743604868911755,1.8937790919981694,-0.027947713104368797,0.7744353000785701,0.20850898379184787,0.0,0.0,0.0,0.0,0.0,0.0,0.0
1.21,0.7478081841846871,-0.4520605335854502,0.045743604868911755,1.8937790919981694,-0.027947713104368797,0.7744353000785701,0.20850898379184787,0.0,0.0,0.0,0.0,0.0,0.0,0.0
1.22,0.7478081841846871,-0.4520605335854502,0.045743604868911755,1.8937790919981694,-0.027947713104368797,0.7744353000785701,0.20850898379184787,0.0,0.0,0.0,0.0,0.0,0.0,0.0
1.23,0.7478081841846871,-0.4520605335854502,0.045743604868911755,1.8937790919981694,-0.027947713104368797,0.7744353000785701,0.20850898379184787,0.0,0.0,0.0,0.0,0.0,0.0,0.0
1.24,0.7478081841846871,-0.4520605335854502,0.045743604868911755,1.8937790919981694,-0.027947713104368797,0.7744353000785701,0.20850898379184787,0.0,0.0,0.0,0.0,0.0,0.0,0.0
1.25,0.7478081841846871,-0.4520605335854502,0.045743604868911755,1.8937790919981694,-0.027947713104368797,0.7744353000785701,0.20850898379184787,0.0,0.0,0.0,0.0,0.0,0.0,0.0
1.26,0.7478081841846871,-0.4520605335854502,0.045743604868911755,1.8937790919981694,-0.027947713104368797,0.7744353000785701,0.20850898379184787,0.0,0.0,0.0,0.0,0.0,0.0,0.0
1.27,0.7478081841846871,-0.4520605335854502,0.045743604868911755,1.8937790919981694,-0.027947713104368797,0.7744353000785701,0.20850898379184787,0.0,0.0,0.0,0.0,0.0,0.0,0.0
1.28,0.7478081841846871,-0.4520605335854502,0.045743604868911755,1.8937790919981694,-0.027947713104368797,0.7744353000785701,0.20850898379184787,0.0,0.0,0.0,0.0,0.0,0.0,0.0
1.29,0.7478081841846871,-0.4520605335854502,0.045743604868911755,1.8937790919981694,-0.027947713104368797,0.7744353000785701,0.20850898379184787,0.0,0.0,0.0,0.0,0.0,0.0,0.0
1.3,0.7478081841846871,-0.4520605335854502,0.045743604868911755,1.8937790919981694,-0.027947713104368797,0.7744353000785701,0.20850898379184787,0.0,0.0,0.0,0.0,0.0,0.0,0.0
1.31,0.7478081841846871,-0.4520605335854502,0.045743604868911755,1.8937790919981694,-0.027947713104368797,0.7744353000785701,0.20850898379184787,0.0,0.0,0.0,0.0,0.0,0.0,0.0
1.32,0.7478081841846871,-0.4520605335854502,0.045743604868911755,1.8937790919981694,-0.027947713104368797,0.7744353000785701,0.20850898379184787,0.0,0.0,0.0,0.0,0.0,0.0,0.0
1.33,0.7478081841846871,-0.4520605335854502,0.045743604868911755,1.8937790919981694,-0.027947713104368797,0.7744353000785701,0.20850898379184787,0.0,0.0,0.0,0.0,0.0,0.0,0.0
1.34,0.7478081841846871,-0.4520605335854502,0.045743604868911755,1.8937790919981694,-0.027947713104368797,0.7744353000785701,0.20850898379184787,0.0,0.0,0.0,0.0,0.0,0.0,0.0
1.35,0.7478081841846871,-0.4520605335854502,0.045743604868911755,1.8937790919981694,-0.027947713104368797,0.7744353000785701,0.20850898379184787,0.0,0.0,0.0,0.0,0.0,0.0,0.0
1.36,0.7478081841846871,-0.4520605335854502,0.045743604868911755,1.8937790919981694,-0.027947713104368797,0.7744353000785701,0.20850898379184787,0.0,0.0,0.0,0.0,0.0,0.0,0.0
1.37,0.7478081841846871,-0.4520605335854502,0.045743604868911755,1.8937790919981694,-0.027947713104368797,0.7744353000785701,0.20850898379184787,0.0,0.0,0.0,0.0,0.0,0.0,0.0
1.38,0.7478081841846871,-0.4520605335854502,0.045743604868911755,1.8937790919981694,-0.027947713104368797,0.7744353000785701,0.20850898379184787,0.0,0.0,0.0,0.0,0.0,0.0,0.0
1.39,0.7478081841846871,-0.4520605335854502,0.045743604868911755,1.8937790919981694,-0.027947713104368797,0.7744353000785701,0.20850898379184787,0.0,0.0,0.0,0.0,0.0,0.0,0.0
1.4,0.7478081841846871,-0.4520605335854502,0.045743604868911755,1.8937790919981694,-0.027947713104368797,0.7744353000785701,0.20850898379184787,0.0,0.0,0.0,0.0,0.0,0.0,0.0
1.41,0.7478081841846871,-0.4520605335854502,0.045743604868911755,1.8937790919981694,-0.027947713104368797,0.7744353000785701,0.20850898379184787,0.0,0.0,0.0,0.0,0.0,0.0,0.0
1.42,0.7478081841846871,-0.4520605335854502,0.045743604868911755,1.8937790919981694,-0.027947713104368797,0.7744353000785701,0.20850898379184787,0.0,0.0,0.0,0.0,0.0,0.0,0.0
1.43,0.7478081841846871,-0.4520605335854502,0.045743604868911755,1.8937790919981694,-0.027947713104368797,0.7744353000785701,0.20850898379184787,0.0,0.0,0.0,0.0,0.0,0.0,0.0
1.44,0.7478081841846871,-0.4520605335854502,0.045743604868911755,1.8937790919981694,-0.027947713104368797,0.7744353000785701,0.20850898379184787,0.0,0.0,0.0,0.0,0.0,0.0,0.0
1.45,0.7478081841846871,-0.4520605335854502,0.045743604868911755,1.8937790919981694,-0.027947713104368797,0.7744353000785701,0.20850898379184787,0.0,0.0,0.0,0.0,0.0,0.0,0.0
1.46,0.7478081841846871,-0.4520605335854502,0.045743604868911755,1.8937790919981694,-0.027947713104368797,0.7744353000785701,0.20850898379184787,0.0,0.0,0.0,0.0,0.0,0.0,0.0
1.47,0.7478081841846871,-0.4520605335854502,0.045743604868911755,1.8937790919981694,-0.027947713104368797,0.7744353000785701,0.20850898379184787,0.0,0.0,0.0,0.0,0.0,0.0,0.0
1.48,0.7478081841846871,-0.4520605335854502,0.045743604868911755,1.8937790919981694,-0.027947713104368797,0.7744353000785701,0.20850898379184787,0.0,0.0,0.0,0.0,0.0,0.0,0.0
1.49,0.7478081841846871,-0.4520605335854502,0.045743604868911755,1.8937790919981694,-0.027947713104368797,0.7744353000785701,0.20850898379184787,0.0,0.0,0.0,0.0,0.0,0.0,0.0
1.5,0.7478081841846871,-0.4520605335854502,0.045743604868911755,1.8937790919981694,-0.027947713104368797,0.7744353000785701,0.20850898379184787,0.0,0.0,0.0,0.0,0.0,0.0,0.0
1.51,0.7478081841846871,-0.4520605335854502,0.045743604868911755,1.8937790919981694,-0.027947713104368797,0.7744353000785701,0.20850898379184787,0.0,0.0,0.0,0.0,0.0,0.0,0.0
1.52,0.7478081841846871,-0.4520605335854502,0.045743604868911755,1.8937790919981694,-0.027947713104368797,0.7744353000785701,0.20850898379184787,0.0,0.0,0.0,0.0,0.0,0.0,0.0
1.53,0.7478081841846871,-0.4520605335854502,0.045743604868911755,1.8937790919981694,-0.027947713104368797,0.7744353000785701,0.20850898379184787,0.0,0.0,0.0,0.0,0.0,0.0,0.0
1.54,0.7478081841846871,-0.4520605335854502,0.045743604868911755,1.8937790919981694,-0.027947713104368797,0.7744353000785701,0.20850898379184787,0.0,0.0,0.0,0.0,0.0,0.0,0.0
1.55,0.7478081841846871,-0.4520605335854502,0.045743604868911755,1.8937790919981694,-0.027947713104368797,0.7744353000785701,0.20850898379184787,0.0,0.0,0.0,0.0,0.0,0.0,0.0
1.56,0.7478081841846871,-0.4520605335854502,0.045743604868911755,1.8937790919981694,-0.027947713104368797,0.7744353000785701,0.20850898379184787,0.0,0.0,0.0,0.0,0.0,0.0,0.0
1.57,0.7478081841846871,-0.4520605335854502,0.045743604868911755,1.8937790919981694,-0.027947713104368797,0.7744353000785701,0.20850898379184787,0.0,0.0,0.0,0.0,0.0,0.0,0.0
1.58,0.7478081841846871,-0.4520605335854502,0.045743604868911755,1.8937790919981694,-0.027947713104368797,0.7744353000785701,0.20850898379184787,0.0,0.0,0.0,0.0,0.0,0.0,0.0
1.59,0.7478081841846871,-0.4520605335854502,0.045743604868911755,1.8937790919981694,-0.027947713104368797,0.7744353000785701,0.20850898379184787,0.0,0.0,0.0,0.0,0.0,0.0,0.0
1.6,0.7478081841846871,-0.4520605335854502,0.045743604868911755,1.8937790919981694,-0.027947713104368797,0.7744353000785701,0.20850898379184787,0.0,0.0,0.0,0.0,0.0,0.0,0.0
1.61,0.7478081841846871,-0.4520605335854502,0.045743604868911755,1.8937790919981694,-0.027947713104368797,0.7744353000785701,0.20850898379184787,0.0,0.0,0.0,0.0,0.0,0.0,0.0
1.62,0.7478081841846871,-0.4520605335854502,0.045743604868911755,1.8937790919981694,-0.027947713104368797,0.7744353000785701,0.20850898379184787,0.0,0.0,0.0,0.0,0.0,0.0,0.0
1.63,0.7478081841846871,-0.4520605335854502,0.045743604868911755,1.8937790919981694,-0.027947713104368797,0.7744353000785701,0.20850898379184787,0.0,0.0,0.0,0.0,0.0,0.0,0.0
1.64,0.7478081841846871,-0.4520605335854502,0.045743604868911755,1.8937790919981694,-0.027947713104368797,0.7744353000785701,0.20850898379184787,0.0,0.0,0.0,0.0,0.0,0.0,0.0
1.65,0.7478081841846871,-0.4520605335854502,0.045743604868911755,1.8937790919981694,-0.027947713104368797,0.7744353000785701,0.20850898379184787,0.0,0.0,0.0,0.0,0.0,0.0,0.0
1.66,0.7478081841846871,-0.4520605335854502,0.045743604868911755,1.8937790919981694,-0.027947713104368797,0.7744353000785701,0.20850898379184787,0.0,0.0,0.0,0.0,0.0,0.0,0.0
1.67,0.7478081841846871,-0.4520605335854502,0.045743604868911755,1.8937790919981694,-0.027947713104368797,0.7744353000785701,0.20850898379184787,0.0,0.0,0.0,0.0,0.0,0.0,0.0
1.68,0.7478081841846871,-0.4520605335854502,0.045743604868911755,1.8937790919981694,-0.027947713104368797,0.7744353000785701,0.20850898379184787,0.0,0.0,0.0,0.0,0.0,0.0,0.0
1.69,0.7478081841846871,-0.4520605335854502,0.045743604868911755,1.8937790919981694,-0.027947713104368797,0.7744353000785701,0.20850898379184787,0.0,0.0,0.0,0.0,0.0,0.0,0.0
1.7,0.7478081841846871,-0.4520605335854502,0.045743604868911755,1.8937790919981694,-0.027947713104368797,0.7744353000785701,0.20850898379184787,0.0,0.0,0.0,0.0,0.0,0.0,0.0
1.71,0.7478081841846871,-0.4520605335854502,0.045743604868911755,1.8937790919981694,-0.027947713104368797,0.7744353000785701,0.20850898379184787,0.0,0.0,0.0,0.0,0.0,0.0,0.0
1.72,0.7478081841846871,-0.4520605335854502,0.045743604868911755,1.8937790919981694,-0.027947713104368797,0.7744353000785701,0.20850898379184787,0.0,0.0,0.0,0.0,0.0,0.0,0.0
1.73,0.7478081841846871,-0.4520605335854502,0.045743604868911755,1.8937790919981694,-0.027947713104368797,0.7744353000785701,0.20850898379184787,0.0,0.0,0.0,0.0,0.0,0.0,0.0
1.74,0.7478081841846871,-0.4520605335854502,0.045743604868911755,1.8937790919981694,-0.027947713104368797,0.7744353000785701,0.20850898379184787,0.0,0.0,0.0,0.0,0.0,0.0,0.0
1.75,0.7478081841846871,-0.4520605335854502,0.045743604868911755,1.8937790919981694,-0.027947713104368797,0.7744353000785701,0.20850898379184787,0.0,0.0,0.0,0.0,0.0,0.0,0.0
1.76,0.7478081841846871,-0.4520605335854502,0.045743604868911755,1.8937790919981694,-0.027947713104368797,0.7744353000785701,0.20850898379184787,0.0,0.0,0.0,0.0,0.0,0.0,0.0
1.77,0.7478081841846871,-0.4520605335854502,0.045743604868911755,1.8937790919981694,-0.027947713104368797,0.7744353000785701,0.20850898379184787,0.0,0.0,0.0,0.0,0.0,0.0,0.0
1.78,0.7478081841846871,-0.4520605335854502,0.045743604868911755,1.8937790919981694,-0.027947713104368797,0.7744353000785701,0.20850898379184787,0.0,0.0,0.0,0.0,0.0,0.0,0.0
1.79,0.7478081841846871,-0.4520605335854502,0.045743604868911755,1.8937790919981694,-0.027947713104368797,0.7744353000785701,0.20850898379184787,0.0,0.0,0.0,0.0,0.0,0.0,0.0
1.8,0.7478081841846871,-0.4520605335854502,0.045743604868911755,1.8937790919981694,-0.027947713104368797,0.7744353000785701,0.20850898379184787,0.0,0.0,0.0,0.0,0.0,0.0,0.0
1.81,0.7478081841846871,-0.4520605335854502,0.045743604868911755,1.8937790919981694,-0.027947713104368797,0.7744353000785701,0.20850898379184787,0.0,0.0,0.0,0.0,0.0,0.0,0.0
1.82,0.7478081841846871,-0.4520605335854502,0.045743604868911755,1.8937790919981694,-0.027947713104368797,0.7744353000785701,0.20850898379184787,0.0,0.0,0.0,0.0,0.0,0.0,0.0
1.83,0.7478081841846871,-0.4520605335854502,0.045743604868911755,1.8937790919981694,-0.027947713104368797,0.7744353000785701,0.20850898379184787,0.0,0.0,0.0,0.0,0.0,0.0,0.0
1.84,0.7478081841846871,-0.4520605335854502,0.045743604868911755,1.8937790919981694,-0.027947713104368797,0.7744353000785701,0.20850898379184787,0.0,0.0,0.0,0.0,0.0,0.0,0.0
1.85,0.7478081841846871,-0.4520605335854502,0.045743604868911755,1.8937790919981694,-0.027947713104368797,0.7744353000785701,0.20850898379184787,0.0,0.0,0.0,0.0,0.0,0.0,0.0
1.86,0.7478081841846871,-0.4520605335854502,0.045743604868911755,1.8937790919981694,-0.027947713104368797,0.7744353000785701,0.20850898379184787,0.0,0.0,0.0,0.0,0.0,0.0,0.0
1.87,0.7478081841846871,-0.4520605335854502,0.045743604868911755,1.8937790919981694,-0.027947713104368797,0.7744353000785701,0.20850898379184787,0.0,0.0,0.0,0.0,0.0,0.0,0.0
1.88,0.7478081841846871,-0.4520605335854502,0.045743604868911755,1.8937790919981694,-0.027947713104368797,0.7744353000785701,0.20850898379184787,0.0,0.0,0.0,0.0,0.0,0.0,0.0
1.89,0.7478081841846871,-0.4520605335854502,0.045743604868911755,1.8937790919981694,-0.027947713104368797,0.7744353000785701,0.20850898379184787,0.0,0.0,0.0,0.0,0.0,0.0,0.0
1.9,0.7478081841846871,-0.4520605335854502,0.045743604868911755,1.8937790919981694,-0.027947713104368797,0.7744353000785701,0.20850898379184787,0.0,0.0,0.0,0.0,0.0,0.0,0.0
1.91,0.7478081841846871,-0.4520605335854502,0.045743604868911755,1.8937790919981694,-0.027947713104368797,0.7744353000785701,0.20850898379184787,0.0,0.0,0.0,0.0,0.0,0.0,0.0
1.92,0.7478081841846871,-0.4520605335854502,0.045743604868911755,1.8937790919981694,-0.027947713104368797,0.7744353000785701,0.20850898379184787,0.0,0.0,0.0,0.0,0.0,0.0,0.0
1.93,0.7478081841846871,-0.4520605335854502,0.045743604868911755,1.8937790919981694,-0.027947713104368797,0.7744353000785701,0.20850898379184787,0.0,0.0,0.0,0.0,0.0,0.0,0.0
1.94,0.7478081841846871,-0.4520605335854502,0.045743604868911755,1.8937790919981694,-0.027947713104368797,0.7744353000785701,0.20850898379184787,0.0,0.0,0.0,0.0,0.0,0.0,0.0
1.95,0.7478081841846871,-0.4520605335854502,0.045743604868911755,1.8937790919981694,-0.027947713104368797,0.7744353000785701,0.20850898379184787,0.0,0.0,0.0,0.0,0.0,0.0,0.0
1.96,0.7478081841846871,-0.4520605335854502,0.045743604868911755,1.8937790919981694,-0.027947713104368797,0.7744353000785701,0.20850898379184787,0.0,0.0,0.0,0.0,0.0,0.0,0.0
1.97,0.7478081841846871,-0.4520605335854502,0.045743604868911755,1.8937790919981694,-0.027947713104368797,0.7744353000785701,0.20850898379184787,0.0,0.0,0.0,0.0,0.0,0.0,0.0
1.98,0.7478081841846871,-0.4520605335854502,0.045743604868911755,1.8937790919981694,-0.027947713104368797,0.7744353000785701,0.20850898379184787,0.0,0.0,0.0,0.0,0.0,0.0,0.0
1.99,0.7478081841846871,-0.4520605335854502,0.045743604868911755,1.8937790919981694,-0.027947713104368797,0.7744353000785701,0.20850898379184787,0.0,0.0,0.0,0.0,0.0,0.0,0.0
2.0,0.7478081841846871,-0.4520605335854502,0.045743604868911755,1.8937790919981694,-0.027947713104368797,0.7744353000785701,0.20850898379184787,0.0,0.0,0.0,0.0,0.0,0.0,0.0
2.01,0.7478081879425907,-0.4520605335854502,0.045743604868911755,1.8937790919981694,-0.027947713104368797,0.7744353000785701,0.20850898379184787,1.1273384716547303e-06,0.0,0.0,0.0,0.0,0.0,0.0
2.02,0.7478082142440015,-0.4520605335854502,0.045743604868911755,1.8937790919981694,-0.027947713104368797,0.7744353000785701,0.20850898379184787,4.508375201273039e-06,0.0,0.0,0.0,0.0,0.0,0.0
2.03,0.7478082856128546,-0.4520605335854502,0.045743604868911755,1.8937790919981694,-0.027947713104368797,0.7744353000785701,0.20850898379184787,1.0140174704163584e-05,0.0,0.0,0.0,0.0,0.0,0.0
2.04,0.7478084245339531,-0.4520605335854502,0.045743604868911755,1.8937790919981694,-0.027947713104368797,0.7744353000785701,0.20850898379184787,1.8017846410044345e-05,0.0,0.0,0.0,0.0,0.0,0.0
2.05,0.7478086534334306,-0.4520605335854502,0.045743604868911755,1.8937790919981694,-0.027947713104368797,0.7744353000785701,0.20850898379184787,2.8134547518336054e-05,0.0,0.0,0.0,0.0,0.0,0.0
2.06,0.7478089946592473,-0.4520605335854502,0.045743604868911755,1.8937790919981694,-0.027947713104368797,0.7744353000785701,0.20850898379184787,4.048148699356245e-05,0.0,0.0,0.0,0.0,0.0,0.0
2.07,0.7478094704617332,-0.4520605335854502,0.045743604868911755,1.8937790919981694,-0.027947713104368797,0.7744353000785701,0.20850898379184787,5.504793069883093e-05,0.0,0.0,0.0,0.0,0.0,0.0
2.08,0.7478101029741866,-0.4520605335854502,0.045743604868911755,1.8937790919981694,-0.027947713104368797,0.7744353000785701,0.20850898379184787,7.182120766481883e-05,0.0,0.0,0.0,0.0,0.0,0.0
2.09,0.7478109141935427,-0.4520605335854502,0.045743604868911755,1.8937790919981694,-0.027947713104368797,0.7744353000785701,0.20850898379184787,9.078671749108584e-05,0.0,0.0,0.0,0.0,0.0,0.0
2.1,0.7478119259611207,-0.4520605335854502,0.045743604868911755,1.8937790919981694,-0.027947713104368797,0.7744353000785701,0.20850898379184787,0.00011192793887599952,0.0,0.0,0.0,0.0,0.0,0.0
2.11,0.7478131599434615,-0.4520605335854502,0.045743604868911755,1.8937790919981694,-0.027947713104368797,0.7744353000785701,0.20850898379184787,0.00013522643927094718,0.0,0.0,0.0,0.0,0.0,0.0
2.12,0.7478146376132692,-0.4520605335854502,0.045743604868911755,1.8937790919981694,-0.027947713104368797,0.7744353000785701,0.20850898379184787,0.00016066188565399024,0.0,0.0,0.0,0.0,0.0,0.0
2.13,0.7478163802304643,-0.4520605335854502,0.045743604868911755,1.8937790919981694,-0.027947713104368797,0.7744353000785701,0.20850898379184787,0.0001882120564174951,0.0,0.0,0.0,0.0,0.0,0.0
2.14,0.7478184088233617,-0.4520605335854502,0.045743604868911755,1.8937790919981694,-0.027947713104368797,0.7744353000785701,0.20850898379184787,0.00021785285436377416,0.0,0.0,0.0,0.0,0.0,0.0
2.15,0.747820744169985,-0.4520605335854502,0.045743604868911755,1.8937790919981694,-0.027947713104368797,0.7744353000785701,0.20850898379184787,0.0002495583208021443,0.0,0.0,0.0,0.0,0.0,0.0
2.16,0.7478234067795261,-0.4520605335854502,0.045743604868911755,1.8937790919981694,-0.027947713104368797,0.7744353000785701,0.20850898379184787,0.00028330065074032285,0.0,0.0,0.0,0.0,0.0,0.0
2.17,0.7478264168739628,-0.4520605335854502,0.045743604868911755,1.8937790919981694,-0.027947713104368797,0.7744353000785701,0.20850898379184787,0.000319050209162454,0.0,0.0,0.0,0.0,0.0,0.0
2.18,0.7478297943698448,-0.4520605335854502,0.045743604868911755,1.8937790919981694,-0.027947713104368797,0.7744353000785701,0.20850898379184787,0.0003567755483855889,0.0,0.0,0.0,0.0,0.0,0.0
2.19,0.7478335588602574,-0.4520605335854502,0.045743604868911755,1.8937790919981694,-0.027947713104368797,0.7744353000785701,0.20850898379184787,0.0003964434264858077,0.0,0.0,0.0,0.0,0.0,0.0
2.2,0.7478377295969767,-0.4520605335854502,0.045743604868911755,1.8937790919981694,-0.027947713104368797,0.7744353000785701,0.20850898379184787,0.00043801882678472844,0.0,0.0,0.0,0.0,0.0,0.0
2.21,0.7478423254728233,-0.4520605335854502,0.045743604868911755,1.8937790919981694,-0.027947713104368797,0.7744353000785701,0.20850898379184787,0.00048146497838650465,0.0,0.0,0.0,0.0,0.0,0.0
2.22,0.747847365004227,-0.4520605335854502,0.045743604868911755,1.8937790919981694,-0.027947713104368797,0.7744353000785701,0.20850898379184787,0.0005267433777549899,0.0,0.0,0.0,0.0,0.0,0.0
2.23,0.747852866314013,-0.4520605335854502,0.045743604868911755,1.8937790919981694,-0.027947713104368797,0.7744353000785701,0.20850898379184787,0.0005738138113201089,0.0,0.0,0.0,0.0,0.0,0.0
2.24,0.7478588471144187,-0.4520605335854502,0.045743604868911755,1.8937790919981694,-0.027947713104368797,0.7744353000785701,0.20850898379184787,0.0006226343791020656,0.0,0.0,0.0,0.0,0.0,0.0
2.25,0.7478653246903517,-0.4520605335854502,0.045743604868911755,1.8937790919981694,-0.027947713104368797,0.7744353000785701,0.20850898379184787,0.0006731615193413813,0.0,0.0,0.0,0.0,0.0,0.0
2.26,0.7478723158828996,-0.4520605335854502,0.045743604868911755,1.8937790919981694,-0.027947713104368797,0.7744353000785701,0.20850898379184787,0.0007253500341223716,0.0,0.0,0.0,0.0,0.0,0.0
2.27,0.7478798370731002,-0.4520605335854502,0.045743604868911755,1.8937790919981694,-0.027947713104368797,0.7744353000785701,0.20850898379184787,0.0007791531159770438,0.0,0.0,0.0,0.0,0.0,0.0
2.28,0.7478879041659838,-0.4520605335854502,0.045743604868911755,1.8937790919981694,-0.027947713104368797,0.7744353000785701,0.20850898379184787,0.0008345223754559772,0.0,0.0,0.0,0.0,0.0,0.0
2.29,0.7478965325748944,-0.4520605335854502,0.045743604868911755,1.8937790919981694,-0.027947713104368797,0.7744353000785701,0.20850898379184787,0.0008914078696522533,0.0,0.0,0.0,0.0,0.0,0.0
2.3,0.7479057372061022,-0.4520605335854502,0.045743604868911755,1.8937790919981694,-0.027947713104368797,0.7744353000785701,0.20850898379184787,0.0009497581316639336,0.0,0.0,0.0,0.0,0.0,0.0
2.31,0.7479155324437146,-0.4520605335854502,0.045743604868911755,1.8937790919981694,-0.027947713104368797,0.7744353000785701,0.20850898379184787,0.001009520200980239,0.0,0.0,0.0,0.0,0.0,0.0
2.32,0.7479259321348957,-0.4520605335854502,0.045743604868911755,1.8937790919981694,-0.027947713104368797,0.7744353000785701,0.20850898379184787,0.001070639654775959,0.0,0.0,0.0,0.0,0.0,0.0
2.33,0.7479369495754037,-0.4520605335854502,0.045743604868911755,1.8937790919981694,-0.027947713104368797,0.7744353000785701,0.20850898379184787,0.0011330606400983074,0.0,0.0,0.0,0.0,0.0,0.0
2.34,0.7479485974954542,-0.4520605335854502,0.045743604868911755,1.8937790919981694,-0.027947713104368797,0.7744353000785701,0.20850898379184787,0.001196725906929825,0.0,0.0,0.0,0.0,0.0,0.0
2.35,0.7479608880459178,-0.4520605335854502,0.045743604868911755,1.8937790919981694,-0.027947713104368797,0.7744353000785701,0.20850898379184787,0.0012615768421106466,0.0,0.0,0.0,0.0,0.0,0.0
2.36,0.7479738327848627,-0.4520605335854502,0.045743604868911755,1.8937790919981694,-0.027947713104368797,0.7744353000785701,0.20850898379184787,0.0013275535041028326,0.0,0.0,0.0,0.0,0.0,0.0
2.37,0.7479874426644477,-0.4520605335854502,0.045743604868911755,1.8937790919981694,-0.027947713104368797,0.7744353000785701,0.20850898379184787,0.0013945946585792069,0.0,0.0,0.0,0.0,0.0,0.0
2.38,0.7480017280181757,-0.4520605335854502,0.045743604868911755,1.8937790919981694,-0.027947713104368797,0.7744353000785701,0.20850898379184787,0.001462637814818545,0.0,0.0,0.0,0.0,0.0,0.0
2.39,0.7480166985485148,-0.4520605335854502,0.045743604868911755,1.8937790919981694,-0.027947713104368797,0.7744353000785701,0.20850898379184787,0.0015316192628887077,0.0,0.0,0.0,0.0,0.0,0.0
2.4,0.7480323633148959,-0.4520605335854502,0.045743604868911755,1.8937790919981694,-0.027947713104368797,0.7744353000785701,0.20850898379184787,0.0016014741115987358,0.0,0.0,0.0,0.0,0.0,0.0
2.41,0.7480487307220923,-0.4520605335854502,0.045743604868911755,1.8937790919981694,-0.027947713104368797,0.7744353000785701,0.20850898379184787,0.0016721363272006985,0.0,0.0,0.0,0.0,0.0,0.0
2.42,0.7480658085089914,-0.4520605335854502,0.045743604868911755,1.8937790919981694,-0.027947713104368797,0.7744353000785701,0.20850898379184787,0.001743538772821518,0.0,0.0,0.0,0.0,0.0,0.0
2.43,0.7480836037377628,-0.4520605335854502,0.045743604868911755,1.8937790919981694,-0.027947713104368797,0.7744353000785701,0.20850898379184787,0.0018156132486047889,0.0,0.0,0.0,0.0,0.0,0.0
2.44,0.7481021227834329,-0.4520605335854502,0.045743604868911755,1.8937790919981694,-0.027947713104368797,0.7744353000785701,0.20850898379184787,0.0018882905325420657,0.0,0.0,0.0,0.0,0.0,0.0
2.45,0.7481213713238697,-0.4520605335854502,0.045743604868911755,1.8937790919981694,-0.027947713104368797,0.7744353000785701,0.20850898379184787,0.001961500421972904,0.0,0.0,0.0,0.0,0.0,0.0
2.46,0.7481413543301864,-0.4520605335854502,0.045743604868911755,1.8937790919981694,-0.027947713104368797,0.7744353000785701,0.20850898379184787,0.002035171775732404,0.0,0.0,0.0,0.0,0.0,0.0
2.47,0.7481620760575705,-0.4520605335854502,0.045743604868911755,1.8937790919981694,-0.027947713104368797,0.7744353000785701,0.20850898379184787,0.0021092325569248686,0.0,0.0,0.0,0.0,0.0,0.0
2.48,0.748183540036542,-0.4520605335854502,0.045743604868911755,1.8937790919981694,-0.027947713104368797,0.7744353000785701,0.20850898379184787,0.002183609876301624,0.0,0.0,0.0,0.0,0.0,0.0
2.49,0.7482057490646499,-0.4520605335854502,0.045743604868911755,1.8937790919981694,-0.027947713104368797,0.7744353000785701,0.20850898379184787,0.0022582300362209862,0.0,0.0,0.0,0.0,0.0,0.0
2.5,0.7482287051986097,-0.4520605335854502,0.045743604868911755,1.8937790919981694,-0.027947713104368797,0.7744353000785701,0.20850898379184787,0.002333018575167773,0.0,0.0,0.0,0.0,0.0,0.0
2.51,0.7482524097468903,-0.4520605335854502,0.045743604868911755,1.8937790919981694,-0.027947713104368797,0.7744353000785701,0.20850898379184787,0.002407900312809733,0.0,0.0,0.0,0.0,0.0,0.0
2.52,0.7482768632627527,-0.4520605335854502,0.045743604868911755,1.8937790919981694,-0.027947713104368797,0.7744353000785701,0.20850898379184787,0.002482799395567734,0.0,0.0,0.0,0.0,0.0,0.0
2.53,0.7483020655377474,-0.4520605335854502,0.045743604868911755,1.8937790919981694,-0.027947713104368797,0.7744353000785701,0.20850898379184787,0.0025576393426764237,0.0,0.0,0.0,0.0,0.0,0.0
2.54,0.7483280155956752,-0.4520605335854502,0.045743604868911755,1.8937790919981694,-0.027947713104368797,0.7744353000785701,0.20850898379184787,0.0026323430927118023,0.0,0.0,0.0,0.0,0.0,0.0
2.55,0.7483547116870151,-0.4520605335854502,0.045743604868911755,1.8937790919981694,-0.027947713104368797,0.7744353000785701,0.20850898379184787,0.0027068330505617554,0.0,0.0,0.0,0.0,0.0,0.0
2.56,0.7483821512838232,-0.4520605335854502,0.045743604868911755,1.8937790919981694,-0.027947713104368797,0.7744353000785701,0.20850898379184787,0.0027810311348155673,0.0,0.0,0.0,0.0,0.0,0.0
2.57,0.7484103310751097,-0.4520605335854502,0.045743604868911755,1.8937790919981694,-0.027947713104368797,0.7744353000785701,0.20850898379184787,0.002854858825547965,0.0,0.0,0.0,0.0,0.0,0.0
2.58,0.7484392469626928,-0.4520605335854502,0.045743604868911755,1.8937790919981694,-0.027947713104368797,0.7744353000785701,0.20850898379184787,0.002928237212473243,0.0,0.0,0.0,0.0,0.0,0.0
2.59,0.7484688940575385,-0.4520605335854502,0.045743604868911755,1.8937790919981694,-0.027947713104368797,0.7744353000785701,0.20850898379184787,0.003001087043444611,0.0,0.0,0.0,0.0,0.0,0.0
2.6,0.748499266676585,-0.4520605335854502,0.045743604868911755,1.8937790919981694,-0.027947713104368797,0.7744353000785701,0.20850898379184787,0.0030733287732738856,0.0,0.0,0.0,0.0,0.0,0.0
2.61,0.7485303583400581,-0.4520605335854502,0.045743604868911755,1.8937790919981694,-0.027947713104368797,0.7744353000785701,0.20850898379184787,0.0031448826128462936,0.0,0.0,0.0,0.0,0.0,0.0
2.62,0.7485621617692784,-0.4520605335854502,0.045743604868911755,1.8937790919981694,-0.027947713104368797,0.7744353000785701,0.20850898379184787,0.003215668578505144,0.0,0.0,0.0,0.0,0.0,0.0
2.63,0.7485946688849637,-0.4520605335854502,0.045743604868911755,1.8937790919981694,-0.027947713104368797,0.7744353000785701,0.20850898379184787,0.0032856065416807996,0.0,0.0,0.0,0.0,0.0,0.0
2.64,0.7486278708060299,-0.4520605335854502,0.045743604868911755,1.8937790919981694,-0.027947713104368797,0.7744353000785701,0.20850898379184787,0.003354616278738391,0.0,0.0,0.0,0.0,0.0,0.0
2.65,0.7486617578488888,-0.4520605335854502,0.045743604868911755,1.8937790919981694,-0.027947713104368797,0.7744353000785701,0.20850898379184787,0.003422617521018415,0.0,0.0,0.0,0.0,0.0,0.0
2.66,0.7486963195272499,-0.4520605335854502,0.045743604868911755,1.8937790919981694,-0.027947713104368797,0.7744353000785701,0.20850898379184787,0.0034895300050443983,0.0,0.0,0.0,0.0,0.0,0.0
2.67,0.7487315445524239,-0.4520605335854502,0.045743604868911755,1.8937790919981694,-0.027947713104368797,0.7744353000785701,0.20850898379184787,0.0035552735228715267,0.0,0.0,0.0,0.0,0.0,0.0
2.68,0.7487674208341294,-0.4520605335854502,0.045743604868911755,1.8937790919981694,-0.027947713104368797,0.7744353000785701,0.20850898379184787,0.003619767972550217,0.0,0.0,0.0,0.0,0.0,0.0
2.69,0.7488039354818067,-0.4520605335854502,0.045743604868911755,1.8937790919981694,-0.027947713104368797,0.7744353000785701,0.20850898379184787,0.0036829334086783123,0.0,0.0,0.0,0.0,0.0,0.0
2.7,0.748841074806435,-0.4520605335854502,0.045743604868911755,1.8937790919981694,-0.027947713104368797,0.7744353000785701,0.20850898379184787,0.0037446900930157515,0.0,0.0,0.0,0.0,0.0,0.0
2.71,0.7488788243228587,-0.4520605335854502,0.045743604868911755,1.8937790919981694,-0.027947713104368797,0.7744353000785701,0.20850898379184787,0.003804958545135236,0.0,0.0,0.0,0.0,0.0,0.0
2.72,0.7489171687526173,-0.4520605335854502,0.045743604868911755,1.8937790919981694,-0.027947713104368797,0.7744353000785701,0.20850898379184787,0.0038636595930826123,0.0,0.0,0.0,0.0,0.0,0.0
2.73,0.7489560920272847,-0.4520605335854502,0.045743604868911755,1.8937790919981694,-0.027947713104368797,0.7744353000785701,0.20850898379184787,0.0039207144240204425,0.0,0.0,0.0,0.0,0.0,0.0
2.74,0.7489955772923128,-0.4520605335854502,0.045743604868911755,1.8937790919981694,-0.027947713104368797,0.7744353000785701,0.20850898379184787,0.003976044634828382,0.0,0.0,0.0,0.0,0.0,0.0
2.75,0.7490356069113812,-0.4520605335854502,0.045743604868911755,1.8937790919981694,-0.027947713104368797,0.7744353000785701,0.20850898379184787,0.00402957228263383,0.0,0.0,0.0,0.0,0.0,0.0
2.76,0.7490761624712525,-0.4520605335854502,0.045743604868911755,1.8937790919981694,-0.027947713104368797,0.7744353000785701,0.20850898379184787,0.00408121993524642,0.0,0.0,0.0,0.0,0.0,0.0
2.77,0.7491172247871303,-0.4520605335854502,0.045743604868911755,1.8937790919981694,-0.027947713104368797,0.7744353000785701,0.20850898379184787,0.004130910721469879,0.0,0.0,0.0,0.0,0.0,0.0
2.78,0.7491587739085204,-0.4520605335854502,0.045743604868911755,1.8937790919981694,-0.027947713104368797,0.7744353000785701,0.20850898379184787,0.004178568381264795,0.0,0.0,0.0,0.0,0.0,0.0
2.79,0.7492007891255922,-0.4520605335854502,0.045743604868911755,1.8937790919981694,-0.027947713104368797,0.7744353000785701,0.20850898379184787,0.004224117315735954,0.0,0.0,0.0,0.0,0.0,0.0
2.8,0.7492432489760396,-0.4520605335854502,0.045743604868911755,1.8937790919981694,-0.027947713104368797,0.7744353000785701,0.20850898379184787,0.004267482636917834,0.0,0.0,0.0,0.0,0.0,0.0
2.81,0.7492861312524379,-0.4520605335854502,0.045743604868911755,1.8937790919981694,-0.027947713104368797,0.7744353000785701,0.20850898379184787,0.004308590217332026,0.0,0.0,0.0,0.0,0.0,0.0
2.82,0.7493294130100959,-0.4520605335854502,0.045743604868911755,1.8937790919981694,-0.027947713104368797,0.7744353000785701,0.20850898379184787,0.004347366739290336,0.0,0.0,0.0,0.0,0.0,0.0
2.83,0.7493730705753985,-0.4520605335854502,0.045743604868911755,1.8937790919981694,-0.027947713104368797,0.7744353000785701,0.20850898379184787,0.004383739743917486,0.0,0.0,0.0,0.0,0.0,0.0
2.84,0.7494170795546391,-0.4520605335854502,0.045743604868911755,1.8937790919981694,-0.027947713104368797,0.7744353000785701,0.20850898379184787,0.00441763767986736,0.0,0.0,0.0,0.0,0.0,0.0
2.85,0.7494614148433373,-0.4520605335854502,0.045743604868911755,1.8937790919981694,-0.027947713104368797,0.7744353000785701,0.20850898379184787,0.004448989951706921,0.0,0.0,0.0,0.0,0.0,0.0
2.86,0.7495060506360377,-0.4520605335854502,0.045743604868911755,1.8937790919981694,-0.027947713104368797,0.7744353000785701,0.20850898379184787,0.004477726967942009,0.0,0.0,0.0,0.0,0.0,0.0
2.87,0.749550960436589,-0.4520605335854502,0.045743604868911755,1.8937790919981694,-0.027947713104368797,0.7744353000785701,0.20850898379184787,0.004503780188659384,0.0,0.0,0.0,0.0,0.0,0.0
2.88,0.749596117068895,-0.4520605335854502,0.045743604868911755,1.8937790919981694,-0.027947713104368797,0.7744353000785701,0.20850898379184787,0.0045270821727595185,0.0,0.0,0.0,0.0,0.0,0.0
2.89,0.749641492688138,-0.4520605335854502,0.045743604868911755,1.8937790919981694,-0.027947713104368797,0.7744353000785701,0.20850898379184787,0.004547566624754845,0.0,0.0,0.0,0.0,0.0,0.0
2.9,0.749687058792467,-0.4520605335854502,0.045743604868911755,1.8937790919981694,-0.027947713104368797,0.7744353000785701,0.20850898379184787,0.004565168441108265,0.0,0.0,0.0,0.0,0.0,0.0
2.91,0.7497327862351464,-0.4520605335854502,0.045743604868911755,1.8937790919981694,-0.027947713104368797,0.7744353000785701,0.20850898379184787,0.004579823756087008,0.0,0.0,0.0,0.0,0.0,0.0
2.92,0.7497786452371613,-0.4520605335854502,0.045743604868911755,1.8937790919981694,-0.027947713104368797,0.7744353000785701,0.20850898379184787,0.004591469987107044,0.0,0.0,0.0,0.0,0.0,0.0
2.93,0.7498246054002741,-0.4520605335854502,0.045743604868911755,1.8937790919981694,-0.027947713104368797,0.7744353000785701,0.20850898379184787,0.004600045879543523,0.0,0.0,0.0,0.0,0.0,0.0
2.94,0.7498706357205249,-0.4520605335854502,0.045743604868911755,1.8937790919981694,-0.027947713104368797,0.7744353000785701,0.20850898379184787,0.0046054915509829136,0.0,0.0,0.0,0.0,0.0,0.0
2.95,0.7499167046021732,-0.4520605335854502,0.045743604868911755,1.8937790919981694,-0.027947713104368797,0.7744353000785701,0.20850898379184787,0.004607748534892754,0.0,0.0,0.0,0.0,0.0,0.0
2.96,0.7499627798720722,-0.4520605335854502,0.045743604868911755,1.8937790919981694,-0.027947713104368797,0.7744353000785701,0.20850898379184787,0.004606759823685171,0.0,0.0,0.0,0.0,0.0,0.0
2.97,0.750008828794471,-0.4520605335854502,0.045743604868911755,1.8937790919981694,-0.027947713104368797,0.7744353000785701,0.20850898379184787,0.004602469911150595,0.0,0.0,0.0,0.0,0.0,0.0
2.98,0.7500548180862379,-0.4520605335854502,0.045743604868911755,1.8937790919981694,-0.027947713104368797,0.7744353000785701,0.20850898379184787,0.004594824834238358,0.0,0.0,0.0,0.0,0.0,0.0
2.99,0.750100713932498,-0.4520605335854502,0.045743604868911755,1.8937790919981694,-0.027947713104368797,0.7744353000785701,0.20850898379184787,0.0045837722141611565,0.0,0.0,0.0,0.0,0.0,0.0
3.0,0.7501464820026785,-0.4520605335854502,0.045743604868911755,1.8937790919981694,-0.027947713104368797,0.7744353000785701,0.20850898379184787,0.004569261296800627,0.0,0.0,0.0,0.0,0.0,0.0
3.01,0.7501920874669546,-0.4520605335854502,0.045743604868911755,1.8937790919981694,-0.027947713104368797,0.7744353000785701,0.20850898379184787,0.00455124299239164,0.0,0.0,0.0,0.0,0.0,0.0
3.02,0.7502374950130878,-0.4520605335854502,0.045743604868911755,1.8937790919981694,-0.027947713104368797,0.7744353000785701,0.20850898379184787,0.004529669914463153,0.0,0.0,0.0,0.0,0.0,0.0
3.03,0.7502826688636511,-0.4520605335854502,0.045743604868911755,1.8937790919981694,-0.027947713104368797,0.7744353000785701,0.20850898379184787,0.0045044964180139015,0.0,0.0,0.0,0.0,0.0,0.0
3.04,0.7503275727936308,-0.4520605335854502,0.045743604868911755,1.8937790919981694,-0.027947713104368797,0.7744353000785701,0.20850898379184787,0.004475678636901406,0.0,0.0,0.0,0.0,0.0,0.0
3.05,0.7503721701483989,-0.4520605335854502,0.045743604868911755,1.8937790919981694,-0.027947713104368797,0.7744353000785701,0.20850898379184787,0.004443174520423283,0.0,0.0,0.0,0.0,0.0,0.0
3.06,0.7504164238620468,-0.4520605335854502,0.045743604868911755,1.8937790919981694,-0.027947713104368797,0.7744353000785701,0.20850898379184787,0.004406943869070018,0.0,0.0,0.0,0.0,0.0,0.0
3.07,0.7504602964760727,-0.4520605335854502,0.045743604868911755,1.8937790919981694,-0.027947713104368797,0.7744353000785701,0.20850898379184787,0.004366948369428931,0.0,0.0,0.0,0.0,0.0,0.0
3.08,0.7505037501584131,-0.4520605335854502,0.045743604868911755,1.8937790919981694,-0.027947713104368797,0.7744353000785701,0.20850898379184787,0.004323151628219266,0.0,0.0,0.0,0.0,0.0,0.0
3.09,0.7505467467228112,-0.4520605335854502,0.045743604868911755,1.8937790919981694,-0.027947713104368797,0.7744353000785701,0.20850898379184787,0.004275519205438859,0.0,0.0,0.0,0.0,0.0,0.0
3.1,0.750589247648511,-0.4520605335854502,0.045743604868911755,1.8937790919981694,-0.027947713104368797,0.7744353000785701,0.20850898379184787,0.00422401864660311,0.0,0.0,0.0,0.0,0.0,0.0
3.11,0.75063121410027,-0.4520605335854502,0.045743604868911755,1.8937790919981694,-0.027947713104368797,0.7744353000785701,0.20850898379184787,0.004168619514057565,0.0,0.0,0.0,0.0,0.0,0.0
3.12,0.7506726069486808,-0.4520605335854502,0.045743604868911755,1.8937790919981694,-0.027947713104368797,0.7744353000785701,0.20850898379184787,0.004109293417345606,0.0,0.0,0.0,0.0,0.0,0.0
3.13,0.7507133867907897,-0.4520605335854502,0.045743604868911755,1.8937790919981694,-0.027947713104368797,0.7744353000785701,0.20850898379184787,0.004046014042613435,0.0,0.0,0.0,0.0,0.0,0.0
3.14,0.7507535139710066,-0.4520605335854502,0.045743604868911755,1.8937790919981694,-0.027947713104368797,0.7744353000785701,0.20850898379184787,0.003978757181034695,0.0,0.0,0.0,0.0,0.0,0.0
3.15,0.7507929486022931,-0.4520605335854502,0.045743604868911755,1.8937790919981694,-0.027947713104368797,0.7744353000785701,0.20850898379184787,0.003907500756237807,0.0,0.0,0.0,0.0,0.0,0.0
3.16,0.7508316505876196,-0.4520605335854502,0.045743604868911755,1.8937790919981694,-0.027947713104368797,0.7744353000785701,0.20850898379184787,0.0038322248507192606,0.0,0.0,0.0,0.0,0.0,0.0
3.17,0.7508695796416821,-0.4520605335854502,0.045743604868911755,1.8937790919981694,-0.027947713104368797,0.7744353000785701,0.20850898379184787,0.003752911731226846,0.0,0.0,0.0,0.0,0.0,0.0
3.18,0.7509066953128674,-0.4520605335854502,0.045743604868911755,1.8937790919981694,-0.027947713104368797,0.7744353000785701,0.20850898379184787,0.00366954587309701,0.0,0.0,0.0,0.0,0.0,0.0
3.19,0.7509429570054555,-0.4520605335854502,0.045743604868911755,1.8937790919981694,-0.027947713104368797,0.7744353000785701,0.20850898379184787,0.003582113983531272,0.0,0.0,0.0,0.0,0.0,0.0
3.2,0.7509783240020512,-0.4520605335854502,0.045743604868911755,1.8937790919981694,-0.027947713104368797,0.7744353000785701,0.20850898379184787,0.0034906050237968373,0.0,0.0,0.0,0.0,0.0,0.0
3.21,0.7510127554862307,-0.4520605335854502,0.045743604868911755,1.8937790919981694,-0.027947713104368797,0.7744353000785701,0.20850898379184787,0.003395010230337324,0.0,0.0,0.0,0.0,0.0,0.0
3.22,0.7510462105653939,-0.4520605335854502,0.045743604868911755,1.8937790919981694,-0.027947713104368797,0.7744353000785701,0.20850898379184787,0.0032953231347797574,0.0,0.0,0.0,0.0,0.0,0.0
3.23,0.7510786482938124,-0.4520605335854502,0.045743604868911755,1.8937790919981694,-0.027947713104368797,0.7744353000785701,0.20850898379184787,0.0031915395828247383,0.0,0.0,0.0,0.0,0.0,0.0
3.24,0.7511100276958599,-0.4520605335854502,0.045743604868911755,1.8937790919981694,-0.027947713104368797,0.7744353000785701,0.20850898379184787,0.0030836577520069646,0.0,0.0,0.0,0.0,0.0,0.0
3.25,0.7511403077894137,-0.4520605335854502,0.045743604868911755,1.8937790919981694,-0.027947713104368797,0.7744353000785701,0.20850898379184787,0.0029716781683140456,0.0,0.0,0.0,0.0,0.0,0.0
3.26,0.7511694476094186,-0.4520605335854502,0.045743604868911755,1.8937790919981694,-0.027947713104368797,0.7744353000785701,0.20850898379184787,0.0028556037216518693,0.0,0.0,0.0,0.0,0.0,0.0
3.27,0.7511974062315981,-0.4520605335854502,0.045743604868911755,1.8937790919981694,-0.027947713104368797,0.7744353000785701,0.20850898379184787,0.0027354396801454765,0.0,0.0,0.0,0.0,0.0,0.0
3.28,0.7512241427963032,-0.4520605335854502,0.045743604868911755,1.8937790919981694,-0.027947713104368797,0.7744353000785701,0.20850898379184787,0.002611193703264862,0.0,0.0,0.0,0.0,0.0,0.0
3.29,0.7512496165324866,-0.4520605335854502,0.045743604868911755,1.8937790919981694,-0.027947713104368797,0.7744353000785701,0.20850898379184787,0.0024828758537655963,0.0,0.0,0.0,0.0,0.0,0.0
3.3,0.7512737867817898,-0.4520605335854502,0.045743604868911755,1.8937790919981694,-0.027947713104368797,0.7744353000785701,0.20850898379184787,0.0023504986084349655,0.0,0.0,0.0,0.0,0.0,0.0
3.31,0.7512966130227334,-0.4520605335854502,0.045743604868911755,1.8937790919981694,-0.027947713104368797,0.7744353000785701,0.20850898379184787,0.0022140768676344996,0.0,0.0,0.0,0.0,0.0,0.0
3.32,0.7513180548949941,-0.4520605335854502,0.045743604868911755,1.8937790919981694,-0.027947713104368797,0.7744353000785701,0.20850898379184787,0.0020736279636307583,0.0,0.0,0.0,0.0,0.0,0.0
3.33,0.7513380722237613,-0.4520605335854502,0.045743604868911755,1.8937790919981694,-0.027947713104368797,0.7744353000785701,0.20850898379184787,0.0019291716677063988,0.0,0.0,0.0,0.0,0.0,0.0
3.34,0.751356625044157,-0.4520605335854502,0.045743604868911755,1.8937790919981694,-0.027947713104368797,0.7744353000785701,0.20850898379184787,0.0017807301960444527,0.0,0.0,0.0,0.0,0.0,0.0
3.35,0.7513736736257096,-0.4520605335854502,0.045743604868911755,1.8937790919981694,-0.027947713104368797,0.7744353000785701,0.20850898379184787,0.0016283282143790686,0.0,0.0,0.0,0.0,0.0,0.0
3.36,0.7513891784968674,-0.4520605335854502,0.045743604868911755,1.8937790919981694,-0.027947713104368797,0.7744353000785701,0.20850898379184787,0.0014719928414067781,0.0,0.0,0.0,0.0,0.0,0.0
3.37,0.7514031004695398,-0.4520605335854502,0.045743604868911755,1.8937790919981694,-0.027947713104368797,0.7744353000785701,0.20850898379184787,0.0013117536509526624,0.0,0.0,0.0,0.0,0.0,0.0
3.38,0.7514154006636549,-0.4520605335854502,0.045743604868911755,1.8937790919981694,-0.027947713104368797,0.7744353000785701,0.20850898379184787,0.0011476426728867257,0.0,0.0,0.0,0.0,0.0,0.0
3.39,0.7514260405317181,-0.4520605335854502,0.045743604868911755,1.8937790919981694,-0.027947713104368797,0.7744353000785701,0.20850898379184787,0.000979694392785928,0.0,0.0,0.0,0.0,0.0,0.0
3.4,0.7514349818833638,-0.4520605335854502,0.045743604868911755,1.8937790919981694,-0.027947713104368797,0.7744353000785701,0.20850898379184787,0.0008079457503384768,0.0,0.0,0.0,0.0,0.0,0.0
3.41,0.7514421869098816,-0.4520605335854502,0.045743604868911755,1.8937790919981694,-0.027947713104368797,0.7744353000785701,0.20850898379184787,0.0006324361364869694,0.0,0.0,0.0,0.0,0.0,0.0
3.42,0.7514476182087111,-0.4520605335854502,0.045743604868911755,1.8937790919981694,-0.027947713104368797,0.7744353000785701,0.20850898379184787,0.0004532073893081251,0.0,0.0,0.0,0.0,0.0,0.0
3.43,0.7514512388078856,-0.4520605335854502,0.045743604868911755,1.8937790919981694,-0.027947713104368797,0.7744353000785701,0.20850898379184787,0.00027030378862697785,0.0,0.0,0.0,0.0,0.0,0.0
3.44,0.7514530121904186,-0.4520605335854502,0.045743604868911755,1.8937790919981694,-0.027947713104368797,0.7744353000785701,0.20850898379184787,8.377204936447436e-05,0.0,0.0,0.0,0.0,0.0,0.0
3.45,0.7514529023186158,-0.4520605335854502,0.045743604868911755,1.8937790919981694,-0.027947713104368797,0.7744353000785701,0.20850898379184787,-0.00010633868638252315,-0.0,-0.0,-0.0,-0.0,-0.0,-0.0
3.46,0.7514508736583021,-0.4520605335854502,0.045743604868911755,1.8937790919981694,-0.027947713104368797,0.7744353000785701,0.20850898379184787,-0.00029997685852863835,-0.0,-0.0,-0.0,-0.0,-0.0,-0.0
3.47,0.7514468912029498,-0.4520605335854502,0.045743604868911755,1.8937790919981694,-0.027947713104368797,0.7744353000785701,0.20850898379184787,-0.0004970884994545372,-0.0,-0.0,-0.0,-0.0,-0.0,-0.0
3.48,0.7514409204976971,-0.4520605335854502,0.045743604868911755,1.8937790919981694,-0.027947713104368797,0.7744353000785701,0.20850898379184787,-0.0006976172457272738,-0.0,-0.0,-0.0,-0.0,-0.0,-0.0
3.49,0.7514329276632418,-0.4520605335854502,0.045743604868911755,1.8937790919981694,-0.027947713104368797,0.7744353000785701,0.20850898379184787,-0.0009015043510849695,-0.0,-0.0,-0.0,-0.0,-0.0,-0.0
3.5,0.7514228794195998,-0.4520605335854502,0.045743604868911755,1.8937790919981694,-0.027947713104368797,0.7744353000785701,0.20850898379184787,-0.00110868870068326,-0.0,-0.0,-0.0,-0.0,-0.0,-0.0
3.51,0.7514107431097141,-0.4520605335854502,0.045743604868911755,1.8937790919981694,-0.027947713104368797,0.7744353000785701,0.20850898379184787,-0.0013191068266007755,-0.0,-0.0,-0.0,-0.0,-0.0,-0.0
3.52,0.7513964867229033,-0.4520605335854502,0.045743604868911755,1.8937790919981694,-0.027947713104368797,0.7744353000785701,0.20850898379184787,-0.0015326929245999593,-0.0,-0.0,-0.0,-0.0,-0.0,-0.0
3.53,0.7513800789181349,-0.4520605335854502,0.045743604868911755,1.8937790919981694,-0.027947713104368797,0.7744353000785701,0.20850898379184787,-0.0017493788721391287,-0.0,-0.0,-0.0,-0.0,-0.0,-0.0
3.54,0.7513614890471141,-0.4520605335854502,0.045743604868911755,1.8937790919981694,-0.027947713104368797,0.7744353000785701,0.20850898379184787,-0.0019690942476311424,-0.0,-0.0,-0.0,-0.0,-0.0,-0.0
3.55,0.7513406871771721,-0.4520605335854502,0.045743604868911755,1.8937790919981694,-0.027947713104368797,0.7744353000785701,0.20850898379184787,-0.0021917663509430905,-0.0,-0.0,-0.0,-0.0,-0.0,-0.0
3.56,0.7513176441139441,-0.4520605335854502,0.045743604868911755,1.8937790919981694,-0.027947713104368797,0.7744353000785701,0.20850898379184787,-0.0024173202251313317,-0.0,-0.0,-0.0,-0.0,-0.0,-0.0
3.57,0.7512923314238237,-0.4520605335854502,0.045743604868911755,1.8937790919981694,-0.027947713104368797,0.7744353000785701,0.20850898379184787,-0.002645678679404998,-0.0,-0.0,-0.0,-0.0,-0.0,-0.0
3.58,0.7512647214561812,-0.4520605335854502,0.045743604868911755,1.8937790919981694,-0.027947713104368797,0.7744353000785701,0.20850898379184787,-0.0028767623133111675,-0.0,-0.0,-0.0,-0.0,-0.0,-0.0
3.59,0.7512347873653346,-0.4520605335854502,0.045743604868911755,1.8937790919981694,-0.027947713104368797,0.7744353000785701,0.20850898379184787,-0.003110489542133622,-0.0,-0.0,-0.0,-0.0,-0.0,-0.0
3.6,0.75120250313226,-0.4520605335854502,0.045743604868911755,1.8937790919981694,-0.027947713104368797,0.7744353000785701,0.20850898379184787,-0.0033467766234971533,-0.0,-0.0,-0.0,-0.0,-0.0,-0.0
3.61,0.7511678435860302,-0.4520605335854502,0.045743604868911755,1.8937790919981694,-0.027947713104368797,0.7744353000785701,0.20850898379184787,-0.0035855376851681737,-0.0,-0.0,-0.0,-0.0,-0.0,-0.0
3.62,0.7511307844249692,-0.4520605335854502,0.045743604868911755,1.8937790919981694,-0.027947713104368797,0.7744353000785701,0.20850898379184787,-0.0038266847540424187,-0.0,-0.0,-0.0,-0.0,-0.0,-0.0
3.63,0.7510913022375114,-0.4520605335854502,0.045743604868911755,1.8937790919981694,-0.027947713104368797,0.7744353000785701,0.20850898379184787,-0.004070127786309382,-0.0,-0.0,-0.0,-0.0,-0.0,-0.0
3.64,0.7510493745227527,-0.4520605335854502,0.045743604868911755,1.8937790919981694,-0.027947713104368797,0.7744353000785701,0.20850898379184787,-0.004315774698783035,-0.0,-0.0,-0.0,-0.0,-0.0,-0.0
3.65,0.7510049797106827,-0.4520605335854502,0.045743604868911755,1.8937790919981694,-0.027947713104368797,0.7744353000785701,0.20850898379184787,-0.004563531401387281,-0.0,-0.0,-0.0,-0.0,-0.0,-0.0
3.66,0.7509580971820868,-0.4520605335854502,0.045743604868911755,1.8937790919981694,-0.027947713104368797,0.7744353000785701,0.20850898379184787,-0.004813301830784653,-0.0,-0.0,-0.0,-0.0,-0.0,-0.0
3.67,0.7509087072881058,-0.4520605335854502,0.045743604868911755,1.8937790919981694,-0.027947713104368797,0.7744353000785701,0.20850898379184787,-0.00506498798513556,-0.0,-0.0,-0.0,-0.0,-0.0,-0.0
3.68,0.750856791369442,-0.4520605335854502,0.045743604868911755,1.8937790919981694,-0.027947713104368797,0.7744353000785701,0.20850898379184787,-0.0053184899599753865,-0.0,-0.0,-0.0,-0.0,-0.0,-0.0
3.69,0.750802331775202,-0.4520605335854502,0.045743604868911755,1.8937790919981694,-0.027947713104368797,0.7744353000785701,0.20850898379184787,-0.005573705985195604,-0.0,-0.0,-0.0,-0.0,-0.0,-0.0
3.7,0.7507453118813636,-0.4520605335854502,0.045743604868911755,1.8937790919981694,-0.027947713104368797,0.7744353000785701,0.20850898379184787,-0.0058305324631152304,-0.0,-0.0,-0.0,-0.0,-0.0,-0.0
3.71,0.7506857161088567,-0.4520605335854502,0.045743604868911755,1.8937790919981694,-0.027947713104368797,0.7744353000785701,0.20850898379184787,-0.006088864007627633,-0.0,-0.0,-0.0,-0.0,-0.0,-0.0
3.72,0.7506235299412471,-0.4520605335854502,0.045743604868911755,1.8937790919981694,-0.027947713104368797,0.7744353000785701,0.20850898379184787,-0.006348593484407866,-0.0,-0.0,-0.0,-0.0,-0.0,-0.0
3.73,0.7505587399420136,-0.4520605335854502,0.045743604868911755,1.8937790919981694,-0.027947713104368797,0.7744353000785701,0.20850898379184787,-0.0066096120521644975,-0.0,-0.0,-0.0,-0.0,-0.0,-0.0
3.74,0.750491333771407,-0.4520605335854502,0.045743604868911755,1.8937790919981694,-0.027947713104368797,0.7744353000785701,0.20850898379184787,-0.006871809204920103,-0.0,-0.0,-0.0,-0.0,-0.0,-0.0
3.75,0.7504213002028812,-0.4520605335854502,0.045743604868911755,1.8937790919981694,-0.027947713104368797,0.7744353000785701,0.20850898379184787,-0.007135072815303305,-0.0,-0.0,-0.0,-0.0,-0.0,-0.0
3.76,0.750348629139087,-0.4520605335854502,0.045743604868911755,1.8937790919981694,-0.027947713104368797,0.7744353000785701,0.20850898379184787,-0.0073992891788354585,-0.0,-0.0,-0.0,-0.0,-0.0,-0.0
3.77,0.7502733116274167,-0.4520605335854502,0.045743604868911755,1.8937790919981694,-0.027947713104368797,0.7744353000785701,0.20850898379184787,-0.00766434305919393,-0.0,-0.0,-0.0,-0.0,-0.0,-0.0
3.78,0.7501953398750936,-0.4520605335854502,0.045743604868911755,1.8937790919981694,-0.027947713104368797,0.7744353000785701,0.20850898379184787,-0.007930117734433839,-0.0,-0.0,-0.0,-0.0,-0.0,-0.0
3.79,0.7501147072637919,-0.4520605335854502,0.045743604868911755,1.8937790919981694,-0.027947713104368797,0.7744353000785701,0.20850898379184787,-0.008196495044149642,-0.0,-0.0,-0.0,-0.0,-0.0,-0.0
3.8,0.7500314083637826,-0.4520605335854502,0.045743604868911755,1.8937790919981694,-0.027947713104368797,0.7744353000785701,0.20850898379184787,-0.008463355437556996,-0.0,-0.0,-0.0,-0.0,-0.0,-0.0
3.81,0.7499454389475922,-0.4520605335854502,0.045743604868911755,1.8937790919981694,-0.027947713104368797,0.7744353000785701,0.20850898379184787,-0.008730578022475588,-0.0,-0.0,-0.0,-0.0,-0.0,-0.0
3.82,0.7498567960031691,-0.4520605335854502,0.045743604868911755,1.8937790919981694,-0.027947713104368797,0.7744353000785701,0.20850898379184787,-0.008998040615192333,-0.0,-0.0,-0.0,-0.0,-0.0,-0.0
3.83,0.7497654777465453,-0.4520605335854502,0.045743604868911755,1.8937790919981694,-0.027947713104368797,0.7744353000785701,0.20850898379184787,-0.009265619791184738,-0.0,-0.0,-0.0,-0.0,-0.0,-0.0
3.84,0.7496714836339875,-0.4520605335854502,0.045743604868911755,1.8937790919981694,-0.027947713104368797,0.7744353000785701,0.20850898379184787,-0.009533190936682869,-0.0,-0.0,-0.0,-0.0,-0.0,-0.0
3.85,0.7495748143736284,-0.4520605335854502,0.045743604868911755,1.8937790919981694,-0.027947713104368797,0.7744353000785701,0.20850898379184787,-0.009800628301048928,-0.0,-0.0,-0.0,-0.0,-0.0,-0.0
3.86,0.7494754719365703,-0.4520605335854502,0.045743604868911755,1.8937790919981694,-0.027947713104368797,0.7744353000785701,0.20850898379184787,-0.010067805049951844,-0.0,-0.0,-0.0,-0.0,-0.0,-0.0
3.87,0.7493734595674527,-0.4520605335854502,0.045743604868911755,1.8937790919981694,-0.027947713104368797,0.7744353000785701,0.20850898379184787,-0.010334593319315147,-0.0,-0.0,-0.0,-0.0,-0.0,-0.0
3.88,0.7492687817944773,-0.4520605335854502,0.045743604868911755,1.8937790919981694,-0.027947713104368797,0.7744353000785701,0.20850898379184787,-0.010600864270014724,-0.0,-0.0,-0.0,-0.0,-0.0,-0.0
3.89,0.7491614444388812,-0.4520605335854502,0.045743604868911755,1.8937790919981694,-0.027947713104368797,0.7744353000785701,0.20850898379184787,-0.010866488143303762,-0.0,-0.0,-0.0,-0.0,-0.0,-0.0
3.9,0.7490514546238538,-0.4520605335854502,0.045743604868911755,1.8937790919981694,-0.027947713104368797,0.7744353000785701,0.20850898379184787,-0.011131334316940798,-0.0,-0.0,-0.0,-0.0,-0.0,-0.0
3.91,0.7489388207828878,-0.4520605335854502,0.045743604868911755,1.8937790919981694,-0.027947713104368797,0.7744353000785701,0.20850898379184787,-0.011395271361997339,-0.0,-0.0,-0.0,-0.0,-0.0,-0.0
3.92,0.7488235526675595,-0.4520605335854502,0.045743604868911755,1.8937790919981694,-0.027947713104368797,0.7744353000785701,0.20850898379184787,-0.011658167100320284,-0.0,-0.0,-0.0,-0.0,-0.0,-0.0
3.93,0.7487056613547312,-0.4520605335854502,0.045743604868911755,1.8937790919981694,-0.027947713104368797,0.7744353000785701,0.20850898379184787,-0.01191988866262481,-0.0,-0.0,-0.0,-0.0,-0.0,-0.0
3.94,0.748585159253169,-0.4520605335854502,0.045743604868911755,1.8937790919981694,-0.027947713104368797,0.7744353000785701,0.20850898379184787,-0.012180302547192233,-0.0,-0.0,-0.0,-0.0,-0.0,-0.0
3.95,0.7484620601095723,-0.4520605335854502,0.045743604868911755,1.8937790919981694,-0.027947713104368797,0.7744353000785701,0.20850898379184787,-0.012439274679147813,-0.0,-0.0,-0.0,-0.0,-0.0,-0.0
3.96,0.7483363790140052,-0.4520605335854502,0.045743604868911755,1.8937790919981694,-0.027947713104368797,0.7744353000785701,0.20850898379184787,-0.012696670470292458,-0.0,-0.0,-0.0,-0.0,-0.0,-0.0
3.97,0.7482081324047294,-0.4520605335854502,0.045743604868911755,1.8937790919981694,-0.027947713104368797,0.7744353000785701,0.20850898379184787,-0.012952354879462485,-0.0,-0.0,-0.0,-0.0,-0.0,-0.0
3.98,0.7480773380724299,-0.4520605335854502,0.045743604868911755,1.8937790919981694,-0.027947713104368797,0.7744353000785701,0.20850898379184787,-0.013206192473390796,-0.0,-0.0,-0.0,-0.0,-0.0,-0.0
3.99,0.7479440151638294,-0.4520605335854502,0.045743604868911755,1.8937790919981694,-0.027947713104368797,0.7744353000785701,0.20850898379184787,-0.013458047488043088,-0.0,-0.0,-0.0,-0.0,-0.0,-0.0
4.0,0.7478081841846871,-0.4520605335854502,0.045743604868911755,1.8937790919981694,-0.027947713104368797,0.7744353000785701,0.20850898379184787,-0.01370778389040188,-0.0,-0.0,-0.0,-0.0,-0.0,-0.0
4.01,0.7476698670021789,-0.4520605335854502,0.045743604868911755,1.8937790919981694,-0.027947713104368797,0.7744353000785701,0.20850898379184787,-0.013955265440671355,-0.0,-0.0,-0.0,-0.0,-0.0,-0.0
4.02,0.7475290868466515,-0.4520605335854502,0.045743604868911755,1.8937790919981694,-0.027947713104368797,0.7744353000785701,0.20850898379184787,-0.014200355754875223,-0.0,-0.0,-0.0,-0.0,-0.0,-0.0
4.03,0.7473858683127502,-0.4520605335854502,0.045743604868911755,1.8937790919981694,-0.027947713104368797,0.7744353000785701,0.20850898379184787,-0.014442918367820176,-0.0,-0.0,-0.0,-0.0,-0.0,-0.0
4.04,0.7472402373599147,-0.4520605335854502,0.045743604868911755,1.8937790919981694,-0.027947713104368797,0.7744353000785701,0.20850898379184787,-0.014682816796396702,-0.0,-0.0,-0.0,-0.0,-0.0,-0.0
4.05,0.7470922213122404,-0.4520605335854502,0.045743604868911755,1.8937790919981694,-0.027947713104368797,0.7744353000785701,0.20850898379184787,-0.014919914603189269,-0.0,-0.0,-0.0,-0.0,-0.0,-0.0
4.06,0.7469418488577023,-0.4520605335854502,0.045743604868911755,1.8937790919981694,-0.027947713104368797,0.7744353000785701,0.20850898379184787,-0.015154075460367225,-0.0,-0.0,-0.0,-0.0,-0.0,-0.0
4.07,0.7467891500467386,-0.4520605335854502,0.045743604868911755,1.8937790919981694,-0.027947713104368797,0.7744353000785701,0.20850898379184787,-0.015385163213827983,-0.0,-0.0,-0.0,-0.0,-0.0,-0.0
4.08,0.7466341562901918,-0.4520605335854502,0.045743604868911755,1.8937790919981694,-0.027947713104368797,0.7744353000785701,0.20850898379184787,-0.015613041947563487,-0.0,-0.0,-0.0,-0.0,-0.0,-0.0
4.09,0.7464769003566051,-0.4520605335854502,0.045743604868911755,1.8937790919981694,-0.027947713104368797,0.7744353000785701,0.20850898379184787,-0.015837576048221304,-0.0,-0.0,-0.0,-0.0,-0.0,-0.0
4.1,0.7463174163688723,-0.4520605335854502,0.045743604868911755,1.8937790919981694,-0.027947713104368797,0.7744353000785701,0.20850898379184787,-0.01605863026983079,-0.0,-0.0,-0.0,-0.0,-0.0,-0.0
4.11,0.7461557398002396,-0.4520605335854502,0.045743604868911755,1.8937790919981694,-0.027947713104368797,0.7744353000785701,0.20850898379184787,-0.016276069798665325,-0.0,-0.0,-0.0,-0.0,-0.0,-0.0
4.12,0.745991907469659,-0.4520605335854502,0.045743604868911755,1.8937790919981694,-0.027947713104368797,0.7744353000785701,0.20850898379184787,-0.016489760318211012,-0.0,-0.0,-0.0,-0.0,-0.0,-0.0
4.13,0.7458259575364903,-0.4520605335854502,0.045743604868911755,1.8937790919981694,-0.027947713104368797,0.7744353000785701,0.20850898379184787,-0.016699568074212544,-0.0,-0.0,-0.0,-0.0,-0.0,-0.0
4.14,0.7456579294945532,-0.4520605335854502,0.045743604868911755,1.8937790919981694,-0.027947713104368797,0.7744353000785701,0.20850898379184787,-0.016905359939766183,-0.0,-0.0,-0.0,-0.0,-0.0,-0.0
4.15,0.7454878641655287,-0.4520605335854502,0.045743604868911755,1.8937790919981694,-0.027947713104368797,0.7744353000785701,0.20850898379184787,-0.017107003480430493,-0.0,-0.0,-0.0,-0.0,-0.0,-0.0
4.16,0.7453158036917086,-0.4520605335854502,0.045743604868911755,1.8937790919981694,-0.027947713104368797,0.7744353000785701,0.20850898379184787,-0.017304367019324616,-0.0,-0.0,-0.0,-0.0,-0.0,-0.0
4.17,0.7451417915280943,-0.4520605335854502,0.045743604868911755,1.8937790919981694,-0.027947713104368797,0.7744353000785701,0.20850898379184787,-0.017497319702184586,-0.0,-0.0,-0.0,-0.0,-0.0,-0.0
4.18,0.7449658724338464,-0.4520605335854502,0.045743604868911755,1.8937790919981694,-0.027947713104368797,0.7744353000785701,0.20850898379184787,-0.01768573156234735,-0.0,-0.0,-0.0,-0.0,-0.0,-0.0
4.19,0.7447880924630833,-0.4520605335854502,0.045743604868911755,1.8937790919981694,-0.027947713104368797,0.7744353000785701,0.20850898379184787,-0.017869473585632626,-0.0,-0.0,-0.0,-0.0,-0.0,-0.0
4.2,0.7446084989550333,-0.4520605335854502,0.045743604868911755,1.8937790919981694,-0.027947713104368797,0.7744353000785701,0.20850898379184787,-0.018048417775092616,-0.0,-0.0,-0.0,-0.0,-0.0,-0.0
4.21,0.7444271405235386,-0.4520605335854502,0.045743604868911755,1.8937790919981694,-0.027947713104368797,0.7744353000785701,0.20850898379184787,-0.018222437215599487,-0.0,-0.0,-0.0,-0.0,-0.0,-0.0
4.22,0.7442440670459154,-0.4520605335854502,0.045743604868911755,1.8937790919981694,-0.027947713104368797,0.7744353000785701,0.20850898379184787,-0.018391406138240484,-0.0,-0.0,-0.0,-0.0,-0.0,-0.0
4.23,0.74405932965117,-0.4520605335854502,0.045743604868911755,1.8937790919981694,-0.027947713104368797,0.7744353000785701,0.20850898379184787,-0.018555199984490706,-0.0,-0.0,-0.0,-0.0,-0.0,-0.0
4.24,0.7438729807075762,-0.4520605335854502,0.045743604868911755,1.8937790919981694,-0.027947713104368797,0.7744353000785701,0.20850898379184787,-0.018713695470133497,-0.0,-0.0,-0.0,-0.0,-0.0,-0.0
4.25,0.7436850738096127,-0.4520605335854502,0.045743604868911755,1.8937790919981694,-0.027947713104368797,0.7744353000785701,0.20850898379184787,-0.018866770648898558,-0.0,-0.0,-0.0,-0.0,-0.0,-0.0
4.26,0.7434956637642672,-0.4520605335854502,0.045743604868911755,1.8937790919981694,-0.027947713104368797,0.7744353000785701,0.20850898379184787,-0.019014304975787655,-0.0,-0.0,-0.0,-0.0,-0.0,-0.0
4.27,0.7433048065767087,-0.4520605335854502,0.045743604868911755,1.8937790919981694,-0.027947713104368797,0.7744353000785701,0.20850898379184787,-0.019156179370058243,-0.0,-0.0,-0.0,-0.0,-0.0,-0.0
4.28,0.7431125594353309,-0.4520605335854502,0.045743604868911755,1.8937790919981694,-0.027947713104368797,0.7744353000785701,0.20850898379184787,-0.019292276277835165,-0.0,-0.0,-0.0,-0.0,-0.0,-0.0
4.29,0.742918980696173,-0.4520605335854502,0.045743604868911755,1.8937790919981694,-0.027947713104368797,0.7744353000785701,0.20850898379184787,-0.01942247973432067,-0.0,-0.0,-0.0,-0.0,-0.0,-0.0
4.3,0.7427241298667189,-0.4520605335854502,0.045743604868911755,1.8937790919981694,-0.027947713104368797,0.7744353000785701,0.20850898379184787,-0.019546675425573288,-0.0,-0.0,-0.0,-0.0,-0.0,-0.0
4.31,0.742528067589082,-0.4520605335854502,0.045743604868911755,1.8937790919981694,-0.027947713104368797,0.7744353000785701,0.20850898379184787,-0.01966475074982596,-0.0,-0.0,-0.0,-0.0,-0.0,-0.0
4.32,0.7423308556225786,-0.4520605335854502,0.045743604868911755,1.8937790919981694,-0.027947713104368797,0.7744353000785701,0.20850898379184787,-0.019776594878314246,-0.0,-0.0,-0.0,-0.0,-0.0,-0.0
4.33,0.7421325568256967,-0.4520605335854502,0.045743604868911755,1.8937790919981694,-0.027947713104368797,0.7744353000785701,0.20850898379184787,-0.0198820988155852,-0.0,-0.0,-0.0,-0.0,-0.0,-0.0
4.34,0.7419332351374626,-0.4520605335854502,0.045743604868911755,1.8937790919981694,-0.027947713104368797,0.7744353000785701,0.20850898379184787,-0.019981155459258226,-0.0,-0.0,-0.0,-0.0,-0.0,-0.0
4.35,0.7417329555582141,-0.4520605335854502,0.045743604868911755,1.8937790919981694,-0.027947713104368797,0.7744353000785701,0.20850898379184787,-0.020073659659208647,-0.0,-0.0,-0.0,-0.0,-0.0,-0.0
4.36,0.7415317841297849,-0.4520605335854502,0.045743604868911755,1.8937790919981694,-0.027947713104368797,0.7744353000785701,0.20850898379184787,-0.020159508276145727,-0.0,-0.0,-0.0,-0.0,-0.0,-0.0
4.37,0.7413297879151058,-0.4520605335854502,0.045743604868911755,1.8937790919981694,-0.027947713104368797,0.7744353000785701,0.20850898379184787,-0.020238600239556384,-0.0,-0.0,-0.0,-0.0,-0.0,-0.0
4.38,0.7411270349772296,-0.4520605335854502,0.045743604868911755,1.8937790919981694,-0.027947713104368797,0.7744353000785701,0.20850898379184787,-0.020310836604986487,-0.0,-0.0,-0.0,-0.0,-0.0,-0.0
4.39,0.7409235943577874,-0.4520605335854502,0.045743604868911755,1.8937790919981694,-0.027947713104368797,0.7744353000785701,0.20850898379184787,-0.02037612061063171,-0.0,-0.0,-0.0,-0.0,-0.0,-0.0
4.4,0.740719536054882,-0.4520605335854502,0.045743604868911755,1.8937790919981694,-0.027947713104368797,0.7744353000785701,0.20850898379184787,-0.0204343577332101,-0.0,-0.0,-0.0,-0.0,-0.0,-0.0
4.41,0.7405149310004264,-0.4520605335854502,0.045743604868911755,1.8937790919981694,-0.027947713104368797,0.7744353000785701,0.20850898379184787,-0.02048545574308882,-0.0,-0.0,-0.0,-0.0,-0.0,-0.0
4.42,0.7403098510369349,-0.4520605335854502,0.045743604868911755,1.8937790919981694,-0.027947713104368797,0.7744353000785701,0.20850898379184787,-0.020529324758637935,-0.0,-0.0,-0.0,-0.0,-0.0,-0.0
4.43,0.7401043688937744,-0.4520605335854502,0.045743604868911755,1.8937790919981694,-0.027947713104368797,0.7744353000785701,0.20850898379184787,-0.020565877299784062,-0.0,-0.0,-0.0,-0.0,-0.0,-0.0
4.44,0.739898558162885,-0.4520605335854502,0.045743604868911755,1.8937790919981694,-0.027947713104368797,0.7744353000785701,0.20850898379184787,-0.020595028340737297,-0.0,-0.0,-0.0,-0.0,-0.0,-0.0
4.45,0.7396924932739766,-0.4520605335854502,0.045743604868911755,1.8937790919981694,-0.027947713104368797,0.7744353000785701,0.20850898379184787,-0.020616695361864997,-0.0,-0.0,-0.0,-0.0,-0.0,-0.0
4.46,0.7394862494692117,-0.4520605335854502,0.045743604868911755,1.8937790919981694,-0.027947713104368797,0.7744353000785701,0.20850898379184787,-0.020630798400686344,-0.0,-0.0,-0.0,-0.0,-0.0,-0.0
4.47,0.7392799027773832,-0.4520605335854502,0.045743604868911755,1.8937790919981694,-0.027947713104368797,0.7744353000785701,0.20850898379184787,-0.020637260101961926,-0.0,-0.0,-0.0,-0.0,-0.0,-0.0
4.48,0.7390735299875943,-0.4520605335854502,0.045743604868911755,1.8937790919981694,-0.027947713104368797,0.7744353000785701,0.20850898379184787,-0.02063600576685286,-0.0,-0.0,-0.0,-0.0,-0.0,-0.0
4.49,0.7388672086224539,-0.4520605335854502,0.045743604868911755,1.8937790919981694,-0.027947713104368797,0.7744353000785701,0.20850898379184787,-0.02062696340112458,-0.0,-0.0,-0.0,-0.0,-0.0,-0.0
4.5,0.7386610169107928,-0.4520605335854502,0.045743604868911755,1.8937790919981694,-0.027947713104368797,0.7744353000785701,0.20850898379184787,-0.02061006376237029,-0.0,-0.0,-0.0,-0.0,-0.0,-0.0
4.51,0.7384550337599137,-0.4520605335854502,0.045743604868911755,1.8937790919981694,-0.027947713104368797,0.7744353000785701,0.20850898379184787,-0.02058524040623008,-0.0,-0.0,-0.0,-0.0,-0.0,-0.0
4.52,0.7382493387273841,-0.4520605335854502,0.045743604868911755,1.8937790919981694,-0.027947713104368797,0.7744353000785701,0.20850898379184787,-0.020552429731581487,-0.0,-0.0,-0.0,-0.0,-0.0,-0.0
4.53,0.7380440119923819,-0.4520605335854502,0.045743604868911755,1.8937790919981694,-0.027947713104368797,0.7744353000785701,0.20850898379184787,-0.020511571024678193,-0.0,-0.0,-0.0,-0.0,-0.0,-0.0
4.54,0.737839134326606,-0.4520605335854502,0.045743604868911755,1.8937790919981694,-0.027947713104368797,0.7744353000785701,0.20850898379184787,-0.02046260650221352,-0.0,-0.0,-0.0,-0.0,-0.0,-0.0
4.55,0.7376347870647607,-0.4520605335854502,0.045743604868911755,1.8937790919981694,-0.027947713104368797,0.7744353000785701,0.20850898379184787,-0.02040548135328611,-0.0,-0.0,-0.0,-0.0,-0.0,-0.0
4.56,0.7374310520746266,-0.4520605335854502,0.045743604868911755,1.8937790919981694,-0.027947713104368797,0.7744353000785701,0.20850898379184787,-0.020340143780245613,-0.0,-0.0,-0.0,-0.0,-0.0,-0.0
4.57,0.7372280117267286,-0.4520605335854502,0.045743604868911755,1.8937790919981694,-0.027947713104368797,0.7744353000785701,0.20850898379184787,-0.02026654503839627,-0.0,-0.0,-0.0,-0.0,-0.0,-0.0
4.58,0.7370257488636129,-0.4520605335854502,0.045743604868911755,1.8937790919981694,-0.027947713104368797,0.7744353000785701,0.20850898379184787,-0.02018463947453728,-0.0,-0.0,-0.0,-0.0,-0.0,-0.0
4.59,0.7368243467687441,-0.4520605335854502,0.045743604868911755,1.8937790919981694,-0.027947713104368797,0.7744353000785701,0.20850898379184787,-0.020094384564318838,-0.0,-0.0,-0.0,-0.0,-0.0,-0.0
4.6,0.7366238891350345,-0.4520605335854502,0.045743604868911755,1.8937790919981694,-0.027947713104368797,0.7744353000785701,0.20850898379184787,-0.019995740948393508,-0.0,-0.0,-0.0,-0.0,-0.0,-0.0
4.61,0.7364244600330193,-0.4520605335854502,0.045743604868911755,1.8937790919981694,-0.027947713104368797,0.7744353000785701,0.20850898379184787,-0.01988867246734288,-0.0,-0.0,-0.0,-0.0,-0.0,-0.0
4.62,0.736226143878687,-0.4520605335854502,0.045743604868911755,1.8937790919981694,-0.027947713104368797,0.7744353000785701,0.20850898379184787,-0.019773146195360095,-0.0,-0.0,-0.0,-0.0,-0.0,-0.0
4.63,0.7360290254009808,-0.4520605335854502,0.045743604868911755,1.8937790919981694,-0.027947713104368797,0.7744353000785701,0.20850898379184787,-0.019649132472669143,-0.0,-0.0,-0.0,-0.0,-0.0,-0.0
4.64,0.735833189608981,-0.4520605335854502,0.045743604868911755,1.8937790919981694,-0.027947713104368797,0.7744353000785701,0.20850898379184787,-0.019516604936662695,-0.0,-0.0,-0.0,-0.0,-0.0,-0.0
4.65,0.7356387217587834,-0.4520605335854502,0.045743604868911755,1.8937790919981694,-0.027947713104368797,0.7744353000785701,0.20850898379184787,-0.019375540551740265,-0.0,-0.0,-0.0,-0.0,-0.0,-0.0
4.66,0.7354457073200854,-0.4520605335854502,0.045743604868911755,1.8937790919981694,-0.027947713104368797,0.7744353000785701,0.20850898379184787,-0.019225919637829464,-0.0,-0.0,-0.0,-0.0,-0.0,-0.0
4.67,0.7352542319424934,-0.4520605335854502,0.045743604868911755,1.8937790919981694,-0.027947713104368797,0.7744353000785701,0.20850898379184787,-0.019067725897573377,-0.0,-0.0,-0.0,-0.0,-0.0,-0.0
4.68,0.7350643814215659,-0.4520605335854502,0.045743604868911755,1.8937790919981694,-0.027947713104368797,0.7744353000785701,0.20850898379184787,-0.018900946442167808,-0.0,-0.0,-0.0,-0.0,-0.0,-0.0
4.69,0.7348762416646039,-0.4520605335854502,0.045743604868911755,1.8937790919981694,-0.027947713104368797,0.7744353000785701,0.20850898379184787,-0.018725571815832474,-0.0,-0.0,-0.0,-0.0,-0.0,-0.0
4.7,0.7346898986562044,-0.4520605335854502,0.045743604868911755,1.8937790919981694,-0.027947713104368797,0.7744353000785701,0.20850898379184787,-0.01854159601890124,-0.0,-0.0,-0.0,-0.0,-0.0,-0.0
4.71,0.7345054384235894,-0.4520605335854502,0.045743604868911755,1.8937790919981694,-0.027947713104368797,0.7744353000785701,0.20850898379184787,-0.018349016529516222,-0.0,-0.0,-0.0,-0.0,-0.0,-0.0
4.72,0.7343229470017255,-0.4520605335854502,0.045743604868911755,1.8937790919981694,-0.027947713104368797,0.7744353000785701,0.20850898379184787,-0.018147834323912343,-0.0,-0.0,-0.0,-0.0,-0.0,-0.0
4.73,0.7341425103982473,-0.4520605335854502,0.045743604868911755,1.8937790919981694,-0.027947713104368797,0.7744353000785701,0.20850898379184787,-0.01793805389527826,-0.0,-0.0,-0.0,-0.0,-0.0,-0.0
4.74,0.7339642145581994,-0.4520605335854502,0.045743604868911755,1.8937790919981694,-0.027947713104368797,0.7744353000785701,0.20850898379184787,-0.017719683271181313,-0.0,-0.0,-0.0,-0.0,-0.0,-0.0
4.75,0.7337881453286116,-0.4520605335854502,0.045743604868911755,1.8937790919981694,-0.027947713104368797,0.7744353000785701,0.20850898379184787,-0.01749273402954364,-0.0,-0.0,-0.0,-0.0,-0.0,-0.0
4.76,0.7336143884229219,-0.4520605335854502,0.045743604868911755,1.8937790919981694,-0.027947713104368797,0.7744353000785701,0.20850898379184787,-0.017257221313158256,-0.0,-0.0,-0.0,-0.0,-0.0,-0.0
4.77,0.7334430293852607,-0.4520605335854502,0.045743604868911755,1.8937790919981694,-0.027947713104368797,0.7744353000785701,0.20850898379184787,-0.017013163842733877,-0.0,-0.0,-0.0,-0.0,-0.0,-0.0
4.78,0.7332741535546133,-0.4520605335854502,0.045743604868911755,1.8937790919981694,-0.027947713104368797,0.7744353000785701,0.20850898379184787,-0.01676058392845784,-0.0,-0.0,-0.0,-0.0,-0.0,-0.0
4.79,0.7331078460288729,-0.4520605335854502,0.045743604868911755,1.8937790919981694,-0.027947713104368797,0.7744353000785701,0.20850898379184787,-0.016499507480067607,-0.0,-0.0,-0.0,-0.0,-0.0,-0.0
4.8,0.7329441916288012,-0.4520605335854502,0.045743604868911755,1.8937790919981694,-0.027947713104368797,0.7744353000785701,0.20850898379184787,-0.016229964015421306,-0.0,-0.0,-0.0,-0.0,-0.0,-0.0
4.81,0.7327832748619109,-0.4520605335854502,0.045743604868911755,1.8937790919981694,-0.027947713104368797,0.7744353000785701,0.20850898379184787,-0.01595198666755913,-0.0,-0.0,-0.0,-0.0,-0.0,-0.0
4.82,0.7326251798862843,-0.4520605335854502,0.045743604868911755,1.8937790919981694,-0.027947713104368797,0.7744353000785701,0.20850898379184787,-0.015665612190247237,-0.0,-0.0,-0.0,-0.0,-0.0,-0.0
4.83,0.7324699904743455,-0.4520605335854502,0.045743604868911755,1.8937790919981694,-0.027947713104368797,0.7744353000785701,0.20850898379184787,-0.015370880961997438,-0.0,-0.0,-0.0,-0.0,-0.0,-0.0
4.84,0.7323177899765981,-0.4520605335854502,0.045743604868911755,1.8937790919981694,-0.027947713104368797,0.7744353000785701,0.20850898379184787,-0.015067836988555149,-0.0,-0.0,-0.0,-0.0,-0.0,-0.0
4.85,0.7321686612853483,-0.4520605335854502,0.045743604868911755,1.8937790919981694,-0.027947713104368797,0.7744353000785701,0.20850898379184787,-0.014756527903850713,-0.0,-0.0,-0.0,-0.0,-0.0,-0.0
4.86,0.7320226867984231,-0.4520605335854502,0.045743604868911755,1.8937790919981694,-0.027947713104368797,0.7744353000785701,0.20850898379184787,-0.01443700496940785,-0.0,-0.0,-0.0,-0.0,-0.0,-0.0
4.87,0.731879948382905,-0.4520605335854502,0.045743604868911755,1.8937790919981694,-0.027947713104368797,0.7744353000785701,0.20850898379184787,-0.014109323072205155,-0.0,-0.0,-0.0,-0.0,-0.0,-0.0
4.88,0.7317405273388943,-0.4520605335854502,0.045743604868911755,1.8937790919981694,-0.027947713104368797,0.7744353000785701,0.20850898379184787,-0.013773540720986174,-0.0,-0.0,-0.0,-0.0,-0.0,-0.0
4.89,0.7316045043633157,-0.4520605335854502,0.045743604868911755,1.8937790919981694,-0.027947713104368797,0.7744353000785701,0.20850898379184787,-0.013429720041015192,-0.0,-0.0,-0.0,-0.0,-0.0,-0.0
4.9,0.7314719595137866,-0.4520605335854502,0.045743604868911755,1.8937790919981694,-0.027947713104368797,0.7744353000785701,0.20850898379184787,-0.01307792676727559,-0.0,-0.0,-0.0,-0.0,-0.0,-0.0
4.91,0.7313429721725606,-0.4520605335854502,0.045743604868911755,1.8937790919981694,-0.027947713104368797,0.7744353000785701,0.20850898379184787,-0.012718230236109426,-0.0,-0.0,-0.0,-0.0,-0.0,-0.0
4.92,0.7312176210105611,-0.4520605335854502,0.045743604868911755,1.8937790919981694,-0.027947713104368797,0.7744353000785701,0.20850898379184787,-0.012350703375295813,-0.0,-0.0,-0.0,-0.0,-0.0,-0.0
4.93,0.7310959839515241,-0.4520605335854502,0.045743604868911755,1.8937790919981694,-0.027947713104368797,0.7744353000785701,0.20850898379184787,-0.011975422692568821,-0.0,-0.0,-0.0,-0.0,-0.0,-0.0
4.94,0.730978138136262,-0.4520605335854502,0.045743604868911755,1.8937790919981694,-0.027947713104368797,0.7744353000785701,0.20850898379184787,-0.011592468262573772,-0.0,-0.0,-0.0,-0.0,-0.0,-0.0
4.95,0.7308641598870667,-0.4520605335854502,0.045743604868911755,1.8937790919981694,-0.027947713104368797,0.7744353000785701,0.20850898379184787,-0.011201923712263334,-0.0,-0.0,-0.0,-0.0,-0.0,-0.0
4.96,0.7307541246722651,-0.4520605335854502,0.045743604868911755,1.8937790919981694,-0.027947713104368797,0.7744353000785701,0.20850898379184787,-0.01080387620473435,-0.0,-0.0,-0.0,-0.0,-0.0,-0.0
4.97,0.7306481070709464,-0.4520605335854502,0.045743604868911755,1.8937790919981694,-0.027947713104368797,0.7744353000785701,0.20850898379184787,-0.010398416421507815,-0.0,-0.0,-0.0,-0.0,-0.0,-0.0
4.98,0.7305461807378716,-0.4520605335854502,0.045743604868911755,1.8937790919981694,-0.027947713104368797,0.7744353000785701,0.20850898379184787,-0.009985638543254413,-0.0,-0.0,-0.0,-0.0,-0.0,-0.0
4.99,0.7304484183685854,-0.4520605335854502,0.045743604868911755,1.8937790919981694,-0.027947713104368797,0.7744353000785701,0.20850898379184787,-0.009565640228969611,-0.0,-0.0,-0.0,-0.0,-0.0,-0.0
5.0,0.7303548916647438,-0.4520605335854502,0.045743604868911755,1.8937790919981694,-0.027947713104368797,0.7744353000785701,0.20850898379184787,-0.009138522593601263,-0.0,-0.0,-0.0,-0.0,-0.0,-0.0
5.01,0.7302656712996722,-0.4520605335854502,0.045743604868911755,1.8937790919981694,-0.027947713104368797,0.7744353000785701,0.20850898379184787,-0.00870439018413599,-0.0,-0.0,-0.0,-0.0,-0.0,-0.0
5.02,0.7301808268841716,-0.4520605335854502,0.045743604868911755,1.8937790919981694,-0.027947713104368797,0.7744353000785701,0.20850898379184787,-0.008263350954148626,-0.0,-0.0,-0.0,-0.0,-0.0,-0.0
5.03,0.7301004269325861,-0.4520605335854502,0.045743604868911755,1.8937790919981694,-0.027947713104368797,0.7744353000785701,0.20850898379184787,-0.00781551623682118,-0.0,-0.0,-0.0,-0.0,-0.0,-0.0
5.04,0.7300245388291478,-0.4520605335854502,0.045743604868911755,1.8937790919981694,-0.027947713104368797,0.7744353000785701,0.20850898379184787,-0.007361000716438821,-0.0,-0.0,-0.0,-0.0,-0.0,-0.0
5.05,0.7299532287946151,-0.4520605335854502,0.045743604868911755,1.8937790919981694,-0.027947713104368797,0.7744353000785701,0.20850898379184787,-0.00689992239836875,-0.0,-0.0,-0.0,-0.0,-0.0,-0.0
5.06,0.7298865618532182,-0.4520605335854502,0.045743604868911755,1.8937790919981694,-0.027947713104368797,0.7744353000785701,0.20850898379184787,-0.006432402577532106,-0.0,-0.0,-0.0,-0.0,-0.0,-0.0
5.07,0.7298246017999269,-0.4520605335854502,0.045743604868911755,1.8937790919981694,-0.027947713104368797,0.7744353000785701,0.20850898379184787,-0.005958565805376089,-0.0,-0.0,-0.0,-0.0,-0.0,-0.0
5.08,0.7297674111680575,-0.4520605335854502,0.045743604868911755,1.8937790919981694,-0.027947713104368797,0.7744353000785701,0.20850898379184787,-0.005478539855356819,-0.0,-0.0,-0.0,-0.0,-0.0,-0.0
5.09,0.729715051197231,-0.4520605335854502,0.045743604868911755,1.8937790919981694,-0.027947713104368797,0.7744353000785701,0.20850898379184787,-0.004992455686942321,-0.0,-0.0,-0.0,-0.0,-0.0,-0.0
5.1,0.7296675818016989,-0.4520605335854502,0.045743604868911755,1.8937790919981694,-0.027947713104368797,0.7744353000785701,0.20850898379184787,-0.004500447408147184,-0.0,-0.0,-0.0,-0.0,-0.0,-0.0
5.11,0.7296250615390515,-0.4520605335854502,0.045743604868911755,1.8937790919981694,-0.027947713104368797,0.7744353000785701,0.20850898379184787,-0.004002652236609629,-0.0,-0.0,-0.0,-0.0,-0.0,-0.0
5.12,0.7295875475793225,-0.4520605335854502,0.045743604868911755,1.8937790919981694,-0.027947713104368797,0.7744353000785701,0.20850898379184787,-0.003499210459224091,-0.0,-0.0,-0.0,-0.0,-0.0,-0.0
5.13,0.7295550956745036,-0.4520605335854502,0.045743604868911755,1.8937790919981694,-0.027947713104368797,0.7744353000785701,0.20850898379184787,-0.0029902653903404867,-0.0,-0.0,-0.0,-0.0,-0.0,-0.0
5.14,0.7295277601284854,-0.4520605335854502,0.045743604868911755,1.8937790919981694,-0.027947713104368797,0.7744353000785701,0.20850898379184787,-0.0024759633285455704,-0.0,-0.0,-0.0,-0.0,-0.0,-0.0
5.15,0.7295055937674366,-0.4520605335854502,0.045743604868911755,1.8937790919981694,-0.027947713104368797,0.7744353000785701,0.20850898379184787,-0.001956453512038744,-0.0,-0.0,-0.0,-0.0,-0.0,-0.0
5.16,0.7294886479106373,-0.4520605335854502,0.045743604868911755,1.8937790919981694,-0.027947713104368797,0.7744353000785701,0.20850898379184787,-0.0014318880726180976,-0.0,-0.0,-0.0,-0.0,-0.0,-0.0
5.17,0.7294769723417781,-0.4520605335854502,0.045743604868911755,1.8937790919981694,-0.027947713104368797,0.7744353000785701,0.20850898379184787,-0.0009024219882912253,-0.0,-0.0,-0.0,-0.0,-0.0,-0.0
5.18,0.7294706152807415,-0.4520605335854502,0.045743604868911755,1.8937790919981694,-0.027947713104368797,0.7744353000785701,0.20850898379184787,-0.00036821303452747435,-0.0,-0.0,-0.0,-0.0,-0.0,-0.0
5.19,0.7294696233558758,-0.4520605335854502,0.045743604868911755,1.8937790919981694,-0.027947713104368797,0.7744353000785701,0.20850898379184787,0.00017057826583254798,0.0,0.0,0.0,0.0,0.0,0.0
5.2,0.7294740415767779,-0.4520605335854502,0.045743604868911755,1.8937790919981694,-0.027947713104368797,0.7744353000785701,0.20850898379184787,0.0007137886939919518,0.0,0.0,0.0,0.0,0.0,0.0
5.21,0.7294839133075959,-0.4520605335854502,0.045743604868911755,1.8937790919981694,-0.027947713104368797,0.7744353000785701,0.20850898379184787,0.0012612523879210404,0.0,0.0,0.0,0.0,0.0,0.0
5.22,0.7294992802408663,-0.4520605335854502,0.045743604868911755,1.8937790919981694,-0.027947713104368797,0.7744353000785701,0.20850898379184787,0.00181280089636872,0.0,0.0,0.0,0.0,0.0,0.0
5.23,0.7295201823718963,-0.4520605335854502,0.045743604868911755,1.8937790919981694,-0.027947713104368797,0.7744353000785701,0.20850898379184787,0.0023682632341446457,0.0,0.0,0.0,0.0,0.0,0.0
5.24,0.7295466579737071,-0.4520605335854502,0.045743604868911755,1.8937790919981694,-0.027947713104368797,0.7744353000785701,0.20850898379184787,0.002927465938651484,0.0,0.0,0.0,0.0,0.0,0.0
5.25,0.7295787435725467,-0.4520605335854502,0.045743604868911755,1.8937790919981694,-0.027947713104368797,0.7744353000785701,0.20850898379184787,0.0034902331276478902,0.0,0.0,0.0,0.0,0.0,0.0
5.26,0.7296164739239877,-0.4520605335854502,0.045743604868911755,1.8937790919981694,-0.027947713104368797,0.7744353000785701,0.20850898379184787,0.004056386558220795,0.0,0.0,0.0,0.0,0.0,0.0
5.27,0.7296598819896204,-0.4520605335854502,0.045743604868911755,1.8937790919981694,-0.027947713104368797,0.7744353000785701,0.20850898379184787,0.004625745686946401,0.0,0.0,0.0,0.0,0.0,0.0
5.28,0.7297089989143536,-0.4520605335854502,0.045743604868911755,1.8937790919981694,-0.027947713104368797,0.7744353000785701,0.20850898379184787,0.005198127731217386,0.0,0.0,0.0,0.0,0.0,0.0
5.29,0.7297638540043336,-0.4520605335854502,0.045743604868911755,1.8937790919981694,-0.027947713104368797,0.7744353000785701,0.20850898379184787,0.005773347731714548,0.0,0.0,0.0,0.0,0.0,0.0
5.3,0.7298244747054948,-0.4520605335854502,0.045743604868911755,1.8937790919981694,-0.027947713104368797,0.7744353000785701,0.20850898379184787,0.006351218615999806,0.0,0.0,0.0,0.0,0.0,0.0
5.31,0.7298908865827504,-0.4520605335854502,0.045743604868911755,1.8937790919981694,-0.027947713104368797,0.7744353000785701,0.20850898379184787,0.0069315512632068125,0.0,0.0,0.0,0.0,0.0,0.0
5.32,0.7299631132998364,-0.4520605335854502,0.045743604868911755,1.8937790919981694,-0.027947713104368797,0.7744353000785701,0.20850898379184787,0.007514154569805872,0.0,0.0,0.0,0.0,0.0,0.0
5.33,0.7300411765998185,-0.4520605335854502,0.045743604868911755,1.8937790919981694,-0.027947713104368797,0.7744353000785701,0.20850898379184787,0.008098835516417508,0.0,0.0,0.0,0.0,0.0,0.0
5.34,0.7301250962862712,-0.4520605335854502,0.045743604868911755,1.8937790919981694,-0.027947713104368797,0.7744353000785701,0.20850898379184787,0.008685399235651751,0.0,0.0,0.0,0.0,0.0,0.0
5.35,0.7302148902051417,-0.4520605335854502,0.045743604868911755,1.8937790919981694,-0.027947713104368797,0.7744353000785701,0.20850898379184787,0.009273649080945275,0.0,0.0,0.0,0.0,0.0,0.0
5.36,0.730310574227306,-0.4520605335854502,0.045743604868911755,1.8937790919981694,-0.027947713104368797,0.7744353000785701,0.20850898379184787,0.009863386696372364,0.0,0.0,0.0,0.0,0.0,0.0
5.37,0.7304121622318286,-0.4520605335854502,0.045743604868911755,1.8937790919981694,-0.027947713104368797,0.7744353000785701,0.20850898379184787,0.01045441208740221,0.0,0.0,0.0,0.0,0.0,0.0
5.38,0.7305196660899339,-0.4520605335854502,0.045743604868911755,1.8937790919981694,-0.027947713104368797,0.7744353000785701,0.20850898379184787,0.011046523692576358,0.0,0.0,0.0,0.0,0.0,0.0
5.39,0.7306330956496991,-0.4520605335854502,0.045743604868911755,1.8937790919981694,-0.027947713104368797,0.7744353000785701,0.20850898379184787,0.011639518456078404,0.0,0.0,0.0,0.0,0.0,0.0
5.4,0.7307524587214771,-0.4520605335854502,0.045743604868911755,1.8937790919981694,-0.027947713104368797,0.7744353000785701,0.20850898379184787,0.012233191901168804,0.0,0.0,0.0,0.0,0.0,0.0
5.41,0.7308777610640578,-0.4520605335854502,0.045743604868911755,1.8937790919981694,-0.027947713104368797,0.7744353000785701,0.20850898379184787,0.012827338204455653,0.0,0.0,0.0,0.0,0.0,0.0
5.42,0.7310090063715765,-0.4520605335854502,0.045743604868911755,1.8937790919981694,-0.027947713104368797,0.7744353000785701,0.20850898379184787,0.01342175027097453,0.0,0.0,0.0,0.0,0.0,0.0
5.43,0.7311461962611768,-0.4520605335854502,0.045743604868911755,1.8937790919981694,-0.027947713104368797,0.7744353000785701,0.20850898379184787,0.014016219810046361,0.0,0.0,0.0,0.0,0.0,0.0
5.44,0.7312893302614357,-0.4520605335854502,0.045743604868911755,1.8937790919981694,-0.027947713104368797,0.7744353000785701,0.20850898379184787,0.014610537411885541,0.0,0.0,0.0,0.0,0.0,0.0
5.45,0.7314384058015589,-0.4520605335854502,0.045743604868911755,1.8937790919981694,-0.027947713104368797,0.7744353000785701,0.20850898379184787,0.01520449262492765,0.0,0.0,0.0,0.0,0.0,0.0
5.46,0.7315934182013523,-0.4520605335854502,0.045743604868911755,1.8937790919981694,-0.027947713104368797,0.7744353000785701,0.20850898379184787,0.015797874033847196,0.0,0.0,0.0,0.0,0.0,0.0
5.47,0.731754360661977,-0.4520605335854502,0.045743604868911755,1.8937790919981694,-0.027947713104368797,0.7744353000785701,0.20850898379184787,0.016390469338234383,0.0,0.0,0.0,0.0,0.0,0.0
5.48,0.7319212242574952,-0.4520605335854502,0.045743604868911755,1.8937790919981694,-0.027947713104368797,0.7744353000785701,0.20850898379184787,0.01698206543190059,0.0,0.0,0.0,0.0,0.0,0.0
5.49,0.7320939979272107,-0.4520605335854502,0.045743604868911755,1.8937790919981694,-0.027947713104368797,0.7744353000785701,0.20850898379184787,0.017572448482780518,0.0,0.0,0.0,0.0,0.0,0.0
5.5,0.7322726684688127,-0.4520605335854502,0.045743604868911755,1.8937790919981694,-0.027947713104368797,0.7744353000785701,0.20850898379184787,0.018161404013401255,0.0,0.0,0.0,0.0,0.0,0.0
5.51,0.7324572205323253,-0.4520605335854502,0.045743604868911755,1.8937790919981694,-0.027947713104368797,0.7744353000785701,0.20850898379184787,0.01874871698188416,0.0,0.0,0.0,0.0,0.0,0.0
5.52,0.7326476366148719,-0.4520605335854502,0.045743604868911755,1.8937790919981694,-0.027947713104368797,0.7744353000785701,0.20850898379184787,0.019334171863449486,0.0,0.0,0.0,0.0,0.0,0.0
5.53,0.7328438970562543,-0.4520605335854502,0.045743604868911755,1.8937790919981694,-0.027947713104368797,0.7744353000785701,0.20850898379184787,0.01991755273239047,0.0,0.0,0.0,0.0,0.0,0.0
5.54,0.7330459800353564,-0.4520605335854502,0.045743604868911755,1.8937790919981694,-0.027947713104368797,0.7744353000785701,0.20850898379184787,0.020498643344483796,0.0,0.0,0.0,0.0,0.0,0.0
5.55,0.7332538615673717,-0.4520605335854502,0.045743604868911755,1.8937790919981694,-0.027947713104368797,0.7744353000785701,0.20850898379184787,0.021077227219805355,0.0,0.0,0.0,0.0,0.0,0.0
5.56,0.7334675155018627,-0.4520605335854502,0.045743604868911755,1.8937790919981694,-0.027947713104368797,0.7744353000785701,0.20850898379184787,0.0216530877259158,0.0,0.0,0.0,0.0,0.0,0.0
5.57,0.7336869135216528,-0.4520605335854502,0.045743604868911755,1.8937790919981694,-0.027947713104368797,0.7744353000785701,0.20850898379184787,0.022226008161384495,0.0,0.0,0.0,0.0,0.0,0.0
5.58,0.7339120251425554,-0.4520605335854502,0.045743604868911755,1.8937790919981694,-0.027947713104368797,0.7744353000785701,0.20850898379184787,0.022795771839617222,0.0,0.0,0.0,0.0,0.0,0.0
5.59,0.7341428177139419,-0.4520605335854502,0.045743604868911755,1.8937790919981694,-0.027947713104368797,0.7744353000785701,0.20850898379184787,0.02336216217295468,0.0,0.0,0.0,0.0,0.0,0.0
5.6,0.7343792564201537,-0.4520605335854502,0.045743604868911755,1.8937790919981694,-0.027947713104368797,0.7744353000785701,0.20850898379184787,0.0239249627570069,0.0,0.0,0.0,0.0,0.0,0.0
5.61,0.7346213042827566,-0.4520605335854502,0.045743604868911755,1.8937790919981694,-0.027947713104368797,0.7744353000785701,0.20850898379184787,0.02448395745519067,0.0,0.0,0.0,0.0,0.0,0.0
5.62,0.7348689221636424,-0.4520605335854502,0.045743604868911755,1.8937790919981694,-0.027947713104368797,0.7744353000785701,0.20850898379184787,0.025038930483434217,0.0,0.0,0.0,0.0,0.0,0.0
5.63,0.7351220687689785,-0.4520605335854502,0.045743604868911755,1.8937790919981694,-0.027947713104368797,0.7744353000785701,0.20850898379184787,0.02558966649501673,0.0,0.0,0.0,0.0,0.0,0.0
5.64,0.735380700654005,-0.4520605335854502,0.045743604868911755,1.8937790919981694,-0.027947713104368797,0.7744353000785701,0.20850898379184787,0.026135950665506114,0.0,0.0,0.0,0.0,0.0,0.0
5.65,0.7356447722286842,-0.4520605335854502,0.045743604868911755,1.8937790919981694,-0.027947713104368797,0.7744353000785701,0.20850898379184787,0.026677568777761923,0.0,0.0,0.0,0.0,0.0,0.0
5.66,0.735914235764197,-0.4520605335854502,0.045743604868911755,1.8937790919981694,-0.027947713104368797,0.7744353000785701,0.20850898379184787,0.027214307306967875,0.0,0.0,0.0,0.0,0.0,0.0
5.67,0.7361890414002926,-0.4520605335854502,0.045743604868911755,1.8937790919981694,-0.027947713104368797,0.7744353000785701,0.20850898379184787,0.02774595350565973,0.0,0.0,0.0,0.0,0.0,0.0
5.68,0.7364691371534862,-0.4520605335854502,0.045743604868911755,1.8937790919981694,-0.027947713104368797,0.7744353000785701,0.20850898379184787,0.028272295488713056,0.0,0.0,0.0,0.0,0.0,0.0
5.69,0.7367544689261072,-0.4520605335854502,0.045743604868911755,1.8937790919981694,-0.027947713104368797,0.7744353000785701,0.20850898379184787,0.028793122318256724,0.0,0.0,0.0,0.0,0.0,0.0
5.7,0.7370449805161962,-0.4520605335854502,0.045743604868911755,1.8937790919981694,-0.027947713104368797,0.7744353000785701,0.20850898379184787,0.029308224088475866,0.0,0.0,0.0,0.0,0.0,0.0
5.71,0.7373406136282485,-0.4520605335854502,0.045743604868911755,1.8937790919981694,-0.027947713104368797,0.7744353000785701,0.20850898379184787,0.02981739201027142,0.0,0.0,0.0,0.0,0.0,0.0
5.72,0.7376413078848043,-0.4520605335854502,0.045743604868911755,1.8937790919981694,-0.027947713104368797,0.7744353000785701,0.20850898379184787,0.03032041849573892,0.0,0.0,0.0,0.0,0.0,0.0
5.73,0.7379470008388819,-0.4520605335854502,0.045743604868911755,1.8937790919981694,-0.027947713104368797,0.7744353000785701,0.20850898379184787,0.030817097242433165,0.0,0.0,0.0,0.0,0.0,0.0
5.74,0.7382576279872524,-0.4520605335854502,0.045743604868911755,1.8937790919981694,-0.027947713104368797,0.7744353000785701,0.20850898379184787,0.03130722331738311,0.0,0.0,0.0,0.0,0.0,0.0
5.75,0.7385731227845538,-0.4520605335854502,0.045743604868911755,1.8937790919981694,-0.027947713104368797,0.7744353000785701,0.20850898379184787,0.03179059324082239,0.0,0.0,0.0,0.0,0.0,0.0
5.76,0.7388934166582399,-0.4520605335854502,0.045743604868911755,1.8937790919981694,-0.027947713104368797,0.7744353000785701,0.20850898379184787,0.03226700506960028,0.0,0.0,0.0,0.0,0.0,0.0
5.77,0.7392184390243628,-0.4520605335854502,0.045743604868911755,1.8937790919981694,-0.027947713104368797,0.7744353000785701,0.20850898379184787,0.032736258480238326,0.0,0.0,0.0,0.0,0.0,0.0
5.78,0.7395481173041822,-0.4520605335854502,0.045743604868911755,1.8937790919981694,-0.027947713104368797,0.7744353000785701,0.20850898379184787,0.0331981548515982,0.0,0.0,0.0,0.0,0.0,0.0
5.79,0.7398823769416013,-0.4520605335854502,0.045743604868911755,1.8937790919981694,-0.027947713104368797,0.7744353000785701,0.20850898379184787,0.03365249734712576,0.0,0.0,0.0,0.0,0.0,0.0
5.8,0.7402211414214216,-0.4520605335854502,0.045743604868911755,1.8937790919981694,-0.027947713104368797,0.7744353000785701,0.20850898379184787,0.03409909099663715,0.0,0.0,0.0,0.0,0.0,0.0
5.81,0.7405643322884135,-0.4520605335854502,0.045743604868911755,1.8937790919981694,-0.027947713104368797,0.7744353000785701,0.20850898379184787,0.03453774277761215,0.0,0.0,0.0,0.0,0.0,0.0
5.82,0.7409118691671974,-0.4520605335854502,0.045743604868911755,1.8937790919981694,-0.027947713104368797,0.7744353000785701,0.20850898379184787,0.034968261695960866,0.0,0.0,0.0,0.0,0.0,0.0
5.83,0.7412636697829293,-0.4520605335854502,0.045743604868911755,1.8937790919981694,-0.027947713104368797,0.7744353000785701,0.20850898379184787,0.035390458866229144,0.0,0.0,0.0,0.0,0.0,0.0
5.84,0.7416196499827858,-0.4520605335854502,0.045743604868911755,1.8937790919981694,-0.027947713104368797,0.7744353000785701,0.20850898379184787,0.0358041475912097,0.0,0.0,0.0,0.0,0.0,0.0
5.85,0.741979723758242,-0.4520605335854502,0.045743604868911755,1.8937790919981694,-0.027947713104368797,0.7744353000785701,0.20850898379184787,0.03620914344092404,0.0,0.0,0.0,0.0,0.0,0.0
5.86,0.7423438032681361,-0.4520605335854502,0.045743604868911755,1.8937790919981694,-0.027947713104368797,0.7744353000785701,0.20850898379184787,0.03660526433094235,0.0,0.0,0.0,0.0,0.0,0.0
5.87,0.7427117988625133,-0.4520605335854502,0.045743604868911755,1.8937790919981694,-0.027947713104368797,0.7744353000785701,0.20850898379184787,0.036992330600007846,0.0,0.0,0.0,0.0,0.0,0.0
5.88,0.7430836191072429,-0.4520605335854502,0.045743604868911755,1.8937790919981694,-0.027947713104368797,0.7744353000785701,0.20850898379184787,0.03737016508693251,0.0,0.0,0.0,0.0,0.0,0.0
5.89,0.7434591708094002,-0.4520605335854502,0.045743604868911755,1.8937790919981694,-0.027947713104368797,0.7744353000785701,0.20850898379184787,0.03773859320673092,0.0,0.0,0.0,0.0,0.0,0.0
5.9,0.743838359043406,-0.4520605335854502,0.045743604868911755,1.8937790919981694,-0.027947713104368797,0.7744353000785701,0.20850898379184787,0.038097443025960416,0.0,0.0,0.0,0.0,0.0,0.0
5.91,0.7442210871779151,-0.4520605335854502,0.045743604868911755,1.8937790919981694,-0.027947713104368797,0.7744353000785701,0.20850898379184787,0.038446545337233795,0.0,0.0,0.0,0.0,0.0,0.0
5.92,0.744607256903446,-0.4520605335854502,0.045743604868911755,1.8937790919981694,-0.027947713104368797,0.7744353000785701,0.20850898379184787,0.038785733732874424,0.0,0.0,0.0,0.0,0.0,0.0
5.93,0.7449967682607426,-0.4520605335854502,0.045743604868911755,1.8937790919981694,-0.027947713104368797,0.7744353000785701,0.20850898379184787,0.03911484467767992,0.0,0.0,0.0,0.0,0.0,0.0
5.94,0.7453895196698589,-0.4520605335854502,0.045743604868911755,1.8937790919981694,-0.027947713104368797,0.7744353000785701,0.20850898379184787,0.03943371758076459,0.0,0.0,0.0,0.0,0.0,0.0
5.95,0.7457854079599571,-0.4520605335854502,0.045743604868911755,1.8937790919981694,-0.027947713104368797,0.7744353000785701,0.20850898379184787,0.03974219486644822,0.0,0.0,0.0,0.0,0.0,0.0
5.96,0.7461843283998107,-0.4520605335854502,0.045743604868911755,1.8937790919981694,-0.027947713104368797,0.7744353000785701,0.20850898379184787,0.04004012204416154,0.0,0.0,0.0,0.0,0.0,0.0
5.97,0.7465861747290006,-0.4520605335854502,0.045743604868911755,1.8937790919981694,-0.027947713104368797,0.7744353000785701,0.20850898379184787,0.040327347777336806,0.0,0.0,0.0,0.0,0.0,0.0
5.98,0.7469908391897946,-0.4520605335854502,0.045743604868911755,1.8937790919981694,-0.027947713104368797,0.7744353000785701,0.20850898379184787,0.04060372395125428,0.0,0.0,0.0,0.0,0.0,0.0
5.99,0.7473982125597017,-0.4520605335854502,0.045743604868911755,1.8937790919981694,-0.027947713104368797,0.7744353000785701,0.20850898379184787,0.04086910573981421,0.0,0.0,0.0,0.0,0.0,0.0
6.0,0.7478081841846871,-0.4520605335854502,0.045743604868911755,1.8937790919981694,-0.027947713104368797,0.7744353000785701,0.20850898379184787,0.04112335167120565,0.0,0.0,0.0,0.0,0.0,0.0
6.01,0.7482206420130384,-0.4520605335854502,0.045743604868911755,1.8937790919981694,-0.027947713104368797,0.7744353000785701,0.20850898379184787,0.0413663236924425,0.0,0.0,0.0,0.0,0.0,0.0
6.02,0.7486354726298723,-0.4520605335854502,0.045743604868911755,1.8937790919981694,-0.027947713104368797,0.7744353000785701,0.20850898379184787,0.04159788723273868,0.0,0.0,0.0,0.0,0.0,0.0
6.03,0.7490525612922682,-0.4520605335854502,0.045743604868911755,1.8937790919981694,-0.027947713104368797,0.7744353000785701,0.20850898379184787,0.04181791126569451,0.0,0.0,0.0,0.0,0.0,0.0
6.04,0.7494717919650177,-0.4520605335854502,0.045743604868911755,1.8937790919981694,-0.027947713104368797,0.7744353000785701,0.20850898379184787,0.04202626837026577,0.0,0.0,0.0,0.0,0.0,0.0
6.05,0.7498930473569785,-0.4520605335854502,0.045743604868911755,1.8937790919981694,-0.027947713104368797,0.7744353000785701,0.20850898379184787,0.04222283479048969,0.0,0.0,0.0,0.0,0.0,0.0
6.06,0.7503162089580181,-0.4520605335854502,0.045743604868911755,1.8937790919981694,-0.027947713104368797,0.7744353000785701,0.20850898379184787,0.04240749049393956,0.0,0.0,0.0,0.0,0.0,0.0
6.07,0.750741157076536,-0.4520605335854502,0.045743604868911755,1.8937790919981694,-0.027947713104368797,0.7744353000785701,0.20850898379184787,0.042580119228883107,0.0,0.0,0.0,0.0,0.0,0.0
6.08,0.751167770877551,-0.4520605335854502,0.045743604868911755,1.8937790919981694,-0.027947713104368797,0.7744353000785701,0.20850898379184787,0.04274060858011763,0.0,0.0,0.0,0.0,0.0,0.0
6.09,0.7515959284213405,-0.4520605335854502,0.045743604868911755,1.8937790919981694,-0.027947713104368797,0.7744353000785701,0.20850898379184787,0.04288885002345779,0.0,0.0,0.0,0.0,0.0,0.0
6.1,0.7520255067026164,-0.4520605335854502,0.045743604868911755,1.8937790919981694,-0.027947713104368797,0.7744353000785701,0.20850898379184787,0.04302473897885039,0.0,0.0,0.0,0.0,0.0,0.0
6.11,0.7524563816902273,-0.4520605335854502,0.045743604868911755,1.8937790919981694,-0.027947713104368797,0.7744353000785701,0.20850898379184787,0.04314817486209251,0.0,0.0,0.0,0.0,0.0,0.0
6.12,0.7528884283673691,-0.4520605335854502,0.045743604868911755,1.8937790919981694,-0.027947713104368797,0.7744353000785701,0.20850898379184787,0.04325906113512877,0.0,0.0,0.0,0.0,0.0,0.0
6.13,0.7533215207722921,-0.4520605335854502,0.045743604868911755,1.8937790919981694,-0.027947713104368797,0.7744353000785701,0.20850898379184787,0.04335730535490524,0.0,0.0,0.0,0.0,0.0,0.0
6.14,0.7537555320394889,-0.4520605335854502,0.045743604868911755,1.8937790919981694,-0.027947713104368797,0.7744353000785701,0.20850898379184787,0.04344281922075668,0.0,0.0,0.0,0.0,0.0,0.0
6.15,0.7541903344413493,-0.4520605335854502,0.045743604868911755,1.8937790919981694,-0.027947713104368797,0.7744353000785701,0.20850898379184787,0.04351551862030561,0.0,0.0,0.0,0.0,0.0,0.0
6.16,0.7546257994302665,-0.4520605335854502,0.045743604868911755,1.8937790919981694,-0.027947713104368797,0.7744353000785701,0.20850898379184787,0.04357532367385145,0.0,0.0,0.0,0.0,0.0,0.0
6.17,0.7550617976811794,-0.4520605335854502,0.045743604868911755,1.8937790919981694,-0.027947713104368797,0.7744353000785701,0.20850898379184787,0.04362215877722901,0.0,0.0,0.0,0.0,0.0,0.0
6.18,0.7554981991345353,-0.4520605335854502,0.045743604868911755,1.8937790919981694,-0.027947713104368797,0.7744353000785701,0.20850898379184787,0.04365595264311587,0.0,0.0,0.0,0.0,0.0,0.0
6.19,0.7559348730396593,-0.4520605335854502,0.045743604868911755,1.8937790919981694,-0.027947713104368797,0.7744353000785701,0.20850898379184787,0.04367663834076922,0.0,0.0,0.0,0.0,0.0,0.0
6.2,0.7563716879985108,-0.4520605335854502,0.045743604868911755,1.8937790919981694,-0.027947713104368797,0.7744353000785701,0.20850898379184787,0.04368415333417278,0.0,0.0,0.0,0.0,0.0,0.0
6.21,0.7568085120098165,-0.4520605335854502,0.045743604868911755,1.8937790919981694,-0.027947713104368797,0.7744353000785701,0.20850898379184787,0.043678439518575626,0.0,0.0,0.0,0.0,0.0,0.0
6.22,0.7572452125135571,-0.4520605335854502,0.045743604868911755,1.8937790919981694,-0.027947713104368797,0.7744353000785701,0.20850898379184787,0.04365944325540484,0.0,0.0,0.0,0.0,0.0,0.0
6.23,0.7576816564357988,-0.4520605335854502,0.045743604868911755,1.8937790919981694,-0.027947713104368797,0.7744353000785701,0.20850898379184787,0.043627115405535107,0.0,0.0,0.0,0.0,0.0,0.0
6.24,0.7581177102338452,-0.4520605335854502,0.045743604868911755,1.8937790919981694,-0.027947713104368797,0.7744353000785701,0.20850898379184787,0.04358141136089832,0.0,0.0,0.0,0.0,0.0,0.0
6.25,0.7585532399417007,-0.4520605335854502,0.045743604868911755,1.8937790919981694,-0.027947713104368797,0.7744353000785701,0.20850898379184787,0.043522291074417664,0.0,0.0,0.0,0.0,0.0,0.0
6.26,0.7589881112158217,-0.4520605335854502,0.045743604868911755,1.8937790919981694,-0.027947713104368797,0.7744353000785701,0.20850898379184787,0.04344971908825066,0.0,0.0,0.0,0.0,0.0,0.0
6.27,0.7594221893811441,-0.4520605335854502,0.045743604868911755,1.8937790919981694,-0.027947713104368797,0.7744353000785701,0.20850898379184787,0.0433636645603269,0.0,0.0,0.0,0.0,0.0,0.0
6.28,0.7598553394773659,-0.4520605335854502,0.045743604868911755,1.8937790919981694,-0.027947713104368797,0.7744353000785701,0.20850898379184787,0.04326410128916623,0.0,0.0,0.0,0.0,0.0,0.0
6.29,0.7602874263054701,-0.4520605335854502,0.045743604868911755,1.8937790919981694,-0.027947713104368797,0.7744353000785701,0.20850898379184787,0.04315100773696448,0.0,0.0,0.0,0.0,0.0,0.0
6.3,0.7607183144744697,-0.4520605335854502,0.045743604868911755,1.8937790919981694,-0.027947713104368797,0.7744353000785701,0.20850898379184787,0.04302436705093392,0.0,0.0,0.0,0.0,0.0,0.0
6.31,0.7611478684483572,-0.4520605335854502,0.045743604868911755,1.8937790919981694,-0.027947713104368797,0.7744353000785701,0.20850898379184787,0.04288416708288706,0.0,0.0,0.0,0.0,0.0,0.0
6.32,0.7615759525932416,-0.4520605335854502,0.045743604868911755,1.8937790919981694,-0.027947713104368797,0.7744353000785701,0.20850898379184787,0.04273040040705194,0.0,0.0,0.0,0.0,0.0,0.0
6.33,0.7620024312246532,-0.4520605335854502,0.045743604868911755,1.8937790919981694,-0.027947713104368797,0.7744353000785701,0.20850898379184787,0.04256306433610937,0.0,0.0,0.0,0.0,0.0,0.0
6.34,0.7624271686550019,-0.4520605335854502,0.045743604868911755,1.8937790919981694,-0.027947713104368797,0.7744353000785701,0.20850898379184787,0.042382160935441456,0.0,0.0,0.0,0.0,0.0,0.0
6.35,0.7628500292411674,-0.4520605335854502,0.045743604868911755,1.8937790919981694,-0.027947713104368797,0.7744353000785701,0.20850898379184787,0.04218769703558329,0.0,0.0,0.0,0.0,0.0,0.0
6.36,0.7632708774322057,-0.4520605335854502,0.045743604868911755,1.8937790919981694,-0.027947713104368797,0.7744353000785701,0.20850898379184787,0.04197968424286882,0.0,0.0,0.0,0.0,0.0,0.0
6.37,0.7636895778171527,-0.4520605335854502,0.045743604868911755,1.8937790919981694,-0.027947713104368797,0.7744353000785701,0.20850898379184787,0.041758138948263746,0.0,0.0,0.0,0.0,0.0,0.0
6.38,0.764105995172907,-0.4520605335854502,0.045743604868911755,1.8937790919981694,-0.027947713104368797,0.7744353000785701,0.20850898379184787,0.0415230823343783,0.0,0.0,0.0,0.0,0.0,0.0
6.39,0.7645199945121741,-0.4520605335854502,0.045743604868911755,1.8937790919981694,-0.027947713104368797,0.7744353000785701,0.20850898379184787,0.0412745403806542,0.0,0.0,0.0,0.0,0.0,0.0
6.4,0.7649314411314526,-0.4520605335854502,0.045743604868911755,1.8937790919981694,-0.027947713104368797,0.7744353000785701,0.20850898379184787,0.041012543866719854,0.0,0.0,0.0,0.0,0.0,0.0
6.41,0.7653402006590454,-0.4520605335854502,0.045743604868911755,1.8937790919981694,-0.027947713104368797,0.7744353000785701,0.20850898379184787,0.04073712837390988,0.0,0.0,0.0,0.0,0.0,0.0
6.42,0.765746139103077,-0.4520605335854502,0.045743604868911755,1.8937790919981694,-0.027947713104368797,0.7744353000785701,0.20850898379184787,0.040448334284944,0.0,0.0,0.0,0.0,0.0,0.0
6.43,0.7661491228994974,-0.4520605335854502,0.045743604868911755,1.8937790919981694,-0.027947713104368797,0.7744353000785701,0.20850898379184787,0.04014620678176356,0.0,0.0,0.0,0.0,0.0,0.0
6.44,0.7665490189600566,-0.4520605335854502,0.045743604868911755,1.8937790919981694,-0.027947713104368797,0.7744353000785701,0.20850898379184787,0.039830795841521785,0.0,0.0,0.0,0.0,0.0,0.0
6.45,0.766945694720228,-0.4520605335854502,0.045743604868911755,1.8937790919981694,-0.027947713104368797,0.7744353000785701,0.20850898379184787,0.03950215623072729,0.0,0.0,0.0,0.0,0.0,0.0
6.46,0.7673390181870662,-0.4520605335854502,0.045743604868911755,1.8937790919981694,-0.027947713104368797,0.7744353000785701,0.20850898379184787,0.039160347497539015,0.0,0.0,0.0,0.0,0.0,0.0
6.47,0.767728857986976,-0.4520605335854502,0.045743604868911755,1.8937790919981694,-0.027947713104368797,0.7744353000785701,0.20850898379184787,0.03880543396221326,0.0,0.0,0.0,0.0,0.0,0.0
6.48,0.768115083413379,-0.4520605335854502,0.045743604868911755,1.8937790919981694,-0.027947713104368797,0.7744353000785701,0.20850898379184787,0.038437484705702414,0.0,0.0,0.0,0.0,0.0,0.0
6.49,0.768497564474255,-0.4520605335854502,0.045743604868911755,1.8937790919981694,-0.027947713104368797,0.7744353000785701,0.20850898379184787,0.03805657355640797,0.0,0.0,0.0,0.0,0.0,0.0
6.5,0.768876171939543,-0.4520605335854502,0.045743604868911755,1.8937790919981694,-0.027947713104368797,0.7744353000785701,0.20850898379184787,0.037662779075088304,0.0,0.0,0.0,0.0,0.0,0.0
6.51,0.769250777388382,-0.4520605335854502,0.045743604868911755,1.8937790919981694,-0.027947713104368797,0.7744353000785701,0.20850898379184787,0.037256184537925646,0.0,0.0,0.0,0.0,0.0,0.0
6.52,0.7696212532561719,-0.4520605335854502,0.045743604868911755,1.8937790919981694,-0.027947713104368797,0.7744353000785701,0.20850898379184787,0.036836877917754814,0.0,0.0,0.0,0.0,0.0,0.0
6.53,0.7699874728814396,-0.4520605335854502,0.045743604868911755,1.8937790919981694,-0.027947713104368797,0.7744353000785701,0.20850898379184787,0.036404951863458074,0.0,0.0,0.0,0.0,0.0,0.0
6.54,0.770349310552488,-0.4520605335854502,0.045743604868911755,1.8937790919981694,-0.027947713104368797,0.7744353000785701,0.20850898379184787,0.035960503677532084,0.0,0.0,0.0,0.0,0.0,0.0
6.55,0.7707066415538129,-0.4520605335854502,0.045743604868911755,1.8937790919981694,-0.027947713104368797,0.7744353000785701,0.20850898379184787,0.035503635291831245,0.0,0.0,0.0,0.0,0.0,0.0
6.56,0.7710593422122674,-0.4520605335854502,0.045743604868911755,1.8937790919981694,-0.027947713104368797,0.7744353000785701,0.20850898379184787,0.035034453241495636,0.0,0.0,0.0,0.0,0.0,0.0
6.57,0.7714072899429574,-0.4520605335854502,0.045743604868911755,1.8937790919981694,-0.027947713104368797,0.7744353000785701,0.20850898379184787,0.034553068637069626,0.0,0.0,0.0,0.0,0.0,0.0
6.58,0.7717503632948478,-0.4520605335854502,0.045743604868911755,1.8937790919981694,-0.027947713104368797,0.7744353000785701,0.20850898379184787,0.034059597134819944,0.0,0.0,0.0,0.0,0.0,0.0
6.59,0.7720884419960649,-0.4520605335854502,0.045743604868911755,1.8937790919981694,-0.027947713104368797,0.7744353000785701,0.20850898379184787,0.03355415890526147,0.0,0.0,0.0,0.0,0.0,0.0
6.6,0.772421406998873,-0.4520605335854502,0.045743604868911755,1.8937790919981694,-0.027947713104368797,0.7744353000785701,0.20850898379184787,0.0330368785999008,0.0,0.0,0.0,0.0,0.0,0.0
6.61,0.7727491405243118,-0.4520605335854502,0.045743604868911755,1.8937790919981694,-0.027947713104368797,0.7744353000785701,0.20850898379184787,0.032507885316207234,0.0,0.0,0.0,0.0,0.0,0.0
6.62,0.7730715261064726,-0.4520605335854502,0.045743604868911755,1.8937790919981694,-0.027947713104368797,0.7744353000785701,0.20850898379184787,0.03196731256082319,0.0,0.0,0.0,0.0,0.0,0.0
6.63,0.773388448636399,-0.4520605335854502,0.045743604868911755,1.8937790919981694,-0.027947713104368797,0.7744353000785701,0.20850898379184787,0.03141529821102403,0.0,0.0,0.0,0.0,0.0,0.0
6.64,0.7736997944055939,-0.4520605335854502,0.045743604868911755,1.8937790919981694,-0.027947713104368797,0.7744353000785701,0.20850898379184787,0.03085198447444186,0.0,0.0,0.0,0.0,0.0,0.0
6.65,0.7740054511491136,-0.4520605335854502,0.045743604868911755,1.8937790919981694,-0.027947713104368797,0.7744353000785701,0.20850898379184787,0.030277517847064624,0.0,0.0,0.0,0.0,0.0,0.0
6.66,0.7743053080882347,-0.4520605335854502,0.045743604868911755,1.8937790919981694,-0.027947713104368797,0.7744353000785701,0.20850898379184787,0.02969204906952568,0.0,0.0,0.0,0.0,0.0,0.0
6.67,0.7745992559726751,-0.4520605335854502,0.045743604868911755,1.8937790919981694,-0.027947713104368797,0.7744353000785701,0.20850898379184787,0.029095733081697307,0.0,0.0,0.0,0.0,0.0,0.0
6.68,0.7748871871223518,-0.4520605335854502,0.045743604868911755,1.8937790919981694,-0.027947713104368797,0.7744353000785701,0.20850898379184787,0.02848872897560445,0.0,0.0,0.0,0.0,0.0,0.0
6.69,0.7751689954686607,-0.4520605335854502,0.045743604868911755,1.8937790919981694,-0.027947713104368797,0.7744353000785701,0.20850898379184787,0.027871199946673815,0.0,0.0,0.0,0.0,0.0,0.0
6.7,0.7754445765952593,-0.4520605335854502,0.045743604868911755,1.8937790919981694,-0.027947713104368797,0.7744353000785701,0.20850898379184787,0.027243313243336016,0.0,0.0,0.0,0.0,0.0,0.0
6.71,0.7757138277783387,-0.4520605335854502,0.045743604868911755,1.8937790919981694,-0.027947713104368797,0.7744353000785701,0.20850898379184787,0.02660524011499638,0.0,0.0,0.0,0.0,0.0,0.0
6.72,0.7759766480263659,-0.4520605335854502,0.045743604868911755,1.8937790919981694,-0.027947713104368797,0.7744353000785701,0.20850898379184787,0.0259571557583946,0.0,0.0,0.0,0.0,0.0,0.0
6.73,0.7762329381192824,-0.4520605335854502,0.045743604868911755,1.8937790919981694,-0.027947713104368797,0.7744353000785701,0.20850898379184787,0.02529923926237016,0.0,0.0,0.0,0.0,0.0,0.0
6.74,0.7764826006471427,-0.4520605335854502,0.045743604868911755,1.8937790919981694,-0.027947713104368797,0.7744353000785701,0.20850898379184787,0.024631673551053997,0.0,0.0,0.0,0.0,0.0,0.0
6.75,0.7767255400481764,-0.4520605335854502,0.045743604868911755,1.8937790919981694,-0.027947713104368797,0.7744353000785701,0.20850898379184787,0.023954645325505584,0.0,0.0,0.0,0.0,0.0,0.0
6.76,0.7769616626462594,-0.4520605335854502,0.045743604868911755,1.8937790919981694,-0.027947713104368797,0.7744353000785701,0.20850898379184787,0.023268345003816714,0.0,0.0,0.0,0.0,0.0,0.0
6.77,0.7771908766877788,-0.4520605335854502,0.045743604868911755,1.8937790919981694,-0.027947713104368797,0.7744353000785701,0.20850898379184787,0.022572966659703278,0.0,0.0,0.0,0.0,0.0,0.0
6.78,0.7774130923778748,-0.4520605335854502,0.045743604868911755,1.8937790919981694,-0.027947713104368797,0.7744353000785701,0.20850898379184787,0.02186870795960634,0.0,0.0,0.0,0.0,0.0,0.0
6.79,0.7776282219160489,-0.4520605335854502,0.045743604868911755,1.8937790919981694,-0.027947713104368797,0.7744353000785701,0.20850898379184787,0.021155770098325987,0.0,0.0,0.0,0.0,0.0,0.0
6.8,0.7778361795311179,-0.4520605335854502,0.045743604868911755,1.8937790919981694,-0.027947713104368797,0.7744353000785701,0.20850898379184787,0.020434357733210107,0.0,0.0,0.0,0.0,0.0,0.0
6.81,0.7780368815155061,-0.4520605335854502,0.045743604868911755,1.8937790919981694,-0.027947713104368797,0.7744353000785701,0.20850898379184787,0.01970467891692296,0.0,0.0,0.0,0.0,0.0,0.0
6.82,0.7782302462588552,-0.4520605335854502,0.045743604868911755,1.8937790919981694,-0.027947713104368797,0.7744353000785701,0.20850898379184787,0.01896694502881679,0.0,0.0,0.0,0.0,0.0,0.0
6.83,0.7784161942809427,-0.4520605335854502,0.045743604868911755,1.8937790919981694,-0.027947713104368797,0.7744353000785701,0.20850898379184787,0.01822137070493307,0.0,0.0,0.0,0.0,0.0,0.0
6.84,0.7785946482638934,-0.4520605335854502,0.045743604868911755,1.8937790919981694,-0.027947713104368797,0.7744353000785701,0.20850898379184787,0.017468173766656325,0.0,0.0,0.0,0.0,0.0,0.0
6.85,0.7787655330836704,-0.4520605335854502,0.045743604868911755,1.8937790919981694,-0.027947713104368797,0.7744353000785701,0.20850898379184787,0.01670757514804979,0.0,0.0,0.0,0.0,0.0,0.0
6.86,0.7789287758408332,-0.4520605335854502,0.045743604868911755,1.8937790919981694,-0.027947713104368797,0.7744353000785701,0.20850898379184787,0.015939798821896996,0.0,0.0,0.0,0.0,0.0,0.0
6.87,0.7790843058905499,-0.4520605335854502,0.045743604868911755,1.8937790919981694,-0.027947713104368797,0.7744353000785701,0.20850898379184787,0.015165071724478119,0.0,0.0,0.0,0.0,0.0,0.0
6.88,0.7792320548718508,-0.4520605335854502,0.045743604868911755,1.8937790919981694,-0.027947713104368797,0.7744353000785701,0.20850898379184787,0.014383623679107707,0.0,0.0,0.0,0.0,0.0,0.0
6.89,0.779371956736111,-0.4520605335854502,0.045743604868911755,1.8937790919981694,-0.027947713104368797,0.7744353000785701,0.20850898379184787,0.013595687318463142,0.0,0.0,0.0,0.0,0.0,0.0
6.9,0.7795039477747518,-0.4520605335854502,0.045743604868911755,1.8937790919981694,-0.027947713104368797,0.7744353000785701,0.20850898379184787,0.012801498005731535,0.0,0.0,0.0,0.0,0.0,0.0
6.91,0.7796279666461455,-0.4520605335854502,0.045743604868911755,1.8937790919981694,-0.027947713104368797,0.7744353000785701,0.20850898379184787,0.01200129375460598,0.0,0.0,0.0,0.0,0.0,0.0
6.92,0.7797439544017166,-0.4520605335854502,0.045743604868911755,1.8937790919981694,-0.027947713104368797,0.7744353000785701,0.20850898379184787,0.011195315148158276,0.0,0.0,0.0,0.0,0.0,0.0
6.93,0.7798518545112246,-0.4520605335854502,0.045743604868911755,1.8937790919981694,-0.027947713104368797,0.7744353000785701,0.20850898379184787,0.010383805256621676,0.0,0.0,0.0,0.0,0.0,0.0
6.94,0.7799516128872214,-0.4520605335854502,0.045743604868911755,1.8937790919981694,-0.027947713104368797,0.7744353000785701,0.20850898379184787,0.009567009554111699,0.0,0.0,0.0,0.0,0.0,0.0
6.95,0.7800431779086677,-0.4520605335854502,0.045743604868911755,1.8937790919981694,-0.027947713104368797,0.7744353000785701,0.20850898379184787,0.008745175834317885,0.0,0.0,0.0,0.0,0.0,0.0
6.96,0.7801265004437046,-0.4520605335854502,0.045743604868911755,1.8937790919981694,-0.027947713104368797,0.7744353000785701,0.20850898379184787,0.007918554125196951,0.0,0.0,0.0,0.0,0.0,0.0
6.97,0.7802015338715648,-0.4520605335854502,0.045743604868911755,1.8937790919981694,-0.027947713104368797,0.7744353000785701,0.20850898379184787,0.00708739660270055,0.0,0.0,0.0,0.0,0.0,0.0
6.98,0.7802682341036173,-0.4520605335854502,0.045743604868911755,1.8937790919981694,-0.027947713104368797,0.7744353000785701,0.20850898379184787,0.006251957503568959,0.0,0.0,0.0,0.0,0.0,0.0
6.99,0.780326559603536,-0.4520605335854502,0.045743604868911755,1.8937790919981694,-0.027947713104368797,0.7744353000785701,0.20850898379184787,0.005412493037225277,0.0,0.0,0.0,0.0,0.0,0.0
7.0,0.7803764714065822,-0.4520605335854502,0.045743604868911755,1.8937790919981694,-0.027947713104368797,0.7744353000785701,0.20850898379184787,0.004569261296800643,0.0,0.0,0.0,0.0,0.0,0.0
7.01,0.7804179331379927,-0.4520605335854502,0.045743604868911755,1.8937790919981694,-0.027947713104368797,0.7744353000785701,0.20850898379184787,0.0037225221693275557,0.0,0.0,0.0,0.0,0.0,0.0
7.02,0.7804509110304673,-0.4520605335854502,0.045743604868911755,1.8937790919981694,-0.027947713104368797,0.7744353000785701,0.20850898379184787,0.0028725372451325875,0.0,0.0,0.0,0.0,0.0,0.0
7.03,0.7804753739407448,-0.4520605335854502,0.045743604868911755,1.8937790919981694,-0.027947713104368797,0.7744353000785701,0.20850898379184787,0.0020195697264639777,0.0,0.0,0.0,0.0,0.0,0.0
7.04,0.7804912933652632,-0.4520605335854502,0.045743604868911755,1.8937790919981694,-0.027947713104368797,0.7744353000785701,0.20850898379184787,0.0011638843353896612,0.0,0.0,0.0,0.0,0.0,0.0
7.05,0.7804986434548934,-0.4520605335854502,0.045743604868911755,1.8937790919981694,-0.027947713104368797,0.7744353000785701,0.20850898379184787,0.0003057472209981854,0.0,0.0,0.0,0.0,0.0,0.0
7.06,0.7804974010287433,-0.4520605335854502,0.045743604868911755,1.8937790919981694,-0.027947713104368797,0.7744353000785701,0.20850898379184787,-0.0005545741340587375,-0.0,-0.0,-0.0,-0.0,-0.0,-0.0
7.07,0.7804875455870233,-0.4520605335854502,0.045743604868911755,1.8937790919981694,-0.027947713104368797,0.7744353000785701,0.20850898379184787,-0.0014168110076491925,-0.0,-0.0,-0.0,-0.0,-0.0,-0.0
7.08,0.7804690593229684,-0.4520605335854502,0.045743604868911755,1.8937790919981694,-0.027947713104368797,0.7744353000785701,0.20850898379184787,-0.002280693532831937,-0.0,-0.0,-0.0,-0.0,-0.0,-0.0
7.09,0.7804419271338104,-0.4520605335854502,0.045743604868911755,1.8937790919981694,-0.027947713104368797,0.7744353000785701,0.20850898379184787,-0.0031459507930800784,-0.0,-0.0,-0.0,-0.0,-0.0,-0.0
7.1,0.7804061366307958,-0.4520605335854502,0.045743604868911755,1.8937790919981694,-0.027947713104368797,0.7744353000785701,0.20850898379184787,-0.0040123109180201216,-0.0,-0.0,-0.0,-0.0,-0.0,-0.0
7.11,0.7803616781482432,-0.4520605335854502,0.045743604868911755,1.8937790919981694,-0.027947713104368797,0.7744353000785701,0.20850898379184787,-0.004879501179650658,-0.0,-0.0,-0.0,-0.0,-0.0,-0.0
7.12,0.7803085447516366,-0.4520605335854502,0.045743604868911755,1.8937790919981694,-0.027947713104368797,0.7744353000785701,0.20850898379184787,-0.0057472480890026,-0.0,-0.0,-0.0,-0.0,-0.0,-0.0
7.13,0.7802467322447506,-0.4520605335854502,0.045743604868911755,1.8937790919981694,-0.027947713104368797,0.7744353000785701,0.20850898379184787,-0.0066152774932052676,-0.0,-0.0,-0.0,-0.0,-0.0,-0.0
7.14,0.780176239175802,-0.4520605335854502,0.045743604868911755,1.8937790919981694,-0.027947713104368797,0.7744353000785701,0.20850898379184787,-0.007483314672920208,-0.0,-0.0,-0.0,-0.0,-0.0,-0.0
7.15,0.7800970668426261,-0.4520605335854502,0.045743604868911755,1.8937790919981694,-0.027947713104368797,0.7744353000785701,0.20850898379184787,-0.008351084440105084,-0.0,-0.0,-0.0,-0.0,-0.0,-0.0
7.16,0.7800092192968737,-0.4520605335854502,0.045743604868911755,1.8937790919981694,-0.027947713104368797,0.7744353000785701,0.20850898379184787,-0.009218311236069681,-0.0,-0.0,-0.0,-0.0,-0.0,-0.0
7.17,0.7799127033472263,-0.4520605335854502,0.045743604868911755,1.8937790919981694,-0.027947713104368797,0.7744353000785701,0.20850898379184787,-0.010084719229788664,-0.0,-0.0,-0.0,-0.0,-0.0,-0.0
7.18,0.7798075285616266,-0.4520605335854502,0.045743604868911755,1.8937790919981694,-0.027947713104368797,0.7744353000785701,0.20850898379184787,-0.01095003241642946,-0.0,-0.0,-0.0,-0.0,-0.0,-0.0
7.19,0.7796937072685237,-0.4520605335854502,0.045743604868911755,1.8937790919981694,-0.027947713104368797,0.7744353000785701,0.20850898379184787,-0.011813974716059642,-0.0,-0.0,-0.0,-0.0,-0.0,-0.0
7.2,0.7795712545571296,-0.4520605335854502,0.045743604868911755,1.8937790919981694,-0.027947713104368797,0.7744353000785701,0.20850898379184787,-0.012676270072495402,-0.0,-0.0,-0.0,-0.0,-0.0,-0.0
7.21,0.7794401882766874,-0.4520605335854502,0.045743604868911755,1.8937790919981694,-0.027947713104368797,0.7744353000785701,0.20850898379184787,-0.013536642552252728,-0.0,-0.0,-0.0,-0.0,-0.0,-0.0
7.22,0.7793005290347484,-0.4520605335854502,0.045743604868911755,1.8937790919981694,-0.027947713104368797,0.7744353000785701,0.20850898379184787,-0.014394816443561755,-0.0,-0.0,-0.0,-0.0,-0.0,-0.0
7.23,0.7791523001944609,-0.4520605335854502,0.045743604868911755,1.8937790919981694,-0.027947713104368797,0.7744353000785701,0.20850898379184787,-0.015250516355408635,-0.0,-0.0,-0.0,-0.0,-0.0,-0.0
7.24,0.7789955278708669,-0.4520605335854502,0.045743604868911755,1.8937790919981694,-0.027947713104368797,0.7744353000785701,0.20850898379184787,-0.01610346731656326,-0.0,-0.0,-0.0,-0.0,-0.0,-0.0
7.25,0.7788302409262089,-0.4520605335854502,0.045743604868911755,1.8937790919981694,-0.027947713104368797,0.7744353000785701,0.20850898379184787,-0.016953394874557687,-0.0,-0.0,-0.0,-0.0,-0.0,-0.0
7.26,0.7786564709642486,-0.4520605335854502,0.045743604868911755,1.8937790919981694,-0.027947713104368797,0.7744353000785701,0.20850898379184787,-0.017800025194573715,-0.0,-0.0,-0.0,-0.0,-0.0,-0.0
7.27,0.7784742523235959,-0.4520605335854502,0.045743604868911755,1.8937790919981694,-0.027947713104368797,0.7744353000785701,0.20850898379184787,-0.018643085158204155,-0.0,-0.0,-0.0,-0.0,-0.0,-0.0
7.28,0.778283622070052,-0.4520605335854502,0.045743604868911755,1.8937790919981694,-0.027947713104368797,0.7744353000785701,0.20850898379184787,-0.019482302462047154,-0.0,-0.0,-0.0,-0.0,-0.0,-0.0
7.29,0.7780846199879666,-0.4520605335854502,0.045743604868911755,1.8937790919981694,-0.027947713104368797,0.7744353000785701,0.20850898379184787,-0.02031740571609552,-0.0,-0.0,-0.0,-0.0,-0.0,-0.0
7.3,0.7778772885706141,-0.4520605335854502,0.045743604868911755,1.8937790919981694,-0.027947713104368797,0.7744353000785701,0.20850898379184787,-0.02114812454188523,-0.0,-0.0,-0.0,-0.0,-0.0,-0.0
7.31,0.7776616730095874,-0.4520605335854502,0.045743604868911755,1.8937790919981694,-0.027947713104368797,0.7744353000785701,0.20850898379184787,-0.021974189670360997,-0.0,-0.0,-0.0,-0.0,-0.0,-0.0
7.32,0.7774378211832166,-0.4520605335854502,0.045743604868911755,1.8937790919981694,-0.027947713104368797,0.7744353000785701,0.20850898379184787,-0.02279533303942346,-0.0,-0.0,-0.0,-0.0,-0.0,-0.0
7.33,0.7772057836440125,-0.4520605335854502,0.045743604868911755,1.8937790919981694,-0.027947713104368797,0.7744353000785701,0.20850898379184787,-0.023611287891119343,-0.0,-0.0,-0.0,-0.0,-0.0,-0.0
7.34,0.7769656136051418,-0.4520605335854502,0.045743604868911755,1.8937790919981694,-0.027947713104368797,0.7744353000785701,0.20850898379184787,-0.024421788868436847,-0.0,-0.0,-0.0,-0.0,-0.0,-0.0
7.35,0.7767173669259345,-0.4520605335854502,0.045743604868911755,1.8937790919981694,-0.027947713104368797,0.7744353000785701,0.20850898379184787,-0.025226572111667116,-0.0,-0.0,-0.0,-0.0,-0.0,-0.0
7.36,0.7764611020964314,-0.4520605335854502,0.045743604868911755,1.8937790919981694,-0.027947713104368797,0.7744353000785701,0.20850898379184787,-0.026025375354296665,-0.0,-0.0,-0.0,-0.0,-0.0,-0.0
7.37,0.7761968802209751,-0.4520605335854502,0.045743604868911755,1.8937790919981694,-0.027947713104368797,0.7744353000785701,0.20850898379184787,-0.02681793801839049,-0.0,-0.0,-0.0,-0.0,-0.0,-0.0
7.38,0.7759247650008491,-0.4520605335854502,0.045743604868911755,1.8937790919981694,-0.027947713104368797,0.7744353000785701,0.20850898379184787,-0.027604001309431296,-0.0,-0.0,-0.0,-0.0,-0.0,-0.0
7.39,0.7756448227159719,-0.4520605335854502,0.045743604868911755,1.8937790919981694,-0.027947713104368797,0.7744353000785701,0.20850898379184787,-0.028383308310574975,-0.0,-0.0,-0.0,-0.0,-0.0,-0.0
7.4,0.7753571222056518,-0.4520605335854502,0.045743604868911755,1.8937790919981694,-0.027947713104368797,0.7744353000785701,0.20850898379184787,-0.029155604076288394,-0.0,-0.0,-0.0,-0.0,-0.0,-0.0
7.41,0.775061734848408,-0.4520605335854502,0.045743604868911755,1.8937790919981694,-0.027947713104368797,0.7744353000785701,0.20850898379184787,-0.0299206357253299,-0.0,-0.0,-0.0,-0.0,-0.0,-0.0
7.42,0.7747587345408661,-0.4520605335854502,0.045743604868911755,1.8937790919981694,-0.027947713104368797,0.7744353000785701,0.20850898379184787,-0.03067815253303856,-0.0,-0.0,-0.0,-0.0,-0.0,-0.0
7.43,0.7744481976757333,-0.4520605335854502,0.045743604868911755,1.8937790919981694,-0.027947713104368797,0.7744353000785701,0.20850898379184787,-0.03142790602289461,-0.0,-0.0,-0.0,-0.0,-0.0,-0.0
7.44,0.7741302031188628,-0.4520605335854502,0.045743604868911755,1.8937790919981694,-0.027947713104368797,0.7744353000785701,0.20850898379184787,-0.032169650057315625,-0.0,-0.0,-0.0,-0.0,-0.0,-0.0
7.45,0.7738048321854137,-0.4520605335854502,0.045743604868911755,1.8937790919981694,-0.027947713104368797,0.7744353000785701,0.20850898379184787,-0.032903140927651994,-0.0,-0.0,-0.0,-0.0,-0.0,-0.0
7.46,0.7734721686151149,-0.4520605335854502,0.045743604868911755,1.8937790919981694,-0.027947713104368797,0.7744353000785701,0.20850898379184787,-0.03362813744334887,-0.0,-0.0,-0.0,-0.0,-0.0,-0.0
7.47,0.7731322985466421,-0.4520605335854502,0.045743604868911755,1.8937790919981694,-0.027947713104368797,0.7744353000785701,0.20850898379184787,-0.03434440102023618,-0.0,-0.0,-0.0,-0.0,-0.0,-0.0
7.48,0.7727853104911164,-0.4520605335854502,0.045743604868911755,1.8937790919981694,-0.027947713104368797,0.7744353000785701,0.20850898379184787,-0.03505169576791434,-0.0,-0.0,-0.0,-0.0,-0.0,-0.0
7.49,0.7724312953047335,-0.4520605335854502,0.045743604868911755,1.8937790919981694,-0.027947713104368797,0.7744353000785701,0.20850898379184787,-0.03574978857620087,-0.0,-0.0,-0.0,-0.0,-0.0,-0.0
7.5,0.7720703461605332,-0.4520605335854502,0.045743604868911755,1.8937790919981694,-0.027947713104368797,0.7744353000785701,0.20850898379184787,-0.03643844920060373,-0.0,-0.0,-0.0,-0.0,-0.0,-0.0
7.51,0.7717025585193192,-0.4520605335854502,0.045743604868911755,1.8937790919981694,-0.027947713104368797,0.7744353000785701,0.20850898379184787,-0.03711745034678774,-0.0,-0.0,-0.0,-0.0,-0.0,-0.0
7.52,0.7713280300997403,-0.4520605335854502,0.045743604868911755,1.8937790919981694,-0.027947713104368797,0.7744353000785701,0.20850898379184787,-0.03778656775400071,-0.0,-0.0,-0.0,-0.0,-0.0,-0.0
7.53,0.7709468608475405,-0.4520605335854502,0.045743604868911755,1.8937790919981694,-0.027947713104368797,0.7744353000785701,0.20850898379184787,-0.038445580277427484,-0.0,-0.0,-0.0,-0.0,-0.0,-0.0
7.54,0.7705591529039939,-0.4520605335854502,0.045743604868911755,1.8937790919981694,-0.027947713104368797,0.7744353000785701,0.20850898379184787,-0.03909426996943776,-0.0,-0.0,-0.0,-0.0,-0.0,-0.0
7.55,0.7701650105735305,-0.4520605335854502,0.045743604868911755,1.8937790919981694,-0.027947713104368797,0.7744353000785701,0.20850898379184787,-0.03973242215969745,-0.0,-0.0,-0.0,-0.0,-0.0,-0.0
7.56,0.7697645402905677,-0.4520605335854502,0.045743604868911755,1.8937790919981694,-0.027947713104368797,0.7744353000785701,0.20850898379184787,-0.040359825534110993,-0.0,-0.0,-0.0,-0.0,-0.0,-0.0
7.57,0.7693578505855582,-0.4520605335854502,0.045743604868911755,1.8937790919981694,-0.027947713104368797,0.7744353000785701,0.20850898379184787,-0.04097627221256379,-0.0,-0.0,-0.0,-0.0,-0.0,-0.0
7.58,0.7689450520502668,-0.4520605335854502,0.045743604868911755,1.8937790919981694,-0.027947713104368797,0.7744353000785701,0.20850898379184787,-0.04158155782543364,-0.0,-0.0,-0.0,-0.0,-0.0,-0.0
7.59,0.7685262573022877,-0.4520605335854502,0.045743604868911755,1.8937790919981694,-0.027947713104368797,0.7744353000785701,0.20850898379184787,-0.04217548158884275,-0.0,-0.0,-0.0,-0.0,-0.0,-0.0
7.6,0.7681015809488168,-0.4520605335854502,0.045743604868911755,1.8937790919981694,-0.027947713104368797,0.7744353000785701,0.20850898379184787,-0.042757846378618285,-0.0,-0.0,-0.0,-0.0,-0.0,-0.0
7.61,0.7676711395496895,-0.4520605335854502,0.045743604868911755,1.8937790919981694,-0.027947713104368797,0.7744353000785701,0.20850898379184787,-0.04332845880293368,-0.0,-0.0,-0.0,-0.0,-0.0,-0.0
7.62,0.7672350515797006,-0.4520605335854502,0.045743604868911755,1.8937790919981694,-0.027947713104368797,0.7744353000785701,0.20850898379184787,-0.043887129273602145,-0.0,-0.0,-0.0,-0.0,-0.0,-0.0
7.63,0.7667934373902164,-0.4520605335854502,0.045743604868911755,1.8937790919981694,-0.027947713104368797,0.7744353000785701,0.20850898379184787,-0.04443367207599393,-0.0,-0.0,-0.0,-0.0,-0.0,-0.0
7.64,0.7663464191700957,-0.4520605335854502,0.045743604868911755,1.8937790919981694,-0.027947713104368797,0.7744353000785701,0.20850898379184787,-0.044967905437549006,-0.0,-0.0,-0.0,-0.0,-0.0,-0.0
7.65,0.7658941209059323,-0.4520605335854502,0.045743604868911755,1.8937790919981694,-0.027947713104368797,0.7744353000785701,0.20850898379184787,-0.045489651594859924,-0.0,-0.0,-0.0,-0.0,-0.0,-0.0
7.66,0.7654366683416347,-0.4520605335854502,0.045743604868911755,1.8937790919981694,-0.027947713104368797,0.7744353000785701,0.20850898379184787,-0.04599873685929624,-0.0,-0.0,-0.0,-0.0,-0.0,-0.0
7.67,0.7649741889373552,-0.4520605335854502,0.045743604868911755,1.8937790919981694,-0.027947713104368797,0.7744353000785701,0.20850898379184787,-0.04649499168114661,-0.0,-0.0,-0.0,-0.0,-0.0,-0.0
7.68,0.7645068118277879,-0.4520605335854502,0.045743604868911755,1.8937790919981694,-0.027947713104368797,0.7744353000785701,0.20850898379184787,-0.04697825071225134,-0.0,-0.0,-0.0,-0.0,-0.0,-0.0
7.69,0.7640346677798446,-0.4520605335854502,0.045743604868911755,1.8937790919981694,-0.027947713104368797,0.7744353000785701,0.20850898379184787,-0.04744835286710241,-0.0,-0.0,-0.0,-0.0,-0.0,-0.0
7.7,0.763557889149731,-0.4520605335854502,0.045743604868911755,1.8937790919981694,-0.027947713104368797,0.7744353000785701,0.20850898379184787,-0.04790514138238524,-0.0,-0.0,-0.0,-0.0,-0.0,-0.0
7.71,0.7630766098394324,-0.4520605335854502,0.045743604868911755,1.8937790919981694,-0.027947713104368797,0.7744353000785701,0.20850898379184787,-0.04834846387493984,-0.0,-0.0,-0.0,-0.0,-0.0,-0.0
7.72,0.7625909652526293,-0.4520605335854502,0.045743604868911755,1.8937790919981694,-0.027947713104368797,0.7744353000785701,0.20850898379184787,-0.048778172398118075,-0.0,-0.0,-0.0,-0.0,-0.0,-0.0
7.73,0.7621010922500575,-0.4520605335854502,0.045743604868911755,1.8937790919981694,-0.027947713104368797,0.7744353000785701,0.20850898379184787,-0.04919412349651439,-0.0,-0.0,-0.0,-0.0,-0.0,-0.0
7.74,0.7616071291043292,-0.4520605335854502,0.045743604868911755,1.8937790919981694,-0.027947713104368797,0.7744353000785701,0.20850898379184787,-0.04959617825904839,-0.0,-0.0,-0.0,-0.0,-0.0,-0.0
7.75,0.7611092154542302,-0.4520605335854502,0.045743604868911755,1.8937790919981694,-0.027947713104368797,0.7744353000785701,0.20850898379184787,-0.049984202370379566,-0.0,-0.0,-0.0,-0.0,-0.0,-0.0
7.76,0.7606074922585133,-0.4520605335854502,0.045743604868911755,1.8937790919981694,-0.027947713104368797,0.7744353000785701,0.20850898379184787,-0.05035806616063173,-0.0,-0.0,-0.0,-0.0,-0.0,-0.0
7.77,0.7601021017492025,-0.4520605335854502,0.045743604868911755,1.8937790919981694,-0.027947713104368797,0.7744353000785701,0.20850898379184787,-0.0507176446534089,-0.0,-0.0,-0.0,-0.0,-0.0,-0.0
7.78,0.7595931873844238,-0.4520605335854502,0.045743604868911755,1.8937790919981694,-0.027947713104368797,0.7744353000785701,0.20850898379184787,-0.05106281761208369,-0.0,-0.0,-0.0,-0.0,-0.0,-0.0
7.79,0.7590808938007851,-0.4520605335854502,0.045743604868911755,1.8937790919981694,-0.027947713104368797,0.7744353000785701,0.20850898379184787,-0.05139346958433873,-0.0,-0.0,-0.0,-0.0,-0.0,-0.0
7.8,0.7585653667653167,-0.4520605335854502,0.045743604868911755,1.8937790919981694,-0.027947713104368797,0.7744353000785701,0.20850898379184787,-0.05170948994494504,-0.0,-0.0,-0.0,-0.0,-0.0,-0.0
7.81,0.7580467531269942,-0.4520605335854502,0.045743604868911755,1.8937790919981694,-0.027947713104368797,0.7744353000785701,0.20850898379184787,-0.05201077293675898,-0.0,-0.0,-0.0,-0.0,-0.0,-0.0
7.82,0.7575252007678599,-0.4520605335854502,0.045743604868911755,1.8937790919981694,-0.027947713104368797,0.7744353000785701,0.20850898379184787,-0.05229721770992263,-0.0,-0.0,-0.0,-0.0,-0.0,-0.0
7.83,0.7570008585537619,-0.4520605335854502,0.045743604868911755,1.8937790919981694,-0.027947713104368797,0.7744353000785701,0.20850898379184787,-0.052568728359251304,-0.0,-0.0,-0.0,-0.0,-0.0,-0.0
7.84,0.756473876284728,-0.4520605335854502,0.045743604868911755,1.8937790919981694,-0.027947713104368797,0.7744353000785701,0.20850898379184787,-0.052825213959794004,-0.0,-0.0,-0.0,-0.0,-0.0,-0.0
7.85,0.7559444046449927,-0.4520605335854502,0.045743604868911755,1.8937790919981694,-0.027947713104368797,0.7744353000785701,0.20850898379184787,-0.05306658860055238,-0.0,-0.0,-0.0,-0.0,-0.0,-0.0
7.86,0.7554125951526973,-0.4520605335854502,0.045743604868911755,1.8937790919981694,-0.027947713104368797,0.7744353000785701,0.20850898379184787,-0.05329277141634477,-0.0,-0.0,-0.0,-0.0,-0.0,-0.0
7.87,0.7548786001092807,-0.4520605335854502,0.045743604868911755,1.8937790919981694,-0.027947713104368797,0.7744353000785701,0.20850898379184787,-0.0535036866178029,-0.0,-0.0,-0.0,-0.0,-0.0,-0.0
7.88,0.7543425725485773,-0.4520605335854502,0.045743604868911755,1.8937790919981694,-0.027947713104368797,0.7744353000785701,0.20850898379184787,-0.05369926351948952,-0.0,-0.0,-0.0,-0.0,-0.0,-0.0
7.89,0.7538046661856471,-0.4520605335854502,0.045743604868911755,1.8937790919981694,-0.027947713104368797,0.7744353000785701,0.20850898379184787,-0.05387943656612531,-0.0,-0.0,-0.0,-0.0,-0.0,-0.0
7.9,0.7532650353653495,-0.4520605335854502,0.045743604868911755,1.8937790919981694,-0.027947713104368797,0.7744353000785701,0.20850898379184787,-0.0540441453569152,-0.0,-0.0,-0.0,-0.0,-0.0,-0.0
7.91,0.7527238350106854,-0.4520605335854502,0.045743604868911755,1.8937790919981694,-0.027947713104368797,0.7744353000785701,0.20850898379184787,-0.05419333466796403,-0.0,-0.0,-0.0,-0.0,-0.0,-0.0
7.92,0.752181220570924,-0.4520605335854502,0.045743604868911755,1.8937790919981694,-0.027947713104368797,0.7744353000785701,0.20850898379184787,-0.054326954472773095,-0.0,-0.0,-0.0,-0.0,-0.0,-0.0
7.93,0.751637347969534,-0.4520605335854502,0.045743604868911755,1.8937790919981694,-0.027947713104368797,0.7744353000785701,0.20850898379184787,-0.054444959960809086,-0.0,-0.0,-0.0,-0.0,-0.0,-0.0
7.94,0.7510923735519398,-0.4520605335854502,0.045743604868911755,1.8937790919981694,-0.027947713104368797,0.7744353000785701,0.20850898379184787,-0.05454731155413826,-0.0,-0.0,-0.0,-0.0,-0.0,-0.0
7.95,0.7505464540331201,-0.4520605335854502,0.045743604868911755,1.8937790919981694,-0.027947713104368797,0.7744353000785701,0.20850898379184787,-0.054633974922119154,-0.0,-0.0,-0.0,-0.0,-0.0,-0.0
7.96,0.7499997464450696,-0.4520605335854502,0.045743604868911755,1.8937790919981694,-0.027947713104368797,0.7744353000785701,0.20850898379184787,-0.0547049209941482,-0.0,-0.0,-0.0,-0.0,-0.0,-0.0
7.97,0.7494524080841429,-0.4520605335854502,0.045743604868911755,1.8937790919981694,-0.027947713104368797,0.7744353000785701,0.20850898379184787,-0.054760125970452815,-0.0,-0.0,-0.0,-0.0,-0.0,-0.0
7.98,0.7489045964583008,-0.4520605335854502,0.045743604868911755,1.8937790919981694,-0.027947713104368797,0.7744353000785701,0.20850898379184787,-0.05479957133092822,-0.0,-0.0,-0.0,-0.0,-0.0,-0.0
7.99,0.748356469234277,-0.4520605335854502,0.045743604868911755,1.8937790919981694,-0.027947713104368797,0.7744353000785701,0.20850898379184787,-0.05482324384201393,-0.0,-0.0,-0.0,-0.0,-0.0,-0.0
8.0,0.7478081841846871,-0.4520605335854502,0.045743604868911755,1.8937790919981694,-0.027947713104368797,0.7744353000785701,0.20850898379184787,-0.05483113556160755,-0.0,-0.0,-0.0,-0.0,-0.0,-0.0
8.01,0.7472598991350973,-0.4520605335854502,0.045743604868911755,1.8937790919981694,-0.027947713104368797,0.7744353000785701,0.20850898379184787,-0.05482324384201393,-0.0,-0.0,-0.0,-0.0,-0.0,-0.0
8.02,0.7467117719110734,-0.4520605335854502,0.045743604868911755,1.8937790919981694,-0.027947713104368797,0.7744353000785701,0.20850898379184787,-0.05479957133092822,-0.0,-0.0,-0.0,-0.0,-0.0,-0.0
8.03,0.7461639602852312,-0.4520605335854502,0.045743604868911755,1.8937790919981694,-0.027947713104368797,0.7744353000785701,0.20850898379184787,-0.05476012597045282,-0.0,-0.0,-0.0,-0.0,-0.0,-0.0
8.04,0.7456166219243047,-0.4520605335854502,0.045743604868911755,1.8937790919981694,-0.027947713104368797,0.7744353000785701,0.20850898379184787,-0.0547049209941482,-0.0,-0.0,-0.0,-0.0,-0.0,-0.0
8.05,0.745069914336254,-0.4520605335854502,0.045743604868911755,1.8937790919981694,-0.027947713104368797,0.7744353000785701,0.20850898379184787,-0.054633974922119154,-0.0,-0.0,-0.0,-0.0,-0.0,-0.0
8.06,0.7445239948174343,-0.4520605335854502,0.045743604868911755,1.8937790919981694,-0.027947713104368797,0.7744353000785701,0.20850898379184787,-0.05454731155413825,-0.0,-0.0,-0.0,-0.0,-0.0,-0.0
8.07,0.7439790203998402,-0.4520605335854502,0.045743604868911755,1.8937790919981694,-0.027947713104368797,0.7744353000785701,0.20850898379184787,-0.05444495996080909,-0.0,-0.0,-0.0,-0.0,-0.0,-0.0
8.08,0.7434351477984502,-0.4520605335854502,0.045743604868911755,1.8937790919981694,-0.027947713104368797,0.7744353000785701,0.20850898379184787,-0.0543269544727731,-0.0,-0.0,-0.0,-0.0,-0.0,-0.0
8.09,0.7428925333586888,-0.4520605335854502,0.045743604868911755,1.8937790919981694,-0.027947713104368797,0.7744353000785701,0.20850898379184787,-0.054193334667964034,-0.0,-0.0,-0.0,-0.0,-0.0,-0.0
8.1,0.7423513330040247,-0.4520605335854502,0.045743604868911755,1.8937790919981694,-0.027947713104368797,0.7744353000785701,0.20850898379184787,-0.05404414535691521,-0.0,-0.0,-0.0,-0.0,-0.0,-0.0
8.11,0.741811702183727,-0.4520605335854502,0.045743604868911755,1.8937790919981694,-0.027947713104368797,0.7744353000785701,0.20850898379184787,-0.053879436566125316,-0.0,-0.0,-0.0,-0.0,-0.0,-0.0
8.12,0.7412737958207969,-0.4520605335854502,0.045743604868911755,1.8937790919981694,-0.027947713104368797,0.7744353000785701,0.20850898379184787,-0.05369926351948954,-0.0,-0.0,-0.0,-0.0,-0.0,-0.0
8.13,0.7407377682600935,-0.4520605335854502,0.045743604868911755,1.8937790919981694,-0.027947713104368797,0.7744353000785701,0.20850898379184787,-0.05350368661780289,-0.0,-0.0,-0.0,-0.0,-0.0,-0.0
8.14,0.7402037732166767,-0.4520605335854502,0.045743604868911755,1.8937790919981694,-0.027947713104368797,0.7744353000785701,0.20850898379184787,-0.05329277141634475,-0.0,-0.0,-0.0,-0.0,-0.0,-0.0
8.15,0.7396719637243815,-0.4520605335854502,0.045743604868911755,1.8937790919981694,-0.027947713104368797,0.7744353000785701,0.20850898379184787,-0.05306658860055238,-0.0,-0.0,-0.0,-0.0,-0.0,-0.0
8.16,0.7391424920846463,-0.4520605335854502,0.045743604868911755,1.8937790919981694,-0.027947713104368797,0.7744353000785701,0.20850898379184787,-0.05282521395979401,-0.0,-0.0,-0.0,-0.0,-0.0,-0.0
8.17,0.7386155098156123,-0.4520605335854502,0.045743604868911755,1.8937790919981694,-0.027947713104368797,0.7744353000785701,0.20850898379184787,-0.05256872835925131,-0.0,-0.0,-0.0,-0.0,-0.0,-0.0
8.18,0.7380911676015144,-0.4520605335854502,0.045743604868911755,1.8937790919981694,-0.027947713104368797,0.7744353000785701,0.20850898379184787,-0.05229721770992264,-0.0,-0.0,-0.0,-0.0,-0.0,-0.0
8.19,0.7375696152423801,-0.4520605335854502,0.045743604868911755,1.8937790919981694,-0.027947713104368797,0.7744353000785701,0.20850898379184787,-0.052010772936759014,-0.0,-0.0,-0.0,-0.0,-0.0,-0.0
8.2,0.7370510016040575,-0.4520605335854502,0.045743604868911755,1.8937790919981694,-0.027947713104368797,0.7744353000785701,0.20850898379184787,-0.05170948994494509,-0.0,-0.0,-0.0,-0.0,-0.0,-0.0
8.21,0.736535474568589,-0.4520605335854502,0.045743604868911755,1.8937790919981694,-0.027947713104368797,0.7744353000785701,0.20850898379184787,-0.05139346958433874,-0.0,-0.0,-0.0,-0.0,-0.0,-0.0
8.22,0.7360231809849503,-0.4520605335854502,0.045743604868911755,1.8937790919981694,-0.027947713104368797,0.7744353000785701,0.20850898379184787,-0.05106281761208367,-0.0,-0.0,-0.0,-0.0,-0.0,-0.0
8.23,0.7355142666201718,-0.4520605335854502,0.045743604868911755,1.8937790919981694,-0.027947713104368797,0.7744353000785701,0.20850898379184787,-0.05071764465340894,-0.0,-0.0,-0.0,-0.0,-0.0,-0.0
8.24,0.7350088761108609,-0.4520605335854502,0.045743604868911755,1.8937790919981694,-0.027947713104368797,0.7744353000785701,0.20850898379184787,-0.050358066160631744,-0.0,-0.0,-0.0,-0.0,-0.0,-0.0
8.25,0.7345071529151441,-0.4520605335854502,0.045743604868911755,1.8937790919981694,-0.027947713104368797,0.7744353000785701,0.20850898379184787,-0.04998420237037958,-0.0,-0.0,-0.0,-0.0,-0.0,-0.0
8.26,0.734009239265045,-0.4520605335854502,0.045743604868911755,1.8937790919981694,-0.027947713104368797,0.7744353000785701,0.20850898379184787,-0.0495961782590484,-0.0,-0.0,-0.0,-0.0,-0.0,-0.0
8.27,0.7335152761193167,-0.4520605335854502,0.045743604868911755,1.8937790919981694,-0.027947713104368797,0.7744353000785701,0.20850898379184787,-0.04919412349651442,-0.0,-0.0,-0.0,-0.0,-0.0,-0.0
8.28,0.733025403116745,-0.4520605335854502,0.045743604868911755,1.8937790919981694,-0.027947713104368797,0.7744353000785701,0.20850898379184787,-0.048778172398118144,-0.0,-0.0,-0.0,-0.0,-0.0,-0.0
8.29,0.7325397585299419,-0.4520605335854502,0.045743604868911755,1.8937790919981694,-0.027947713104368797,0.7744353000785701,0.20850898379184787,-0.048348463874939906,-0.0,-0.0,-0.0,-0.0,-0.0,-0.0
8.3,0.7320584792196431,-0.4520605335854502,0.045743604868911755,1.8937790919981694,-0.027947713104368797,0.7744353000785701,0.20850898379184787,-0.047905141382385205,-0.0,-0.0,-0.0,-0.0,-0.0,-0.0
8.31,0.7315817005895295,-0.4520605335854502,0.045743604868911755,1.8937790919981694,-0.027947713104368797,0.7744353000785701,0.20850898379184787,-0.04744835286710243,-0.0,-0.0,-0.0,-0.0,-0.0,-0.0
8.32,0.7311095565415864,-0.4520605335854502,0.045743604868911755,1.8937790919981694,-0.027947713104368797,0.7744353000785701,0.20850898379184787,-0.04697825071225137,-0.0,-0.0,-0.0,-0.0,-0.0,-0.0
8.33,0.7306421794320189,-0.4520605335854502,0.045743604868911755,1.8937790919981694,-0.027947713104368797,0.7744353000785701,0.20850898379184787,-0.046494991681146625,-0.0,-0.0,-0.0,-0.0,-0.0,-0.0
8.34,0.7301797000277396,-0.4520605335854502,0.045743604868911755,1.8937790919981694,-0.027947713104368797,0.7744353000785701,0.20850898379184787,-0.045998736859296264,-0.0,-0.0,-0.0,-0.0,-0.0,-0.0
8.35,0.7297222474634418,-0.4520605335854502,0.045743604868911755,1.8937790919981694,-0.027947713104368797,0.7744353000785701,0.20850898379184787,-0.045489651594859945,-0.0,-0.0,-0.0,-0.0,-0.0,-0.0
8.36,0.7292699491992786,-0.4520605335854502,0.045743604868911755,1.8937790919981694,-0.027947713104368797,0.7744353000785701,0.20850898379184787,-0.04496790543754909,-0.0,-0.0,-0.0,-0.0,-0.0,-0.0
8.37,0.7288229309791577,-0.4520605335854502,0.045743604868911755,1.8937790919981694,-0.027947713104368797,0.7744353000785701,0.20850898379184787,-0.04443367207599397,-0.0,-0.0,-0.0,-0.0,-0.0,-0.0
8.38,0.7283813167896735,-0.4520605335854502,0.045743604868911755,1.8937790919981694,-0.027947713104368797,0.7744353000785701,0.20850898379184787,-0.04388712927360211,-0.0,-0.0,-0.0,-0.0,-0.0,-0.0
8.39,0.7279452288196846,-0.4520605335854502,0.045743604868911755,1.8937790919981694,-0.027947713104368797,0.7744353000785701,0.20850898379184787,-0.04332845880293363,-0.0,-0.0,-0.0,-0.0,-0.0,-0.0
8.4,0.7275147874205574,-0.4520605335854502,0.045743604868911755,1.8937790919981694,-0.027947713104368797,0.7744353000785701,0.20850898379184787,-0.04275784637861832,-0.0,-0.0,-0.0,-0.0,-0.0,-0.0
8.41,0.7270901110670864,-0.4520605335854502,0.045743604868911755,1.8937790919981694,-0.027947713104368797,0.7744353000785701,0.20850898379184787,-0.04217548158884278,-0.0,-0.0,-0.0,-0.0,-0.0,-0.0
8.42,0.7266713163191074,-0.4520605335854502,0.045743604868911755,1.8937790919981694,-0.027947713104368797,0.7744353000785701,0.20850898379184787,-0.041581557825433664,-0.0,-0.0,-0.0,-0.0,-0.0,-0.0
8.43,0.726258517783816,-0.4520605335854502,0.045743604868911755,1.8937790919981694,-0.027947713104368797,0.7744353000785701,0.20850898379184787,-0.040976272212563836,-0.0,-0.0,-0.0,-0.0,-0.0,-0.0
8.44,0.7258518280788065,-0.4520605335854502,0.045743604868911755,1.8937790919981694,-0.027947713104368797,0.7744353000785701,0.20850898379184787,-0.040359825534111084,-0.0,-0.0,-0.0,-0.0,-0.0,-0.0
8.45,0.7254513577958438,-0.4520605335854502,0.045743604868911755,1.8937790919981694,-0.027947713104368797,0.7744353000785701,0.20850898379184787,-0.039732422159697536,-0.0,-0.0,-0.0,-0.0,-0.0,-0.0
8.46,0.7250572154653803,-0.4520605335854502,0.045743604868911755,1.8937790919981694,-0.027947713104368797,0.7744353000785701,0.20850898379184787,-0.039094269969437725,-0.0,-0.0,-0.0,-0.0,-0.0,-0.0
8.47,0.7246695075218337,-0.4520605335854502,0.045743604868911755,1.8937790919981694,-0.027947713104368797,0.7744353000785701,0.20850898379184787,-0.03844558027742752,-0.0,-0.0,-0.0,-0.0,-0.0,-0.0
8.48,0.7242883382696339,-0.4520605335854502,0.045743604868911755,1.8937790919981694,-0.027947713104368797,0.7744353000785701,0.20850898379184787,-0.03778656775400074,-0.0,-0.0,-0.0,-0.0,-0.0,-0.0
8.49,0.7239138098500549,-0.4520605335854502,0.045743604868911755,1.8937790919981694,-0.027947713104368797,0.7744353000785701,0.20850898379184787,-0.037117450346787775,-0.0,-0.0,-0.0,-0.0,-0.0,-0.0
8.5,0.723546022208841,-0.4520605335854502,0.045743604868911755,1.8937790919981694,-0.027947713104368797,0.7744353000785701,0.20850898379184787,-0.03643844920060376,-0.0,-0.0,-0.0,-0.0,-0.0,-0.0
8.51,0.7231850730646406,-0.4520605335854502,0.045743604868911755,1.8937790919981694,-0.027947713104368797,0.7744353000785701,0.20850898379184787,-0.03574978857620089,-0.0,-0.0,-0.0,-0.0,-0.0,-0.0
8.52,0.7228310578782577,-0.4520605335854502,0.045743604868911755,1.8937790919981694,-0.027947713104368797,0.7744353000785701,0.20850898379184787,-0.035051695767914386,-0.0,-0.0,-0.0,-0.0,-0.0,-0.0
8.53,0.7224840698227321,-0.4520605335854502,0.045743604868911755,1.8937790919981694,-0.027947713104368797,0.7744353000785701,0.20850898379184787,-0.03434440102023621,-0.0,-0.0,-0.0,-0.0,-0.0,-0.0
8.54,0.7221441997542594,-0.4520605335854502,0.045743604868911755,1.8937790919981694,-0.027947713104368797,0.7744353000785701,0.20850898379184787,-0.03362813744334898,-0.0,-0.0,-0.0,-0.0,-0.0,-0.0
8.55,0.7218115361839604,-0.4520605335854502,0.045743604868911755,1.8937790919981694,-0.027947713104368797,0.7744353000785701,0.20850898379184787,-0.03290314092765195,-0.0,-0.0,-0.0,-0.0,-0.0,-0.0
8.56,0.7214861652505113,-0.4520605335854502,0.045743604868911755,1.8937790919981694,-0.027947713104368797,0.7744353000785701,0.20850898379184787,-0.032169650057315584,-0.0,-0.0,-0.0,-0.0,-0.0,-0.0
8.57,0.7211681706936409,-0.4520605335854502,0.045743604868911755,1.8937790919981694,-0.027947713104368797,0.7744353000785701,0.20850898379184787,-0.03142790602289464,-0.0,-0.0,-0.0,-0.0,-0.0,-0.0
8.58,0.7208576338285081,-0.4520605335854502,0.045743604868911755,1.8937790919981694,-0.027947713104368797,0.7744353000785701,0.20850898379184787,-0.030678152533038596,-0.0,-0.0,-0.0,-0.0,-0.0,-0.0
8.59,0.7205546335209663,-0.4520605335854502,0.045743604868911755,1.8937790919981694,-0.027947713104368797,0.7744353000785701,0.20850898379184787,-0.029920635725329936,-0.0,-0.0,-0.0,-0.0,-0.0,-0.0
8.6,0.7202592461637225,-0.4520605335854502,0.045743604868911755,1.8937790919981694,-0.027947713104368797,0.7744353000785701,0.20850898379184787,-0.029155604076288425,-0.0,-0.0,-0.0,-0.0,-0.0,-0.0
8.61,0.7199715456534023,-0.4520605335854502,0.045743604868911755,1.8937790919981694,-0.027947713104368797,0.7744353000785701,0.20850898379184787,-0.0283833083105751,-0.0,-0.0,-0.0,-0.0,-0.0,-0.0
8.62,0.7196916033685251,-0.4520605335854502,0.045743604868911755,1.8937790919981694,-0.027947713104368797,0.7744353000785701,0.20850898379184787,-0.027604001309431424,-0.0,-0.0,-0.0,-0.0,-0.0,-0.0
8.63,0.7194194881483991,-0.4520605335854502,0.045743604868911755,1.8937790919981694,-0.027947713104368797,0.7744353000785701,0.20850898379184787,-0.02681793801839053,-0.0,-0.0,-0.0,-0.0,-0.0,-0.0
8.64,0.7191552662729427,-0.4520605335854502,0.045743604868911755,1.8937790919981694,-0.027947713104368797,0.7744353000785701,0.20850898379184787,-0.026025375354296613,-0.0,-0.0,-0.0,-0.0,-0.0,-0.0
8.65,0.7188990014434398,-0.4520605335854502,0.045743604868911755,1.8937790919981694,-0.027947713104368797,0.7744353000785701,0.20850898379184787,-0.025226572111667143,-0.0,-0.0,-0.0,-0.0,-0.0,-0.0
8.66,0.7186507547642323,-0.4520605335854502,0.045743604868911755,1.8937790919981694,-0.027947713104368797,0.7744353000785701,0.20850898379184787,-0.024421788868436888,-0.0,-0.0,-0.0,-0.0,-0.0,-0.0
8.67,0.7184105847253617,-0.4520605335854502,0.045743604868911755,1.8937790919981694,-0.027947713104368797,0.7744353000785701,0.20850898379184787,-0.02361128789111938,-0.0,-0.0,-0.0,-0.0,-0.0,-0.0
8.68,0.7181785471861576,-0.4520605335854502,0.045743604868911755,1.8937790919981694,-0.027947713104368797,0.7744353000785701,0.20850898379184787,-0.022795333039423493,-0.0,-0.0,-0.0,-0.0,-0.0,-0.0
8.69,0.7179546953597867,-0.4520605335854502,0.045743604868911755,1.8937790919981694,-0.027947713104368797,0.7744353000785701,0.20850898379184787,-0.021974189670361036,-0.0,-0.0,-0.0,-0.0,-0.0,-0.0
8.7,0.7177390797987601,-0.4520605335854502,0.045743604868911755,1.8937790919981694,-0.027947713104368797,0.7744353000785701,0.20850898379184787,-0.021148124541885364,-0.0,-0.0,-0.0,-0.0,-0.0,-0.0
8.71,0.7175317483814074,-0.4520605335854502,0.045743604868911755,1.8937790919981694,-0.027947713104368797,0.7744353000785701,0.20850898379184787,-0.020317405716095464,-0.0,-0.0,-0.0,-0.0,-0.0,-0.0
8.72,0.7173327462993222,-0.4520605335854502,0.045743604868911755,1.8937790919981694,-0.027947713104368797,0.7744353000785701,0.20850898379184787,-0.0194823024620471,-0.0,-0.0,-0.0,-0.0,-0.0,-0.0
8.73,0.7171421160457783,-0.4520605335854502,0.045743604868911755,1.8937790919981694,-0.027947713104368797,0.7744353000785701,0.20850898379184787,-0.018643085158204193,-0.0,-0.0,-0.0,-0.0,-0.0,-0.0
8.74,0.7169598974051256,-0.4520605335854502,0.045743604868911755,1.8937790919981694,-0.027947713104368797,0.7744353000785701,0.20850898379184787,-0.017800025194573754,-0.0,-0.0,-0.0,-0.0,-0.0,-0.0
8.75,0.7167861274431653,-0.4520605335854502,0.045743604868911755,1.8937790919981694,-0.027947713104368797,0.7744353000785701,0.20850898379184787,-0.016953394874557725,-0.0,-0.0,-0.0,-0.0,-0.0,-0.0
8.76,0.7166208404985073,-0.4520605335854502,0.045743604868911755,1.8937790919981694,-0.027947713104368797,0.7744353000785701,0.20850898379184787,-0.0161034673165633,-0.0,-0.0,-0.0,-0.0,-0.0,-0.0
8.77,0.7164640681749133,-0.4520605335854502,0.045743604868911755,1.8937790919981694,-0.027947713104368797,0.7744353000785701,0.20850898379184787,-0.015250516355408672,-0.0,-0.0,-0.0,-0.0,-0.0,-0.0
8.78,0.7163158393346258,-0.4520605335854502,0.045743604868911755,1.8937790919981694,-0.027947713104368797,0.7744353000785701,0.20850898379184787,-0.01439481644356189,-0.0,-0.0,-0.0,-0.0,-0.0,-0.0
8.79,0.7161761800926868,-0.4520605335854502,0.045743604868911755,1.8937790919981694,-0.027947713104368797,0.7744353000785701,0.20850898379184787,-0.01353664255225277,-0.0,-0.0,-0.0,-0.0,-0.0,-0.0
8.8,0.7160451138122444,-0.4520605335854502,0.045743604868911755,1.8937790919981694,-0.027947713104368797,0.7744353000785701,0.20850898379184787,-0.012676270072495348,-0.0,-0.0,-0.0,-0.0,-0.0,-0.0
8.81,0.7159226611008505,-0.4520605335854502,0.045743604868911755,1.8937790919981694,-0.027947713104368797,0.7744353000785701,0.20850898379184787,-0.011813974716059588,-0.0,-0.0,-0.0,-0.0,-0.0,-0.0
8.82,0.7158088398077476,-0.4520605335854502,0.045743604868911755,1.8937790919981694,-0.027947713104368797,0.7744353000785701,0.20850898379184787,-0.0109500324164295,-0.0,-0.0,-0.0,-0.0,-0.0,-0.0
8.83,0.7157036650221479,-0.4520605335854502,0.045743604868911755,1.8937790919981694,-0.027947713104368797,0.7744353000785701,0.20850898379184787,-0.010084719229788708,-0.0,-0.0,-0.0,-0.0,-0.0,-0.0
8.84,0.7156071490725004,-0.4520605335854502,0.045743604868911755,1.8937790919981694,-0.027947713104368797,0.7744353000785701,0.20850898379184787,-0.009218311236069721,-0.0,-0.0,-0.0,-0.0,-0.0,-0.0
8.85,0.715519301526748,-0.4520605335854502,0.045743604868911755,1.8937790919981694,-0.027947713104368797,0.7744353000785701,0.20850898379184787,-0.008351084440105124,-0.0,-0.0,-0.0,-0.0,-0.0,-0.0
8.86,0.7154401291935721,-0.4520605335854502,0.045743604868911755,1.8937790919981694,-0.027947713104368797,0.7744353000785701,0.20850898379184787,-0.007483314672920344,-0.0,-0.0,-0.0,-0.0,-0.0,-0.0
8.87,0.7153696361246236,-0.4520605335854502,0.045743604868911755,1.8937790919981694,-0.027947713104368797,0.7744353000785701,0.20850898379184787,-0.0066152774932054055,-0.0,-0.0,-0.0,-0.0,-0.0,-0.0
8.88,0.7153078236177376,-0.4520605335854502,0.045743604868911755,1.8937790919981694,-0.027947713104368797,0.7744353000785701,0.20850898379184787,-0.005747248089002543,-0.0,-0.0,-0.0,-0.0,-0.0,-0.0
8.89,0.715254690221131,-0.4520605335854502,0.045743604868911755,1.8937790919981694,-0.027947713104368797,0.7744353000785701,0.20850898379184787,-0.004879501179650697,-0.0,-0.0,-0.0,-0.0,-0.0,-0.0
8.9,0.7152102317385783,-0.4520605335854502,0.045743604868911755,1.8937790919981694,-0.027947713104368797,0.7744353000785701,0.20850898379184787,-0.004012310918020161,-0.0,-0.0,-0.0,-0.0,-0.0,-0.0
8.91,0.7151744412355637,-0.4520605335854502,0.045743604868911755,1.8937790919981694,-0.027947713104368797,0.7744353000785701,0.20850898379184787,-0.00314595079308012,-0.0,-0.0,-0.0,-0.0,-0.0,-0.0
8.92,0.7151473090464058,-0.4520605335854502,0.045743604868911755,1.8937790919981694,-0.027947713104368797,0.7744353000785701,0.20850898379184787,-0.002280693532831927,-0.0,-0.0,-0.0,-0.0,-0.0,-0.0
8.93,0.7151288227823509,-0.4520605335854502,0.045743604868911755,1.8937790919981694,-0.027947713104368797,0.7744353000785701,0.20850898379184787,-0.0014168110076492324,-0.0,-0.0,-0.0,-0.0,-0.0,-0.0
8.94,0.7151189673406309,-0.4520605335854502,0.045743604868911755,1.8937790919981694,-0.027947713104368797,0.7744353000785701,0.20850898379184787,-0.0005545741340588726,-0.0,-0.0,-0.0,-0.0,-0.0,-0.0
8.95,0.7151177249144808,-0.4520605335854502,0.045743604868911755,1.8937790919981694,-0.027947713104368797,0.7744353000785701,0.20850898379184787,0.0003057472209980953,0.0,0.0,0.0,0.0,0.0,0.0
8.96,0.7151250750041109,-0.4520605335854502,0.045743604868911755,1.8937790919981694,-0.027947713104368797,0.7744353000785701,0.20850898379184787,0.0011638843353897169,0.0,0.0,0.0,0.0,0.0,0.0
8.97,0.7151409944286293,-0.4520605335854502,0.045743604868911755,1.8937790919981694,-0.027947713104368797,0.7744353000785701,0.20850898379184787,0.002019569726464035,0.0,0.0,0.0,0.0,0.0,0.0
8.98,0.7151654573389069,-0.4520605335854502,0.045743604868911755,1.8937790919981694,-0.027947713104368797,0.7744353000785701,0.20850898379184787,0.002872537245132498,0.0,0.0,0.0,0.0,0.0,0.0
8.99,0.7151984352313815,-0.4520605335854502,0.045743604868911755,1.8937790919981694,-0.027947713104368797,0.7744353000785701,0.20850898379184787,0.0037225221693275618,0.0,0.0,0.0,0.0,0.0,0.0
9.0,0.715239896962792,-0.4520605335854502,0.045743604868911755,1.8937790919981694,-0.027947713104368797,0.7744353000785701,0.20850898379184787,0.004569261296800604,0.0,0.0,0.0,0.0,0.0,0.0
9.01,0.715289808765838,-0.4520605335854502,0.045743604868911755,1.8937790919981694,-0.027947713104368797,0.7744353000785701,0.20850898379184787,0.005412493037225187,0.0,0.0,0.0,0.0,0.0,0.0
9.02,0.7153481342657568,-0.4520605335854502,0.045743604868911755,1.8937790919981694,-0.027947713104368797,0.7744353000785701,0.20850898379184787,0.0062519575035689685,0.0,0.0,0.0,0.0,0.0,0.0
9.03,0.7154148344978094,-0.4520605335854502,0.045743604868911755,1.8937790919981694,-0.027947713104368797,0.7744353000785701,0.20850898379184787,0.007087396602700418,0.0,0.0,0.0,0.0,0.0,0.0
9.04,0.7154898679256696,-0.4520605335854502,0.045743604868911755,1.8937790919981694,-0.027947713104368797,0.7744353000785701,0.20850898379184787,0.00791855412519682,0.0,0.0,0.0,0.0,0.0,0.0
9.05,0.7155731904607064,-0.4520605335854502,0.045743604868911755,1.8937790919981694,-0.027947713104368797,0.7744353000785701,0.20850898379184787,0.008745175834317892,0.0,0.0,0.0,0.0,0.0,0.0
9.06,0.7156647554821528,-0.4520605335854502,0.045743604868911755,1.8937790919981694,-0.027947713104368797,0.7744353000785701,0.20850898379184787,0.009567009554111758,0.0,0.0,0.0,0.0,0.0,0.0
9.07,0.7157645138581495,-0.4520605335854502,0.045743604868911755,1.8937790919981694,-0.027947713104368797,0.7744353000785701,0.20850898379184787,0.01038380525662164,0.0,0.0,0.0,0.0,0.0,0.0
9.08,0.7158724139676576,-0.4520605335854502,0.045743604868911755,1.8937790919981694,-0.027947713104368797,0.7744353000785701,0.20850898379184787,0.011195315148158197,0.0,0.0,0.0,0.0,0.0,0.0
9.09,0.7159884017232285,-0.4520605335854502,0.045743604868911755,1.8937790919981694,-0.027947713104368797,0.7744353000785701,0.20850898379184787,0.012001293754605942,0.0,0.0,0.0,0.0,0.0,0.0
9.1,0.7161124205946223,-0.4520605335854502,0.045743604868911755,1.8937790919981694,-0.027947713104368797,0.7744353000785701,0.20850898379184787,0.0128014980057315,0.0,0.0,0.0,0.0,0.0,0.0
9.11,0.716244411633263,-0.4520605335854502,0.045743604868911755,1.8937790919981694,-0.027947713104368797,0.7744353000785701,0.20850898379184787,0.013595687318463058,0.0,0.0,0.0,0.0,0.0,0.0
9.12,0.7163843134975234,-0.4520605335854502,0.045743604868911755,1.8937790919981694,-0.027947713104368797,0.7744353000785701,0.20850898379184787,0.014383623679107628,0.0,0.0,0.0,0.0,0.0,0.0
9.13,0.7165320624788243,-0.4520605335854502,0.045743604868911755,1.8937790919981694,-0.027947713104368797,0.7744353000785701,0.20850898379184787,0.015165071724478169,0.0,0.0,0.0,0.0,0.0,0.0
9.14,0.716687592528541,-0.4520605335854502,0.045743604868911755,1.8937790919981694,-0.027947713104368797,0.7744353000785701,0.20850898379184787,0.015939798821897,0.0,0.0,0.0,0.0,0.0,0.0
9.15,0.7168508352857038,-0.4520605335854502,0.045743604868911755,1.8937790919981694,-0.027947713104368797,0.7744353000785701,0.20850898379184787,0.016707575148049797,0.0,0.0,0.0,0.0,0.0,0.0
9.16,0.7170217201054808,-0.4520605335854502,0.045743604868911755,1.8937790919981694,-0.027947713104368797,0.7744353000785701,0.20850898379184787,0.017468173766656294,0.0,0.0,0.0,0.0,0.0,0.0
9.17,0.7172001740884315,-0.4520605335854502,0.045743604868911755,1.8937790919981694,-0.027947713104368797,0.7744353000785701,0.20850898379184787,0.018221370704932995,0.0,0.0,0.0,0.0,0.0,0.0
9.18,0.717386122110519,-0.4520605335854502,0.045743604868911755,1.8937790919981694,-0.027947713104368797,0.7744353000785701,0.20850898379184787,0.018966945028816806,0.0,0.0,0.0,0.0,0.0,0.0
9.19,0.717579486853868,-0.4520605335854502,0.045743604868911755,1.8937790919981694,-0.027947713104368797,0.7744353000785701,0.20850898379184787,0.019704678916922843,0.0,0.0,0.0,0.0,0.0,0.0
9.2,0.7177801888382561,-0.4520605335854502,0.045743604868911755,1.8937790919981694,-0.027947713104368797,0.7744353000785701,0.20850898379184787,0.020434357733209996,0.0,0.0,0.0,0.0,0.0,0.0
9.21,0.7179881464533253,-0.4520605335854502,0.045743604868911755,1.8937790919981694,-0.027947713104368797,0.7744353000785701,0.20850898379184787,0.02115577009832599,0.0,0.0,0.0,0.0,0.0,0.0
9.22,0.7182032759914994,-0.4520605335854502,0.045743604868911755,1.8937790919981694,-0.027947713104368797,0.7744353000785701,0.20850898379184787,0.02186870795960639,0.0,0.0,0.0,0.0,0.0,0.0
9.23,0.7184254916815954,-0.4520605335854502,0.045743604868911755,1.8937790919981694,-0.027947713104368797,0.7744353000785701,0.20850898379184787,0.022572966659703247,0.0,0.0,0.0,0.0,0.0,0.0
9.24,0.7186547057231147,-0.4520605335854502,0.045743604868911755,1.8937790919981694,-0.027947713104368797,0.7744353000785701,0.20850898379184787,0.023268345003816644,0.0,0.0,0.0,0.0,0.0,0.0
9.25,0.7188908283211978,-0.4520605335854502,0.045743604868911755,1.8937790919981694,-0.027947713104368797,0.7744353000785701,0.20850898379184787,0.023954645325505553,0.0,0.0,0.0,0.0,0.0,0.0
9.26,0.7191337677222315,-0.4520605335854502,0.045743604868911755,1.8937790919981694,-0.027947713104368797,0.7744353000785701,0.20850898379184787,0.02463167355105397,0.0,0.0,0.0,0.0,0.0,0.0
9.27,0.7193834302500917,-0.4520605335854502,0.045743604868911755,1.8937790919981694,-0.027947713104368797,0.7744353000785701,0.20850898379184787,0.025299239262370092,0.0,0.0,0.0,0.0,0.0,0.0
9.28,0.7196397203430082,-0.4520605335854502,0.045743604868911755,1.8937790919981694,-0.027947713104368797,0.7744353000785701,0.20850898379184787,0.02595715575839453,0.0,0.0,0.0,0.0,0.0,0.0
9.29,0.7199025405910353,-0.4520605335854502,0.045743604868911755,1.8937790919981694,-0.027947713104368797,0.7744353000785701,0.20850898379184787,0.02660524011499628,0.0,0.0,0.0,0.0,0.0,0.0
9.3,0.7201717917741148,-0.4520605335854502,0.045743604868911755,1.8937790919981694,-0.027947713104368797,0.7744353000785701,0.20850898379184787,0.02724331324333602,0.0,0.0,0.0,0.0,0.0,0.0
9.31,0.7204473729007135,-0.4520605335854502,0.045743604868911755,1.8937790919981694,-0.027947713104368797,0.7744353000785701,0.20850898379184787,0.027871199946673815,0.0,0.0,0.0,0.0,0.0,0.0
9.32,0.7207291812470223,-0.4520605335854502,0.045743604868911755,1.8937790919981694,-0.027947713104368797,0.7744353000785701,0.20850898379184787,0.028488728975604418,0.0,0.0,0.0,0.0,0.0,0.0
9.33,0.7210171123966991,-0.4520605335854502,0.045743604868911755,1.8937790919981694,-0.027947713104368797,0.7744353000785701,0.20850898379184787,0.029095733081697276,0.0,0.0,0.0,0.0,0.0,0.0
9.34,0.7213110602811394,-0.4520605335854502,0.045743604868911755,1.8937790919981694,-0.027947713104368797,0.7744353000785701,0.20850898379184787,0.02969204906952569,0.0,0.0,0.0,0.0,0.0,0.0
9.35,0.7216109172202606,-0.4520605335854502,0.045743604868911755,1.8937790919981694,-0.027947713104368797,0.7744353000785701,0.20850898379184787,0.030277517847064596,0.0,0.0,0.0,0.0,0.0,0.0
9.36,0.7219165739637803,-0.4520605335854502,0.045743604868911755,1.8937790919981694,-0.027947713104368797,0.7744353000785701,0.20850898379184787,0.03085198447444176,0.0,0.0,0.0,0.0,0.0,0.0
9.37,0.7222279197329752,-0.4520605335854502,0.045743604868911755,1.8937790919981694,-0.027947713104368797,0.7744353000785701,0.20850898379184787,0.03141529821102398,0.0,0.0,0.0,0.0,0.0,0.0
9.38,0.7225448422629017,-0.4520605335854502,0.045743604868911755,1.8937790919981694,-0.027947713104368797,0.7744353000785701,0.20850898379184787,0.03196731256082322,0.0,0.0,0.0,0.0,0.0,0.0
9.39,0.7228672278450624,-0.4520605335854502,0.045743604868911755,1.8937790919981694,-0.027947713104368797,0.7744353000785701,0.20850898379184787,0.03250788531620726,0.0,0.0,0.0,0.0,0.0,0.0
9.4,0.7231949613705012,-0.4520605335854502,0.045743604868911755,1.8937790919981694,-0.027947713104368797,0.7744353000785701,0.20850898379184787,0.033036878599900746,0.0,0.0,0.0,0.0,0.0,0.0
9.41,0.7235279263733093,-0.4520605335854502,0.045743604868911755,1.8937790919981694,-0.027947713104368797,0.7744353000785701,0.20850898379184787,0.03355415890526148,0.0,0.0,0.0,0.0,0.0,0.0
9.42,0.7238660050745264,-0.4520605335854502,0.045743604868911755,1.8937790919981694,-0.027947713104368797,0.7744353000785701,0.20850898379184787,0.03405959713481993,0.0,0.0,0.0,0.0,0.0,0.0
9.43,0.7242090784264168,-0.4520605335854502,0.045743604868911755,1.8937790919981694,-0.027947713104368797,0.7744353000785701,0.20850898379184787,0.03455306863706958,0.0,0.0,0.0,0.0,0.0,0.0
9.44,0.7245570261571067,-0.4520605335854502,0.045743604868911755,1.8937790919981694,-0.027947713104368797,0.7744353000785701,0.20850898379184787,0.035034453241495594,0.0,0.0,0.0,0.0,0.0,0.0
9.45,0.7249097268155613,-0.4520605335854502,0.045743604868911755,1.8937790919981694,-0.027947713104368797,0.7744353000785701,0.20850898379184787,0.035503635291831176,0.0,0.0,0.0,0.0,0.0,0.0
9.46,0.7252670578168862,-0.4520605335854502,0.045743604868911755,1.8937790919981694,-0.027947713104368797,0.7744353000785701,0.20850898379184787,0.0359605036775321,0.0,0.0,0.0,0.0,0.0,0.0
9.47,0.7256288954879345,-0.4520605335854502,0.045743604868911755,1.8937790919981694,-0.027947713104368797,0.7744353000785701,0.20850898379184787,0.03640495186345807,0.0,0.0,0.0,0.0,0.0,0.0
9.48,0.7259951151132022,-0.4520605335854502,0.045743604868911755,1.8937790919981694,-0.027947713104368797,0.7744353000785701,0.20850898379184787,0.0368368779177548,0.0,0.0,0.0,0.0,0.0,0.0
9.49,0.7263655909809921,-0.4520605335854502,0.045743604868911755,1.8937790919981694,-0.027947713104368797,0.7744353000785701,0.20850898379184787,0.03725618453792563,0.0,0.0,0.0,0.0,0.0,0.0
9.5,0.726740196429831,-0.4520605335854502,0.045743604868911755,1.8937790919981694,-0.027947713104368797,0.7744353000785701,0.20850898379184787,0.037662779075088255,0.0,0.0,0.0,0.0,0.0,0.0
9.51,0.7271188038951192,-0.4520605335854502,0.045743604868911755,1.8937790919981694,-0.027947713104368797,0.7744353000785701,0.20850898379184787,0.03805657355640796,0.0,0.0,0.0,0.0,0.0,0.0
9.52,0.7275012849559952,-0.4520605335854502,0.045743604868911755,1.8937790919981694,-0.027947713104368797,0.7744353000785701,0.20850898379184787,0.0384374847057024,0.0,0.0,0.0,0.0,0.0,0.0
9.53,0.7278875103823981,-0.4520605335854502,0.045743604868911755,1.8937790919981694,-0.027947713104368797,0.7744353000785701,0.20850898379184787,0.03880543396221322,0.0,0.0,0.0,0.0,0.0,0.0
9.54,0.728277350182308,-0.4520605335854502,0.045743604868911755,1.8937790919981694,-0.027947713104368797,0.7744353000785701,0.20850898379184787,0.03916034749753899,0.0,0.0,0.0,0.0,0.0,0.0
9.55,0.7286706736491462,-0.4520605335854502,0.045743604868911755,1.8937790919981694,-0.027947713104368797,0.7744353000785701,0.20850898379184787,0.039502156230727295,0.0,0.0,0.0,0.0,0.0,0.0
9.56,0.7290673494093176,-0.4520605335854502,0.045743604868911755,1.8937790919981694,-0.027947713104368797,0.7744353000785701,0.20850898379184787,0.03983079584152179,0.0,0.0,0.0,0.0,0.0,0.0
9.57,0.7294672454698767,-0.4520605335854502,0.045743604868911755,1.8937790919981694,-0.027947713104368797,0.7744353000785701,0.20850898379184787,0.04014620678176355,0.0,0.0,0.0,0.0,0.0,0.0
9.58,0.7298702292662972,-0.4520605335854502,0.045743604868911755,1.8937790919981694,-0.027947713104368797,0.7744353000785701,0.20850898379184787,0.040448334284943994,0.0,0.0,0.0,0.0,0.0,0.0
9.59,0.7302761677103288,-0.4520605335854502,0.045743604868911755,1.8937790919981694,-0.027947713104368797,0.7744353000785701,0.20850898379184787,0.040737128373909845,0.0,0.0,0.0,0.0,0.0,0.0
9.6,0.7306849272379216,-0.4520605335854502,0.045743604868911755,1.8937790919981694,-0.027947713104368797,0.7744353000785701,0.20850898379184787,0.041012543866719875,0.0,0.0,0.0,0.0,0.0,0.0
9.61,0.7310963738572,-0.4520605335854502,0.045743604868911755,1.8937790919981694,-0.027947713104368797,0.7744353000785701,0.20850898379184787,0.04127454038065417,0.0,0.0,0.0,0.0,0.0,0.0
9.62,0.7315103731964671,-0.4520605335854502,0.045743604868911755,1.8937790919981694,-0.027947713104368797,0.7744353000785701,0.20850898379184787,0.041523082334378264,0.0,0.0,0.0,0.0,0.0,0.0
9.63,0.7319267905522214,-0.4520605335854502,0.045743604868911755,1.8937790919981694,-0.027947713104368797,0.7744353000785701,0.20850898379184787,0.041758138948263746,0.0,0.0,0.0,0.0,0.0,0.0
9.64,0.7323454909371685,-0.4520605335854502,0.045743604868911755,1.8937790919981694,-0.027947713104368797,0.7744353000785701,0.20850898379184787,0.041979684242868846,0.0,0.0,0.0,0.0,0.0,0.0
9.65,0.7327663391282068,-0.4520605335854502,0.045743604868911755,1.8937790919981694,-0.027947713104368797,0.7744353000785701,0.20850898379184787,0.04218769703558328,0.0,0.0,0.0,0.0,0.0,0.0
9.66,0.7331891997143722,-0.4520605335854502,0.045743604868911755,1.8937790919981694,-0.027947713104368797,0.7744353000785701,0.20850898379184787,0.042382160935441435,0.0,0.0,0.0,0.0,0.0,0.0
9.67,0.7336139371447209,-0.4520605335854502,0.045743604868911755,1.8937790919981694,-0.027947713104368797,0.7744353000785701,0.20850898379184787,0.04256306433610937,0.0,0.0,0.0,0.0,0.0,0.0
9.68,0.7340404157761325,-0.4520605335854502,0.045743604868911755,1.8937790919981694,-0.027947713104368797,0.7744353000785701,0.20850898379184787,0.04273040040705194,0.0,0.0,0.0,0.0,0.0,0.0
9.69,0.7344684999210168,-0.4520605335854502,0.045743604868911755,1.8937790919981694,-0.027947713104368797,0.7744353000785701,0.20850898379184787,0.04288416708288705,0.0,0.0,0.0,0.0,0.0,0.0
9.7,0.7348980538949045,-0.4520605335854502,0.045743604868911755,1.8937790919981694,-0.027947713104368797,0.7744353000785701,0.20850898379184787,0.04302436705093391,0.0,0.0,0.0,0.0,0.0,0.0
9.71,0.7353289420639041,-0.4520605335854502,0.045743604868911755,1.8937790919981694,-0.027947713104368797,0.7744353000785701,0.20850898379184787,0.04315100773696449,0.0,0.0,0.0,0.0,0.0,0.0
9.72,0.7357610288920082,-0.4520605335854502,0.045743604868911755,1.8937790919981694,-0.027947713104368797,0.7744353000785701,0.20850898379184787,0.04326410128916623,0.0,0.0,0.0,0.0,0.0,0.0
9.73,0.73619417898823,-0.4520605335854502,0.045743604868911755,1.8937790919981694,-0.027947713104368797,0.7744353000785701,0.20850898379184787,0.0433636645603269,0.0,0.0,0.0,0.0,0.0,0.0
9.74,0.7366282571535525,-0.4520605335854502,0.045743604868911755,1.8937790919981694,-0.027947713104368797,0.7744353000785701,0.20850898379184787,0.04344971908825067,0.0,0.0,0.0,0.0,0.0,0.0
9.75,0.7370631284276735,-0.4520605335854502,0.045743604868911755,1.8937790919981694,-0.027947713104368797,0.7744353000785701,0.20850898379184787,0.043522291074417664,0.0,0.0,0.0,0.0,0.0,0.0
9.76,0.737498658135529,-0.4520605335854502,0.045743604868911755,1.8937790919981694,-0.027947713104368797,0.7744353000785701,0.20850898379184787,0.04358141136089832,0.0,0.0,0.0,0.0,0.0,0.0
9.77,0.7379347119335754,-0.4520605335854502,0.045743604868911755,1.8937790919981694,-0.027947713104368797,0.7744353000785701,0.20850898379184787,0.0436271154055351,0.0,0.0,0.0,0.0,0.0,0.0
9.78,0.7383711558558169,-0.4520605335854502,0.045743604868911755,1.8937790919981694,-0.027947713104368797,0.7744353000785701,0.20850898379184787,0.04365944325540483,0.0,0.0,0.0,0.0,0.0,0.0
9.79,0.7388078563595577,-0.4520605335854502,0.045743604868911755,1.8937790919981694,-0.027947713104368797,0.7744353000785701,0.20850898379184787,0.04367843951857562,0.0,0.0,0.0,0.0,0.0,0.0
9.8,0.7392446803708633,-0.4520605335854502,0.045743604868911755,1.8937790919981694,-0.027947713104368797,0.7744353000785701,0.20850898379184787,0.04368415333417277,0.0,0.0,0.0,0.0,0.0,0.0
9.81,0.7396814953297149,-0.4520605335854502,0.045743604868911755,1.8937790919981694,-0.027947713104368797,0.7744353000785701,0.20850898379184787,0.043676638340769215,0.0,0.0,0.0,0.0,0.0,0.0
9.82,0.7401181692348388,-0.4520605335854502,0.045743604868911755,1.8937790919981694,-0.027947713104368797,0.7744353000785701,0.20850898379184787,0.04365595264311586,0.0,0.0,0.0,0.0,0.0,0.0
9.83,0.7405545706881947,-0.4520605335854502,0.045743604868911755,1.8937790919981694,-0.027947713104368797,0.7744353000785701,0.20850898379184787,0.04362215877722901,0.0,0.0,0.0,0.0,0.0,0.0
9.84,0.7409905689391076,-0.4520605335854502,0.045743604868911755,1.8937790919981694,-0.027947713104368797,0.7744353000785701,0.20850898379184787,0.04357532367385147,0.0,0.0,0.0,0.0,0.0,0.0
9.85,0.7414260339280249,-0.4520605335854502,0.045743604868911755,1.8937790919981694,-0.027947713104368797,0.7744353000785701,0.20850898379184787,0.043515518620305636,0.0,0.0,0.0,0.0,0.0,0.0
9.86,0.7418608363298853,-0.4520605335854502,0.045743604868911755,1.8937790919981694,-0.027947713104368797,0.7744353000785701,0.20850898379184787,0.04344281922075669,0.0,0.0,0.0,0.0,0.0,0.0
9.87,0.742294847597082,-0.4520605335854502,0.045743604868911755,1.8937790919981694,-0.027947713104368797,0.7744353000785701,0.20850898379184787,0.04335730535490526,0.0,0.0,0.0,0.0,0.0,0.0
9.88,0.742727940002005,-0.4520605335854502,0.045743604868911755,1.8937790919981694,-0.027947713104368797,0.7744353000785701,0.20850898379184787,0.043259061135128785,0.0,0.0,0.0,0.0,0.0,0.0
9.89,0.7431599866791468,-0.4520605335854502,0.045743604868911755,1.8937790919981694,-0.027947713104368797,0.7744353000785701,0.20850898379184787,0.04314817486209252,0.0,0.0,0.0,0.0,0.0,0.0
9.9,0.7435908616667578,-0.4520605335854502,0.045743604868911755,1.8937790919981694,-0.027947713104368797,0.7744353000785701,0.20850898379184787,0.0430247389788504,0.0,0.0,0.0,0.0,0.0,0.0
9.91,0.7440204399480337,-0.4520605335854502,0.045743604868911755,1.8937790919981694,-0.027947713104368797,0.7744353000785701,0.20850898379184787,0.04288885002345779,0.0,0.0,0.0,0.0,0.0,0.0
9.92,0.7444485974918231,-0.4520605335854502,0.045743604868911755,1.8937790919981694,-0.027947713104368797,0.7744353000785701,0.20850898379184787,0.04274060858011762,0.0,0.0,0.0,0.0,0.0,0.0
9.93,0.7448752112928382,-0.4520605335854502,0.045743604868911755,1.8937790919981694,-0.027947713104368797,0.7744353000785701,0.20850898379184787,0.042580119228883107,0.0,0.0,0.0,0.0,0.0,0.0
9.94,0.745300159411356,-0.4520605335854502,0.045743604868911755,1.8937790919981694,-0.027947713104368797,0.7744353000785701,0.20850898379184787,0.0424074904939396,0.0,0.0,0.0,0.0,0.0,0.0
9.95,0.7457233210123956,-0.4520605335854502,0.045743604868911755,1.8937790919981694,-0.027947713104368797,0.7744353000785701,0.20850898379184787,0.042222834790489695,0.0,0.0,0.0,0.0,0.0,0.0
9.96,0.7461445764043566,-0.4520605335854502,0.045743604868911755,1.8937790919981694,-0.027947713104368797,0.7744353000785701,0.20850898379184787,0.042026268370265754,0.0,0.0,0.0,0.0,0.0,0.0
9.97,0.7465638070771061,-0.4520605335854502,0.045743604868911755,1.8937790919981694,-0.027947713104368797,0.7744353000785701,0.20850898379184787,0.041817911265694487,0.0,0.0,0.0,0.0,0.0,0.0
9.98,0.7469808957395019,-0.4520605335854502,0.045743604868911755,1.8937790919981694,-0.027947713104368797,0.7744353000785701,0.20850898379184787,0.0415978872327387,0.0,0.0,0.0,0.0,0.0,0.0
9.99,0.7473957263563358,-0.4520605335854502,0.045743604868911755,1.8937790919981694,-0.027947713104368797,0.7744353000785701,0.20850898379184787,0.0413663236924425,0.0,0.0,0.0,0.0,0.0,0.0
10.0,0.7478081841846871,-0.4520605335854502,0.045743604868911755,1.8937790919981694,-0.027947713104368797,0.7744353000785701,0.20850898379184787,0.04112335167120568,0.0,0.0,0.0,0.0,0.0,0.0
10.01,0.7482181558096724,-0.4520605335854502,0.045743604868911755,1.8937790919981694,-0.027947713104368797,0.7744353000785701,0.20850898379184787,0.04086910573981424,0.0,0.0,0.0,0.0,0.0,0.0
10.02,0.7486255291795796,-0.4520605335854502,0.045743604868911755,1.8937790919981694,-0.027947713104368797,0.7744353000785701,0.20850898379184787,0.04060372395125428,0.0,0.0,0.0,0.0,0.0,0.0
10.03,0.7490301936403736,-0.4520605335854502,0.045743604868911755,1.8937790919981694,-0.027947713104368797,0.7744353000785701,0.20850898379184787,0.04032734777733683,0.0,0.0,0.0,0.0,0.0,0.0
10.04,0.7494320399695633,-0.4520605335854502,0.045743604868911755,1.8937790919981694,-0.027947713104368797,0.7744353000785701,0.20850898379184787,0.04004012204416159,0.0,0.0,0.0,0.0,0.0,0.0
10.05,0.7498309604094171,-0.4520605335854502,0.045743604868911755,1.8937790919981694,-0.027947713104368797,0.7744353000785701,0.20850898379184787,0.039742194866448234,0.0,0.0,0.0,0.0,0.0,0.0
10.06,0.7502268486995154,-0.4520605335854502,0.045743604868911755,1.8937790919981694,-0.027947713104368797,0.7744353000785701,0.20850898379184787,0.03943371758076456,0.0,0.0,0.0,0.0,0.0,0.0
10.07,0.7506196001086315,-0.4520605335854502,0.045743604868911755,1.8937790919981694,-0.027947713104368797,0.7744353000785701,0.20850898379184787,0.039114844677679936,0.0,0.0,0.0,0.0,0.0,0.0
10.08,0.7510091114659281,-0.4520605335854502,0.045743604868911755,1.8937790919981694,-0.027947713104368797,0.7744353000785701,0.20850898379184787,0.03878573373287446,0.0,0.0,0.0,0.0,0.0,0.0
10.09,0.751395281191459,-0.4520605335854502,0.045743604868911755,1.8937790919981694,-0.027947713104368797,0.7744353000785701,0.20850898379184787,0.0384465453372338,0.0,0.0,0.0,0.0,0.0,0.0
10.1,0.7517780093259682,-0.4520605335854502,0.045743604868911755,1.8937790919981694,-0.027947713104368797,0.7744353000785701,0.20850898379184787,0.03809744302596042,0.0,0.0,0.0,0.0,0.0,0.0
10.11,0.752157197559974,-0.4520605335854502,0.045743604868911755,1.8937790919981694,-0.027947713104368797,0.7744353000785701,0.20850898379184787,0.03773859320673097,0.0,0.0,0.0,0.0,0.0,0.0
10.12,0.7525327492621313,-0.4520605335854502,0.045743604868911755,1.8937790919981694,-0.027947713104368797,0.7744353000785701,0.20850898379184787,0.03737016508693254,0.0,0.0,0.0,0.0,0.0,0.0
10.13,0.752904569506861,-0.4520605335854502,0.045743604868911755,1.8937790919981694,-0.027947713104368797,0.7744353000785701,0.20850898379184787,0.03699233060000781,0.0,0.0,0.0,0.0,0.0,0.0
10.14,0.7532725651012381,-0.4520605335854502,0.045743604868911755,1.8937790919981694,-0.027947713104368797,0.7744353000785701,0.20850898379184787,0.036605264330942335,0.0,0.0,0.0,0.0,0.0,0.0
10.15,0.7536366446111322,-0.4520605335854502,0.045743604868911755,1.8937790919981694,-0.027947713104368797,0.7744353000785701,0.20850898379184787,0.03620914344092404,0.0,0.0,0.0,0.0,0.0,0.0
10.16,0.7539967183865883,-0.4520605335854502,0.045743604868911755,1.8937790919981694,-0.027947713104368797,0.7744353000785701,0.20850898379184787,0.03580414759120974,0.0,0.0,0.0,0.0,0.0,0.0
10.17,0.7543526985864448,-0.4520605335854502,0.045743604868911755,1.8937790919981694,-0.027947713104368797,0.7744353000785701,0.20850898379184787,0.0353904588662292,0.0,0.0,0.0,0.0,0.0,0.0
10.18,0.7547044992021767,-0.4520605335854502,0.045743604868911755,1.8937790919981694,-0.027947713104368797,0.7744353000785701,0.20850898379184787,0.034968261695960866,0.0,0.0,0.0,0.0,0.0,0.0
10.19,0.7550520360809606,-0.4520605335854502,0.045743604868911755,1.8937790919981694,-0.027947713104368797,0.7744353000785701,0.20850898379184787,0.03453774277761222,0.0,0.0,0.0,0.0,0.0,0.0
10.2,0.7553952269479526,-0.4520605335854502,0.045743604868911755,1.8937790919981694,-0.027947713104368797,0.7744353000785701,0.20850898379184787,0.03409909099663724,0.0,0.0,0.0,0.0,0.0,0.0
10.21,0.7557339914277729,-0.4520605335854502,0.045743604868911755,1.8937790919981694,-0.027947713104368797,0.7744353000785701,0.20850898379184787,0.03365249734712576,0.0,0.0,0.0,0.0,0.0,0.0
10.22,0.756068251065192,-0.4520605335854502,0.045743604868911755,1.8937790919981694,-0.027947713104368797,0.7744353000785701,0.20850898379184787,0.03319815485159817,0.0,0.0,0.0,0.0,0.0,0.0
10.23,0.7563979293450114,-0.4520605335854502,0.045743604868911755,1.8937790919981694,-0.027947713104368797,0.7744353000785701,0.20850898379184787,0.03273625848023834,0.0,0.0,0.0,0.0,0.0,0.0
10.24,0.7567229517111341,-0.4520605335854502,0.045743604868911755,1.8937790919981694,-0.027947713104368797,0.7744353000785701,0.20850898379184787,0.03226700506960032,0.0,0.0,0.0,0.0,0.0,0.0
10.25,0.7570432455848204,-0.4520605335854502,0.045743604868911755,1.8937790919981694,-0.027947713104368797,0.7744353000785701,0.20850898379184787,0.0317905932408224,0.0,0.0,0.0,0.0,0.0,0.0
10.26,0.7573587403821218,-0.4520605335854502,0.045743604868911755,1.8937790919981694,-0.027947713104368797,0.7744353000785701,0.20850898379184787,0.03130722331738313,0.0,0.0,0.0,0.0,0.0,0.0
10.27,0.7576693675304923,-0.4520605335854502,0.045743604868911755,1.8937790919981694,-0.027947713104368797,0.7744353000785701,0.20850898379184787,0.0308170972424332,0.0,0.0,0.0,0.0,0.0,0.0
10.28,0.7579750604845699,-0.4520605335854502,0.045743604868911755,1.8937790919981694,-0.027947713104368797,0.7744353000785701,0.20850898379184787,0.030320418495738986,0.0,0.0,0.0,0.0,0.0,0.0
10.29,0.7582757547411256,-0.4520605335854502,0.045743604868911755,1.8937790919981694,-0.027947713104368797,0.7744353000785701,0.20850898379184787,0.029817392010271514,0.0,0.0,0.0,0.0,0.0,0.0
10.3,0.758571387853178,-0.4520605335854502,0.045743604868911755,1.8937790919981694,-0.027947713104368797,0.7744353000785701,0.20850898379184787,0.029308224088475842,0.0,0.0,0.0,0.0,0.0,0.0
10.31,0.758861899443267,-0.4520605335854502,0.045743604868911755,1.8937790919981694,-0.027947713104368797,0.7744353000785701,0.20850898379184787,0.028793122318256707,0.0,0.0,0.0,0.0,0.0,0.0
10.32,0.759147231215888,-0.4520605335854502,0.045743604868911755,1.8937790919981694,-0.027947713104368797,0.7744353000785701,0.20850898379184787,0.028272295488713094,0.0,0.0,0.0,0.0,0.0,0.0
10.33,0.7594273269690816,-0.4520605335854502,0.045743604868911755,1.8937790919981694,-0.027947713104368797,0.7744353000785701,0.20850898379184787,0.02774595350565976,0.0,0.0,0.0,0.0,0.0,0.0
10.34,0.7597021326051772,-0.4520605335854502,0.045743604868911755,1.8937790919981694,-0.027947713104368797,0.7744353000785701,0.20850898379184787,0.02721430730696787,0.0,0.0,0.0,0.0,0.0,0.0
10.35,0.75997159614069,-0.4520605335854502,0.045743604868911755,1.8937790919981694,-0.027947713104368797,0.7744353000785701,0.20850898379184787,0.026677568777761954,0.0,0.0,0.0,0.0,0.0,0.0
10.36,0.7602356677153691,-0.4520605335854502,0.045743604868911755,1.8937790919981694,-0.027947713104368797,0.7744353000785701,0.20850898379184787,0.0261359506655062,0.0,0.0,0.0,0.0,0.0,0.0
10.37,0.7604942996003957,-0.4520605335854502,0.045743604868911755,1.8937790919981694,-0.027947713104368797,0.7744353000785701,0.20850898379184787,0.02558966649501678,0.0,0.0,0.0,0.0,0.0,0.0
10.38,0.7607474462057318,-0.4520605335854502,0.045743604868911755,1.8937790919981694,-0.027947713104368797,0.7744353000785701,0.20850898379184787,0.025038930483434176,0.0,0.0,0.0,0.0,0.0,0.0
10.39,0.7609950640866175,-0.4520605335854502,0.045743604868911755,1.8937790919981694,-0.027947713104368797,0.7744353000785701,0.20850898379184787,0.024483957455190636,0.0,0.0,0.0,0.0,0.0,0.0
10.4,0.7612371119492204,-0.4520605335854502,0.045743604868911755,1.8937790919981694,-0.027947713104368797,0.7744353000785701,0.20850898379184787,0.02392496275700695,0.0,0.0,0.0,0.0,0.0,0.0
10.41,0.7614735506554323,-0.4520605335854502,0.045743604868911755,1.8937790919981694,-0.027947713104368797,0.7744353000785701,0.20850898379184787,0.023362162172954663,0.0,0.0,0.0,0.0,0.0,0.0
10.42,0.7617043432268188,-0.4520605335854502,0.045743604868911755,1.8937790919981694,-0.027947713104368797,0.7744353000785701,0.20850898379184787,0.022795771839617243,0.0,0.0,0.0,0.0,0.0,0.0
10.43,0.7619294548477212,-0.4520605335854502,0.045743604868911755,1.8937790919981694,-0.027947713104368797,0.7744353000785701,0.20850898379184787,0.02222600816138455,0.0,0.0,0.0,0.0,0.0,0.0
10.44,0.7621488528675114,-0.4520605335854502,0.045743604868911755,1.8937790919981694,-0.027947713104368797,0.7744353000785701,0.20850898379184787,0.02165308772591586,0.0,0.0,0.0,0.0,0.0,0.0
10.45,0.7623625068020025,-0.4520605335854502,0.045743604868911755,1.8937790919981694,-0.027947713104368797,0.7744353000785701,0.20850898379184787,0.021077227219805456,0.0,0.0,0.0,0.0,0.0,0.0
10.46,0.7625703883340178,-0.4520605335854502,0.045743604868911755,1.8937790919981694,-0.027947713104368797,0.7744353000785701,0.20850898379184787,0.02049864334448379,0.0,0.0,0.0,0.0,0.0,0.0
10.47,0.7627724713131199,-0.4520605335854502,0.045743604868911755,1.8937790919981694,-0.027947713104368797,0.7744353000785701,0.20850898379184787,0.019917552732390466,0.0,0.0,0.0,0.0,0.0,0.0
10.48,0.7629687317545023,-0.4520605335854502,0.045743604868911755,1.8937790919981694,-0.027947713104368797,0.7744353000785701,0.20850898379184787,0.019334171863449524,0.0,0.0,0.0,0.0,0.0,0.0
10.49,0.7631591478370489,-0.4520605335854502,0.045743604868911755,1.8937790919981694,-0.027947713104368797,0.7744353000785701,0.20850898379184787,0.018748716981884198,0.0,0.0,0.0,0.0,0.0,0.0
10.5,0.7633436999005615,-0.4520605335854502,0.045743604868911755,1.8937790919981694,-0.027947713104368797,0.7744353000785701,0.20850898379184787,0.018161404013401248,0.0,0.0,0.0,0.0,0.0,0.0
10.51,0.7635223704421634,-0.4520605335854502,0.045743604868911755,1.8937790919981694,-0.027947713104368797,0.7744353000785701,0.20850898379184787,0.017572448482780553,0.0,0.0,0.0,0.0,0.0,0.0
10.52,0.763695144111879,-0.4520605335854502,0.045743604868911755,1.8937790919981694,-0.027947713104368797,0.7744353000785701,0.20850898379184787,0.01698206543190062,0.0,0.0,0.0,0.0,0.0,0.0
10.53,0.7638620077073972,-0.4520605335854502,0.045743604868911755,1.8937790919981694,-0.027947713104368797,0.7744353000785701,0.20850898379184787,0.01639046933823444,0.0,0.0,0.0,0.0,0.0,0.0
10.54,0.7640229501680219,-0.4520605335854502,0.045743604868911755,1.8937790919981694,-0.027947713104368797,0.7744353000785701,0.20850898379184787,0.015797874033847248,0.0,0.0,0.0,0.0,0.0,0.0
10.55,0.7641779625678152,-0.4520605335854502,0.045743604868911755,1.8937790919981694,-0.027947713104368797,0.7744353000785701,0.20850898379184787,0.015204492624927603,0.0,0.0,0.0,0.0,0.0,0.0
10.56,0.7643270381079385,-0.4520605335854502,0.045743604868911755,1.8937790919981694,-0.027947713104368797,0.7744353000785701,0.20850898379184787,0.014610537411885541,0.0,0.0,0.0,0.0,0.0,0.0
10.57,0.7644701721081973,-0.4520605335854502,0.045743604868911755,1.8937790919981694,-0.027947713104368797,0.7744353000785701,0.20850898379184787,0.014016219810046348,0.0,0.0,0.0,0.0,0.0,0.0
10.58,0.7646073619977977,-0.4520605335854502,0.045743604868911755,1.8937790919981694,-0.027947713104368797,0.7744353000785701,0.20850898379184787,0.013421750270974558,0.0,0.0,0.0,0.0,0.0,0.0
10.59,0.7647386073053164,-0.4520605335854502,0.045743604868911755,1.8937790919981694,-0.027947713104368797,0.7744353000785701,0.20850898379184787,0.012827338204455706,0.0,0.0,0.0,0.0,0.0,0.0
10.6,0.7648639096478971,-0.4520605335854502,0.045743604868911755,1.8937790919981694,-0.027947713104368797,0.7744353000785701,0.20850898379184787,0.012233191901168807,0.0,0.0,0.0,0.0,0.0,0.0
10.61,0.764983272719675,-0.4520605335854502,0.045743604868911755,1.8937790919981694,-0.027947713104368797,0.7744353000785701,0.20850898379184787,0.011639518456078494,0.0,0.0,0.0,0.0,0.0,0.0
10.62,0.7650967022794403,-0.4520605335854502,0.045743604868911755,1.8937790919981694,-0.027947713104368797,0.7744353000785701,0.20850898379184787,0.011046523692576457,0.0,0.0,0.0,0.0,0.0,0.0
10.63,0.7652042061375456,-0.4520605335854502,0.045743604868911755,1.8937790919981694,-0.027947713104368797,0.7744353000785701,0.20850898379184787,0.010454412087402203,0.0,0.0,0.0,0.0,0.0,0.0
10.64,0.7653057941420682,-0.4520605335854502,0.045743604868911755,1.8937790919981694,-0.027947713104368797,0.7744353000785701,0.20850898379184787,0.009863386696372331,0.0,0.0,0.0,0.0,0.0,0.0
10.65,0.7654014781642324,-0.4520605335854502,0.045743604868911755,1.8937790919981694,-0.027947713104368797,0.7744353000785701,0.20850898379184787,0.009273649080945304,0.0,0.0,0.0,0.0,0.0,0.0
10.66,0.765491272083103,-0.4520605335854502,0.045743604868911755,1.8937790919981694,-0.027947713104368797,0.7744353000785701,0.20850898379184787,0.008685399235651814,0.0,0.0,0.0,0.0,0.0,0.0
10.67,0.7655751917695557,-0.4520605335854502,0.045743604868911755,1.8937790919981694,-0.027947713104368797,0.7744353000785701,0.20850898379184787,0.00809883551641753,0.0,0.0,0.0,0.0,0.0,0.0
10.68,0.7656532550695377,-0.4520605335854502,0.045743604868911755,1.8937790919981694,-0.027947713104368797,0.7744353000785701,0.20850898379184787,0.007514154569805901,0.0,0.0,0.0,0.0,0.0,0.0
10.69,0.7657254817866238,-0.4520605335854502,0.045743604868911755,1.8937790919981694,-0.027947713104368797,0.7744353000785701,0.20850898379184787,0.006931551263206872,0.0,0.0,0.0,0.0,0.0,0.0
10.7,0.7657918936638793,-0.4520605335854502,0.045743604868911755,1.8937790919981694,-0.027947713104368797,0.7744353000785701,0.20850898379184787,0.00635121861599986,0.0,0.0,0.0,0.0,0.0,0.0
10.71,0.7658525143650405,-0.4520605335854502,0.045743604868911755,1.8937790919981694,-0.027947713104368797,0.7744353000785701,0.20850898379184787,0.005773347731714508,0.0,0.0,0.0,0.0,0.0,0.0
10.72,0.7659073694550206,-0.4520605335854502,0.045743604868911755,1.8937790919981694,-0.027947713104368797,0.7744353000785701,0.20850898379184787,0.005198127731217383,0.0,0.0,0.0,0.0,0.0,0.0
10.73,0.7659564863797538,-0.4520605335854502,0.045743604868911755,1.8937790919981694,-0.027947713104368797,0.7744353000785701,0.20850898379184787,0.004625745686946392,0.0,0.0,0.0,0.0,0.0,0.0
10.74,0.7659998944453865,-0.4520605335854502,0.045743604868911755,1.8937790919981694,-0.027947713104368797,0.7744353000785701,0.20850898379184787,0.004056386558220823,0.0,0.0,0.0,0.0,0.0,0.0
10.75,0.7660376247968275,-0.4520605335854502,0.045743604868911755,1.8937790919981694,-0.027947713104368797,0.7744353000785701,0.20850898379184787,0.003490233127647913,0.0,0.0,0.0,0.0,0.0,0.0
10.76,0.7660697103956671,-0.4520605335854502,0.045743604868911755,1.8937790919981694,-0.027947713104368797,0.7744353000785701,0.20850898379184787,0.002927465938651481,0.0,0.0,0.0,0.0,0.0,0.0
10.77,0.7660961859974779,-0.4520605335854502,0.045743604868911755,1.8937790919981694,-0.027947713104368797,0.7744353000785701,0.20850898379184787,0.0023682632341446765,0.0,0.0,0.0,0.0,0.0,0.0
10.78,0.7661170881285079,-0.4520605335854502,0.045743604868911755,1.8937790919981694,-0.027947713104368797,0.7744353000785701,0.20850898379184787,0.0018128008963688102,0.0,0.0,0.0,0.0,0.0,0.0
10.79,0.7661324550617783,-0.4520605335854502,0.045743604868911755,1.8937790919981694,-0.027947713104368797,0.7744353000785701,0.20850898379184787,0.0012612523879210994,0.0,0.0,0.0,0.0,0.0,0.0
10.8,0.7661423267925963,-0.4520605335854502,0.045743604868911755,1.8937790919981694,-0.027947713104368797,0.7744353000785701,0.20850898379184787,0.000713788693991918,0.0,0.0,0.0,0.0,0.0,0.0
10.81,0.7661467450134983,-0.4520605335854502,0.045743604868911755,1.8937790919981694,-0.027947713104368797,0.7744353000785701,0.20850898379184787,0.00017057826583251407,0.0,0.0,0.0,0.0,0.0,0.0
10.82,0.7661457530886326,-0.4520605335854502,0.045743604868911755,1.8937790919981694,-0.027947713104368797,0.7744353000785701,0.20850898379184787,-0.00036821303452741526,-0.0,-0.0,-0.0,-0.0,-0.0,-0.0
10.83,0.7661393960275961,-0.4520605335854502,0.045743604868911755,1.8937790919981694,-0.027947713104368797,0.7744353000785701,0.20850898379184787,-0.00090242198829123,-0.0,-0.0,-0.0,-0.0,-0.0,-0.0
10.84,0.7661277204587369,-0.4520605335854502,0.045743604868911755,1.8937790919981694,-0.027947713104368797,0.7744353000785701,0.20850898379184787,-0.0014318880726180714,-0.0,-0.0,-0.0,-0.0,-0.0,-0.0
10.85,0.7661107746019375,-0.4520605335854502,0.045743604868911755,1.8937790919981694,-0.027947713104368797,0.7744353000785701,0.20850898379184787,-0.0019564535120386905,-0.0,-0.0,-0.0,-0.0,-0.0,-0.0
10.86,0.7660886082408888,-0.4520605335854502,0.045743604868911755,1.8937790919981694,-0.027947713104368797,0.7744353000785701,0.20850898379184787,-0.00247596332854552,-0.0,-0.0,-0.0,-0.0,-0.0,-0.0
10.87,0.7660612726948706,-0.4520605335854502,0.045743604868911755,1.8937790919981694,-0.027947713104368797,0.7744353000785701,0.20850898379184787,-0.0029902653903404095,-0.0,-0.0,-0.0,-0.0,-0.0,-0.0
10.88,0.7660288207900516,-0.4520605335854502,0.045743604868911755,1.8937790919981694,-0.027947713104368797,0.7744353000785701,0.20850898379184787,-0.003499210459224096,-0.0,-0.0,-0.0,-0.0,-0.0,-0.0
10.89,0.7659913068303227,-0.4520605335854502,0.045743604868911755,1.8937790919981694,-0.027947713104368797,0.7744353000785701,0.20850898379184787,-0.004002652236609635,-0.0,-0.0,-0.0,-0.0,-0.0,-0.0
10.9,0.7659487865676753,-0.4520605335854502,0.045743604868911755,1.8937790919981694,-0.027947713104368797,0.7744353000785701,0.20850898379184787,-0.0045004474081471605,-0.0,-0.0,-0.0,-0.0,-0.0,-0.0
10.91,0.7659013171721432,-0.4520605335854502,0.045743604868911755,1.8937790919981694,-0.027947713104368797,0.7744353000785701,0.20850898379184787,-0.004992455686942298,-0.0,-0.0,-0.0,-0.0,-0.0,-0.0
10.92,0.7658489572013166,-0.4520605335854502,0.045743604868911755,1.8937790919981694,-0.027947713104368797,0.7744353000785701,0.20850898379184787,-0.005478539855356824,-0.0,-0.0,-0.0,-0.0,-0.0,-0.0
10.93,0.7657917665694473,-0.4520605335854502,0.045743604868911755,1.8937790919981694,-0.027947713104368797,0.7744353000785701,0.20850898379184787,-0.005958565805376068,-0.0,-0.0,-0.0,-0.0,-0.0,-0.0
10.94,0.765729806516156,-0.4520605335854502,0.045743604868911755,1.8937790919981694,-0.027947713104368797,0.7744353000785701,0.20850898379184787,-0.0064324025775320285,-0.0,-0.0,-0.0,-0.0,-0.0,-0.0
10.95,0.7656631395747591,-0.4520605335854502,0.045743604868911755,1.8937790919981694,-0.027947713104368797,0.7744353000785701,0.20850898379184787,-0.006899922398368701,-0.0,-0.0,-0.0,-0.0,-0.0,-0.0
10.96,0.7655918295402264,-0.4520605335854502,0.045743604868911755,1.8937790919981694,-0.027947713104368797,0.7744353000785701,0.20850898379184787,-0.007361000716438852,-0.0,-0.0,-0.0,-0.0,-0.0,-0.0
10.97,0.765515941436788,-0.4520605335854502,0.045743604868911755,1.8937790919981694,-0.027947713104368797,0.7744353000785701,0.20850898379184787,-0.007815516236821212,-0.0,-0.0,-0.0,-0.0,-0.0,-0.0
10.98,0.7654355414852025,-0.4520605335854502,0.045743604868911755,1.8937790919981694,-0.027947713104368797,0.7744353000785701,0.20850898379184787,-0.008263350954148579,-0.0,-0.0,-0.0,-0.0,-0.0,-0.0
10.99,0.7653506970697019,-0.4520605335854502,0.045743604868911755,1.8937790919981694,-0.027947713104368797,0.7744353000785701,0.20850898379184787,-0.008704390184135994,-0.0,-0.0,-0.0,-0.0,-0.0,-0.0
11.0,0.7652614767046304,-0.4520605335854502,0.045743604868911755,1.8937790919981694,-0.027947713104368797,0.7744353000785701,0.20850898379184787,-0.00913852259360124,-0.0,-0.0,-0.0,-0.0,-0.0,-0.0
11.01,0.7651679500007887,-0.4520605335854502,0.045743604868911755,1.8937790919981694,-0.027947713104368797,0.7744353000785701,0.20850898379184787,-0.009565640228969566,-0.0,-0.0,-0.0,-0.0,-0.0,-0.0
11.02,0.7650701876315026,-0.4520605335854502,0.045743604868911755,1.8937790919981694,-0.027947713104368797,0.7744353000785701,0.20850898379184787,-0.009985638543254419,-0.0,-0.0,-0.0,-0.0,-0.0,-0.0
11.03,0.7649682612984278,-0.4520605335854502,0.045743604868911755,1.8937790919981694,-0.027947713104368797,0.7744353000785701,0.20850898379184787,-0.010398416421507751,-0.0,-0.0,-0.0,-0.0,-0.0,-0.0
11.04,0.7648622436971091,-0.4520605335854502,0.045743604868911755,1.8937790919981694,-0.027947713104368797,0.7744353000785701,0.20850898379184787,-0.010803876204734284,-0.0,-0.0,-0.0,-0.0,-0.0,-0.0
11.05,0.7647522084823076,-0.4520605335854502,0.045743604868911755,1.8937790919981694,-0.027947713104368797,0.7744353000785701,0.20850898379184787,-0.01120192371226334,-0.0,-0.0,-0.0,-0.0,-0.0,-0.0
11.06,0.7646382302331122,-0.4520605335854502,0.045743604868911755,1.8937790919981694,-0.027947713104368797,0.7744353000785701,0.20850898379184787,-0.011592468262573794,-0.0,-0.0,-0.0,-0.0,-0.0,-0.0
11.07,0.7645203844178501,-0.4520605335854502,0.045743604868911755,1.8937790919981694,-0.027947713104368797,0.7744353000785701,0.20850898379184787,-0.011975422692568802,-0.0,-0.0,-0.0,-0.0,-0.0,-0.0
11.08,0.7643987473588131,-0.4520605335854502,0.045743604868911755,1.8937790919981694,-0.027947713104368797,0.7744353000785701,0.20850898379184787,-0.012350703375295773,-0.0,-0.0,-0.0,-0.0,-0.0,-0.0
11.09,0.7642733961968136,-0.4520605335854502,0.045743604868911755,1.8937790919981694,-0.027947713104368797,0.7744353000785701,0.20850898379184787,-0.012718230236109409,-0.0,-0.0,-0.0,-0.0,-0.0,-0.0
11.1,0.7641444088555875,-0.4520605335854502,0.045743604868911755,1.8937790919981694,-0.027947713104368797,0.7744353000785701,0.20850898379184787,-0.013077926767275573,-0.0,-0.0,-0.0,-0.0,-0.0,-0.0
11.11,0.7640118640060586,-0.4520605335854502,0.045743604868911755,1.8937790919981694,-0.027947713104368797,0.7744353000785701,0.20850898379184787,-0.013429720041015157,-0.0,-0.0,-0.0,-0.0,-0.0,-0.0
11.12,0.7638758410304799,-0.4520605335854502,0.045743604868911755,1.8937790919981694,-0.027947713104368797,0.7744353000785701,0.20850898379184787,-0.013773540720986138,-0.0,-0.0,-0.0,-0.0,-0.0,-0.0
11.13,0.7637364199864691,-0.4520605335854502,0.045743604868911755,1.8937790919981694,-0.027947713104368797,0.7744353000785701,0.20850898379184787,-0.014109323072205181,-0.0,-0.0,-0.0,-0.0,-0.0,-0.0
11.14,0.7635936815709511,-0.4520605335854502,0.045743604868911755,1.8937790919981694,-0.027947713104368797,0.7744353000785701,0.20850898379184787,-0.014437004969407858,-0.0,-0.0,-0.0,-0.0,-0.0,-0.0
11.15,0.7634477070840259,-0.4520605335854502,0.045743604868911755,1.8937790919981694,-0.027947713104368797,0.7744353000785701,0.20850898379184787,-0.014756527903850718,-0.0,-0.0,-0.0,-0.0,-0.0,-0.0
11.16,0.763298578392776,-0.4520605335854502,0.045743604868911755,1.8937790919981694,-0.027947713104368797,0.7744353000785701,0.20850898379184787,-0.015067836988555135,-0.0,-0.0,-0.0,-0.0,-0.0,-0.0
11.17,0.7631463778950288,-0.4520605335854502,0.045743604868911755,1.8937790919981694,-0.027947713104368797,0.7744353000785701,0.20850898379184787,-0.01537088096199741,-0.0,-0.0,-0.0,-0.0,-0.0,-0.0
11.18,0.7629911884830899,-0.4520605335854502,0.045743604868911755,1.8937790919981694,-0.027947713104368797,0.7744353000785701,0.20850898379184787,-0.01566561219024724,-0.0,-0.0,-0.0,-0.0,-0.0,-0.0
11.19,0.7628330935074633,-0.4520605335854502,0.045743604868911755,1.8937790919981694,-0.027947713104368797,0.7744353000785701,0.20850898379184787,-0.015951986667559086,-0.0,-0.0,-0.0,-0.0,-0.0,-0.0
11.2,0.762672176740573,-0.4520605335854502,0.045743604868911755,1.8937790919981694,-0.027947713104368797,0.7744353000785701,0.20850898379184787,-0.016229964015421258,-0.0,-0.0,-0.0,-0.0,-0.0,-0.0
11.21,0.7625085223405013,-0.4520605335854502,0.045743604868911755,1.8937790919981694,-0.027947713104368797,0.7744353000785701,0.20850898379184787,-0.016499507480067607,-0.0,-0.0,-0.0,-0.0,-0.0,-0.0
11.22,0.7623422148147608,-0.4520605335854502,0.045743604868911755,1.8937790919981694,-0.027947713104368797,0.7744353000785701,0.20850898379184787,-0.016760583928457858,-0.0,-0.0,-0.0,-0.0,-0.0,-0.0
11.23,0.7621733389841134,-0.4520605335854502,0.045743604868911755,1.8937790919981694,-0.027947713104368797,0.7744353000785701,0.20850898379184787,-0.017013163842733867,-0.0,-0.0,-0.0,-0.0,-0.0,-0.0
11.24,0.7620019799464522,-0.4520605335854502,0.045743604868911755,1.8937790919981694,-0.027947713104368797,0.7744353000785701,0.20850898379184787,-0.01725722131315823,-0.0,-0.0,-0.0,-0.0,-0.0,-0.0
11.25,0.7618282230407626,-0.4520605335854502,0.045743604868911755,1.8937790919981694,-0.027947713104368797,0.7744353000785701,0.20850898379184787,-0.017492734029543634,-0.0,-0.0,-0.0,-0.0,-0.0,-0.0
11.26,0.7616521538111748,-0.4520605335854502,0.045743604868911755,1.8937790919981694,-0.027947713104368797,0.7744353000785701,0.20850898379184787,-0.017719683271181307,-0.0,-0.0,-0.0,-0.0,-0.0,-0.0
11.27,0.7614738579711269,-0.4520605335854502,0.045743604868911755,1.8937790919981694,-0.027947713104368797,0.7744353000785701,0.20850898379184787,-0.017938053895278246,-0.0,-0.0,-0.0,-0.0,-0.0,-0.0
11.28,0.7612934213676487,-0.4520605335854502,0.045743604868911755,1.8937790919981694,-0.027947713104368797,0.7744353000785701,0.20850898379184787,-0.018147834323912315,-0.0,-0.0,-0.0,-0.0,-0.0,-0.0
11.29,0.7611109299457848,-0.4520605335854502,0.045743604868911755,1.8937790919981694,-0.027947713104368797,0.7744353000785701,0.20850898379184787,-0.018349016529516194,-0.0,-0.0,-0.0,-0.0,-0.0,-0.0
11.3,0.7609264697131698,-0.4520605335854502,0.045743604868911755,1.8937790919981694,-0.027947713104368797,0.7744353000785701,0.20850898379184787,-0.018541596018901242,-0.0,-0.0,-0.0,-0.0,-0.0,-0.0
11.31,0.7607401267047703,-0.4520605335854502,0.045743604868911755,1.8937790919981694,-0.027947713104368797,0.7744353000785701,0.20850898379184787,-0.018725571815832478,-0.0,-0.0,-0.0,-0.0,-0.0,-0.0
11.32,0.7605519869478082,-0.4520605335854502,0.045743604868911755,1.8937790919981694,-0.027947713104368797,0.7744353000785701,0.20850898379184787,-0.0189009464421678,-0.0,-0.0,-0.0,-0.0,-0.0,-0.0
11.33,0.7603621364268808,-0.4520605335854502,0.045743604868911755,1.8937790919981694,-0.027947713104368797,0.7744353000785701,0.20850898379184787,-0.01906772589757337,-0.0,-0.0,-0.0,-0.0,-0.0,-0.0
11.34,0.7601706610492888,-0.4520605335854502,0.045743604868911755,1.8937790919981694,-0.027947713104368797,0.7744353000785701,0.20850898379184787,-0.01922591963782946,-0.0,-0.0,-0.0,-0.0,-0.0,-0.0
11.35,0.7599776466105908,-0.4520605335854502,0.045743604868911755,1.8937790919981694,-0.027947713104368797,0.7744353000785701,0.20850898379184787,-0.019375540551740258,-0.0,-0.0,-0.0,-0.0,-0.0,-0.0
11.36,0.7597831787603931,-0.4520605335854502,0.045743604868911755,1.8937790919981694,-0.027947713104368797,0.7744353000785701,0.20850898379184787,-0.019516604936662674,-0.0,-0.0,-0.0,-0.0,-0.0,-0.0
11.37,0.7595873429683934,-0.4520605335854502,0.045743604868911755,1.8937790919981694,-0.027947713104368797,0.7744353000785701,0.20850898379184787,-0.019649132472669136,-0.0,-0.0,-0.0,-0.0,-0.0,-0.0
11.38,0.7593902244906872,-0.4520605335854502,0.045743604868911755,1.8937790919981694,-0.027947713104368797,0.7744353000785701,0.20850898379184787,-0.019773146195360095,-0.0,-0.0,-0.0,-0.0,-0.0,-0.0
11.39,0.7591919083363549,-0.4520605335854502,0.045743604868911755,1.8937790919981694,-0.027947713104368797,0.7744353000785701,0.20850898379184787,-0.019888672467342876,-0.0,-0.0,-0.0,-0.0,-0.0,-0.0
11.4,0.7589924792343397,-0.4520605335854502,0.045743604868911755,1.8937790919981694,-0.027947713104368797,0.7744353000785701,0.20850898379184787,-0.019995740948393497,-0.0,-0.0,-0.0,-0.0,-0.0,-0.0
11.41,0.7587920216006301,-0.4520605335854502,0.045743604868911755,1.8937790919981694,-0.027947713104368797,0.7744353000785701,0.20850898379184787,-0.02009438456431884,-0.0,-0.0,-0.0,-0.0,-0.0,-0.0
11.42,0.7585906195057612,-0.4520605335854502,0.045743604868911755,1.8937790919981694,-0.027947713104368797,0.7744353000785701,0.20850898379184787,-0.02018463947453728,-0.0,-0.0,-0.0,-0.0,-0.0,-0.0
11.43,0.7583883566426456,-0.4520605335854502,0.045743604868911755,1.8937790919981694,-0.027947713104368797,0.7744353000785701,0.20850898379184787,-0.02026654503839627,-0.0,-0.0,-0.0,-0.0,-0.0,-0.0
11.44,0.7581853162947476,-0.4520605335854502,0.045743604868911755,1.8937790919981694,-0.027947713104368797,0.7744353000785701,0.20850898379184787,-0.02034014378024561,-0.0,-0.0,-0.0,-0.0,-0.0,-0.0
11.45,0.7579815813046136,-0.4520605335854502,0.045743604868911755,1.8937790919981694,-0.027947713104368797,0.7744353000785701,0.20850898379184787,-0.0204054813532861,-0.0,-0.0,-0.0,-0.0,-0.0,-0.0
11.46,0.7577772340427682,-0.4520605335854502,0.045743604868911755,1.8937790919981694,-0.027947713104368797,0.7744353000785701,0.20850898379184787,-0.020462606502213525,-0.0,-0.0,-0.0,-0.0,-0.0,-0.0
11.47,0.7575723563769923,-0.4520605335854502,0.045743604868911755,1.8937790919981694,-0.027947713104368797,0.7744353000785701,0.20850898379184787,-0.020511571024678203,-0.0,-0.0,-0.0,-0.0,-0.0,-0.0
11.48,0.7573670296419901,-0.4520605335854502,0.045743604868911755,1.8937790919981694,-0.027947713104368797,0.7744353000785701,0.20850898379184787,-0.020552429731581494,-0.0,-0.0,-0.0,-0.0,-0.0,-0.0
11.49,0.7571613346094604,-0.4520605335854502,0.045743604868911755,1.8937790919981694,-0.027947713104368797,0.7744353000785701,0.20850898379184787,-0.02058524040623007,-0.0,-0.0,-0.0,-0.0,-0.0,-0.0
11.5,0.7569553514585814,-0.4520605335854502,0.045743604868911755,1.8937790919981694,-0.027947713104368797,0.7744353000785701,0.20850898379184787,-0.020610063762370286,-0.0,-0.0,-0.0,-0.0,-0.0,-0.0
11.51,0.7567491597469203,-0.4520605335854502,0.045743604868911755,1.8937790919981694,-0.027947713104368797,0.7744353000785701,0.20850898379184787,-0.02062696340112457,-0.0,-0.0,-0.0,-0.0,-0.0,-0.0
11.52,0.7565428383817798,-0.4520605335854502,0.045743604868911755,1.8937790919981694,-0.027947713104368797,0.7744353000785701,0.20850898379184787,-0.020636005766852854,-0.0,-0.0,-0.0,-0.0,-0.0,-0.0
11.53,0.7563364655919911,-0.4520605335854502,0.045743604868911755,1.8937790919981694,-0.027947713104368797,0.7744353000785701,0.20850898379184787,-0.020637260101961926,-0.0,-0.0,-0.0,-0.0,-0.0,-0.0
11.54,0.7561301189001625,-0.4520605335854502,0.045743604868911755,1.8937790919981694,-0.027947713104368797,0.7744353000785701,0.20850898379184787,-0.020630798400686354,-0.0,-0.0,-0.0,-0.0,-0.0,-0.0
11.55,0.7559238750953976,-0.4520605335854502,0.045743604868911755,1.8937790919981694,-0.027947713104368797,0.7744353000785701,0.20850898379184787,-0.020616695361864987,-0.0,-0.0,-0.0,-0.0,-0.0,-0.0
11.56,0.7557178102064892,-0.4520605335854502,0.045743604868911755,1.8937790919981694,-0.027947713104368797,0.7744353000785701,0.20850898379184787,-0.020595028340737287,-0.0,-0.0,-0.0,-0.0,-0.0,-0.0
11.57,0.7555119994755998,-0.4520605335854502,0.045743604868911755,1.8937790919981694,-0.027947713104368797,0.7744353000785701,0.20850898379184787,-0.020565877299784072,-0.0,-0.0,-0.0,-0.0,-0.0,-0.0
11.58,0.7553065173324393,-0.4520605335854502,0.045743604868911755,1.8937790919981694,-0.027947713104368797,0.7744353000785701,0.20850898379184787,-0.020529324758637942,-0.0,-0.0,-0.0,-0.0,-0.0,-0.0
11.59,0.7551014373689477,-0.4520605335854502,0.045743604868911755,1.8937790919981694,-0.027947713104368797,0.7744353000785701,0.20850898379184787,-0.020485455743088823,-0.0,-0.0,-0.0,-0.0,-0.0,-0.0
11.6,0.7548968323144921,-0.4520605335854502,0.045743604868911755,1.8937790919981694,-0.027947713104368797,0.7744353000785701,0.20850898379184787,-0.0204343577332101,-0.0,-0.0,-0.0,-0.0,-0.0,-0.0
11.61,0.7546927740115867,-0.4520605335854502,0.045743604868911755,1.8937790919981694,-0.027947713104368797,0.7744353000785701,0.20850898379184787,-0.020376120610631727,-0.0,-0.0,-0.0,-0.0,-0.0,-0.0
11.62,0.7544893333921446,-0.4520605335854502,0.045743604868911755,1.8937790919981694,-0.027947713104368797,0.7744353000785701,0.20850898379184787,-0.0203108366049865,-0.0,-0.0,-0.0,-0.0,-0.0,-0.0
11.63,0.7542865804542683,-0.4520605335854502,0.045743604868911755,1.8937790919981694,-0.027947713104368797,0.7744353000785701,0.20850898379184787,-0.02023860023955639,-0.0,-0.0,-0.0,-0.0,-0.0,-0.0
11.64,0.7540845842395892,-0.4520605335854502,0.045743604868911755,1.8937790919981694,-0.027947713104368797,0.7744353000785701,0.20850898379184787,-0.020159508276145724,-0.0,-0.0,-0.0,-0.0,-0.0,-0.0
11.65,0.7538834128111601,-0.4520605335854502,0.045743604868911755,1.8937790919981694,-0.027947713104368797,0.7744353000785701,0.20850898379184787,-0.020073659659208647,-0.0,-0.0,-0.0,-0.0,-0.0,-0.0
11.66,0.7536831332319117,-0.4520605335854502,0.045743604868911755,1.8937790919981694,-0.027947713104368797,0.7744353000785701,0.20850898379184787,-0.01998115545925823,-0.0,-0.0,-0.0,-0.0,-0.0,-0.0
11.67,0.7534838115436775,-0.4520605335854502,0.045743604868911755,1.8937790919981694,-0.027947713104368797,0.7744353000785701,0.20850898379184787,-0.0198820988155852,-0.0,-0.0,-0.0,-0.0,-0.0,-0.0
11.68,0.7532855127467956,-0.4520605335854502,0.045743604868911755,1.8937790919981694,-0.027947713104368797,0.7744353000785701,0.20850898379184787,-0.019776594878314242,-0.0,-0.0,-0.0,-0.0,-0.0,-0.0
11.69,0.7530883007802922,-0.4520605335854502,0.045743604868911755,1.8937790919981694,-0.027947713104368797,0.7744353000785701,0.20850898379184787,-0.019664750749825977,-0.0,-0.0,-0.0,-0.0,-0.0,-0.0
11.7,0.7528922385026553,-0.4520605335854502,0.045743604868911755,1.8937790919981694,-0.027947713104368797,0.7744353000785701,0.20850898379184787,-0.019546675425573305,-0.0,-0.0,-0.0,-0.0,-0.0,-0.0
11.71,0.7526973876732012,-0.4520605335854502,0.045743604868911755,1.8937790919981694,-0.027947713104368797,0.7744353000785701,0.20850898379184787,-0.019422479734320656,-0.0,-0.0,-0.0,-0.0,-0.0,-0.0
11.72,0.7525038089340432,-0.4520605335854502,0.045743604868911755,1.8937790919981694,-0.027947713104368797,0.7744353000785701,0.20850898379184787,-0.019292276277835155,-0.0,-0.0,-0.0,-0.0,-0.0,-0.0
11.73,0.7523115617926655,-0.4520605335854502,0.045743604868911755,1.8937790919981694,-0.027947713104368797,0.7744353000785701,0.20850898379184787,-0.019156179370058243,-0.0,-0.0,-0.0,-0.0,-0.0,-0.0
11.74,0.7521207046051069,-0.4520605335854502,0.045743604868911755,1.8937790919981694,-0.027947713104368797,0.7744353000785701,0.20850898379184787,-0.019014304975787665,-0.0,-0.0,-0.0,-0.0,-0.0,-0.0
11.75,0.7519312945597615,-0.4520605335854502,0.045743604868911755,1.8937790919981694,-0.027947713104368797,0.7744353000785701,0.20850898379184787,-0.01886677064889858,-0.0,-0.0,-0.0,-0.0,-0.0,-0.0
11.76,0.7517433876617979,-0.4520605335854502,0.045743604868911755,1.8937790919981694,-0.027947713104368797,0.7744353000785701,0.20850898379184787,-0.018713695470133497,-0.0,-0.0,-0.0,-0.0,-0.0,-0.0
11.77,0.7515570387182041,-0.4520605335854502,0.045743604868911755,1.8937790919981694,-0.027947713104368797,0.7744353000785701,0.20850898379184787,-0.01855519998449071,-0.0,-0.0,-0.0,-0.0,-0.0,-0.0
11.78,0.7513723013234588,-0.4520605335854502,0.045743604868911755,1.8937790919981694,-0.027947713104368797,0.7744353000785701,0.20850898379184787,-0.018391406138240505,-0.0,-0.0,-0.0,-0.0,-0.0,-0.0
11.79,0.7511892278458355,-0.4520605335854502,0.045743604868911755,1.8937790919981694,-0.027947713104368797,0.7744353000785701,0.20850898379184787,-0.0182224372155995,-0.0,-0.0,-0.0,-0.0,-0.0,-0.0
11.8,0.7510078694143408,-0.4520605335854502,0.045743604868911755,1.8937790919981694,-0.027947713104368797,0.7744353000785701,0.20850898379184787,-0.018048417775092605,-0.0,-0.0,-0.0,-0.0,-0.0,-0.0
11.81,0.7508282759062909,-0.4520605335854502,0.045743604868911755,1.8937790919981694,-0.027947713104368797,0.7744353000785701,0.20850898379184787,-0.01786947358563262,-0.0,-0.0,-0.0,-0.0,-0.0,-0.0
11.82,0.7506504959355278,-0.4520605335854502,0.045743604868911755,1.8937790919981694,-0.027947713104368797,0.7744353000785701,0.20850898379184787,-0.017685731562347363,-0.0,-0.0,-0.0,-0.0,-0.0,-0.0
11.83,0.7504745768412798,-0.4520605335854502,0.045743604868911755,1.8937790919981694,-0.027947713104368797,0.7744353000785701,0.20850898379184787,-0.01749731970218458,-0.0,-0.0,-0.0,-0.0,-0.0,-0.0
11.84,0.7503005646776656,-0.4520605335854502,0.045743604868911755,1.8937790919981694,-0.027947713104368797,0.7744353000785701,0.20850898379184787,-0.01730436701932462,-0.0,-0.0,-0.0,-0.0,-0.0,-0.0
11.85,0.7501285042038455,-0.4520605335854502,0.045743604868911755,1.8937790919981694,-0.027947713104368797,0.7744353000785701,0.20850898379184787,-0.017107003480430507,-0.0,-0.0,-0.0,-0.0,-0.0,-0.0
11.86,0.7499584388748209,-0.4520605335854502,0.045743604868911755,1.8937790919981694,-0.027947713104368797,0.7744353000785701,0.20850898379184787,-0.01690535993976621,-0.0,-0.0,-0.0,-0.0,-0.0,-0.0
11.87,0.7497904108328839,-0.4520605335854502,0.045743604868911755,1.8937790919981694,-0.027947713104368797,0.7744353000785701,0.20850898379184787,-0.016699568074212582,-0.0,-0.0,-0.0,-0.0,-0.0,-0.0
11.88,0.7496244608997151,-0.4520605335854502,0.045743604868911755,1.8937790919981694,-0.027947713104368797,0.7744353000785701,0.20850898379184787,-0.016489760318211,-0.0,-0.0,-0.0,-0.0,-0.0,-0.0
11.89,0.7494606285691345,-0.4520605335854502,0.045743604868911755,1.8937790919981694,-0.027947713104368797,0.7744353000785701,0.20850898379184787,-0.016276069798665322,-0.0,-0.0,-0.0,-0.0,-0.0,-0.0
11.9,0.7492989520005019,-0.4520605335854502,0.045743604868911755,1.8937790919981694,-0.027947713104368797,0.7744353000785701,0.20850898379184787,-0.016058630269830797,-0.0,-0.0,-0.0,-0.0,-0.0,-0.0
11.91,0.7491394680127691,-0.4520605335854502,0.045743604868911755,1.8937790919981694,-0.027947713104368797,0.7744353000785701,0.20850898379184787,-0.015837576048221325,-0.0,-0.0,-0.0,-0.0,-0.0,-0.0
11.92,0.7489822120791824,-0.4520605335854502,0.045743604868911755,1.8937790919981694,-0.027947713104368797,0.7744353000785701,0.20850898379184787,-0.015613041947563484,-0.0,-0.0,-0.0,-0.0,-0.0,-0.0
11.93,0.7488272183226355,-0.4520605335854502,0.045743604868911755,1.8937790919981694,-0.027947713104368797,0.7744353000785701,0.20850898379184787,-0.015385163213827994,-0.0,-0.0,-0.0,-0.0,-0.0,-0.0
11.94,0.7486745195116719,-0.4520605335854502,0.045743604868911755,1.8937790919981694,-0.027947713104368797,0.7744353000785701,0.20850898379184787,-0.015154075460367265,-0.0,-0.0,-0.0,-0.0,-0.0,-0.0
11.95,0.7485241470571338,-0.4520605335854502,0.045743604868911755,1.8937790919981694,-0.027947713104368797,0.7744353000785701,0.20850898379184787,-0.014919914603189284,-0.0,-0.0,-0.0,-0.0,-0.0,-0.0
11.96,0.7483761310094594,-0.4520605335854502,0.045743604868911755,1.8937790919981694,-0.027947713104368797,0.7744353000785701,0.20850898379184787,-0.01468281679639668,-0.0,-0.0,-0.0,-0.0,-0.0,-0.0
11.97,0.748230500056624,-0.4520605335854502,0.045743604868911755,1.8937790919981694,-0.027947713104368797,0.7744353000785701,0.20850898379184787,-0.014442918367820166,-0.0,-0.0,-0.0,-0.0,-0.0,-0.0
11.98,0.7480872815227226,-0.4520605335854502,0.045743604868911755,1.8937790919981694,-0.027947713104368797,0.7744353000785701,0.20850898379184787,-0.014200355754875243,-0.0,-0.0,-0.0,-0.0,-0.0,-0.0
11.99,0.7479465013671953,-0.4520605335854502,0.045743604868911755,1.8937790919981694,-0.027947713104368797,0.7744353000785701,0.20850898379184787,-0.013955265440671353,-0.0,-0.0,-0.0,-0.0,-0.0,-0.0
12.0,0.7478081841846871,-0.4520605335854502,0.045743604868911755,1.8937790919981694,-0.027947713104368797,0.7744353000785701,0.20850898379184787,-0.013707783890401889,-0.0,-0.0,-0.0,-0.0,-0.0,-0.0
12.01,0.7476723532055448,-0.4520605335854502,0.045743604868911755,1.8937790919981694,-0.027947713104368797,0.7744353000785701,0.20850898379184787,-0.013458047488043095,-0.0,-0.0,-0.0,-0.0,-0.0,-0.0
12.02,0.7475390302969442,-0.4520605335854502,0.045743604868911755,1.8937790919981694,-0.027947713104368797,0.7744353000785701,0.20850898379184787,-0.01320619247339081,-0.0,-0.0,-0.0,-0.0,-0.0,-0.0
12.03,0.7474082359646448,-0.4520605335854502,0.045743604868911755,1.8937790919981694,-0.027947713104368797,0.7744353000785701,0.20850898379184787,-0.012952354879462518,-0.0,-0.0,-0.0,-0.0,-0.0,-0.0
12.04,0.747279989355369,-0.4520605335854502,0.045743604868911755,1.8937790919981694,-0.027947713104368797,0.7744353000785701,0.20850898379184787,-0.012696670470292515,-0.0,-0.0,-0.0,-0.0,-0.0,-0.0
12.05,0.7471543082598019,-0.4520605335854502,0.045743604868911755,1.8937790919981694,-0.027947713104368797,0.7744353000785701,0.20850898379184787,-0.012439274679147804,-0.0,-0.0,-0.0,-0.0,-0.0,-0.0
12.06,0.7470312091162051,-0.4520605335854502,0.045743604868911755,1.8937790919981694,-0.027947713104368797,0.7744353000785701,0.20850898379184787,-0.012180302547192233,-0.0,-0.0,-0.0,-0.0,-0.0,-0.0
12.07,0.746910707014643,-0.4520605335854502,0.045743604868911755,1.8937790919981694,-0.027947713104368797,0.7744353000785701,0.20850898379184787,-0.011919888662624825,-0.0,-0.0,-0.0,-0.0,-0.0,-0.0
12.08,0.7467928157018147,-0.4520605335854502,0.045743604868911755,1.8937790919981694,-0.027947713104368797,0.7744353000785701,0.20850898379184787,-0.011658167100320317,-0.0,-0.0,-0.0,-0.0,-0.0,-0.0
12.09,0.7466775475864864,-0.4520605335854502,0.045743604868911755,1.8937790919981694,-0.027947713104368797,0.7744353000785701,0.20850898379184787,-0.011395271361997344,-0.0,-0.0,-0.0,-0.0,-0.0,-0.0
12.1,0.7465649137455204,-0.4520605335854502,0.045743604868911755,1.8937790919981694,-0.027947713104368797,0.7744353000785701,0.20850898379184787,-0.011131334316940824,-0.0,-0.0,-0.0,-0.0,-0.0,-0.0
12.11,0.746454923930493,-0.4520605335854502,0.045743604868911755,1.8937790919981694,-0.027947713104368797,0.7744353000785701,0.20850898379184787,-0.010866488143303767,-0.0,-0.0,-0.0,-0.0,-0.0,-0.0
12.12,0.7463475865748969,-0.4520605335854502,0.045743604868911755,1.8937790919981694,-0.027947713104368797,0.7744353000785701,0.20850898379184787,-0.010600864270014752,-0.0,-0.0,-0.0,-0.0,-0.0,-0.0
12.13,0.7462429088019215,-0.4520605335854502,0.045743604868911755,1.8937790919981694,-0.027947713104368797,0.7744353000785701,0.20850898379184787,-0.010334593319315133,-0.0,-0.0,-0.0,-0.0,-0.0,-0.0
12.14,0.7461408964328039,-0.4520605335854502,0.045743604868911755,1.8937790919981694,-0.027947713104368797,0.7744353000785701,0.20850898379184787,-0.01006780504995185,-0.0,-0.0,-0.0,-0.0,-0.0,-0.0
12.15,0.7460415539957458,-0.4520605335854502,0.045743604868911755,1.8937790919981694,-0.027947713104368797,0.7744353000785701,0.20850898379184787,-0.009800628301048914,-0.0,-0.0,-0.0,-0.0,-0.0,-0.0
12.16,0.7459448847353867,-0.4520605335854502,0.045743604868911755,1.8937790919981694,-0.027947713104368797,0.7744353000785701,0.20850898379184787,-0.009533190936682878,-0.0,-0.0,-0.0,-0.0,-0.0,-0.0
12.17,0.7458508906228288,-0.4520605335854502,0.045743604868911755,1.8937790919981694,-0.027947713104368797,0.7744353000785701,0.20850898379184787,-0.009265619791184749,-0.0,-0.0,-0.0,-0.0,-0.0,-0.0
12.18,0.745759572366205,-0.4520605335854502,0.045743604868911755,1.8937790919981694,-0.027947713104368797,0.7744353000785701,0.20850898379184787,-0.008998040615192354,-0.0,-0.0,-0.0,-0.0,-0.0,-0.0
12.19,0.7456709294217819,-0.4520605335854502,0.045743604868911755,1.8937790919981694,-0.027947713104368797,0.7744353000785701,0.20850898379184787,-0.008730578022475583,-0.0,-0.0,-0.0,-0.0,-0.0,-0.0
12.2,0.7455849600055916,-0.4520605335854502,0.045743604868911755,1.8937790919981694,-0.027947713104368797,0.7744353000785701,0.20850898379184787,-0.008463355437557052,-0.0,-0.0,-0.0,-0.0,-0.0,-0.0
12.21,0.7455016611055822,-0.4520605335854502,0.045743604868911755,1.8937790919981694,-0.027947713104368797,0.7744353000785701,0.20850898379184787,-0.008196495044149614,-0.0,-0.0,-0.0,-0.0,-0.0,-0.0
12.22,0.7454210284942806,-0.4520605335854502,0.045743604868911755,1.8937790919981694,-0.027947713104368797,0.7744353000785701,0.20850898379184787,-0.007930117734433854,-0.0,-0.0,-0.0,-0.0,-0.0,-0.0
12.23,0.7453430567419574,-0.4520605335854502,0.045743604868911755,1.8937790919981694,-0.027947713104368797,0.7744353000785701,0.20850898379184787,-0.007664343059193938,-0.0,-0.0,-0.0,-0.0,-0.0,-0.0
12.24,0.7452677392302872,-0.4520605335854502,0.045743604868911755,1.8937790919981694,-0.027947713104368797,0.7744353000785701,0.20850898379184787,-0.007399289178835454,-0.0,-0.0,-0.0,-0.0,-0.0,-0.0
12.25,0.745195068166493,-0.4520605335854502,0.045743604868911755,1.8937790919981694,-0.027947713104368797,0.7744353000785701,0.20850898379184787,-0.007135072815303345,-0.0,-0.0,-0.0,-0.0,-0.0,-0.0
12.26,0.7451250345979672,-0.4520605335854502,0.045743604868911755,1.8937790919981694,-0.027947713104368797,0.7744353000785701,0.20850898379184787,-0.006871809204920114,-0.0,-0.0,-0.0,-0.0,-0.0,-0.0
12.27,0.7450576284273606,-0.4520605335854502,0.045743604868911755,1.8937790919981694,-0.027947713104368797,0.7744353000785701,0.20850898379184787,-0.006609612052164499,-0.0,-0.0,-0.0,-0.0,-0.0,-0.0
12.28,0.744992838428127,-0.4520605335854502,0.045743604868911755,1.8937790919981694,-0.027947713104368797,0.7744353000785701,0.20850898379184787,-0.006348593484407915,-0.0,-0.0,-0.0,-0.0,-0.0,-0.0
12.29,0.7449306522605175,-0.4520605335854502,0.045743604868911755,1.8937790919981694,-0.027947713104368797,0.7744353000785701,0.20850898379184787,-0.006088864007627668,-0.0,-0.0,-0.0,-0.0,-0.0,-0.0
12.3,0.7448710564880106,-0.4520605335854502,0.045743604868911755,1.8937790919981694,-0.027947713104368797,0.7744353000785701,0.20850898379184787,-0.0058305324631151845,-0.0,-0.0,-0.0,-0.0,-0.0,-0.0
12.31,0.7448140365941722,-0.4520605335854502,0.045743604868911755,1.8937790919981694,-0.027947713104368797,0.7744353000785701,0.20850898379184787,-0.005573705985195615,-0.0,-0.0,-0.0,-0.0,-0.0,-0.0
12.32,0.7447595769999322,-0.4520605335854502,0.045743604868911755,1.8937790919981694,-0.027947713104368797,0.7744353000785701,0.20850898379184787,-0.00531848995997538,-0.0,-0.0,-0.0,-0.0,-0.0,-0.0
12.33,0.7447076610812684,-0.4520605335854502,0.045743604868911755,1.8937790919981694,-0.027947713104368797,0.7744353000785701,0.20850898379184787,-0.005064987985135554,-0.0,-0.0,-0.0,-0.0,-0.0,-0.0
12.34,0.7446582711872873,-0.4520605335854502,0.045743604868911755,1.8937790919981694,-0.027947713104368797,0.7744353000785701,0.20850898379184787,-0.004813301830784676,-0.0,-0.0,-0.0,-0.0,-0.0,-0.0
12.35,0.7446113886586915,-0.4520605335854502,0.045743604868911755,1.8937790919981694,-0.027947713104368797,0.7744353000785701,0.20850898379184787,-0.004563531401387306,-0.0,-0.0,-0.0,-0.0,-0.0,-0.0
12.36,0.7445669938466215,-0.4520605335854502,0.045743604868911755,1.8937790919981694,-0.027947713104368797,0.7744353000785701,0.20850898379184787,-0.00431577469878304,-0.0,-0.0,-0.0,-0.0,-0.0,-0.0
12.37,0.7445250661318628,-0.4520605335854502,0.045743604868911755,1.8937790919981694,-0.027947713104368797,0.7744353000785701,0.20850898379184787,-0.00407012778630944,-0.0,-0.0,-0.0,-0.0,-0.0,-0.0
12.38,0.744485583944405,-0.4520605335854502,0.045743604868911755,1.8937790919981694,-0.027947713104368797,0.7744353000785701,0.20850898379184787,-0.0038266847540423983,-0.0,-0.0,-0.0,-0.0,-0.0,-0.0
12.39,0.744448524783344,-0.4520605335854502,0.045743604868911755,1.8937790919981694,-0.027947713104368797,0.7744353000785701,0.20850898379184787,-0.0035855376851681936,-0.0,-0.0,-0.0,-0.0,-0.0,-0.0
12.4,0.7444138652371142,-0.4520605335854502,0.045743604868911755,1.8937790919981694,-0.027947713104368797,0.7744353000785701,0.20850898379184787,-0.003346776623497169,-0.0,-0.0,-0.0,-0.0,-0.0,-0.0
12.41,0.7443815810040396,-0.4520605335854502,0.045743604868911755,1.8937790919981694,-0.027947713104368797,0.7744353000785701,0.20850898379184787,-0.003110489542133625,-0.0,-0.0,-0.0,-0.0,-0.0,-0.0
12.42,0.744351646913193,-0.4520605335854502,0.045743604868911755,1.8937790919981694,-0.027947713104368797,0.7744353000785701,0.20850898379184787,-0.002876762313311149,-0.0,-0.0,-0.0,-0.0,-0.0,-0.0
12.43,0.7443240369455505,-0.4520605335854502,0.045743604868911755,1.8937790919981694,-0.027947713104368797,0.7744353000785701,0.20850898379184787,-0.002645678679405028,-0.0,-0.0,-0.0,-0.0,-0.0,-0.0
12.44,0.7442987242554301,-0.4520605335854502,0.045743604868911755,1.8937790919981694,-0.027947713104368797,0.7744353000785701,0.20850898379184787,-0.002417320225131344,-0.0,-0.0,-0.0,-0.0,-0.0,-0.0
12.45,0.7442756811922021,-0.4520605335854502,0.045743604868911755,1.8937790919981694,-0.027947713104368797,0.7744353000785701,0.20850898379184787,-0.002191766350943103,-0.0,-0.0,-0.0,-0.0,-0.0,-0.0
12.46,0.7442548793222601,-0.4520605335854502,0.045743604868911755,1.8937790919981694,-0.027947713104368797,0.7744353000785701,0.20850898379184787,-0.001969094247631134,-0.0,-0.0,-0.0,-0.0,-0.0,-0.0
12.47,0.7442362894512393,-0.4520605335854502,0.045743604868911755,1.8937790919981694,-0.027947713104368797,0.7744353000785701,0.20850898379184787,-0.0017493788721391122,-0.0,-0.0,-0.0,-0.0,-0.0,-0.0
12.48,0.7442198816464709,-0.4520605335854502,0.045743604868911755,1.8937790919981694,-0.027947713104368797,0.7744353000785701,0.20850898379184787,-0.0015326929245999797,-0.0,-0.0,-0.0,-0.0,-0.0,-0.0
12.49,0.74420562525966,-0.4520605335854502,0.045743604868911755,1.8937790919981694,-0.027947713104368797,0.7744353000785701,0.20850898379184787,-0.0013191068266007872,-0.0,-0.0,-0.0,-0.0,-0.0,-0.0
12.5,0.7441934889497743,-0.4520605335854502,0.045743604868911755,1.8937790919981694,-0.027947713104368797,0.7744353000785701,0.20850898379184787,-0.001108688700683261,-0.0,-0.0,-0.0,-0.0,-0.0,-0.0
12.51,0.7441834407061324,-0.4520605335854502,0.045743604868911755,1.8937790919981694,-0.027947713104368797,0.7744353000785701,0.20850898379184787,-0.0009015043510849937,-0.0,-0.0,-0.0,-0.0,-0.0,-0.0
12.52,0.7441754478716771,-0.4520605335854502,0.045743604868911755,1.8937790919981694,-0.027947713104368797,0.7744353000785701,0.20850898379184787,-0.0006976172457272952,-0.0,-0.0,-0.0,-0.0,-0.0,-0.0
12.53,0.7441694771664243,-0.4520605335854502,0.045743604868911755,1.8937790919981694,-0.027947713104368797,0.7744353000785701,0.20850898379184787,-0.0004970884994545459,-0.0,-0.0,-0.0,-0.0,-0.0,-0.0
12.54,0.7441654947110721,-0.4520605335854502,0.045743604868911755,1.8937790919981694,-0.027947713104368797,0.7744353000785701,0.20850898379184787,-0.0002999768585286887,-0.0,-0.0,-0.0,-0.0,-0.0,-0.0
12.55,0.7441634660507583,-0.4520605335854502,0.045743604868911755,1.8937790919981694,-0.027947713104368797,0.7744353000785701,0.20850898379184787,-0.00010633868638251443,-0.0,-0.0,-0.0,-0.0,-0.0,-0.0
12.56,0.7441633561789556,-0.4520605335854502,0.045743604868911755,1.8937790919981694,-0.027947713104368797,0.7744353000785701,0.20850898379184787,8.377204936448987e-05,0.0,0.0,0.0,0.0,0.0,0.0
12.57,0.7441651295614886,-0.4520605335854502,0.045743604868911755,1.8937790919981694,-0.027947713104368797,0.7744353000785701,0.20850898379184787,0.0002703037886269624,0.0,0.0,0.0,0.0,0.0,0.0
12.58,0.7441687501606631,-0.4520605335854502,0.045743604868911755,1.8937790919981694,-0.027947713104368797,0.7744353000785701,0.20850898379184787,0.00045320738930811733,0.0,0.0,0.0,0.0,0.0,0.0
12.59,0.7441741814594925,-0.4520605335854502,0.045743604868911755,1.8937790919981694,-0.027947713104368797,0.7744353000785701,0.20850898379184787,0.0006324361364869771,0.0,0.0,0.0,0.0,0.0,0.0
12.6,0.7441813864860104,-0.4520605335854502,0.045743604868911755,1.8937790919981694,-0.027947713104368797,0.7744353000785701,0.20850898379184787,0.0008079457503384487,0.0,0.0,0.0,0.0,0.0,0.0
12.61,0.744190327837656,-0.4520605335854502,0.045743604868911755,1.8937790919981694,-0.027947713104368797,0.7744353000785701,0.20850898379184787,0.000979694392785912,0.0,0.0,0.0,0.0,0.0,0.0
12.62,0.7442009677057193,-0.4520605335854502,0.045743604868911755,1.8937790919981694,-0.027947713104368797,0.7744353000785701,0.20850898379184787,0.0011476426728867124,0.0,0.0,0.0,0.0,0.0,0.0
12.63,0.7442132678998343,-0.4520605335854502,0.045743604868911755,1.8937790919981694,-0.027947713104368797,0.7744353000785701,0.20850898379184787,0.0013117536509526656,0.0,0.0,0.0,0.0,0.0,0.0
12.64,0.7442271898725068,-0.4520605335854502,0.045743604868911755,1.8937790919981694,-0.027947713104368797,0.7744353000785701,0.20850898379184787,0.0014719928414067844,0.0,0.0,0.0,0.0,0.0,0.0
12.65,0.7442426947436646,-0.4520605335854502,0.045743604868911755,1.8937790919981694,-0.027947713104368797,0.7744353000785701,0.20850898379184787,0.0016283282143790823,0.0,0.0,0.0,0.0,0.0,0.0
12.66,0.7442597433252172,-0.4520605335854502,0.045743604868911755,1.8937790919981694,-0.027947713104368797,0.7744353000785701,0.20850898379184787,0.001780730196044439,0.0,0.0,0.0,0.0,0.0,0.0
12.67,0.7442782961456129,-0.4520605335854502,0.045743604868911755,1.8937790919981694,-0.027947713104368797,0.7744353000785701,0.20850898379184787,0.001929171667706396,0.0,0.0,0.0,0.0,0.0,0.0
12.68,0.74429831347438,-0.4520605335854502,0.045743604868911755,1.8937790919981694,-0.027947713104368797,0.7744353000785701,0.20850898379184787,0.0020736279636307605,0.0,0.0,0.0,0.0,0.0,0.0
12.69,0.7443197553466407,-0.4520605335854502,0.045743604868911755,1.8937790919981694,-0.027947713104368797,0.7744353000785701,0.20850898379184787,0.002214076867634477,0.0,0.0,0.0,0.0,0.0,0.0
12.7,0.7443425815875844,-0.4520605335854502,0.045743604868911755,1.8937790919981694,-0.027947713104368797,0.7744353000785701,0.20850898379184787,0.0023504986084349477,0.0,0.0,0.0,0.0,0.0,0.0
12.71,0.7443667518368876,-0.4520605335854502,0.045743604868911755,1.8937790919981694,-0.027947713104368797,0.7744353000785701,0.20850898379184787,0.0024828758537655915,0.0,0.0,0.0,0.0,0.0,0.0
12.72,0.7443922255730709,-0.4520605335854502,0.045743604868911755,1.8937790919981694,-0.027947713104368797,0.7744353000785701,0.20850898379184787,0.002611193703264859,0.0,0.0,0.0,0.0,0.0,0.0
12.73,0.744418962137776,-0.4520605335854502,0.045743604868911755,1.8937790919981694,-0.027947713104368797,0.7744353000785701,0.20850898379184787,0.0027354396801454834,0.0,0.0,0.0,0.0,0.0,0.0
12.74,0.7444469207599556,-0.4520605335854502,0.045743604868911755,1.8937790919981694,-0.027947713104368797,0.7744353000785701,0.20850898379184787,0.002855603721651852,0.0,0.0,0.0,0.0,0.0,0.0
12.75,0.7444760605799605,-0.4520605335854502,0.045743604868911755,1.8937790919981694,-0.027947713104368797,0.7744353000785701,0.20850898379184787,0.002971678168314037,0.0,0.0,0.0,0.0,0.0,0.0
12.76,0.7445063406735143,-0.4520605335854502,0.045743604868911755,1.8937790919981694,-0.027947713104368797,0.7744353000785701,0.20850898379184787,0.0030836577520069646,0.0,0.0,0.0,0.0,0.0,0.0
12.77,0.7445377200755617,-0.4520605335854502,0.045743604868911755,1.8937790919981694,-0.027947713104368797,0.7744353000785701,0.20850898379184787,0.0031915395828247192,0.0,0.0,0.0,0.0,0.0,0.0
12.78,0.7445701578039803,-0.4520605335854502,0.045743604868911755,1.8937790919981694,-0.027947713104368797,0.7744353000785701,0.20850898379184787,0.0032953231347797422,0.0,0.0,0.0,0.0,0.0,0.0
12.79,0.7446036128831435,-0.4520605335854502,0.045743604868911755,1.8937790919981694,-0.027947713104368797,0.7744353000785701,0.20850898379184787,0.003395010230337313,0.0,0.0,0.0,0.0,0.0,0.0
12.8,0.744638044367323,-0.4520605335854502,0.045743604868911755,1.8937790919981694,-0.027947713104368797,0.7744353000785701,0.20850898379184787,0.0034906050237968347,0.0,0.0,0.0,0.0,0.0,0.0
12.81,0.7446734113639187,-0.4520605335854502,0.045743604868911755,1.8937790919981694,-0.027947713104368797,0.7744353000785701,0.20850898379184787,0.0035821139835312712,0.0,0.0,0.0,0.0,0.0,0.0
12.82,0.7447096730565068,-0.4520605335854502,0.045743604868911755,1.8937790919981694,-0.027947713104368797,0.7744353000785701,0.20850898379184787,0.0036695458730970176,0.0,0.0,0.0,0.0,0.0,0.0
12.83,0.7447467887276921,-0.4520605335854502,0.045743604868911755,1.8937790919981694,-0.027947713104368797,0.7744353000785701,0.20850898379184787,0.0037529117312268333,0.0,0.0,0.0,0.0,0.0,0.0
12.84,0.7447847177817546,-0.4520605335854502,0.045743604868911755,1.8937790919981694,-0.027947713104368797,0.7744353000785701,0.20850898379184787,0.003832224850719257,0.0,0.0,0.0,0.0,0.0,0.0
12.85,0.7448234197670811,-0.4520605335854502,0.045743604868911755,1.8937790919981694,-0.027947713104368797,0.7744353000785701,0.20850898379184787,0.003907500756237804,0.0,0.0,0.0,0.0,0.0,0.0
12.86,0.7448628543983675,-0.4520605335854502,0.045743604868911755,1.8937790919981694,-0.027947713104368797,0.7744353000785701,0.20850898379184787,0.003978757181034683,0.0,0.0,0.0,0.0,0.0,0.0
12.87,0.7449029815785845,-0.4520605335854502,0.045743604868911755,1.8937790919981694,-0.027947713104368797,0.7744353000785701,0.20850898379184787,0.004046014042613424,0.0,0.0,0.0,0.0,0.0,0.0
12.88,0.7449437614206934,-0.4520605335854502,0.045743604868911755,1.8937790919981694,-0.027947713104368797,0.7744353000785701,0.20850898379184787,0.004109293417345615,0.0,0.0,0.0,0.0,0.0,0.0
12.89,0.744985154269104,-0.4520605335854502,0.045743604868911755,1.8937790919981694,-0.027947713104368797,0.7744353000785701,0.20850898379184787,0.004168619514057563,0.0,0.0,0.0,0.0,0.0,0.0
12.9,0.7450271207208632,-0.4520605335854502,0.045743604868911755,1.8937790919981694,-0.027947713104368797,0.7744353000785701,0.20850898379184787,0.004224018646603112,0.0,0.0,0.0,0.0,0.0,0.0
12.91,0.745069621646563,-0.4520605335854502,0.045743604868911755,1.8937790919981694,-0.027947713104368797,0.7744353000785701,0.20850898379184787,0.0042755192054388606,0.0,0.0,0.0,0.0,0.0,0.0
12.92,0.7451126182109611,-0.4520605335854502,0.045743604868911755,1.8937790919981694,-0.027947713104368797,0.7744353000785701,0.20850898379184787,0.004323151628219262,0.0,0.0,0.0,0.0,0.0,0.0
12.93,0.7451560718933015,-0.4520605335854502,0.045743604868911755,1.8937790919981694,-0.027947713104368797,0.7744353000785701,0.20850898379184787,0.004366948369428925,0.0,0.0,0.0,0.0,0.0,0.0
12.94,0.7451999445073274,-0.4520605335854502,0.045743604868911755,1.8937790919981694,-0.027947713104368797,0.7744353000785701,0.20850898379184787,0.004406943869070019,0.0,0.0,0.0,0.0,0.0,0.0
12.95,0.7452441982209752,-0.4520605335854502,0.045743604868911755,1.8937790919981694,-0.027947713104368797,0.7744353000785701,0.20850898379184787,0.004443174520423275,0.0,0.0,0.0,0.0,0.0,0.0
12.96,0.7452887955757433,-0.4520605335854502,0.045743604868911755,1.8937790919981694,-0.027947713104368797,0.7744353000785701,0.20850898379184787,0.004475678636901407,0.0,0.0,0.0,0.0,0.0,0.0
12.97,0.745333699505723,-0.4520605335854502,0.045743604868911755,1.8937790919981694,-0.027947713104368797,0.7744353000785701,0.20850898379184787,0.004504496418013897,0.0,0.0,0.0,0.0,0.0,0.0
12.98,0.7453788733562864,-0.4520605335854502,0.045743604868911755,1.8937790919981694,-0.027947713104368797,0.7744353000785701,0.20850898379184787,0.004529669914463149,0.0,0.0,0.0,0.0,0.0,0.0
12.99,0.7454242809024195,-0.4520605335854502,0.045743604868911755,1.8937790919981694,-0.027947713104368797,0.7744353000785701,0.20850898379184787,0.004551242992391643,0.0,0.0,0.0,0.0,0.0,0.0
13.0,0.7454698863666956,-0.4520605335854502,0.045743604868911755,1.8937790919981694,-0.027947713104368797,0.7744353000785701,0.20850898379184787,0.004569261296800624,0.0,0.0,0.0,0.0,0.0,0.0
13.01,0.7455156544368762,-0.4520605335854502,0.045743604868911755,1.8937790919981694,-0.027947713104368797,0.7744353000785701,0.20850898379184787,0.004583772214161157,0.0,0.0,0.0,0.0,0.0,0.0
13.02,0.7455615502831363,-0.4520605335854502,0.045743604868911755,1.8937790919981694,-0.027947713104368797,0.7744353000785701,0.20850898379184787,0.004594824834238358,0.0,0.0,0.0,0.0,0.0,0.0
13.03,0.7456075395749032,-0.4520605335854502,0.045743604868911755,1.8937790919981694,-0.027947713104368797,0.7744353000785701,0.20850898379184787,0.004602469911150593,0.0,0.0,0.0,0.0,0.0,0.0
13.04,0.745653588497302,-0.4520605335854502,0.045743604868911755,1.8937790919981694,-0.027947713104368797,0.7744353000785701,0.20850898379184787,0.0046067598236851715,0.0,0.0,0.0,0.0,0.0,0.0
13.05,0.745699663767201,-0.4520605335854502,0.045743604868911755,1.8937790919981694,-0.027947713104368797,0.7744353000785701,0.20850898379184787,0.004607748534892754,0.0,0.0,0.0,0.0,0.0,0.0
13.06,0.7457457326488492,-0.4520605335854502,0.045743604868911755,1.8937790919981694,-0.027947713104368797,0.7744353000785701,0.20850898379184787,0.004605491550982916,0.0,0.0,0.0,0.0,0.0,0.0
13.07,0.7457917629691001,-0.4520605335854502,0.045743604868911755,1.8937790919981694,-0.027947713104368797,0.7744353000785701,0.20850898379184787,0.004600045879543523,0.0,0.0,0.0,0.0,0.0,0.0
13.08,0.7458377231322129,-0.4520605335854502,0.045743604868911755,1.8937790919981694,-0.027947713104368797,0.7744353000785701,0.20850898379184787,0.004591469987107041,0.0,0.0,0.0,0.0,0.0,0.0
13.09,0.7458835821342278,-0.4520605335854502,0.045743604868911755,1.8937790919981694,-0.027947713104368797,0.7744353000785701,0.20850898379184787,0.004579823756087011,0.0,0.0,0.0,0.0,0.0,0.0
13.1,0.7459293095769072,-0.4520605335854502,0.045743604868911755,1.8937790919981694,-0.027947713104368797,0.7744353000785701,0.20850898379184787,0.004565168441108264,0.0,0.0,0.0,0.0,0.0,0.0
13.11,0.7459748756812361,-0.4520605335854502,0.045743604868911755,1.8937790919981694,-0.027947713104368797,0.7744353000785701,0.20850898379184787,0.004547566624754849,0.0,0.0,0.0,0.0,0.0,0.0
13.12,0.7460202513004792,-0.4520605335854502,0.045743604868911755,1.8937790919981694,-0.027947713104368797,0.7744353000785701,0.20850898379184787,0.004527082172759522,0.0,0.0,0.0,0.0,0.0,0.0
13.13,0.7460654079327852,-0.4520605335854502,0.045743604868911755,1.8937790919981694,-0.027947713104368797,0.7744353000785701,0.20850898379184787,0.004503780188659379,0.0,0.0,0.0,0.0,0.0,0.0
13.14,0.7461103177333365,-0.4520605335854502,0.045743604868911755,1.8937790919981694,-0.027947713104368797,0.7744353000785701,0.20850898379184787,0.00447772696794201,0.0,0.0,0.0,0.0,0.0,0.0
13.15,0.7461549535260369,-0.4520605335854502,0.045743604868911755,1.8937790919981694,-0.027947713104368797,0.7744353000785701,0.20850898379184787,0.00444898995170692,0.0,0.0,0.0,0.0,0.0,0.0
13.16,0.7461992888147351,-0.4520605335854502,0.045743604868911755,1.8937790919981694,-0.027947713104368797,0.7744353000785701,0.20850898379184787,0.004417637679867363,0.0,0.0,0.0,0.0,0.0,0.0
13.17,0.7462432977939757,-0.4520605335854502,0.045743604868911755,1.8937790919981694,-0.027947713104368797,0.7744353000785701,0.20850898379184787,0.004383739743917485,0.0,0.0,0.0,0.0,0.0,0.0
13.18,0.7462869553592782,-0.4520605335854502,0.045743604868911755,1.8937790919981694,-0.027947713104368797,0.7744353000785701,0.20850898379184787,0.004347366739290345,0.0,0.0,0.0,0.0,0.0,0.0
13.19,0.7463302371169362,-0.4520605335854502,0.045743604868911755,1.8937790919981694,-0.027947713104368797,0.7744353000785701,0.20850898379184787,0.004308590217332029,0.0,0.0,0.0,0.0,0.0,0.0
13.2,0.7463731193933346,-0.4520605335854502,0.045743604868911755,1.8937790919981694,-0.027947713104368797,0.7744353000785701,0.20850898379184787,0.004267482636917833,0.0,0.0,0.0,0.0,0.0,0.0
13.21,0.746415579243782,-0.4520605335854502,0.045743604868911755,1.8937790919981694,-0.027947713104368797,0.7744353000785701,0.20850898379184787,0.004224117315735957,0.0,0.0,0.0,0.0,0.0,0.0
13.22,0.7464575944608538,-0.4520605335854502,0.045743604868911755,1.8937790919981694,-0.027947713104368797,0.7744353000785701,0.20850898379184787,0.004178568381264793,0.0,0.0,0.0,0.0,0.0,0.0
13.23,0.7464991435822439,-0.4520605335854502,0.045743604868911755,1.8937790919981694,-0.027947713104368797,0.7744353000785701,0.20850898379184787,0.004130910721469871,0.0,0.0,0.0,0.0,0.0,0.0
13.24,0.7465402058981216,-0.4520605335854502,0.045743604868911755,1.8937790919981694,-0.027947713104368797,0.7744353000785701,0.20850898379184787,0.004081219935246424,0.0,0.0,0.0,0.0,0.0,0.0
13.25,0.746580761457993,-0.4520605335854502,0.045743604868911755,1.8937790919981694,-0.027947713104368797,0.7744353000785701,0.20850898379184787,0.004029572282633826,0.0,0.0,0.0,0.0,0.0,0.0
13.26,0.7466207910770614,-0.4520605335854502,0.045743604868911755,1.8937790919981694,-0.027947713104368797,0.7744353000785701,0.20850898379184787,0.003976044634828382,0.0,0.0,0.0,0.0,0.0,0.0
13.27,0.7466602763420894,-0.4520605335854502,0.045743604868911755,1.8937790919981694,-0.027947713104368797,0.7744353000785701,0.20850898379184787,0.003920714424020447,0.0,0.0,0.0,0.0,0.0,0.0
13.28,0.7466991996167569,-0.4520605335854502,0.045743604868911755,1.8937790919981694,-0.027947713104368797,0.7744353000785701,0.20850898379184787,0.0038636595930826205,0.0,0.0,0.0,0.0,0.0,0.0
13.29,0.7467375440465155,-0.4520605335854502,0.045743604868911755,1.8937790919981694,-0.027947713104368797,0.7744353000785701,0.20850898379184787,0.0038049585451352384,0.0,0.0,0.0,0.0,0.0,0.0
13.3,0.7467752935629391,-0.4520605335854502,0.045743604868911755,1.8937790919981694,-0.027947713104368797,0.7744353000785701,0.20850898379184787,0.0037446900930157468,0.0,0.0,0.0,0.0,0.0,0.0
13.31,0.7468124328875675,-0.4520605335854502,0.045743604868911755,1.8937790919981694,-0.027947713104368797,0.7744353000785701,0.20850898379184787,0.003682933408678312,0.0,0.0,0.0,0.0,0.0,0.0
13.32,0.7468489475352448,-0.4520605335854502,0.045743604868911755,1.8937790919981694,-0.027947713104368797,0.7744353000785701,0.20850898379184787,0.0036197679725502195,0.0,0.0,0.0,0.0,0.0,0.0
13.33,0.7468848238169503,-0.4520605335854502,0.045743604868911755,1.8937790919981694,-0.027947713104368797,0.7744353000785701,0.20850898379184787,0.0035552735228715354,0.0,0.0,0.0,0.0,0.0,0.0
13.34,0.7469200488421243,-0.4520605335854502,0.045743604868911755,1.8937790919981694,-0.027947713104368797,0.7744353000785701,0.20850898379184787,0.0034895300050443987,0.0,0.0,0.0,0.0,0.0,0.0
13.35,0.7469546105204854,-0.4520605335854502,0.045743604868911755,1.8937790919981694,-0.027947713104368797,0.7744353000785701,0.20850898379184787,0.0034226175210184317,0.0,0.0,0.0,0.0,0.0,0.0
13.36,0.7469884975633443,-0.4520605335854502,0.045743604868911755,1.8937790919981694,-0.027947713104368797,0.7744353000785701,0.20850898379184787,0.0033546162787384004,0.0,0.0,0.0,0.0,0.0,0.0
13.37,0.7470216994844104,-0.4520605335854502,0.045743604868911755,1.8937790919981694,-0.027947713104368797,0.7744353000785701,0.20850898379184787,0.0032856065416808026,0.0,0.0,0.0,0.0,0.0,0.0
13.38,0.7470542066000958,-0.4520605335854502,0.045743604868911755,1.8937790919981694,-0.027947713104368797,0.7744353000785701,0.20850898379184787,0.0032156685785051493,0.0,0.0,0.0,0.0,0.0,0.0
13.39,0.7470860100293161,-0.4520605335854502,0.045743604868911755,1.8937790919981694,-0.027947713104368797,0.7744353000785701,0.20850898379184787,0.0031448826128462927,0.0,0.0,0.0,0.0,0.0,0.0
13.4,0.7471171016927892,-0.4520605335854502,0.045743604868911755,1.8937790919981694,-0.027947713104368797,0.7744353000785701,0.20850898379184787,0.0030733287732738765,0.0,0.0,0.0,0.0,0.0,0.0
13.41,0.7471474743118357,-0.4520605335854502,0.045743604868911755,1.8937790919981694,-0.027947713104368797,0.7744353000785701,0.20850898379184787,0.00300108704344462,0.0,0.0,0.0,0.0,0.0,0.0
13.42,0.7471771214066814,-0.4520605335854502,0.045743604868911755,1.8937790919981694,-0.027947713104368797,0.7744353000785701,0.20850898379184787,0.002928237212473243,0.0,0.0,0.0,0.0,0.0,0.0
13.43,0.7472060372942645,-0.4520605335854502,0.045743604868911755,1.8937790919981694,-0.027947713104368797,0.7744353000785701,0.20850898379184787,0.0028548588255479703,0.0,0.0,0.0,0.0,0.0,0.0
13.44,0.7472342170855509,-0.4520605335854502,0.045743604868911755,1.8937790919981694,-0.027947713104368797,0.7744353000785701,0.20850898379184787,0.002781031134815577,0.0,0.0,0.0,0.0,0.0,0.0
13.45,0.7472616566823591,-0.4520605335854502,0.045743604868911755,1.8937790919981694,-0.027947713104368797,0.7744353000785701,0.20850898379184787,0.0027068330505617697,0.0,0.0,0.0,0.0,0.0,0.0
13.46,0.747288352773699,-0.4520605335854502,0.045743604868911755,1.8937790919981694,-0.027947713104368797,0.7744353000785701,0.20850898379184787,0.0026323430927117945,0.0,0.0,0.0,0.0,0.0,0.0
13.47,0.7473143028316268,-0.4520605335854502,0.045743604868911755,1.8937790919981694,-0.027947713104368797,0.7744353000785701,0.20850898379184787,0.0025576393426764246,0.0,0.0,0.0,0.0,0.0,0.0
13.48,0.7473395051066215,-0.4520605335854502,0.045743604868911755,1.8937790919981694,-0.027947713104368797,0.7744353000785701,0.20850898379184787,0.0024827993955677356,0.0,0.0,0.0,0.0,0.0,0.0
13.49,0.7473639586224838,-0.4520605335854502,0.045743604868911755,1.8937790919981694,-0.027947713104368797,0.7744353000785701,0.20850898379184787,0.0024079003128097297,0.0,0.0,0.0,0.0,0.0,0.0
13.5,0.7473876631707644,-0.4520605335854502,0.045743604868911755,1.8937790919981694,-0.027947713104368797,0.7744353000785701,0.20850898379184787,0.0023330185751677846,0.0,0.0,0.0,0.0,0.0,0.0
13.51,0.7474106193047243,-0.4520605335854502,0.045743604868911755,1.8937790919981694,-0.027947713104368797,0.7744353000785701,0.20850898379184787,0.002258230036220988,0.0,0.0,0.0,0.0,0.0,0.0
13.52,0.7474328283328322,-0.4520605335854502,0.045743604868911755,1.8937790919981694,-0.027947713104368797,0.7744353000785701,0.20850898379184787,0.0021836098763016215,0.0,0.0,0.0,0.0,0.0,0.0
13.53,0.7474542923118037,-0.4520605335854502,0.045743604868911755,1.8937790919981694,-0.027947713104368797,0.7744353000785701,0.20850898379184787,0.00210923255692488,0.0,0.0,0.0,0.0,0.0,0.0
13.54,0.7474750140391878,-0.4520605335854502,0.045743604868911755,1.8937790919981694,-0.027947713104368797,0.7744353000785701,0.20850898379184787,0.0020351717757324107,0.0,0.0,0.0,0.0,0.0,0.0
13.55,0.7474949970455045,-0.4520605335854502,0.045743604868911755,1.8937790919981694,-0.027947713104368797,0.7744353000785701,0.20850898379184787,0.001961500421972911,0.0,0.0,0.0,0.0,0.0,0.0
13.56,0.7475142455859413,-0.4520605335854502,0.045743604868911755,1.8937790919981694,-0.027947713104368797,0.7744353000785701,0.20850898379184787,0.0018882905325420679,0.0,0.0,0.0,0.0,0.0,0.0
13.57,0.7475327646316113,-0.4520605335854502,0.045743604868911755,1.8937790919981694,-0.027947713104368797,0.7744353000785701,0.20850898379184787,0.0018156132486047826,0.0,0.0,0.0,0.0,0.0,0.0
13.58,0.7475505598603828,-0.4520605335854502,0.045743604868911755,1.8937790919981694,-0.027947713104368797,0.7744353000785701,0.20850898379184787,0.001743538772821529,0.0,0.0,0.0,0.0,0.0,0.0
13.59,0.7475676376472818,-0.4520605335854502,0.045743604868911755,1.8937790919981694,-0.027947713104368797,0.7744353000785701,0.20850898379184787,0.0016721363272007017,0.0,0.0,0.0,0.0,0.0,0.0
13.6,0.7475840050544783,-0.4520605335854502,0.045743604868911755,1.8937790919981694,-0.027947713104368797,0.7744353000785701,0.20850898379184787,0.0016014741115987425,0.0,0.0,0.0,0.0,0.0,0.0
13.61,0.7475996698208593,-0.4520605335854502,0.045743604868911755,1.8937790919981694,-0.027947713104368797,0.7744353000785701,0.20850898379184787,0.0015316192628887066,0.0,0.0,0.0,0.0,0.0,0.0
13.62,0.7476146403511985,-0.4520605335854502,0.045743604868911755,1.8937790919981694,-0.027947713104368797,0.7744353000785701,0.20850898379184787,0.0014626378148185604,0.0,0.0,0.0,0.0,0.0,0.0
13.63,0.7476289257049265,-0.4520605335854502,0.045743604868911755,1.8937790919981694,-0.027947713104368797,0.7744353000785701,0.20850898379184787,0.0013945946585792017,0.0,0.0,0.0,0.0,0.0,0.0
13.64,0.7476425355845114,-0.4520605335854502,0.045743604868911755,1.8937790919981694,-0.027947713104368797,0.7744353000785701,0.20850898379184787,0.0013275535041028354,0.0,0.0,0.0,0.0,0.0,0.0
13.65,0.7476554803234564,-0.4520605335854502,0.045743604868911755,1.8937790919981694,-0.027947713104368797,0.7744353000785701,0.20850898379184787,0.00126157684211065,0.0,0.0,0.0,0.0,0.0,0.0
13.66,0.74766777087392,-0.4520605335854502,0.045743604868911755,1.8937790919981694,-0.027947713104368797,0.7744353000785701,0.20850898379184787,0.001196725906929824,0.0,0.0,0.0,0.0,0.0,0.0
13.67,0.7476794187939705,-0.4520605335854502,0.045743604868911755,1.8937790919981694,-0.027947713104368797,0.7744353000785701,0.20850898379184787,0.0011330606400983187,0.0,0.0,0.0,0.0,0.0,0.0
13.68,0.7476904362344785,-0.4520605335854502,0.045743604868911755,1.8937790919981694,-0.027947713104368797,0.7744353000785701,0.20850898379184787,0.0010706396547759658,0.0,0.0,0.0,0.0,0.0,0.0
13.69,0.7477008359256596,-0.4520605335854502,0.045743604868911755,1.8937790919981694,-0.027947713104368797,0.7744353000785701,0.20850898379184787,0.0010095202009802388,0.0,0.0,0.0,0.0,0.0,0.0
13.7,0.747710631163272,-0.4520605335854502,0.045743604868911755,1.8937790919981694,-0.027947713104368797,0.7744353000785701,0.20850898379184787,0.0009497581316639475,0.0,0.0,0.0,0.0,0.0,0.0
13.71,0.7477198357944798,-0.4520605335854502,0.045743604868911755,1.8937790919981694,-0.027947713104368797,0.7744353000785701,0.20850898379184787,0.0008914078696522497,0.0,0.0,0.0,0.0,0.0,0.0
13.72,0.7477284642033903,-0.4520605335854502,0.045743604868911755,1.8937790919981694,-0.027947713104368797,0.7744353000785701,0.20850898379184787,0.0008345223754559698,0.0,0.0,0.0,0.0,0.0,0.0
13.73,0.7477365312962739,-0.4520605335854502,0.045743604868911755,1.8937790919981694,-0.027947713104368797,0.7744353000785701,0.20850898379184787,0.000779153115977047,0.0,0.0,0.0,0.0,0.0,0.0
13.74,0.7477440524864746,-0.4520605335854502,0.045743604868911755,1.8937790919981694,-0.027947713104368797,0.7744353000785701,0.20850898379184787,0.0007253500341223712,0.0,0.0,0.0,0.0,0.0,0.0
13.75,0.7477510436790225,-0.4520605335854502,0.045743604868911755,1.8937790919981694,-0.027947713104368797,0.7744353000785701,0.20850898379184787,0.0006731615193413815,0.0,0.0,0.0,0.0,0.0,0.0
13.76,0.7477575212549554,-0.4520605335854502,0.045743604868911755,1.8937790919981694,-0.027947713104368797,0.7744353000785701,0.20850898379184787,0.0006226343791020695,0.0,0.0,0.0,0.0,0.0,0.0
13.77,0.7477635020553611,-0.4520605335854502,0.045743604868911755,1.8937790919981694,-0.027947713104368797,0.7744353000785701,0.20850898379184787,0.000573813811320115,0.0,0.0,0.0,0.0,0.0,0.0
13.78,0.7477690033651472,-0.4520605335854502,0.045743604868911755,1.8937790919981694,-0.027947713104368797,0.7744353000785701,0.20850898379184787,0.0005267433777549906,0.0,0.0,0.0,0.0,0.0,0.0
13.79,0.7477740428965509,-0.4520605335854502,0.045743604868911755,1.8937790919981694,-0.027947713104368797,0.7744353000785701,0.20850898379184787,0.00048146497838651576,0.0,0.0,0.0,0.0,0.0,0.0
13.8,0.7477786387723975,-0.4520605335854502,0.045743604868911755,1.8937790919981694,-0.027947713104368797,0.7744353000785701,0.20850898379184787,0.00043801882678472654,0.0,0.0,0.0,0.0,0.0,0.0
13.81,0.7477828095091168,-0.4520605335854502,0.045743604868911755,1.8937790919981694,-0.027947713104368797,0.7744353000785701,0.20850898379184787,0.0003964434264858108,0.0,0.0,0.0,0.0,0.0,0.0
13.82,0.7477865739995294,-0.4520605335854502,0.045743604868911755,1.8937790919981694,-0.027947713104368797,0.7744353000785701,0.20850898379184787,0.000356775548385592,0.0,0.0,0.0,0.0,0.0,0.0
13.83,0.7477899514954114,-0.4520605335854502,0.045743604868911755,1.8937790919981694,-0.027947713104368797,0.7744353000785701,0.20850898379184787,0.00031905020916245464,0.0,0.0,0.0,0.0,0.0,0.0
13.84,0.7477929615898481,-0.4520605335854502,0.045743604868911755,1.8937790919981694,-0.027947713104368797,0.7744353000785701,0.20850898379184787,0.0002833006507403195,0.0,0.0,0.0,0.0,0.0,0.0
13.85,0.7477956241993892,-0.4520605335854502,0.045743604868911755,1.8937790919981694,-0.027947713104368797,0.7744353000785701,0.20850898379184787,0.00024955832080214883,0.0,0.0,0.0,0.0,0.0,0.0
13.86,0.7477979595460125,-0.4520605335854502,0.045743604868911755,1.8937790919981694,-0.027947713104368797,0.7744353000785701,0.20850898379184787,0.00021785285436377508,0.0,0.0,0.0,0.0,0.0,0.0
13.87,0.7477999881389099,-0.4520605335854502,0.045743604868911755,1.8937790919981694,-0.027947713104368797,0.7744353000785701,0.20850898379184787,0.00018821205641749727,0.0,0.0,0.0,0.0,0.0,0.0
13.88,0.747801730756105,-0.4520605335854502,0.045743604868911755,1.8937790919981694,-0.027947713104368797,0.7744353000785701,0.20850898379184787,0.00016066188565398945,0.0,0.0,0.0,0.0,0.0,0.0
13.89,0.7478032084259126,-0.4520605335854502,0.045743604868911755,1.8937790919981694,-0.027947713104368797,0.7744353000785701,0.20850898379184787,0.00013522643927094482,0.0,0.0,0.0,0.0,0.0,0.0
13.9,0.7478044424082535,-0.4520605335854502,0.045743604868911755,1.8937790919981694,-0.027947713104368797,0.7744353000785701,0.20850898379184787,0.00011192793887600163,0.0,0.0,0.0,0.0,0.0,0.0
13.91,0.7478054541758314,-0.4520605335854502,0.045743604868911755,1.8937790919981694,-0.027947713104368797,0.7744353000785701,0.20850898379184787,9.078671749108641e-05,0.0,0.0,0.0,0.0,0.0,0.0
13.92,0.7478062653951876,-0.4520605335854502,0.045743604868911755,1.8937790919981694,-0.027947713104368797,0.7744353000785701,0.20850898379184787,7.18212076648194e-05,0.0,0.0,0.0,0.0,0.0,0.0
13.93,0.747806897907641,-0.4520605335854502,0.045743604868911755,1.8937790919981694,-0.027947713104368797,0.7744353000785701,0.20850898379184787,5.5047930698833367e-05,0.0,0.0,0.0,0.0,0.0,0.0
13.94,0.7478073737101268,-0.4520605335854502,0.045743604868911755,1.8937790919981694,-0.027947713104368797,0.7744353000785701,0.20850898379184787,4.048148699356459e-05,0.0,0.0,0.0,0.0,0.0,0.0
13.95,0.7478077149359436,-0.4520605335854502,0.045743604868911755,1.8937790919981694,-0.027947713104368797,0.7744353000785701,0.20850898379184787,2.81345475183371e-05,0.0,0.0,0.0,0.0,0.0,0.0
13.96,0.747807943835421,-0.4520605335854502,0.045743604868911755,1.8937790919981694,-0.027947713104368797,0.7744353000785701,0.20850898379184787,1.801784641004419e-05,0.0,0.0,0.0,0.0,0.0,0.0
13.97,0.7478080827565196,-0.4520605335854502,0.045743604868911755,1.8937790919981694,-0.027947713104368797,0.7744353000785701,0.20850898379184787,1.0140174704163792e-05,0.0,0.0,0.0,0.0,0.0,0.0
13.98,0.7478081541253727,-0.4520605335854502,0.045743604868911755,1.8937790919981694,-0.027947713104368797,0.7744353000785701,0.20850898379184787,4.508375201272681e-06,0.0,0.0,0.0,0.0,0.0,0.0
13.99,0.7478081804267834,-0.4520605335854502,0.045743604868911755,1.8937790919981694,-0.027947713104368797,0.7744353000785701,0.20850898379184787,1.1273384716550833e-06,0.0,0.0,0.0,0.0,0.0,0.0
14.0,0.7478081841846871,-0.4520605335854502,0.045743604868911755,1.8937790919981694,-0.027947713104368797,0.7744353000785701,0.20850898379184787,2.467005958589381e-33,0.0,0.0,0.0,0.0,0.0,0.0
14.01,0.7478081841846871,-0.4520605335854502,0.045743604868911755,1.8937790919981694,-0.027947713104368797,0.7744353000785701,0.20850898379184787,2.467005958589381e-33,0.0,0.0,0.0,0.0,0.0,0.0
14.02,0.7478081841846871,-0.4520605335854502,0.045743604868911755,1.8937790919981694,-0.027947713104368797,0.7744353000785701,0.20850898379184787,2.467005958589381e-33,0.0,0.0,0.0,0.0,0.0,0.0
14.03,0.7478081841846871,-0.4520605335854502,0.045743604868911755,1.8937790919981694,-0.027947713104368797,0.7744353000785701,0.20850898379184787,2.467005958589381e-33,0.0,0.0,0.0,0.0,0.0,0.0
14.04,0.7478081841846871,-0.4520605335854502,0.045743604868911755,1.8937790919981694,-0.027947713104368797,0.7744353000785701,0.20850898379184787,2.467005958589381e-33,0.0,0.0,0.0,0.0,0.0,0.0
14.05,0.7478081841846871,-0.4520605335854502,0.045743604868911755,1.8937790919981694,-0.027947713104368797,0.7744353000785701,0.20850898379184787,2.467005958589381e-33,0.0,0.0,0.0,0.0,0.0,0.0
14.06,0.7478081841846871,-0.4520605335854502,0.045743604868911755,1.8937790919981694,-0.027947713104368797,0.7744353000785701,0.20850898379184787,2.467005958589381e-33,0.0,0.0,0.0,0.0,0.0,0.0
14.07,0.7478081841846871,-0.4520605335854502,0.045743604868911755,1.8937790919981694,-0.027947713104368797,0.7744353000785701,0.20850898379184787,2.467005958589381e-33,0.0,0.0,0.0,0.0,0.0,0.0
14.08,0.7478081841846871,-0.4520605335854502,0.045743604868911755,1.8937790919981694,-0.027947713104368797,0.7744353000785701,0.20850898379184787,2.467005958589381e-33,0.0,0.0,0.0,0.0,0.0,0.0
14.09,0.7478081841846871,-0.4520605335854502,0.045743604868911755,1.8937790919981694,-0.027947713104368797,0.7744353000785701,0.20850898379184787,2.467005958589381e-33,0.0,0.0,0.0,0.0,0.0,0.0
14.1,0.7478081841846871,-0.4520605335854502,0.045743604868911755,1.8937790919981694,-0.027947713104368797,0.7744353000785701,0.20850898379184787,2.467005958589381e-33,0.0,0.0,0.0,0.0,0.0,0.0
14.11,0.7478081841846871,-0.4520605335854502,0.045743604868911755,1.8937790919981694,-0.027947713104368797,0.7744353000785701,0.20850898379184787,2.467005958589381e-33,0.0,0.0,0.0,0.0,0.0,0.0
14.12,0.7478081841846871,-0.4520605335854502,0.045743604868911755,1.8937790919981694,-0.027947713104368797,0.7744353000785701,0.20850898379184787,2.467005958589381e-33,0.0,0.0,0.0,0.0,0.0,0.0
14.13,0.7478081841846871,-0.4520605335854502,0.045743604868911755,1.8937790919981694,-0.027947713104368797,0.7744353000785701,0.20850898379184787,2.467005958589381e-33,0.0,0.0,0.0,0.0,0.0,0.0
14.14,0.7478081841846871,-0.4520605335854502,0.045743604868911755,1.8937790919981694,-0.027947713104368797,0.7744353000785701,0.20850898379184787,2.467005958589381e-33,0.0,0.0,0.0,0.0,0.0,0.0
14.15,0.7478081841846871,-0.4520605335854502,0.045743604868911755,1.8937790919981694,-0.027947713104368797,0.7744353000785701,0.20850898379184787,2.467005958589381e-33,0.0,0.0,0.0,0.0,0.0,0.0
14.16,0.7478081841846871,-0.4520605335854502,0.045743604868911755,1.8937790919981694,-0.027947713104368797,0.7744353000785701,0.20850898379184787,2.467005958589381e-33,0.0,0.0,0.0,0.0,0.0,0.0
14.17,0.7478081841846871,-0.4520605335854502,0.045743604868911755,1.8937790919981694,-0.027947713104368797,0.7744353000785701,0.20850898379184787,2.467005958589381e-33,0.0,0.0,0.0,0.0,0.0,0.0
14.18,0.7478081841846871,-0.4520605335854502,0.045743604868911755,1.8937790919981694,-0.027947713104368797,0.7744353000785701,0.20850898379184787,2.467005958589381e-33,0.0,0.0,0.0,0.0,0.0,0.0
14.19,0.7478081841846871,-0.4520605335854502,0.045743604868911755,1.8937790919981694,-0.027947713104368797,0.7744353000785701,0.20850898379184787,2.467005958589381e-33,0.0,0.0,0.0,0.0,0.0,0.0
14.2,0.7478081841846871,-0.4520605335854502,0.045743604868911755,1.8937790919981694,-0.027947713104368797,0.7744353000785701,0.20850898379184787,2.467005958589381e-33,0.0,0.0,0.0,0.0,0.0,0.0
14.21,0.7478081841846871,-0.4520605335854502,0.045743604868911755,1.8937790919981694,-0.027947713104368797,0.7744353000785701,0.20850898379184787,2.467005958589381e-33,0.0,0.0,0.0,0.0,0.0,0.0
14.22,0.7478081841846871,-0.4520605335854502,0.045743604868911755,1.8937790919981694,-0.027947713104368797,0.7744353000785701,0.20850898379184787,2.467005958589381e-33,0.0,0.0,0.0,0.0,0.0,0.0
14.23,0.7478081841846871,-0.4520605335854502,0.045743604868911755,1.8937790919981694,-0.027947713104368797,0.7744353000785701,0.20850898379184787,2.467005958589381e-33,0.0,0.0,0.0,0.0,0.0,0.0
14.24,0.7478081841846871,-0.4520605335854502,0.045743604868911755,1.8937790919981694,-0.027947713104368797,0.7744353000785701,0.20850898379184787,2.467005958589381e-33,0.0,0.0,0.0,0.0,0.0,0.0
14.25,0.7478081841846871,-0.4520605335854502,0.045743604868911755,1.8937790919981694,-0.027947713104368797,0.7744353000785701,0.20850898379184787,2.467005958589381e-33,0.0,0.0,0.0,0.0,0.0,0.0
14.26,0.7478081841846871,-0.4520605335854502,0.045743604868911755,1.8937790919981694,-0.027947713104368797,0.7744353000785701,0.20850898379184787,2.467005958589381e-33,0.0,0.0,0.0,0.0,0.0,0.0
14.27,0.7478081841846871,-0.4520605335854502,0.045743604868911755,1.8937790919981694,-0.027947713104368797,0.7744353000785701,0.20850898379184787,2.467005958589381e-33,0.0,0.0,0.0,0.0,0.0,0.0
14.28,0.7478081841846871,-0.4520605335854502,0.045743604868911755,1.8937790919981694,-0.027947713104368797,0.7744353000785701,0.20850898379184787,2.467005958589381e-33,0.0,0.0,0.0,0.0,0.0,0.0
14.29,0.7478081841846871,-0.4520605335854502,0.045743604868911755,1.8937790919981694,-0.027947713104368797,0.7744353000785701,0.20850898379184787,2.467005958589381e-33,0.0,0.0,0.0,0.0,0.0,0.0
14.3,0.7478081841846871,-0.4520605335854502,0.045743604868911755,1.8937790919981694,-0.027947713104368797,0.7744353000785701,0.20850898379184787,2.467005958589381e-33,0.0,0.0,0.0,0.0,0.0,0.0
14.31,0.7478081841846871,-0.4520605335854502,0.045743604868911755,1.8937790919981694,-0.027947713104368797,0.7744353000785701,0.20850898379184787,2.467005958589381e-33,0.0,0.0,0.0,0.0,0.0,0.0
14.32,0.7478081841846871,-0.4520605335854502,0.045743604868911755,1.8937790919981694,-0.027947713104368797,0.7744353000785701,0.20850898379184787,2.467005958589381e-33,0.0,0.0,0.0,0.0,0.0,0.0
14.33,0.7478081841846871,-0.4520605335854502,0.045743604868911755,1.8937790919981694,-0.027947713104368797,0.7744353000785701,0.20850898379184787,2.467005958589381e-33,0.0,0.0,0.0,0.0,0.0,0.0
14.34,0.7478081841846871,-0.4520605335854502,0.045743604868911755,1.8937790919981694,-0.027947713104368797,0.7744353000785701,0.20850898379184787,2.467005958589381e-33,0.0,0.0,0.0,0.0,0.0,0.0
14.35,0.7478081841846871,-0.4520605335854502,0.045743604868911755,1.8937790919981694,-0.027947713104368797,0.7744353000785701,0.20850898379184787,2.467005958589381e-33,0.0,0.0,0.0,0.0,0.0,0.0
14.36,0.7478081841846871,-0.4520605335854502,0.045743604868911755,1.8937790919981694,-0.027947713104368797,0.7744353000785701,0.20850898379184787,2.467005958589381e-33,0.0,0.0,0.0,0.0,0.0,0.0
14.37,0.7478081841846871,-0.4520605335854502,0.045743604868911755,1.8937790919981694,-0.027947713104368797,0.7744353000785701,0.20850898379184787,2.467005958589381e-33,0.0,0.0,0.0,0.0,0.0,0.0
14.38,0.7478081841846871,-0.4520605335854502,0.045743604868911755,1.8937790919981694,-0.027947713104368797,0.7744353000785701,0.20850898379184787,2.467005958589381e-33,0.0,0.0,0.0,0.0,0.0,0.0
14.39,0.7478081841846871,-0.4520605335854502,0.045743604868911755,1.8937790919981694,-0.027947713104368797,0.7744353000785701,0.20850898379184787,2.467005958589381e-33,0.0,0.0,0.0,0.0,0.0,0.0
14.4,0.7478081841846871,-0.4520605335854502,0.045743604868911755,1.8937790919981694,-0.027947713104368797,0.7744353000785701,0.20850898379184787,2.467005958589381e-33,0.0,0.0,0.0,0.0,0.0,0.0
14.41,0.7478081841846871,-0.4520605335854502,0.045743604868911755,1.8937790919981694,-0.027947713104368797,0.7744353000785701,0.20850898379184787,2.467005958589381e-33,0.0,0.0,0.0,0.0,0.0,0.0
14.42,0.7478081841846871,-0.4520605335854502,0.045743604868911755,1.8937790919981694,-0.027947713104368797,0.7744353000785701,0.20850898379184787,2.467005958589381e-33,0.0,0.0,0.0,0.0,0.0,0.0
14.43,0.7478081841846871,-0.4520605335854502,0.045743604868911755,1.8937790919981694,-0.027947713104368797,0.7744353000785701,0.20850898379184787,2.467005958589381e-33,0.0,0.0,0.0,0.0,0.0,0.0
14.44,0.7478081841846871,-0.4520605335854502,0.045743604868911755,1.8937790919981694,-0.027947713104368797,0.7744353000785701,0.20850898379184787,2.467005958589381e-33,0.0,0.0,0.0,0.0,0.0,0.0
14.45,0.7478081841846871,-0.4520605335854502,0.045743604868911755,1.8937790919981694,-0.027947713104368797,0.7744353000785701,0.20850898379184787,2.467005958589381e-33,0.0,0.0,0.0,0.0,0.0,0.0
14.46,0.7478081841846871,-0.4520605335854502,0.045743604868911755,1.8937790919981694,-0.027947713104368797,0.7744353000785701,0.20850898379184787,2.467005958589381e-33,0.0,0.0,0.0,0.0,0.0,0.0
14.47,0.7478081841846871,-0.4520605335854502,0.045743604868911755,1.8937790919981694,-0.027947713104368797,0.7744353000785701,0.20850898379184787,2.467005958589381e-33,0.0,0.0,0.0,0.0,0.0,0.0
14.48,0.7478081841846871,-0.4520605335854502,0.045743604868911755,1.8937790919981694,-0.027947713104368797,0.7744353000785701,0.20850898379184787,2.467005958589381e-33,0.0,0.0,0.0,0.0,0.0,0.0
14.49,0.7478081841846871,-0.4520605335854502,0.045743604868911755,1.8937790919981694,-0.027947713104368797,0.7744353000785701,0.20850898379184787,2.467005958589381e-33,0.0,0.0,0.0,0.0,0.0,0.0
14.5,0.7478081841846871,-0.4520605335854502,0.045743604868911755,1.8937790919981694,-0.027947713104368797,0.7744353000785701,0.20850898379184787,2.467005958589381e-33,0.0,0.0,0.0,0.0,0.0,0.0
14.51,0.7478081841846871,-0.4520605335854502,0.045743604868911755,1.8937790919981694,-0.027947713104368797,0.7744353000785701,0.20850898379184787,2.467005958589381e-33,0.0,0.0,0.0,0.0,0.0,0.0
14.52,0.7478081841846871,-0.4520605335854502,0.045743604868911755,1.8937790919981694,-0.027947713104368797,0.7744353000785701,0.20850898379184787,2.467005958589381e-33,0.0,0.0,0.0,0.0,0.0,0.0
14.53,0.7478081841846871,-0.4520605335854502,0.045743604868911755,1.8937790919981694,-0.027947713104368797,0.7744353000785701,0.20850898379184787,2.467005958589381e-33,0.0,0.0,0.0,0.0,0.0,0.0
14.54,0.7478081841846871,-0.4520605335854502,0.045743604868911755,1.8937790919981694,-0.027947713104368797,0.7744353000785701,0.20850898379184787,2.467005958589381e-33,0.0,0.0,0.0,0.0,0.0,0.0
14.55,0.7478081841846871,-0.4520605335854502,0.045743604868911755,1.8937790919981694,-0.027947713104368797,0.7744353000785701,0.20850898379184787,2.467005958589381e-33,0.0,0.0,0.0,0.0,0.0,0.0
14.56,0.7478081841846871,-0.4520605335854502,0.045743604868911755,1.8937790919981694,-0.027947713104368797,0.7744353000785701,0.20850898379184787,2.467005958589381e-33,0.0,0.0,0.0,0.0,0.0,0.0
14.57,0.7478081841846871,-0.4520605335854502,0.045743604868911755,1.8937790919981694,-0.027947713104368797,0.7744353000785701,0.20850898379184787,2.467005958589381e-33,0.0,0.0,0.0,0.0,0.0,0.0
14.58,0.7478081841846871,-0.4520605335854502,0.045743604868911755,1.8937790919981694,-0.027947713104368797,0.7744353000785701,0.20850898379184787,2.467005958589381e-33,0.0,0.0,0.0,0.0,0.0,0.0
14.59,0.7478081841846871,-0.4520605335854502,0.045743604868911755,1.8937790919981694,-0.027947713104368797,0.7744353000785701,0.20850898379184787,2.467005958589381e-33,0.0,0.0,0.0,0.0,0.0,0.0
14.6,0.7478081841846871,-0.4520605335854502,0.045743604868911755,1.8937790919981694,-0.027947713104368797,0.7744353000785701,0.20850898379184787,2.467005958589381e-33,0.0,0.0,0.0,0.0,0.0,0.0
14.61,0.7478081841846871,-0.4520605335854502,0.045743604868911755,1.8937790919981694,-0.027947713104368797,0.7744353000785701,0.20850898379184787,2.467005958589381e-33,0.0,0.0,0.0,0.0,0.0,0.0
14.62,0.7478081841846871,-0.4520605335854502,0.045743604868911755,1.8937790919981694,-0.027947713104368797,0.7744353000785701,0.20850898379184787,2.467005958589381e-33,0.0,0.0,0.0,0.0,0.0,0.0
14.63,0.7478081841846871,-0.4520605335854502,0.045743604868911755,1.8937790919981694,-0.027947713104368797,0.7744353000785701,0.20850898379184787,2.467005958589381e-33,0.0,0.0,0.0,0.0,0.0,0.0
14.64,0.7478081841846871,-0.4520605335854502,0.045743604868911755,1.8937790919981694,-0.027947713104368797,0.7744353000785701,0.20850898379184787,2.467005958589381e-33,0.0,0.0,0.0,0.0,0.0,0.0
14.65,0.7478081841846871,-0.4520605335854502,0.045743604868911755,1.8937790919981694,-0.027947713104368797,0.7744353000785701,0.20850898379184787,2.467005958589381e-33,0.0,0.0,0.0,0.0,0.0,0.0
14.66,0.7478081841846871,-0.4520605335854502,0.045743604868911755,1.8937790919981694,-0.027947713104368797,0.7744353000785701,0.20850898379184787,2.467005958589381e-33,0.0,0.0,0.0,0.0,0.0,0.0
14.67,0.7478081841846871,-0.4520605335854502,0.045743604868911755,1.8937790919981694,-0.027947713104368797,0.7744353000785701,0.20850898379184787,2.467005958589381e-33,0.0,0.0,0.0,0.0,0.0,0.0
14.68,0.7478081841846871,-0.4520605335854502,0.045743604868911755,1.8937790919981694,-0.027947713104368797,0.7744353000785701,0.20850898379184787,2.467005958589381e-33,0.0,0.0,0.0,0.0,0.0,0.0
14.69,0.7478081841846871,-0.4520605335854502,0.045743604868911755,1.8937790919981694,-0.027947713104368797,0.7744353000785701,0.20850898379184787,2.467005958589381e-33,0.0,0.0,0.0,0.0,0.0,0.0
14.7,0.7478081841846871,-0.4520605335854502,0.045743604868911755,1.8937790919981694,-0.027947713104368797,0.7744353000785701,0.20850898379184787,2.467005958589381e-33,0.0,0.0,0.0,0.0,0.0,0.0
14.71,0.7478081841846871,-0.4520605335854502,0.045743604868911755,1.8937790919981694,-0.027947713104368797,0.7744353000785701,0.20850898379184787,2.467005958589381e-33,0.0,0.0,0.0,0.0,0.0,0.0
14.72,0.7478081841846871,-0.4520605335854502,0.045743604868911755,1.8937790919981694,-0.027947713104368797,0.7744353000785701,0.20850898379184787,2.467005958589381e-33,0.0,0.0,0.0,0.0,0.0,0.0
14.73,0.7478081841846871,-0.4520605335854502,0.045743604868911755,1.8937790919981694,-0.027947713104368797,0.7744353000785701,0.20850898379184787,2.467005958589381e-33,0.0,0.0,0.0,0.0,0.0,0.0
14.74,0.7478081841846871,-0.4520605335854502,0.045743604868911755,1.8937790919981694,-0.027947713104368797,0.7744353000785701,0.20850898379184787,2.467005958589381e-33,0.0,0.0,0.0,0.0,0.0,0.0
14.75,0.7478081841846871,-0.4520605335854502,0.045743604868911755,1.8937790919981694,-0.027947713104368797,0.7744353000785701,0.20850898379184787,2.467005958589381e-33,0.0,0.0,0.0,0.0,0.0,0.0
14.76,0.7478081841846871,-0.4520605335854502,0.045743604868911755,1.8937790919981694,-0.027947713104368797,0.7744353000785701,0.20850898379184787,2.467005958589381e-33,0.0,0.0,0.0,0.0,0.0,0.0
14.77,0.7478081841846871,-0.4520605335854502,0.045743604868911755,1.8937790919981694,-0.027947713104368797,0.7744353000785701,0.20850898379184787,2.467005958589381e-33,0.0,0.0,0.0,0.0,0.0,0.0
14.78,0.7478081841846871,-0.4520605335854502,0.045743604868911755,1.8937790919981694,-0.027947713104368797,0.7744353000785701,0.20850898379184787,2.467005958589381e-33,0.0,0.0,0.0,0.0,0.0,0.0
14.79,0.7478081841846871,-0.4520605335854502,0.045743604868911755,1.8937790919981694,-0.027947713104368797,0.7744353000785701,0.20850898379184787,2.467005958589381e-33,0.0,0.0,0.0,0.0,0.0,0.0
14.8,0.7478081841846871,-0.4520605335854502,0.045743604868911755,1.8937790919981694,-0.027947713104368797,0.7744353000785701,0.20850898379184787,2.467005958589381e-33,0.0,0.0,0.0,0.0,0.0,0.0
14.81,0.7478081841846871,-0.4520605335854502,0.045743604868911755,1.8937790919981694,-0.027947713104368797,0.7744353000785701,0.20850898379184787,2.467005958589381e-33,0.0,0.0,0.0,0.0,0.0,0.0
14.82,0.7478081841846871,-0.4520605335854502,0.045743604868911755,1.8937790919981694,-0.027947713104368797,0.7744353000785701,0.20850898379184787,2.467005958589381e-33,0.0,0.0,0.0,0.0,0.0,0.0
14.83,0.7478081841846871,-0.4520605335854502,0.045743604868911755,1.8937790919981694,-0.027947713104368797,0.7744353000785701,0.20850898379184787,2.467005958589381e-33,0.0,0.0,0.0,0.0,0.0,0.0
14.84,0.7478081841846871,-0.4520605335854502,0.045743604868911755,1.8937790919981694,-0.027947713104368797,0.7744353000785701,0.20850898379184787,2.467005958589381e-33,0.0,0.0,0.0,0.0,0.0,0.0
14.85,0.7478081841846871,-0.4520605335854502,0.045743604868911755,1.8937790919981694,-0.027947713104368797,0.7744353000785701,0.20850898379184787,2.467005958589381e-33,0.0,0.0,0.0,0.0,0.0,0.0
14.86,0.7478081841846871,-0.4520605335854502,0.045743604868911755,1.8937790919981694,-0.027947713104368797,0.7744353000785701,0.20850898379184787,2.467005958589381e-33,0.0,0.0,0.0,0.0,0.0,0.0
14.87,0.7478081841846871,-0.4520605335854502,0.045743604868911755,1.8937790919981694,-0.027947713104368797,0.7744353000785701,0.20850898379184787,2.467005958589381e-33,0.0,0.0,0.0,0.0,0.0,0.0
14.88,0.7478081841846871,-0.4520605335854502,0.045743604868911755,1.8937790919981694,-0.027947713104368797,0.7744353000785701,0.20850898379184787,2.467005958589381e-33,0.0,0.0,0.0,0.0,0.0,0.0
14.89,0.7478081841846871,-0.4520605335854502,0.045743604868911755,1.8937790919981694,-0.027947713104368797,0.7744353000785701,0.20850898379184787,2.467005958589381e-33,0.0,0.0,0.0,0.0,0.0,0.0
14.9,0.7478081841846871,-0.4520605335854502,0.045743604868911755,1.8937790919981694,-0.027947713104368797,0.7744353000785701,0.20850898379184787,2.467005958589381e-33,0.0,0.0,0.0,0.0,0.0,0.0
14.91,0.7478081841846871,-0.4520605335854502,0.045743604868911755,1.8937790919981694,-0.027947713104368797,0.7744353000785701,0.20850898379184787,2.467005958589381e-33,0.0,0.0,0.0,0.0,0.0,0.0
14.92,0.7478081841846871,-0.4520605335854502,0.045743604868911755,1.8937790919981694,-0.027947713104368797,0.7744353000785701,0.20850898379184787,2.467005958589381e-33,0.0,0.0,0.0,0.0,0.0,0.0
14.93,0.7478081841846871,-0.4520605335854502,0.045743604868911755,1.8937790919981694,-0.027947713104368797,0.7744353000785701,0.20850898379184787,2.467005958589381e-33,0.0,0.0,0.0,0.0,0.0,0.0
14.94,0.7478081841846871,-0.4520605335854502,0.045743604868911755,1.8937790919981694,-0.027947713104368797,0.7744353000785701,0.20850898379184787,2.467005958589381e-33,0.0,0.0,0.0,0.0,0.0,0.0
14.95,0.7478081841846871,-0.4520605335854502,0.045743604868911755,1.8937790919981694,-0.027947713104368797,0.7744353000785701,0.20850898379184787,2.467005958589381e-33,0.0,0.0,0.0,0.0,0.0,0.0
14.96,0.7478081841846871,-0.4520605335854502,0.045743604868911755,1.8937790919981694,-0.027947713104368797,0.7744353000785701,0.20850898379184787,2.467005958589381e-33,0.0,0.0,0.0,0.0,0.0,0.0
14.97,0.7478081841846871,-0.4520605335854502,0.045743604868911755,1.8937790919981694,-0.027947713104368797,0.7744353000785701,0.20850898379184787,2.467005958589381e-33,0.0,0.0,0.0,0.0,0.0,0.0
14.98,0.7478081841846871,-0.4520605335854502,0.045743604868911755,1.8937790919981694,-0.027947713104368797,0.7744353000785701,0.20850898379184787,2.467005958589381e-33,0.0,0.0,0.0,0.0,0.0,0.0
14.99,0.7478081841846871,-0.4520605335854502,0.045743604868911755,1.8937790919981694,-0.027947713104368797,0.7744353000785701,0.20850898379184787,2.467005958589381e-33,0.0,0.0,0.0,0.0,0.0,0.0
15.0,0.7478081841846871,-0.4520605335854502,0.045743604868911755,1.8937790919981694,-0.027947713104368797,0.7744353000785701,0.20850898379184787,2.467005958589381e-33,0.0,0.0,0.0,0.0,0.0,0.0
15.01,0.7478081841846871,-0.4520605335854502,0.045743604868911755,1.8937790919981694,-0.027947713104368797,0.7744353000785701,0.20850898379184787,2.467005958589381e-33,0.0,0.0,0.0,0.0,0.0,0.0
15.02,0.7478081841846871,-0.4520605335854502,0.045743604868911755,1.8937790919981694,-0.027947713104368797,0.7744353000785701,0.20850898379184787,2.467005958589381e-33,0.0,0.0,0.0,0.0,0.0,0.0
15.03,0.7478081841846871,-0.4520605335854502,0.045743604868911755,1.8937790919981694,-0.027947713104368797,0.7744353000785701,0.20850898379184787,2.467005958589381e-33,0.0,0.0,0.0,0.0,0.0,0.0
15.04,0.7478081841846871,-0.4520605335854502,0.045743604868911755,1.8937790919981694,-0.027947713104368797,0.7744353000785701,0.20850898379184787,2.467005958589381e-33,0.0,0.0,0.0,0.0,0.0,0.0
15.05,0.7478081841846871,-0.4520605335854502,0.045743604868911755,1.8937790919981694,-0.027947713104368797,0.7744353000785701,0.20850898379184787,2.467005958589381e-33,0.0,0.0,0.0,0.0,0.0,0.0
15.06,0.7478081841846871,-0.4520605335854502,0.045743604868911755,1.8937790919981694,-0.027947713104368797,0.7744353000785701,0.20850898379184787,2.467005958589381e-33,0.0,0.0,0.0,0.0,0.0,0.0
15.07,0.7478081841846871,-0.4520605335854502,0.045743604868911755,1.8937790919981694,-0.027947713104368797,0.7744353000785701,0.20850898379184787,2.467005958589381e-33,0.0,0.0,0.0,0.0,0.0,0.0
15.08,0.7478081841846871,-0.4520605335854502,0.045743604868911755,1.8937790919981694,-0.027947713104368797,0.7744353000785701,0.20850898379184787,2.467005958589381e-33,0.0,0.0,0.0,0.0,0.0,0.0
15.09,0.7478081841846871,-0.4520605335854502,0.045743604868911755,1.8937790919981694,-0.027947713104368797,0.7744353000785701,0.20850898379184787,2.467005958589381e-33,0.0,0.0,0.0,0.0,0.0,0.0
15.1,0.7478081841846871,-0.4520605335854502,0.045743604868911755,1.8937790919981694,-0.027947713104368797,0.7744353000785701,0.20850898379184787,2.467005958589381e-33,0.0,0.0,0.0,0.0,0.0,0.0
15.11,0.7478081841846871,-0.4520605335854502,0.045743604868911755,1.8937790919981694,-0.027947713104368797,0.7744353000785701,0.20850898379184787,2.467005958589381e-33,0.0,0.0,0.0,0.0,0.0,0.0
15.12,0.7478081841846871,-0.4520605335854502,0.045743604868911755,1.8937790919981694,-0.027947713104368797,0.7744353000785701,0.20850898379184787,2.467005958589381e-33,0.0,0.0,0.0,0.0,0.0,0.0
15.13,0.7478081841846871,-0.4520605335854502,0.045743604868911755,1.8937790919981694,-0.027947713104368797,0.7744353000785701,0.20850898379184787,2.467005958589381e-33,0.0,0.0,0.0,0.0,0.0,0.0
15.14,0.7478081841846871,-0.4520605335854502,0.045743604868911755,1.8937790919981694,-0.027947713104368797,0.7744353000785701,0.20850898379184787,2.467005958589381e-33,0.0,0.0,0.0,0.0,0.0,0.0
15.15,0.7478081841846871,-0.4520605335854502,0.045743604868911755,1.8937790919981694,-0.027947713104368797,0.7744353000785701,0.20850898379184787,2.467005958589381e-33,0.0,0.0,0.0,0.0,0.0,0.0
15.16,0.7478081841846871,-0.4520605335854502,0.045743604868911755,1.8937790919981694,-0.027947713104368797,0.7744353000785701,0.20850898379184787,2.467005958589381e-33,0.0,0.0,0.0,0.0,0.0,0.0
15.17,0.7478081841846871,-0.4520605335854502,0.045743604868911755,1.8937790919981694,-0.027947713104368797,0.7744353000785701,0.20850898379184787,2.467005958589381e-33,0.0,0.0,0.0,0.0,0.0,0.0
15.18,0.7478081841846871,-0.4520605335854502,0.045743604868911755,1.8937790919981694,-0.027947713104368797,0.7744353000785701,0.20850898379184787,2.467005958589381e-33,0.0,0.0,0.0,0.0,0.0,0.0
15.19,0.7478081841846871,-0.4520605335854502,0.045743604868911755,1.8937790919981694,-0.027947713104368797,0.7744353000785701,0.20850898379184787,2.467005958589381e-33,0.0,0.0,0.0,0.0,0.0,0.0
15.2,0.7478081841846871,-0.4520605335854502,0.045743604868911755,1.8937790919981694,-0.027947713104368797,0.7744353000785701,0.20850898379184787,2.467005958589381e-33,0.0,0.0,0.0,0.0,0.0,0.0
15.21,0.7478081841846871,-0.4520605335854502,0.045743604868911755,1.8937790919981694,-0.027947713104368797,0.7744353000785701,0.20850898379184787,2.467005958589381e-33,0.0,0.0,0.0,0.0,0.0,0.0
15.22,0.7478081841846871,-0.4520605335854502,0.045743604868911755,1.8937790919981694,-0.027947713104368797,0.7744353000785701,0.20850898379184787,2.467005958589381e-33,0.0,0.0,0.0,0.0,0.0,0.0
15.23,0.7478081841846871,-0.4520605335854502,0.045743604868911755,1.8937790919981694,-0.027947713104368797,0.7744353000785701,0.20850898379184787,2.467005958589381e-33,0.0,0.0,0.0,0.0,0.0,0.0
15.24,0.7478081841846871,-0.4520605335854502,0.045743604868911755,1.8937790919981694,-0.027947713104368797,0.7744353000785701,0.20850898379184787,2.467005958589381e-33,0.0,0.0,0.0,0.0,0.0,0.0
15.25,0.7478081841846871,-0.4520605335854502,0.045743604868911755,1.8937790919981694,-0.027947713104368797,0.7744353000785701,0.20850898379184787,2.467005958589381e-33,0.0,0.0,0.0,0.0,0.0,0.0
15.26,0.7478081841846871,-0.4520605335854502,0.045743604868911755,1.8937790919981694,-0.027947713104368797,0.7744353000785701,0.20850898379184787,2.467005958589381e-33,0.0,0.0,0.0,0.0,0.0,0.0
15.27,0.7478081841846871,-0.4520605335854502,0.045743604868911755,1.8937790919981694,-0.027947713104368797,0.7744353000785701,0.20850898379184787,2.467005958589381e-33,0.0,0.0,0.0,0.0,0.0,0.0
15.28,0.7478081841846871,-0.4520605335854502,0.045743604868911755,1.8937790919981694,-0.027947713104368797,0.7744353000785701,0.20850898379184787,2.467005958589381e-33,0.0,0.0,0.0,0.0,0.0,0.0
15.29,0.7478081841846871,-0.4520605335854502,0.045743604868911755,1.8937790919981694,-0.027947713104368797,0.7744353000785701,0.20850898379184787,2.467005958589381e-33,0.0,0.0,0.0,0.0,0.0,0.0
15.3,0.7478081841846871,-0.4520605335854502,0.045743604868911755,1.8937790919981694,-0.027947713104368797,0.7744353000785701,0.20850898379184787,2.467005958589381e-33,0.0,0.0,0.0,0.0,0.0,0.0
15.31,0.7478081841846871,-0.4520605335854502,0.045743604868911755,1.8937790919981694,-0.027947713104368797,0.7744353000785701,0.20850898379184787,2.467005958589381e-33,0.0,0.0,0.0,0.0,0.0,0.0
15.32,0.7478081841846871,-0.4520605335854502,0.045743604868911755,1.8937790919981694,-0.027947713104368797,0.7744353000785701,0.20850898379184787,2.467005958589381e-33,0.0,0.0,0.0,0.0,0.0,0.0
15.33,0.7478081841846871,-0.4520605335854502,0.045743604868911755,1.8937790919981694,-0.027947713104368797,0.7744353000785701,0.20850898379184787,2.467005958589381e-33,0.0,0.0,0.0,0.0,0.0,0.0
15.34,0.7478081841846871,-0.4520605335854502,0.045743604868911755,1.8937790919981694,-0.027947713104368797,0.7744353000785701,0.20850898379184787,2.467005958589381e-33,0.0,0.0,0.0,0.0,0.0,0.0
15.35,0.7478081841846871,-0.4520605335854502,0.045743604868911755,1.8937790919981694,-0.027947713104368797,0.7744353000785701,0.20850898379184787,2.467005958589381e-33,0.0,0.0,0.0,0.0,0.0,0.0
15.36,0.7478081841846871,-0.4520605335854502,0.045743604868911755,1.8937790919981694,-0.027947713104368797,0.7744353000785701,0.20850898379184787,2.467005958589381e-33,0.0,0.0,0.0,0.0,0.0,0.0
15.37,0.7478081841846871,-0.4520605335854502,0.045743604868911755,1.8937790919981694,-0.027947713104368797,0.7744353000785701,0.20850898379184787,2.467005958589381e-33,0.0,0.0,0.0,0.0,0.0,0.0
15.38,0.7478081841846871,-0.4520605335854502,0.045743604868911755,1.8937790919981694,-0.027947713104368797,0.7744353000785701,0.20850898379184787,2.467005958589381e-33,0.0,0.0,0.0,0.0,0.0,0.0
15.39,0.7478081841846871,-0.4520605335854502,0.045743604868911755,1.8937790919981694,-0.027947713104368797,0.7744353000785701,0.20850898379184787,2.467005958589381e-33,0.0,0.0,0.0,0.0,0.0,0.0
15.4,0.7478081841846871,-0.4520605335854502,0.045743604868911755,1.8937790919981694,-0.027947713104368797,0.7744353000785701,0.20850898379184787,2.467005958589381e-33,0.0,0.0,0.0,0.0,0.0,0.0
15.41,0.7478081841846871,-0.4520605335854502,0.045743604868911755,1.8937790919981694,-0.027947713104368797,0.7744353000785701,0.20850898379184787,2.467005958589381e-33,0.0,0.0,0.0,0.0,0.0,0.0
15.42,0.7478081841846871,-0.4520605335854502,0.045743604868911755,1.8937790919981694,-0.027947713104368797,0.7744353000785701,0.20850898379184787,2.467005958589381e-33,0.0,0.0,0.0,0.0,0.0,0.0
15.43,0.7478081841846871,-0.4520605335854502,0.045743604868911755,1.8937790919981694,-0.027947713104368797,0.7744353000785701,0.20850898379184787,2.467005958589381e-33,0.0,0.0,0.0,0.0,0.0,0.0
15.44,0.7478081841846871,-0.4520605335854502,0.045743604868911755,1.8937790919981694,-0.027947713104368797,0.7744353000785701,0.20850898379184787,2.467005958589381e-33,0.0,0.0,0.0,0.0,0.0,0.0
15.45,0.7478081841846871,-0.4520605335854502,0.045743604868911755,1.8937790919981694,-0.027947713104368797,0.7744353000785701,0.20850898379184787,2.467005958589381e-33,0.0,0.0,0.0,0.0,0.0,0.0
15.46,0.7478081841846871,-0.4520605335854502,0.045743604868911755,1.8937790919981694,-0.027947713104368797,0.7744353000785701,0.20850898379184787,2.467005958589381e-33,0.0,0.0,0.0,0.0,0.0,0.0
15.47,0.7478081841846871,-0.4520605335854502,0.045743604868911755,1.8937790919981694,-0.027947713104368797,0.7744353000785701,0.20850898379184787,2.467005958589381e-33,0.0,0.0,0.0,0.0,0.0,0.0
15.48,0.7478081841846871,-0.4520605335854502,0.045743604868911755,1.8937790919981694,-0.027947713104368797,0.7744353000785701,0.20850898379184787,2.467005958589381e-33,0.0,0.0,0.0,0.0,0.0,0.0
15.49,0.7478081841846871,-0.4520605335854502,0.045743604868911755,1.8937790919981694,-0.027947713104368797,0.7744353000785701,0.20850898379184787,2.467005958589381e-33,0.0,0.0,0.0,0.0,0.0,0.0
15.5,0.7478081841846871,-0.4520605335854502,0.045743604868911755,1.8937790919981694,-0.027947713104368797,0.7744353000785701,0.20850898379184787,2.467005958589381e-33,0.0,0.0,0.0,0.0,0.0,0.0
15.51,0.7478081841846871,-0.4520605335854502,0.045743604868911755,1.8937790919981694,-0.027947713104368797,0.7744353000785701,0.20850898379184787,2.467005958589381e-33,0.0,0.0,0.0,0.0,0.0,0.0
15.52,0.7478081841846871,-0.4520605335854502,0.045743604868911755,1.8937790919981694,-0.027947713104368797,0.7744353000785701,0.20850898379184787,2.467005958589381e-33,0.0,0.0,0.0,0.0,0.0,0.0
15.53,0.7478081841846871,-0.4520605335854502,0.045743604868911755,1.8937790919981694,-0.027947713104368797,0.7744353000785701,0.20850898379184787,2.467005958589381e-33,0.0,0.0,0.0,0.0,0.0,0.0
15.54,0.7478081841846871,-0.4520605335854502,0.045743604868911755,1.8937790919981694,-0.027947713104368797,0.7744353000785701,0.20850898379184787,2.467005958589381e-33,0.0,0.0,0.0,0.0,0.0,0.0
15.55,0.7478081841846871,-0.4520605335854502,0.045743604868911755,1.8937790919981694,-0.027947713104368797,0.7744353000785701,0.20850898379184787,2.467005958589381e-33,0.0,0.0,0.0,0.0,0.0,0.0
15.56,0.7478081841846871,-0.4520605335854502,0.045743604868911755,1.8937790919981694,-0.027947713104368797,0.7744353000785701,0.20850898379184787,2.467005958589381e-33,0.0,0.0,0.0,0.0,0.0,0.0
15.57,0.7478081841846871,-0.4520605335854502,0.045743604868911755,1.8937790919981694,-0.027947713104368797,0.7744353000785701,0.20850898379184787,2.467005958589381e-33,0.0,0.0,0.0,0.0,0.0,0.0
15.58,0.7478081841846871,-0.4520605335854502,0.045743604868911755,1.8937790919981694,-0.027947713104368797,0.7744353000785701,0.20850898379184787,2.467005958589381e-33,0.0,0.0,0.0,0.0,0.0,0.0
15.59,0.7478081841846871,-0.4520605335854502,0.045743604868911755,1.8937790919981694,-0.027947713104368797,0.7744353000785701,0.20850898379184787,2.467005958589381e-33,0.0,0.0,0.0,0.0,0.0,0.0
15.6,0.7478081841846871,-0.4520605335854502,0.045743604868911755,1.8937790919981694,-0.027947713104368797,0.7744353000785701,0.20850898379184787,2.467005958589381e-33,0.0,0.0,0.0,0.0,0.0,0.0
15.61,0.7478081841846871,-0.4520605335854502,0.045743604868911755,1.8937790919981694,-0.027947713104368797,0.7744353000785701,0.20850898379184787,2.467005958589381e-33,0.0,0.0,0.0,0.0,0.0,0.0
15.62,0.7478081841846871,-0.4520605335854502,0.045743604868911755,1.8937790919981694,-0.027947713104368797,0.7744353000785701,0.20850898379184787,2.467005958589381e-33,0.0,0.0,0.0,0.0,0.0,0.0
15.63,0.7478081841846871,-0.4520605335854502,0.045743604868911755,1.8937790919981694,-0.027947713104368797,0.7744353000785701,0.20850898379184787,2.467005958589381e-33,0.0,0.0,0.0,0.0,0.0,0.0
15.64,0.7478081841846871,-0.4520605335854502,0.045743604868911755,1.8937790919981694,-0.027947713104368797,0.7744353000785701,0.20850898379184787,2.467005958589381e-33,0.0,0.0,0.0,0.0,0.0,0.0
15.65,0.7478081841846871,-0.4520605335854502,0.045743604868911755,1.8937790919981694,-0.027947713104368797,0.7744353000785701,0.20850898379184787,2.467005958589381e-33,0.0,0.0,0.0,0.0,0.0,0.0
15.66,0.7478081841846871,-0.4520605335854502,0.045743604868911755,1.8937790919981694,-0.027947713104368797,0.7744353000785701,0.20850898379184787,2.467005958589381e-33,0.0,0.0,0.0,0.0,0.0,0.0
15.67,0.7478081841846871,-0.4520605335854502,0.045743604868911755,1.8937790919981694,-0.027947713104368797,0.7744353000785701,0.20850898379184787,2.467005958589381e-33,0.0,0.0,0.0,0.0,0.0,0.0
15.68,0.7478081841846871,-0.4520605335854502,0.045743604868911755,1.8937790919981694,-0.027947713104368797,0.7744353000785701,0.20850898379184787,2.467005958589381e-33,0.0,0.0,0.0,0.0,0.0,0.0
15.69,0.7478081841846871,-0.4520605335854502,0.045743604868911755,1.8937790919981694,-0.027947713104368797,0.7744353000785701,0.20850898379184787,2.467005958589381e-33,0.0,0.0,0.0,0.0,0.0,0.0
15.7,0.7478081841846871,-0.4520605335854502,0.045743604868911755,1.8937790919981694,-0.027947713104368797,0.7744353000785701,0.20850898379184787,2.467005958589381e-33,0.0,0.0,0.0,0.0,0.0,0.0
15.71,0.7478081841846871,-0.4520605335854502,0.045743604868911755,1.8937790919981694,-0.027947713104368797,0.7744353000785701,0.20850898379184787,2.467005958589381e-33,0.0,0.0,0.0,0.0,0.0,0.0
15.72,0.7478081841846871,-0.4520605335854502,0.045743604868911755,1.8937790919981694,-0.027947713104368797,0.7744353000785701,0.20850898379184787,2.467005958589381e-33,0.0,0.0,0.0,0.0,0.0,0.0
15.73,0.7478081841846871,-0.4520605335854502,0.045743604868911755,1.8937790919981694,-0.027947713104368797,0.7744353000785701,0.20850898379184787,2.467005958589381e-33,0.0,0.0,0.0,0.0,0.0,0.0
15.74,0.7478081841846871,-0.4520605335854502,0.045743604868911755,1.8937790919981694,-0.027947713104368797,0.7744353000785701,0.20850898379184787,2.467005958589381e-33,0.0,0.0,0.0,0.0,0.0,0.0
15.75,0.7478081841846871,-0.4520605335854502,0.045743604868911755,1.8937790919981694,-0.027947713104368797,0.7744353000785701,0.20850898379184787,2.467005958589381e-33,0.0,0.0,0.0,0.0,0.0,0.0
15.76,0.7478081841846871,-0.4520605335854502,0.045743604868911755,1.8937790919981694,-0.027947713104368797,0.7744353000785701,0.20850898379184787,2.467005958589381e-33,0.0,0.0,0.0,0.0,0.0,0.0
15.77,0.7478081841846871,-0.4520605335854502,0.045743604868911755,1.8937790919981694,-0.027947713104368797,0.7744353000785701,0.20850898379184787,2.467005958589381e-33,0.0,0.0,0.0,0.0,0.0,0.0
15.78,0.7478081841846871,-0.4520605335854502,0.045743604868911755,1.8937790919981694,-0.027947713104368797,0.7744353000785701,0.20850898379184787,2.467005958589381e-33,0.0,0.0,0.0,0.0,0.0,0.0
15.79,0.7478081841846871,-0.4520605335854502,0.045743604868911755,1.8937790919981694,-0.027947713104368797,0.7744353000785701,0.20850898379184787,2.467005958589381e-33,0.0,0.0,0.0,0.0,0.0,0.0
15.8,0.7478081841846871,-0.4520605335854502,0.045743604868911755,1.8937790919981694,-0.027947713104368797,0.7744353000785701,0.20850898379184787,2.467005958589381e-33,0.0,0.0,0.0,0.0,0.0,0.0
15.81,0.7478081841846871,-0.4520605335854502,0.045743604868911755,1.8937790919981694,-0.027947713104368797,0.7744353000785701,0.20850898379184787,2.467005958589381e-33,0.0,0.0,0.0,0.0,0.0,0.0
15.82,0.7478081841846871,-0.4520605335854502,0.045743604868911755,1.8937790919981694,-0.027947713104368797,0.7744353000785701,0.20850898379184787,2.467005958589381e-33,0.0,0.0,0.0,0.0,0.0,0.0
15.83,0.7478081841846871,-0.4520605335854502,0.045743604868911755,1.8937790919981694,-0.027947713104368797,0.7744353000785701,0.20850898379184787,2.467005958589381e-33,0.0,0.0,0.0,0.0,0.0,0.0
15.84,0.7478081841846871,-0.4520605335854502,0.045743604868911755,1.8937790919981694,-0.027947713104368797,0.7744353000785701,0.20850898379184787,2.467005958589381e-33,0.0,0.0,0.0,0.0,0.0,0.0
15.85,0.7478081841846871,-0.4520605335854502,0.045743604868911755,1.8937790919981694,-0.027947713104368797,0.7744353000785701,0.20850898379184787,2.467005958589381e-33,0.0,0.0,0.0,0.0,0.0,0.0
15.86,0.7478081841846871,-0.4520605335854502,0.045743604868911755,1.8937790919981694,-0.027947713104368797,0.7744353000785701,0.20850898379184787,2.467005958589381e-33,0.0,0.0,0.0,0.0,0.0,0.0
15.87,0.7478081841846871,-0.4520605335854502,0.045743604868911755,1.8937790919981694,-0.027947713104368797,0.7744353000785701,0.20850898379184787,2.467005958589381e-33,0.0,0.0,0.0,0.0,0.0,0.0
15.88,0.7478081841846871,-0.4520605335854502,0.045743604868911755,1.8937790919981694,-0.027947713104368797,0.7744353000785701,0.20850898379184787,2.467005958589381e-33,0.0,0.0,0.0,0.0,0.0,0.0
15.89,0.7478081841846871,-0.4520605335854502,0.045743604868911755,1.8937790919981694,-0.027947713104368797,0.7744353000785701,0.20850898379184787,2.467005958589381e-33,0.0,0.0,0.0,0.0,0.0,0.0
15.9,0.7478081841846871,-0.4520605335854502,0.045743604868911755,1.8937790919981694,-0.027947713104368797,0.7744353000785701,0.20850898379184787,2.467005958589381e-33,0.0,0.0,0.0,0.0,0.0,0.0
15.91,0.7478081841846871,-0.4520605335854502,0.045743604868911755,1.8937790919981694,-0.027947713104368797,0.7744353000785701,0.20850898379184787,2.467005958589381e-33,0.0,0.0,0.0,0.0,0.0,0.0
15.92,0.7478081841846871,-0.4520605335854502,0.045743604868911755,1.8937790919981694,-0.027947713104368797,0.7744353000785701,0.20850898379184787,2.467005958589381e-33,0.0,0.0,0.0,0.0,0.0,0.0
15.93,0.7478081841846871,-0.4520605335854502,0.045743604868911755,1.8937790919981694,-0.027947713104368797,0.7744353000785701,0.20850898379184787,2.467005958589381e-33,0.0,0.0,0.0,0.0,0.0,0.0
15.94,0.7478081841846871,-0.4520605335854502,0.045743604868911755,1.8937790919981694,-0.027947713104368797,0.7744353000785701,0.20850898379184787,2.467005958589381e-33,0.0,0.0,0.0,0.0,0.0,0.0
15.95,0.7478081841846871,-0.4520605335854502,0.045743604868911755,1.8937790919981694,-0.027947713104368797,0.7744353000785701,0.20850898379184787,2.467005958589381e-33,0.0,0.0,0.0,0.0,0.0,0.0
15.96,0.7478081841846871,-0.4520605335854502,0.045743604868911755,1.8937790919981694,-0.027947713104368797,0.7744353000785701,0.20850898379184787,2.467005958589381e-33,0.0,0.0,0.0,0.0,0.0,0.0
15.97,0.7478081841846871,-0.4520605335854502,0.045743604868911755,1.8937790919981694,-0.027947713104368797,0.7744353000785701,0.20850898379184787,2.467005958589381e-33,0.0,0.0,0.0,0.0,0.0,0.0
15.98,0.7478081841846871,-0.4520605335854502,0.045743604868911755,1.8937790919981694,-0.027947713104368797,0.7744353000785701,0.20850898379184787,2.467005958589381e-33,0.0,0.0,0.0,0.0,0.0,0.0
15.99,0.7478081841846871,-0.4520605335854502,0.045743604868911755,1.8937790919981694,-0.027947713104368797,0.7744353000785701,0.20850898379184787,2.467005958589381e-33,0.0,0.0,0.0,0.0,0.0,0.0
16.0,0.7478081841846871,-0.4520605335854502,0.045743604868911755,1.8937790919981694,-0.027947713104368797,0.7744353000785701,0.20850898379184787,2.467005958589381e-33,0.0,0.0,0.0,0.0,0.0,0.0
