time_s,q1_rad,q2_rad,q3_rad,q4_rad,q5_rad,q6_rad,q7_rad,dq1_rad_s,dq2_rad_s,dq3_rad_s,dq4_rad_s,dq5_rad_s,dq6_rad_s,dq7_rad_s
0.0,0.7478081841846871,-0.4520605335854502,0.045743604868911755,1.8937790919981694,-0.027947713104368797,0.7744353000785701,0.20850898379184787,0.0,0.0,0.0,0.0,0.0,0.0,0.0
0.01,0.7478081841846871,-0.4520605335854502,0.045743604868911755,1.8937790919981694,-0.027947713104368797,0.7744353000785701,0.20850898379184787,0.0,0.0,0.0,0.0,0.0,0.0,0.0
0.02,0.7478081841846871,-0.4520605335854502,0.045743604868911755,1.8937790919981694,-0.027947713104368797,0.7744353000785701,0.20850898379184787,0.0,0.0,0.0,0.0,0.0,0.0,0.0
0.03,0.7478081841846871,-0.4520605335854502,0.045743604868911755,1.8937790919981694,-0.027947713104368797,0.7744353000785701,0.20850898379184787,0.0,0.0,0.0,0.0,0.0,0.0,0.0
0.04,0.7478081841846871,-0.4520605335854502,0.045743604868911755,1.8937790919981694,-0.027947713104368797,0.7744353000785701,0.20850898379184787,0.0,0.0,0.0,0.0,0.0,0.0,0.0
0.05,0.7478081841846871,-0.4520605335854502,0.045743604868911755,1.8937790919981694,-0.027947713104368797,0.7744353000785701,0.20850898379184787,0.0,0.0,0.0,0.0,0.0,0.0,0.0
0.06,0.7478081841846871,-0.4520605335854502,0.045743604868911755,1.8937790919981694,-0.027947713104368797,0.7744353000785701,0.20850898379184787,0.0,0.0,0.0,0.0,0.0,0.0,0.0
0.07,0.7478081841846871,-0.4520605335854502,0.045743604868911755,1.8937790919981694,-0.027947713104368797,0.7744353000785701,0.20850898379184787,0.0,0.0,0.0,0.0,0.0,0.0,0.0
0.08,0.7478081841846871,-0.4520605335854502,0.045743604868911755,1.8937790919981694,-0.027947713104368797,0.7744353000785701,0.20850898379184787,0.0,0.0,0.0,0.0,0.0,0.0,0.0
0.09,0.7478081841846871,-0.4520605335854502,0.045743604868911755,1.8937790919981694,-0.027947713104368797,0.7744353000785701,0.20850898379184787,0.0,0.0,0.0,0.0,0.0,0.0,0.0
0.1,0.7478081841846871,-0.4520605335854502,0.045743604868911755,1.8937790919981694,-0.027947713104368797,0.7744353000785701,0.20850898379184787,0.0,0.0,0.0,0.0,0.0,0.0,0.0
0.11,0.7478081841846871,-0.4520605335854502,0.045743604868911755,1.8937790919981694,-0.027947713104368797,0.7744353000785701,0.20850898379184787,0.0,0.0,0.0,0.0,0.0,0.0,0.0
0.12,0.7478081841846871,-0.4520605335854502,0.045743604868911755,1.8937790919981694,-0.027947713104368797,0.7744353000785701,0.20850898379184787,0.0,0.0,0.0,0.0,0.0,0.0,0.0
0.13,0.7478081841846871,-0.4520605335854502,0.045743604868911755,1.8937790919981694,-0.027947713104368797,0.7744353000785701,0.20850898379184787,0.0,0.0,0.0,0.0,0.0,0.0,0.0
0.14,0.7478081841846871,-0.4520605335854502,0.045743604868911755,1.8937790919981694,-0.027947713104368797,0.7744353000785701,0.20850898379184787,0.0,0.0,0.0,0.0,0.0,0.0,0.0
0.15,0.7478081841846871,-0.4520605335854502,0.045743604868911755,1.8937790919981694,-0.027947713104368797,0.7744353000785701,0.20850898379184787,0.0,0.0,0.0,0.0,0.0,0.0,0.0
0.16,0.7478081841846871,-0.4520605335854502,0.045743604868911755,1.8937790919981694,-0.027947713104368797,0.7744353000785701,0.20850898379184787,0.0,0.0,0.0,0.0,0.0,0.0,0.0
0.17,0.7478081841846871,-0.4520605335854502,0.045743604868911755,1.8937790919981694,-0.027947713104368797,0.7744353000785701,0.20850898379184787,0.0,0.0,0.0,0.0,0.0,0.0,0.0
0.18,0.7478081841846871,-0.4520605335854502,0.045743604868911755,1.8937790919981694,-0.027947713104368797,0.7744353000785701,0.20850898379184787,0.0,0.0,0.0,0.0,0.0,0.0,0.0
0.19,0.7478081841846871,-0.4520605335854502,0.045743604868911755,1.8937790919981694,-0.027947713104368797,0.7744353000785701,0.20850898379184787,0.0,0.0,0.0,0.0,0.0,0.0,0.0
0.2,0.7478081841846871,-0.4520605335854502,0.045743604868911755,1.8937790919981694,-0.027947713104368797,0.7744353000785701,0.20850898379184787,0.0,0.0,0.0,0.0,0.0,0.0,0.0
0.21,0.7478081841846871,-0.4520605335854502,0.045743604868911755,1.8937790919981694,-0.027947713104368797,0.7744353000785701,0.20850898379184787,0.0,0.0,0.0,0.0,0.0,0.0,0.0
0.22,0.7478081841846871,-0.4520605335854502,0.045743604868911755,1.8937790919981694,-0.027947713104368797,0.7744353000785701,0.20850898379184787,0.0,0.0,0.0,0.0,0.0,0.0,0.0
0.23,0.7478081841846871,-0.4520605335854502,0.045743604868911755,1.8937790919981694,-0.027947713104368797,0.7744353000785701,0.20850898379184787,0.0,0.0,0.0,0.0,0.0,0.0,0.0
0.24,0.7478081841846871,-0.4520605335854502,0.045743604868911755,1.8937790919981694,-0.027947713104368797,0.7744353000785701,0.20850898379184787,0.0,0.0,0.0,0.0,0.0,0.0,0.0
0.25,0.7478081841846871,-0.4520605335854502,0.045743604868911755,1.8937790919981694,-0.027947713104368797,0.7744353000785701,0.20850898379184787,0.0,0.0,0.0,0.0,0.0,0.0,0.0
0.26,0.7478081841846871,-0.4520605335854502,0.045743604868911755,1.8937790919981694,-0.027947713104368797,0.7744353000785701,0.20850898379184787,0.0,0.0,0.0,0.0,0.0,0.0,0.0
0.27,0.7478081841846871,-0.4520605335854502,0.045743604868911755,1.8937790919981694,-0.027947713104368797,0.7744353000785701,0.20850898379184787,0.0,0.0,0.0,0.0,0.0,0.0,0.0
0.28,0.7478081841846871,-0.4520605335854502,0.045743604868911755,1.8937790919981694,-0.027947713104368797,0.7744353000785701,0.20850898379184787,0.0,0.0,0.0,0.0,0.0,0.0,0.0
0.29,0.7478081841846871,-0.4520605335854502,0.045743604868911755,1.8937790919981694,-0.027947713104368797,0.7744353000785701,0.20850898379184787,0.0,0.0,0.0,0.0,0.0,0.0,0.0
0.3,0.7478081841846871,-0.4520605335854502,0.045743604868911755,1.8937790919981694,-0.027947713104368797,0.7744353000785701,0.20850898379184787,0.0,0.0,0.0,0.0,0.0,0.0,0.0
0.31,0.7478081841846871,-0.4520605335854502,0.045743604868911755,1.8937790919981694,-0.027947713104368797,0.7744353000785701,0.20850898379184787,0.0,0.0,0.0,0.0,0.0,0.0,0.0
0.32,0.7478081841846871,-0.4520605335854502,0.045743604868911755,1.8937790919981694,-0.027947713104368797,0.7744353000785701,0.20850898379184787,0.0,0.0,0.0,0.0,0.0,0.0,0.0
0.33,0.7478081841846871,-0.4520605335854502,0.045743604868911755,1.8937790919981694,-0.027947713104368797,0.7744353000785701,0.20850898379184787,0.0,0.0,0.0,0.0,0.0,0.0,0.0
0.34,0.7478081841846871,-0.4520605335854502,0.045743604868911755,1.8937790919981694,-0.027947713104368797,0.7744353000785701,0.20850898379184787,0.0,0.0,0.0,0.0,0.0,0.0,0.0
0.35,0.7478081841846871,-0.4520605335854502,0.045743604868911755,1.8937790919981694,-0.027947713104368797,0.7744353000785701,0.20850898379184787,0.0,0.0,0.0,0.0,0.0,0.0,0.0
0.36,0.7478081841846871,-0.4520605335854502,0.045743604868911755,1.8937790919981694,-0.027947713104368797,0.7744353000785701,0.20850898379184787,0.0,0.0,0.0,0.0,0.0,0.0,0.0
0.37,0.7478081841846871,-0.4520605335854502,0.045743604868911755,1.8937790919981694,-0.027947713104368797,0.7744353000785701,0.20850898379184787,0.0,0.0,0.0,0.0,0.0,0.0,0.0
0.38,0.7478081841846871,-0.4520605335854502,0.045743604868911755,1.8937790919981694,-0.027947713104368797,0.7744353000785701,0.20850898379184787,0.0,0.0,0.0,0.0,0.0,0.0,0.0
0.39,0.7478081841846871,-0.4520605335854502,0.045743604868911755,1.8937790919981694,-0.027947713104368797,0.7744353000785701,0.20850898379184787,0.0,0.0,0.0,0.0,0.0,0.0,0.0
0.4,0.7478081841846871,-0.4520605335854502,0.045743604868911755,1.8937790919981694,-0.027947713104368797,0.7744353000785701,0.20850898379184787,0.0,0.0,0.0,0.0,0.0,0.0,0.0
0.41,0.7478081841846871,-0.4520605335854502,0.045743604868911755,1.8937790919981694,-0.027947713104368797,0.7744353000785701,0.20850898379184787,0.0,0.0,0.0,0.0,0.0,0.0,0.0
0.42,0.7478081841846871,-0.4520605335854502,0.045743604868911755,1.8937790919981694,-0.027947713104368797,0.7744353000785701,0.20850898379184787,0.0,0.0,0.0,0.0,0.0,0.0,0.0
0.43,0.7478081841846871,-0.4520605335854502,0.045743604868911755,1.8937790919981694,-0.027947713104368797,0.7744353000785701,0.20850898379184787,0.0,0.0,0.0,0.0,0.0,0.0,0.0
0.44,0.7478081841846871,-0.4520605335854502,0.045743604868911755,1.8937790919981694,-0.027947713104368797,0.7744353000785701,0.20850898379184787,0.0,0.0,0.0,0.0,0.0,0.0,0.0
0.45,0.7478081841846871,-0.4520605335854502,0.045743604868911755,1.8937790919981694,-0.027947713104368797,0.7744353000785701,0.20850898379184787,0.0,0.0,0.0,0.0,0.0,0.0,0.0
0.46,0.7478081841846871,-0.4520605335854502,0.045743604868911755,1.8937790919981694,-0.027947713104368797,0.7744353000785701,0.20850898379184787,0.0,0.0,0.0,0.0,0.0,0.0,0.0
0.47,0.7478081841846871,-0.4520605335854502,0.045743604868911755,1.8937790919981694,-0.027947713104368797,0.7744353000785701,0.20850898379184787,0.0,0.0,0.0,0.0,0.0,0.0,0.0
0.48,0.7478081841846871,-0.4520605335854502,0.045743604868911755,1.8937790919981694,-0.027947713104368797,0.7744353000785701,0.20850898379184787,0.0,0.0,0.0,0.0,0.0,0.0,0.0
0.49,0.7478081841846871,-0.4520605335854502,0.045743604868911755,1.8937790919981694,-0.027947713104368797,0.7744353000785701,0.20850898379184787,0.0,0.0,0.0,0.0,0.0,0.0,0.0
0.5,0.7478081841846871,-0.4520605335854502,0.045743604868911755,1.8937790919981694,-0.027947713104368797,0.7744353000785701,0.20850898379184787,0.0,0.0,0.0,0.0,0.0,0.0,0.0
0.51,0.7478081841846871,-0.4520605335854502,0.045743604868911755,1.8937790919981694,-0.027947713104368797,0.7744353000785701,0.20850898379184787,0.0,0.0,0.0,0.0,0.0,0.0,0.0
0.52,0.7478081841846871,-0.4520605335854502,0.045743604868911755,1.8937790919981694,-0.027947713104368797,0.7744353000785701,0.20850898379184787,0.0,0.0,0.0,0.0,0.0,0.0,0.0
0.53,0.7478081841846871,-0.4520605335854502,0.045743604868911755,1.8937790919981694,-0.027947713104368797,0.7744353000785701,0.20850898379184787,0.0,0.0,0.0,0.0,0.0,0.0,0.0
0.54,0.7478081841846871,-0.4520605335854502,0.045743604868911755,1.8937790919981694,-0.027947713104368797,0.7744353000785701,0.20850898379184787,0.0,0.0,0.0,0.0,0.0,0.0,0.0
0.55,0.7478081841846871,-0.4520605335854502,0.045743604868911755,1.8937790919981694,-0.027947713104368797,0.7744353000785701,0.20850898379184787,0.0,0.0,0.0,0.0,0.0,0.0,0.0
0.56,0.7478081841846871,-0.4520605335854502,0.045743604868911755,1.8937790919981694,-0.027947713104368797,0.7744353000785701,0.20850898379184787,0.0,0.0,0.0,0.0,0.0,0.0,0.0
0.57,0.7478081841846871,-0.4520605335854502,0.045743604868911755,1.8937790919981694,-0.027947713104368797,0.7744353000785701,0.20850898379184787,0.0,0.0,0.0,0.0,0.0,0.0,0.0
0.58,0.7478081841846871,-0.4520605335854502,0.045743604868911755,1.8937790919981694,-0.027947713104368797,0.7744353000785701,0.20850898379184787,0.0,0.0,0.0,0.0,0.0,0.0,0.0
0.59,0.7478081841846871,-0.4520605335854502,0.045743604868911755,1.8937790919981694,-0.027947713104368797,0.7744353000785701,0.20850898379184787,0.0,0.0,0.0,0.0,0.0,0.0,0.0
0.6,0.7478081841846871,-0.4520605335854502,0.045743604868911755,1.8937790919981694,-0.027947713104368797,0.7744353000785701,0.20850898379184787,0.0,0.0,0.0,0.0,0.0,0.0,0.0
0.61,0.7478081841846871,-0.4520605335854502,0.045743604868911755,1.8937790919981694,-0.027947713104368797,0.7744353000785701,0.20850898379184787,0.0,0.0,0.0,0.0,0.0,0.0,0.0
0.62,0.7478081841846871,-0.4520605335854502,0.045743604868911755,1.8937790919981694,-0.027947713104368797,0.7744353000785701,0.20850898379184787,0.0,0.0,0.0,0.0,0.0,0.0,0.0
0.63,0.7478081841846871,-0.4520605335854502,0.045743604868911755,1.8937790919981694,-0.027947713104368797,0.7744353000785701,0.20850898379184787,0.0,0.0,0.0,0.0,0.0,0.0,0.0
0.64,0.7478081841846871,-0.4520605335854502,0.045743604868911755,1.8937790919981694,-0.027947713104368797,0.7744353000785701,0.20850898379184787,0.0,0.0,0.0,0.0,0.0,0.0,0.0
0.65,0.7478081841846871,-0.4520605335854502,0.045743604868911755,1.8937790919981694,-0.027947713104368797,0.7744353000785701,0.20850898379184787,0.0,0.0,0.0,0.0,0.0,0.0,0.0
0.66,0.7478081841846871,-0.4520605335854502,0.045743604868911755,1.8937790919981694,-0.027947713104368797,0.7744353000785701,0.20850898379184787,0.0,0.0,0.0,0.0,0.0,0.0,0.0
0.67,0.7478081841846871,-0.4520605335854502,0.045743604868911755,1.8937790919981694,-0.027947713104368797,0.7744353000785701,0.20850898379184787,0.0,0.0,0.0,0.0,0.0,0.0,0.0
0.68,0.7478081841846871,-0.4520605335854502,0.045743604868911755,1.8937790919981694,-0.027947713104368797,0.7744353000785701,0.20850898379184787,0.0,0.0,0.0,0.0,0.0,0.0,0.0
0.69,0.7478081841846871,-0.4520605335854502,0.045743604868911755,1.8937790919981694,-0.027947713104368797,0.7744353000785701,0.20850898379184787,0.0,0.0,0.0,0.0,0.0,0.0,0.0
0.7,0.7478081841846871,-0.4520605335854502,0.045743604868911755,1.8937790919981694,-0.027947713104368797,0.7744353000785701,0.20850898379184787,0.0,0.0,0.0,0.0,0.0,0.0,0.0
0.71,0.7478081841846871,-0.4520605335854502,0.045743604868911755,1.8937790919981694,-0.027947713104368797,0.7744353000785701,0.20850898379184787,0.0,0.0,0.0,0.0,0.0,0.0,0.0
0.72,0.7478081841846871,-0.4520605335854502,0.045743604868911755,1.8937790919981694,-0.027947713104368797,0.7744353000785701,0.20850898379184787,0.0,0.0,0.0,0.0,0.0,0.0,0.0
0.73,0.7478081841846871,-0.4520605335854502,0.045743604868911755,1.8937790919981694,-0.027947713104368797,0.7744353000785701,0.20850898379184787,0.0,0.0,0.0,0.0,0.0,0.0,0.0
0.74,0.7478081841846871,-0.4520605335854502,0.045743604868911755,1.8937790919981694,-0.027947713104368797,0.7744353000785701,0.20850898379184787,0.0,0.0,0.0,0.0,0.0,0.0,0.0
0.75,0.7478081841846871,-0.4520605335854502,0.045743604868911755,1.8937790919981694,-0.027947713104368797,0.7744353000785701,0.20850898379184787,0.0,0.0,0.0,0.0,0.0,0.0,0.0
0.76,0.7478081841846871,-0.4520605335854502,0.045743604868911755,1.8937790919981694,-0.027947713104368797,0.7744353000785701,0.20850898379184787,0.0,0.0,0.0,0.0,0.0,0.0,0.0
0.77,0.7478081841846871,-0.4520605335854502,0.045743604868911755,1.8937790919981694,-0.027947713104368797,0.7744353000785701,0.20850898379184787,0.0,0.0,0.0,0.0,0.0,0.0,0.0
0.78,0.7478081841846871,-0.4520605335854502,0.045743604868911755,1.8937790919981694,-0.027947713104368797,0.7744353000785701,0.20850898379184787,0.0,0.0,0.0,0.0,0.0,0.0,0.0
0.79,0.7478081841846871,-0.4520605335854502,0.045743604868911755,1.8937790919981694,-0.027947713104368797,0.7744353000785701,0.20850898379184787,0.0,0.0,0.0,0.0,0.0,0.0,0.0
0.8,0.7478081841846871,-0.4520605335854502,0.045743604868911755,1.8937790919981694,-0.027947713104368797,0.7744353000785701,0.20850898379184787,0.0,0.0,0.0,0.0,0.0,0.0,0.0
0.81,0.7478081841846871,-0.4520605335854502,0.045743604868911755,1.8937790919981694,-0.027947713104368797,0.7744353000785701,0.20850898379184787,0.0,0.0,0.0,0.0,0.0,0.0,0.0
0.82,0.7478081841846871,-0.4520605335854502,0.045743604868911755,1.8937790919981694,-0.027947713104368797,0.7744353000785701,0.20850898379184787,0.0,0.0,0.0,0.0,0.0,0.0,0.0
0.83,0.7478081841846871,-0.4520605335854502,0.045743604868911755,1.8937790919981694,-0.027947713104368797,0.7744353000785701,0.20850898379184787,0.0,0.0,0.0,0.0,0.0,0.0,0.0
0.84,0.7478081841846871,-0.4520605335854502,0.045743604868911755,1.8937790919981694,-0.027947713104368797,0.7744353000785701,0.20850898379184787,0.0,0.0,0.0,0.0,0.0,0.0,0.0
0.85,0.7478081841846871,-0.4520605335854502,0.045743604868911755,1.8937790919981694,-0.027947713104368797,0.7744353000785701,0.20850898379184787,0.0,0.0,0.0,0.0,0.0,0.0,0.0
0.86,0.7478081841846871,-0.4520605335854502,0.045743604868911755,1.8937790919981694,-0.027947713104368797,0.7744353000785701,0.20850898379184787,0.0,0.0,0.0,0.0,0.0,0.0,0.0
0.87,0.7478081841846871,-0.4520605335854502,0.045743604868911755,1.8937790919981694,-0.027947713104368797,0.7744353000785701,0.20850898379184787,0.0,0.0,0.0,0.0,0.0,0.0,0.0
0.88,0.7478081841846871,-0.4520605335854502,0.045743604868911755,1.8937790919981694,-0.027947713104368797,0.7744353000785701,0.20850898379184787,0.0,0.0,0.0,0.0,0.0,0.0,0.0
0.89,0.7478081841846871,-0.4520605335854502,0.045743604868911755,1.8937790919981694,-0.027947713104368797,0.7744353000785701,0.20850898379184787,0.0,0.0,0.0,0.0,0.0,0.0,0.0
0.9,0.7478081841846871,-0.4520605335854502,0.045743604868911755,1.8937790919981694,-0.027947713104368797,0.7744353000785701,0.20850898379184787,0.0,0.0,0.0,0.0,0.0,0.0,0.0
0.91,0.7478081841846871,-0.4520605335854502,0.045743604868911755,1.8937790919981694,-0.027947713104368797,0.7744353000785701,0.20850898379184787,0.0,0.0,0.0,0.0,0.0,0.0,0.0
0.92,0.7478081841846871,-0.4520605335854502,0.045743604868911755,1.8937790919981694,-0.027947713104368797,0.7744353000785701,0.20850898379184787,0.0,0.0,0.0,0.0,0.0,0.0,0.0
0.93,0.7478081841846871,-0.4520605335854502,0.045743604868911755,1.8937790919981694,-0.027947713104368797,0.7744353000785701,0.20850898379184787,0.0,0.0,0.0,0.0,0.0,0.0,0.0
0.94,0.7478081841846871,-0.4520605335854502,0.045743604868911755,1.8937790919981694,-0.027947713104368797,0.7744353000785701,0.20850898379184787,0.0,0.0,0.0,0.0,0.0,0.0,0.0
0.95,0.7478081841846871,-0.4520605335854502,0.045743604868911755,1.8937790919981694,-0.027947713104368797,0.7744353000785701,0.20850898379184787,0.0,0.0,0.0,0.0,0.0,0.0,0.0
0.96,0.7478081841846871,-0.4520605335854502,0.045743604868911755,1.8937790919981694,-0.027947713104368797,0.7744353000785701,0.20850898379184787,0.0,0.0,0.0,0.0,0.0,0.0,0.0
0.97,0.7478081841846871,-0.4520605335854502,0.045743604868911755,1.8937790919981694,-0.027947713104368797,0.7744353000785701,0.20850898379184787,0.0,0.0,0.0,0.0,0.0,0.0,0.0
0.98,0.7478081841846871,-0.4520605335854502,0.045743604868911755,1.8937790919981694,-0.027947713104368797,0.7744353000785701,0.20850898379184787,0.0,0.0,0.0,0.0,0.0,0.0,0.0
0.99,0.7478081841846871,-0.4520605335854502,0.045743604868911755,1.8937790919981694,-0.027947713104368797,0.7744353000785701,0.20850898379184787,0.0,0.0,0.0,0.0,0.0,0.0,0.0
1.0,0.7478081841846871,-0.4520605335854502,0.045743604868911755,1.8937790919981694,-0.027947713104368797,0.7744353000785701,0.20850898379184787,0.0,0.0,0.0,0.0,0.0,0.0,0.0
1.01,0.7478081841846871,-0.4520605335854502,0.045743604868911755,1.8937790919981694,-0.027947713104368797,0.7744353000785701,0.20850898379184787,0.0,0.0,0.0,0.0,0.0,0.0,0.0
1.02,0.7478081841846871,-0.4520605335854502,0.045743604868911755,1.8937790919981694,-0.027947713104368797,0.7744353000785701,0.20850898379184787,0.0,0.0,0.0,0.0,0.0,0.0,0.0
1.03,0.7478081841846871,-0.4520605335854502,0.045743604868911755,1.8937790919981694,-0.027947713104368797,0.7744353000785701,0.20850898379184787,0.0,0.0,0.0,0.0,0.0,0.0,0.0
1.04,0.7478081841846871,-0.4520605335854502,0.045743604868911755,1.8937790919981694,-0.027947713104368797,0.7744353000785701,0.20850898379184787,0.0,0.0,0.0,0.0,0.0,0.0,0.0
1.05,0.7478081841846871,-0.4520605335854502,0.045743604868911755,1.8937790919981694,-0.027947713104368797,0.7744353000785701,0.20850898379184787,0.0,0.0,0.0,0.0,0.0,0.0,0.0
1.06,0.7478081841846871,-0.4520605335854502,0.045743604868911755,1.8937790919981694,-0.027947713104368797,0.7744353000785701,0.20850898379184787,0.0,0.0,0.0,0.0,0.0,0.0,0.0
1.07,0.7478081841846871,-0.4520605335854502,0.045743604868911755,1.8937790919981694,-0.027947713104368797,0.7744353000785701,0.20850898379184787,0.0,0.0,0.0,0.0,0.0,0.0,0.0
1.08,0.7478081841846871,-0.4520605335854502,0.045743604868911755,1.8937790919981694,-0.027947713104368797,0.7744353000785701,0.20850898379184787,0.0,0.0,0.0,0.0,0.0,0.0,0.0
1.09,0.7478081841846871,-0.4520605335854502,0.045743604868911755,1.8937790919981694,-0.027947713104368797,0.7744353000785701,0.20850898379184787,0.0,0.0,0.0,0.0,0.0,0.0,0.0
1.1,0.7478081841846871,-0.4520605335854502,0.045743604868911755,1.8937790919981694,-0.027947713104368797,0.7744353000785701,0.20850898379184787,0.0,0.0,0.0,0.0,0.0,0.0,0.0
1.11,0.7478081841846871,-0.4520605335854502,0.045743604868911755,1.8937790919981694,-0.027947713104368797,0.7744353000785701,0.20850898379184787,0.0,0.0,0.0,0.0,0.0,0.0,0.0
1.12,0.7478081841846871,-0.4520605335854502,0.045743604868911755,1.8937790919981694,-0.027947713104368797,0.7744353000785701,0.20850898379184787,0.0,0.0,0.0,0.0,0.0,0.0,0.0
1.13,0.7478081841846871,-0.4520605335854502,0.045743604868911755,1.8937790919981694,-0.027947713104368797,0.7744353000785701,0.20850898379184787,0.0,0.0,0.0,0.0,0.0,0.0,0.0
1.14,0.7478081841846871,-0.4520605335854502,0.045743604868911755,1.8937790919981694,-0.027947713104368797,0.7744353000785701,0.20850898379184787,0.0,0.0,0.0,0.0,0.0,0.0,0.0
1.15,0.7478081841846871,-0.4520605335854502,0.045743604868911755,1.8937790919981694,-0.027947713104368797,0.7744353000785701,0.20850898379184787,0.0,0.0,0.0,0.0,0.0,0.0,0.0
1.16,0.7478081841846871,-0.4520605335854502,0.045743604868911755,1.8937790919981694,-0.027947713104368797,0.7744353000785701,0.20850898379184787,0.0,0.0,0.0,0.0,0.0,0.0,0.0
1.17,0.7478081841846871,-0.4520605335854502,0.045743604868911755,1.8937790919981694,-0.027947713104368797,0.7744353000785701,0.20850898379184787,0.0,0.0,0.0,0.0,0.0,0.0,0.0
1.18,0.7478081841846871,-0.4520605335854502,0.045743604868911755,1.8937790919981694,-0.027947713104368797,0.7744353000785701,0.20850898379184787,0.0,0.0,0.0,0.0,0.0,0.0,0.0
1.19,0.7478081841846871,-0.4520605335854502,0.045743604868911755,1.8937790919981694,-0.027947713104368797,0.7744353000785701,0.20850898379184787,0.0,0.0,0.0,0.0,0.0,0.0,0.0
1.2,0.7478081841846871,-0.4520605335854502,0.045743604868911755,1.8937790919981694,-0.027947713104368797,0.7744353000785701,0.20850898379184787,0.0,0.0,0.0,0.0,0.0,0.0,0.0
1.21,0.7478081841846871,-0.4520605335854502,0.045743604868911755,1.8937790919981694,-0.027947713104368797,0.7744353000785701,0.20850898379184787,0.0,0.0,0.0,0.0,0.0,0.0,0.0
1.22,0.7478081841846871,-0.4520605335854502,0.045743604868911755,1.8937790919981694,-0.027947713104368797,0.7744353000785701,0.20850898379184787,0.0,0.0,0.0,0.0,0.0,0.0,0.0
1.23,0.7478081841846871,-0.4520605335854502,0.045743604868911755,1.8937790919981694,-0.027947713104368797,0.7744353000785701,0.20850898379184787,0.0,0.0,0.0,0.0,0.0,0.0,0.0
1.24,0.7478081841846871,-0.4520605335854502,0.045743604868911755,1.8937790919981694,-0.027947713104368797,0.7744353000785701,0.20850898379184787,0.0,0.0,0.0,0.0,0.0,0.0,0.0
1.25,0.7478081841846871,-0.4520605335854502,0.045743604868911755,1.8937790919981694,-0.027947713104368797,0.7744353000785701,0.20850898379184787,0.0,0.0,0.0,0.0,0.0,0.0,0.0
1.26,0.7478081841846871,-0.4520605335854502,0.045743604868911755,1.8937790919981694,-0.027947713104368797,0.7744353000785701,0.20850898379184787,0.0,0.0,0.0,0.0,0.0,0.0,0.0
1.27,0.7478081841846871,-0.4520605335854502,0.045743604868911755,1.8937790919981694,-0.027947713104368797,0.7744353000785701,0.20850898379184787,0.0,0.0,0.0,0.0,0.0,0.0,0.0
1.28,0.7478081841846871,-0.4520605335854502,0.045743604868911755,1.8937790919981694,-0.027947713104368797,0.7744353000785701,0.20850898379184787,0.0,0.0,0.0,0.0,0.0,0.0,0.0
1.29,0.7478081841846871,-0.4520605335854502,0.045743604868911755,1.8937790919981694,-0.027947713104368797,0.7744353000785701,0.20850898379184787,0.0,0.0,0.0,0.0,0.0,0.0,0.0
1.3,0.7478081841846871,-0.4520605335854502,0.045743604868911755,1.8937790919981694,-0.027947713104368797,0.7744353000785701,0.20850898379184787,0.0,0.0,0.0,0.0,0.0,0.0,0.0
1.31,0.7478081841846871,-0.4520605335854502,0.045743604868911755,1.8937790919981694,-0.027947713104368797,0.7744353000785701,0.20850898379184787,0.0,0.0,0.0,0.0,0.0,0.0,0.0
1.32,0.7478081841846871,-0.4520605335854502,0.045743604868911755,1.8937790919981694,-0.027947713104368797,0.7744353000785701,0.20850898379184787,0.0,0.0,0.0,0.0,0.0,0.0,0.0
1.33,0.7478081841846871,-0.4520605335854502,0.045743604868911755,1.8937790919981694,-0.027947713104368797,0.7744353000785701,0.20850898379184787,0.0,0.0,0.0,0.0,0.0,0.0,0.0
1.34,0.7478081841846871,-0.4520605335854502,0.045743604868911755,1.8937790919981694,-0.027947713104368797,0.7744353000785701,0.20850898379184787,0.0,0.0,0.0,0.0,0.0,0.0,0.0
1.35,0.7478081841846871,-0.4520605335854502,0.045743604868911755,1.8937790919981694,-0.027947713104368797,0.7744353000785701,0.20850898379184787,0.0,0.0,0.0,0.0,0.0,0.0,0.0
1.36,0.7478081841846871,-0.4520605335854502,0.045743604868911755,1.8937790919981694,-0.027947713104368797,0.7744353000785701,0.20850898379184787,0.0,0.0,0.0,0.0,0.0,0.0,0.0
1.37,0.7478081841846871,-0.4520605335854502,0.045743604868911755,1.8937790919981694,-0.027947713104368797,0.7744353000785701,0.20850898379184787,0.0,0.0,0.0,0.0,0.0,0.0,0.0
1.38,0.7478081841846871,-0.4520605335854502,0.045743604868911755,1.8937790919981694,-0.027947713104368797,0.7744353000785701,0.20850898379184787,0.0,0.0,0.0,0.0,0.0,0.0,0.0
1.39,0.7478081841846871,-0.4520605335854502,0.045743604868911755,1.8937790919981694,-0.027947713104368797,0.7744353000785701,0.20850898379184787,0.0,0.0,0.0,0.0,0.0,0.0,0.0
1.4,0.7478081841846871,-0.4520605335854502,0.045743604868911755,1.8937790919981694,-0.027947713104368797,0.7744353000785701,0.20850898379184787,0.0,0.0,0.0,0.0,0.0,0.0,0.0
1.41,0.7478081841846871,-0.4520605335854502,0.045743604868911755,1.8937790919981694,-0.027947713104368797,0.7744353000785701,0.20850898379184787,0.0,0.0,0.0,0.0,0.0,0.0,0.0
1.42,0.7478081841846871,-0.4520605335854502,0.045743604868911755,1.8937790919981694,-0.027947713104368797,0.7744353000785701,0.20850898379184787,0.0,0.0,0.0,0.0,0.0,0.0,0.0
1.43,0.7478081841846871,-0.4520605335854502,0.045743604868911755,1.8937790919981694,-0.027947713104368797,0.7744353000785701,0.20850898379184787,0.0,0.0,0.0,0.0,0.0,0.0,0.0
1.44,0.7478081841846871,-0.4520605335854502,0.045743604868911755,1.8937790919981694,-0.027947713104368797,0.7744353000785701,0.20850898379184787,0.0,0.0,0.0,0.0,0.0,0.0,0.0
1.45,0.7478081841846871,-0.4520605335854502,0.045743604868911755,1.8937790919981694,-0.027947713104368797,0.7744353000785701,0.20850898379184787,0.0,0.0,0.0,0.0,0.0,0.0,0.0
1.46,0.7478081841846871,-0.4520605335854502,0.045743604868911755,1.8937790919981694,-0.027947713104368797,0.7744353000785701,0.20850898379184787,0.0,0.0,0.0,0.0,0.0,0.0,0.0
1.47,0.7478081841846871,-0.4520605335854502,0.045743604868911755,1.8937790919981694,-0.027947713104368797,0.7744353000785701,0.20850898379184787,0.0,0.0,0.0,0.0,0.0,0.0,0.0
1.48,0.7478081841846871,-0.4520605335854502,0.045743604868911755,1.8937790919981694,-0.027947713104368797,0.7744353000785701,0.20850898379184787,0.0,0.0,0.0,0.0,0.0,0.0,0.0
1.49,0.7478081841846871,-0.4520605335854502,0.045743604868911755,1.8937790919981694,-0.027947713104368797,0.7744353000785701,0.20850898379184787,0.0,0.0,0.0,0.0,0.0,0.0,0.0
1.5,0.7478081841846871,-0.4520605335854502,0.045743604868911755,1.8937790919981694,-0.027947713104368797,0.7744353000785701,0.20850898379184787,0.0,0.0,0.0,0.0,0.0,0.0,0.0
1.51,0.7478081841846871,-0.4520605335854502,0.045743604868911755,1.8937790919981694,-0.027947713104368797,0.7744353000785701,0.20850898379184787,0.0,0.0,0.0,0.0,0.0,0.0,0.0
1.52,0.7478081841846871,-0.4520605335854502,0.045743604868911755,1.8937790919981694,-0.027947713104368797,0.7744353000785701,0.20850898379184787,0.0,0.0,0.0,0.0,0.0,0.0,0.0
1.53,0.7478081841846871,-0.4520605335854502,0.045743604868911755,1.8937790919981694,-0.027947713104368797,0.7744353000785701,0.20850898379184787,0.0,0.0,0.0,0.0,0.0,0.0,0.0
1.54,0.7478081841846871,-0.4520605335854502,0.045743604868911755,1.8937790919981694,-0.027947713104368797,0.7744353000785701,0.20850898379184787,0.0,0.0,0.0,0.0,0.0,0.0,0.0
1.55,0.7478081841846871,-0.4520605335854502,0.045743604868911755,1.8937790919981694,-0.027947713104368797,0.7744353000785701,0.20850898379184787,0.0,0.0,0.0,0.0,0.0,0.0,0.0
1.56,0.7478081841846871,-0.4520605335854502,0.045743604868911755,1.8937790919981694,-0.027947713104368797,0.7744353000785701,0.20850898379184787,0.0,0.0,0.0,0.0,0.0,0.0,0.0
1.57,0.7478081841846871,-0.4520605335854502,0.045743604868911755,1.8937790919981694,-0.027947713104368797,0.7744353000785701,0.20850898379184787,0.0,0.0,0.0,0.0,0.0,0.0,0.0
1.58,0.7478081841846871,-0.4520605335854502,0.045743604868911755,1.8937790919981694,-0.027947713104368797,0.7744353000785701,0.20850898379184787,0.0,0.0,0.0,0.0,0.0,0.0,0.0
1.59,0.7478081841846871,-0.4520605335854502,0.045743604868911755,1.8937790919981694,-0.027947713104368797,0.7744353000785701,0.20850898379184787,0.0,0.0,0.0,0.0,0.0,0.0,0.0
1.6,0.7478081841846871,-0.4520605335854502,0.045743604868911755,1.8937790919981694,-0.027947713104368797,0.7744353000785701,0.20850898379184787,0.0,0.0,0.0,0.0,0.0,0.0,0.0
1.61,0.7478081841846871,-0.4520605335854502,0.045743604868911755,1.8937790919981694,-0.027947713104368797,0.7744353000785701,0.20850898379184787,0.0,0.0,0.0,0.0,0.0,0.0,0.0
1.62,0.7478081841846871,-0.4520605335854502,0.045743604868911755,1.8937790919981694,-0.027947713104368797,0.7744353000785701,0.20850898379184787,0.0,0.0,0.0,0.0,0.0,0.0,0.0
1.63,0.7478081841846871,-0.4520605335854502,0.045743604868911755,1.8937790919981694,-0.027947713104368797,0.7744353000785701,0.20850898379184787,0.0,0.0,0.0,0.0,0.0,0.0,0.0
1.64,0.7478081841846871,-0.4520605335854502,0.045743604868911755,1.8937790919981694,-0.027947713104368797,0.7744353000785701,0.20850898379184787,0.0,0.0,0.0,0.0,0.0,0.0,0.0
1.65,0.7478081841846871,-0.4520605335854502,0.045743604868911755,1.8937790919981694,-0.027947713104368797,0.7744353000785701,0.20850898379184787,0.0,0.0,0.0,0.0,0.0,0.0,0.0
1.66,0.7478081841846871,-0.4520605335854502,0.045743604868911755,1.8937790919981694,-0.027947713104368797,0.7744353000785701,0.20850898379184787,0.0,0.0,0.0,0.0,0.0,0.0,0.0
1.67,0.7478081841846871,-0.4520605335854502,0.045743604868911755,1.8937790919981694,-0.027947713104368797,0.7744353000785701,0.20850898379184787,0.0,0.0,0.0,0.0,0.0,0.0,0.0
1.68,0.7478081841846871,-0.4520605335854502,0.045743604868911755,1.8937790919981694,-0.027947713104368797,0.7744353000785701,0.20850898379184787,0.0,0.0,0.0,0.0,0.0,0.0,0.0
1.69,0.7478081841846871,-0.4520605335854502,0.045743604868911755,1.8937790919981694,-0.027947713104368797,0.7744353000785701,0.20850898379184787,0.0,0.0,0.0,0.0,0.0,0.0,0.0
1.7,0.7478081841846871,-0.4520605335854502,0.045743604868911755,1.8937790919981694,-0.027947713104368797,0.7744353000785701,0.20850898379184787,0.0,0.0,0.0,0.0,0.0,0.0,0.0
1.71,0.7478081841846871,-0.4520605335854502,0.045743604868911755,1.8937790919981694,-0.027947713104368797,0.7744353000785701,0.20850898379184787,0.0,0.0,0.0,0.0,0.0,0.0,0.0
1.72,0.7478081841846871,-0.4520605335854502,0.045743604868911755,1.8937790919981694,-0.027947713104368797,0.7744353000785701,0.20850898379184787,0.0,0.0,0.0,0.0,0.0,0.0,0.0
1.73,0.7478081841846871,-0.4520605335854502,0.045743604868911755,1.8937790919981694,-0.027947713104368797,0.7744353000785701,0.20850898379184787,0.0,0.0,0.0,0.0,0.0,0.0,0.0
1.74,0.7478081841846871,-0.4520605335854502,0.045743604868911755,1.8937790919981694,-0.027947713104368797,0.7744353000785701,0.20850898379184787,0.0,0.0,0.0,0.0,0.0,0.0,0.0
1.75,0.7478081841846871,-0.4520605335854502,0.045743604868911755,1.8937790919981694,-0.027947713104368797,0.7744353000785701,0.20850898379184787,0.0,0.0,0.0,0.0,0.0,0.0,0.0
1.76,0.7478081841846871,-0.4520605335854502,0.045743604868911755,1.8937790919981694,-0.027947713104368797,0.7744353000785701,0.20850898379184787,0.0,0.0,0.0,0.0,0.0,0.0,0.0
1.77,0.7478081841846871,-0.4520605335854502,0.045743604868911755,1.8937790919981694,-0.027947713104368797,0.7744353000785701,0.20850898379184787,0.0,0.0,0.0,0.0,0.0,0.0,0.0
1.78,0.7478081841846871,-0.4520605335854502,0.045743604868911755,1.8937790919981694,-0.027947713104368797,0.7744353000785701,0.20850898379184787,0.0,0.0,0.0,0.0,0.0,0.0,0.0
1.79,0.7478081841846871,-0.4520605335854502,0.045743604868911755,1.8937790919981694,-0.027947713104368797,0.7744353000785701,0.20850898379184787,0.0,0.0,0.0,0.0,0.0,0.0,0.0
1.8,0.7478081841846871,-0.4520605335854502,0.045743604868911755,1.8937790919981694,-0.027947713104368797,0.7744353000785701,0.20850898379184787,0.0,0.0,0.0,0.0,0.0,0.0,0.0
1.81,0.7478081841846871,-0.4520605335854502,0.045743604868911755,1.8937790919981694,-0.027947713104368797,0.7744353000785701,0.20850898379184787,0.0,0.0,0.0,0.0,0.0,0.0,0.0
1.82,0.7478081841846871,-0.4520605335854502,0.045743604868911755,1.8937790919981694,-0.027947713104368797,0.7744353000785701,0.20850898379184787,0.0,0.0,0.0,0.0,0.0,0.0,0.0
1.83,0.7478081841846871,-0.4520605335854502,0.045743604868911755,1.8937790919981694,-0.027947713104368797,0.7744353000785701,0.20850898379184787,0.0,0.0,0.0,0.0,0.0,0.0,0.0
1.84,0.7478081841846871,-0.4520605335854502,0.045743604868911755,1.8937790919981694,-0.027947713104368797,0.7744353000785701,0.20850898379184787,0.0,0.0,0.0,0.0,0.0,0.0,0.0
1.85,0.7478081841846871,-0.4520605335854502,0.045743604868911755,1.8937790919981694,-0.027947713104368797,0.7744353000785701,0.20850898379184787,0.0,0.0,0.0,0.0,0.0,0.0,0.0
1.86,0.7478081841846871,-0.4520605335854502,0.045743604868911755,1.8937790919981694,-0.027947713104368797,0.7744353000785701,0.20850898379184787,0.0,0.0,0.0,0.0,0.0,0.0,0.0
1.87,0.7478081841846871,-0.4520605335854502,0.045743604868911755,1.8937790919981694,-0.027947713104368797,0.7744353000785701,0.20850898379184787,0.0,0.0,0.0,0.0,0.0,0.0,0.0
1.88,0.7478081841846871,-0.4520605335854502,0.045743604868911755,1.8937790919981694,-0.027947713104368797,0.7744353000785701,0.20850898379184787,0.0,0.0,0.0,0.0,0.0,0.0,0.0
1.89,0.7478081841846871,-0.4520605335854502,0.045743604868911755,1.8937790919981694,-0.027947713104368797,0.7744353000785701,0.20850898379184787,0.0,0.0,0.0,0.0,0.0,0.0,0.0
1.9,0.7478081841846871,-0.4520605335854502,0.045743604868911755,1.8937790919981694,-0.027947713104368797,0.7744353000785701,0.20850898379184787,0.0,0.0,0.0,0.0,0.0,0.0,0.0
1.91,0.7478081841846871,-0.4520605335854502,0.045743604868911755,1.8937790919981694,-0.027947713104368797,0.7744353000785701,0.20850898379184787,0.0,0.0,0.0,0.0,0.0,0.0,0.0
1.92,0.7478081841846871,-0.4520605335854502,0.045743604868911755,1.8937790919981694,-0.027947713104368797,0.7744353000785701,0.20850898379184787,0.0,0.0,0.0,0.0,0.0,0.0,0.0
1.93,0.7478081841846871,-0.4520605335854502,0.045743604868911755,1.8937790919981694,-0.027947713104368797,0.7744353000785701,0.20850898379184787,0.0,0.0,0.0,0.0,0.0,0.0,0.0
1.94,0.7478081841846871,-0.4520605335854502,0.045743604868911755,1.8937790919981694,-0.027947713104368797,0.7744353000785701,0.20850898379184787,0.0,0.0,0.0,0.0,0.0,0.0,0.0
1.95,0.7478081841846871,-0.4520605335854502,0.045743604868911755,1.8937790919981694,-0.027947713104368797,0.7744353000785701,0.20850898379184787,0.0,0.0,0.0,0.0,0.0,0.0,0.0
1.96,0.7478081841846871,-0.4520605335854502,0.045743604868911755,1.8937790919981694,-0.027947713104368797,0.7744353000785701,0.20850898379184787,0.0,0.0,0.0,0.0,0.0,0.0,0.0
1.97,0.7478081841846871,-0.4520605335854502,0.045743604868911755,1.8937790919981694,-0.027947713104368797,0.7744353000785701,0.20850898379184787,0.0,0.0,0.0,0.0,0.0,0.0,0.0
1.98,0.7478081841846871,-0.4520605335854502,0.045743604868911755,1.8937790919981694,-0.027947713104368797,0.7744353000785701,0.20850898379184787,0.0,0.0,0.0,0.0,0.0,0.0,0.0
1.99,0.7478081841846871,-0.4520605335854502,0.045743604868911755,1.8937790919981694,-0.027947713104368797,0.7744353000785701,0.20850898379184787,0.0,0.0,0.0,0.0,0.0,0.0,0.0
2.0,0.7478081841846871,-0.4520605335854502,0.045743604868911755,1.8937790919981694,-0.027947713104368797,0.7744353000785701,0.20850898379184787,0.0,0.0,0.0,0.0,0.0,0.0,0.0
2.01,0.7478081841846871,-0.4520605335854502,0.045743604868911755,1.8937790919981694,-0.027947713104368797,0.7744353038364737,0.20850898379184787,0.0,0.0,0.0,0.0,0.0,1.1273384716547303e-06,0.0
2.02,0.7478081841846871,-0.4520605335854502,0.045743604868911755,1.8937790919981694,-0.027947713104368797,0.7744353301378845,0.20850898379184787,0.0,0.0,0.0,0.0,0.0,4.508375201273039e-06,0.0
2.03,0.7478081841846871,-0.4520605335854502,0.045743604868911755,1.8937790919981694,-0.027947713104368797,0.7744354015067376,0.20850898379184787,0.0,0.0,0.0,0.0,0.0,1.0140174704163584e-05,0.0
2.04,0.7478081841846871,-0.4520605335854502,0.045743604868911755,1.8937790919981694,-0.027947713104368797,0.7744355404278361,0.20850898379184787,0.0,0.0,0.0,0.0,0.0,1.8017846410044345e-05,0.0
2.05,0.7478081841846871,-0.4520605335854502,0.045743604868911755,1.8937790919981694,-0.027947713104368797,0.7744357693273136,0.20850898379184787,0.0,0.0,0.0,0.0,0.0,2.8134547518336054e-05,0.0
2.06,0.7478081841846871,-0.4520605335854502,0.045743604868911755,1.8937790919981694,-0.027947713104368797,0.7744361105531303,0.20850898379184787,0.0,0.0,0.0,0.0,0.0,4.048148699356245e-05,0.0
2.07,0.7478081841846871,-0.4520605335854502,0.045743604868911755,1.8937790919981694,-0.027947713104368797,0.7744365863556162,0.20850898379184787,0.0,0.0,0.0,0.0,0.0,5.504793069883093e-05,0.0
2.08,0.7478081841846871,-0.4520605335854502,0.045743604868911755,1.8937790919981694,-0.027947713104368797,0.7744372188680696,0.20850898379184787,0.0,0.0,0.0,0.0,0.0,7.182120766481883e-05,0.0
2.09,0.7478081841846871,-0.4520605335854502,0.045743604868911755,1.8937790919981694,-0.027947713104368797,0.7744380300874257,0.20850898379184787,0.0,0.0,0.0,0.0,0.0,9.078671749108584e-05,0.0
2.1,0.7478081841846871,-0.4520605335854502,0.045743604868911755,1.8937790919981694,-0.027947713104368797,0.7744390418550037,0.20850898379184787,0.0,0.0,0.0,0.0,0.0,0.00011192793887599952,0.0
2.11,0.7478081841846871,-0.4520605335854502,0.045743604868911755,1.8937790919981694,-0.027947713104368797,0.7744402758373445,0.20850898379184787,0.0,0.0,0.0,0.0,0.0,0.00013522643927094718,0.0
2.12,0.7478081841846871,-0.4520605335854502,0.045743604868911755,1.8937790919981694,-0.027947713104368797,0.7744417535071522,0.20850898379184787,0.0,0.0,0.0,0.0,0.0,0.00016066188565399024,0.0
2.13,0.7478081841846871,-0.4520605335854502,0.045743604868911755,1.8937790919981694,-0.027947713104368797,0.7744434961243473,0.20850898379184787,0.0,0.0,0.0,0.0,0.0,0.0001882120564174951,0.0
2.14,0.7478081841846871,-0.4520605335854502,0.045743604868911755,1.8937790919981694,-0.027947713104368797,0.7744455247172447,0.20850898379184787,0.0,0.0,0.0,0.0,0.0,0.00021785285436377416,0.0
2.15,0.7478081841846871,-0.4520605335854502,0.045743604868911755,1.8937790919981694,-0.027947713104368797,0.774447860063868,0.20850898379184787,0.0,0.0,0.0,0.0,0.0,0.0002495583208021443,0.0
2.16,0.7478081841846871,-0.4520605335854502,0.045743604868911755,1.8937790919981694,-0.027947713104368797,0.7744505226734091,0.20850898379184787,0.0,0.0,0.0,0.0,0.0,0.00028330065074032285,0.0
2.17,0.7478081841846871,-0.4520605335854502,0.045743604868911755,1.8937790919981694,-0.027947713104368797,0.7744535327678458,0.20850898379184787,0.0,0.0,0.0,0.0,0.0,0.000319050209162454,0.0
2.18,0.7478081841846871,-0.4520605335854502,0.045743604868911755,1.8937790919981694,-0.027947713104368797,0.7744569102637278,0.20850898379184787,0.0,0.0,0.0,0.0,0.0,0.0003567755483855889,0.0
2.19,0.7478081841846871,-0.4520605335854502,0.045743604868911755,1.8937790919981694,-0.027947713104368797,0.7744606747541404,0.20850898379184787,0.0,0.0,0.0,0.0,0.0,0.0003964434264858077,0.0
2.2,0.7478081841846871,-0.4520605335854502,0.045743604868911755,1.8937790919981694,-0.027947713104368797,0.7744648454908597,0.20850898379184787,0.0,0.0,0.0,0.0,0.0,0.00043801882678472844,0.0
2.21,0.7478081841846871,-0.4520605335854502,0.045743604868911755,1.8937790919981694,-0.027947713104368797,0.7744694413667063,0.20850898379184787,0.0,0.0,0.0,0.0,0.0,0.00048146497838650465,0.0
2.22,0.7478081841846871,-0.4520605335854502,0.045743604868911755,1.8937790919981694,-0.027947713104368797,0.77447448089811,0.20850898379184787,0.0,0.0,0.0,0.0,0.0,0.0005267433777549899,0.0
2.23,0.7478081841846871,-0.4520605335854502,0.045743604868911755,1.8937790919981694,-0.027947713104368797,0.774479982207896,0.20850898379184787,0.0,0.0,0.0,0.0,0.0,0.0005738138113201089,0.0
2.24,0.7478081841846871,-0.4520605335854502,0.045743604868911755,1.8937790919981694,-0.027947713104368797,0.7744859630083017,0.20850898379184787,0.0,0.0,0.0,0.0,0.0,0.0006226343791020656,0.0
2.25,0.7478081841846871,-0.4520605335854502,0.045743604868911755,1.8937790919981694,-0.027947713104368797,0.7744924405842347,0.20850898379184787,0.0,0.0,0.0,0.0,0.0,0.0006731615193413813,0.0
2.26,0.7478081841846871,-0.4520605335854502,0.045743604868911755,1.8937790919981694,-0.027947713104368797,0.7744994317767826,0.20850898379184787,0.0,0.0,0.0,0.0,0.0,0.0007253500341223716,0.0
2.27,0.7478081841846871,-0.4520605335854502,0.045743604868911755,1.8937790919981694,-0.027947713104368797,0.7745069529669832,0.20850898379184787,0.0,0.0,0.0,0.0,0.0,0.0007791531159770438,0.0
2.28,0.7478081841846871,-0.4520605335854502,0.045743604868911755,1.8937790919981694,-0.027947713104368797,0.7745150200598668,0.20850898379184787,0.0,0.0,0.0,0.0,0.0,0.0008345223754559772,0.0
2.29,0.7478081841846871,-0.4520605335854502,0.045743604868911755,1.8937790919981694,-0.027947713104368797,0.7745236484687774,0.20850898379184787,0.0,0.0,0.0,0.0,0.0,0.0008914078696522533,0.0
2.3,0.7478081841846871,-0.4520605335854502,0.045743604868911755,1.8937790919981694,-0.027947713104368797,0.7745328530999852,0.20850898379184787,0.0,0.0,0.0,0.0,0.0,0.0009497581316639336,0.0
2.31,0.7478081841846871,-0.4520605335854502,0.045743604868911755,1.8937790919981694,-0.027947713104368797,0.7745426483375976,0.20850898379184787,0.0,0.0,0.0,0.0,0.0,0.001009520200980239,0.0
2.32,0.7478081841846871,-0.4520605335854502,0.045743604868911755,1.8937790919981694,-0.027947713104368797,0.7745530480287787,0.20850898379184787,0.0,0.0,0.0,0.0,0.0,0.001070639654775959,0.0
2.33,0.7478081841846871,-0.4520605335854502,0.045743604868911755,1.8937790919981694,-0.027947713104368797,0.7745640654692867,0.20850898379184787,0.0,0.0,0.0,0.0,0.0,0.0011330606400983074,0.0
2.34,0.7478081841846871,-0.4520605335854502,0.045743604868911755,1.8937790919981694,-0.027947713104368797,0.7745757133893372,0.20850898379184787,0.0,0.0,0.0,0.0,0.0,0.001196725906929825,0.0
2.35,0.7478081841846871,-0.4520605335854502,0.045743604868911755,1.8937790919981694,-0.027947713104368797,0.7745880039398008,0.20850898379184787,0.0,0.0,0.0,0.0,0.0,0.0012615768421106466,0.0
2.36,0.7478081841846871,-0.4520605335854502,0.045743604868911755,1.8937790919981694,-0.027947713104368797,0.7746009486787457,0.20850898379184787,0.0,0.0,0.0,0.0,0.0,0.0013275535041028326,0.0
2.37,0.7478081841846871,-0.4520605335854502,0.045743604868911755,1.8937790919981694,-0.027947713104368797,0.7746145585583307,0.20850898379184787,0.0,0.0,0.0,0.0,0.0,0.0013945946585792069,0.0
2.38,0.7478081841846871,-0.4520605335854502,0.045743604868911755,1.8937790919981694,-0.027947713104368797,0.7746288439120587,0.20850898379184787,0.0,0.0,0.0,0.0,0.0,0.001462637814818545,0.0
2.39,0.7478081841846871,-0.4520605335854502,0.045743604868911755,1.8937790919981694,-0.027947713104368797,0.7746438144423978,0.20850898379184787,0.0,0.0,0.0,0.0,0.0,0.0015316192628887077,0.0
2.4,0.7478081841846871,-0.4520605335854502,0.045743604868911755,1.8937790919981694,-0.027947713104368797,0.7746594792087789,0.20850898379184787,0.0,0.0,0.0,0.0,0.0,0.0016014741115987358,0.0
2.41,0.7478081841846871,-0.4520605335854502,0.045743604868911755,1.8937790919981694,-0.027947713104368797,0.7746758466159753,0.20850898379184787,0.0,0.0,0.0,0.0,0.0,0.0016721363272006985,0.0
2.42,0.7478081841846871,-0.4520605335854502,0.045743604868911755,1.8937790919981694,-0.027947713104368797,0.7746929244028744,0.20850898379184787,0.0,0.0,0.0,0.0,0.0,0.001743538772821518,0.0
2.43,0.7478081841846871,-0.4520605335854502,0.045743604868911755,1.8937790919981694,-0.027947713104368797,0.7747107196316458,0.20850898379184787,0.0,0.0,0.0,0.0,0.0,0.0018156132486047889,0.0
2.44,0.7478081841846871,-0.4520605335854502,0.045743604868911755,1.8937790919981694,-0.027947713104368797,0.7747292386773159,0.20850898379184787,0.0,0.0,0.0,0.0,0.0,0.0018882905325420657,0.0
2.45,0.7478081841846871,-0.4520605335854502,0.045743604868911755,1.8937790919981694,-0.027947713104368797,0.7747484872177527,0.20850898379184787,0.0,0.0,0.0,0.0,0.0,0.001961500421972904,0.0
2.46,0.7478081841846871,-0.4520605335854502,0.045743604868911755,1.8937790919981694,-0.027947713104368797,0.7747684702240694,0.20850898379184787,0.0,0.0,0.0,0.0,0.0,0.002035171775732404,0.0
2.47,0.7478081841846871,-0.4520605335854502,0.045743604868911755,1.8937790919981694,-0.027947713104368797,0.7747891919514535,0.20850898379184787,0.0,0.0,0.0,0.0,0.0,0.0021092325569248686,0.0
2.48,0.7478081841846871,-0.4520605335854502,0.045743604868911755,1.8937790919981694,-0.027947713104368797,0.774810655930425,0.20850898379184787,0.0,0.0,0.0,0.0,0.0,0.002183609876301624,0.0
2.49,0.7478081841846871,-0.4520605335854502,0.045743604868911755,1.8937790919981694,-0.027947713104368797,0.7748328649585329,0.20850898379184787,0.0,0.0,0.0,0.0,0.0,0.0022582300362209862,0.0
2.5,0.7478081841846871,-0.4520605335854502,0.045743604868911755,1.8937790919981694,-0.027947713104368797,0.7748558210924927,0.20850898379184787,0.0,0.0,0.0,0.0,0.0,0.002333018575167773,0.0
2.51,0.7478081841846871,-0.4520605335854502,0.045743604868911755,1.8937790919981694,-0.027947713104368797,0.7748795256407733,0.20850898379184787,0.0,0.0,0.0,0.0,0.0,0.002407900312809733,0.0
2.52,0.7478081841846871,-0.4520605335854502,0.045743604868911755,1.8937790919981694,-0.027947713104368797,0.7749039791566357,0.20850898379184787,0.0,0.0,0.0,0.0,0.0,0.002482799395567734,0.0
2.53,0.7478081841846871,-0.4520605335854502,0.045743604868911755,1.8937790919981694,-0.027947713104368797,0.7749291814316304,0.20850898379184787,0.0,0.0,0.0,0.0,0.0,0.0025576393426764237,0.0
2.54,0.7478081841846871,-0.4520605335854502,0.045743604868911755,1.8937790919981694,-0.027947713104368797,0.7749551314895582,0.20850898379184787,0.0,0.0,0.0,0.0,0.0,0.0026323430927118023,0.0
2.55,0.7478081841846871,-0.4520605335854502,0.045743604868911755,1.8937790919981694,-0.027947713104368797,0.7749818275808981,0.20850898379184787,0.0,0.0,0.0,0.0,0.0,0.0027068330505617554,0.0
2.56,0.7478081841846871,-0.4520605335854502,0.045743604868911755,1.8937790919981694,-0.027947713104368797,0.7750092671777062,0.20850898379184787,0.0,0.0,0.0,0.0,0.0,0.0027810311348155673,0.0
2.57,0.7478081841846871,-0.4520605335854502,0.045743604868911755,1.8937790919981694,-0.027947713104368797,0.7750374469689927,0.20850898379184787,0.0,0.0,0.0,0.0,0.0,0.002854858825547965,0.0
2.58,0.7478081841846871,-0.4520605335854502,0.045743604868911755,1.8937790919981694,-0.027947713104368797,0.7750663628565758,0.20850898379184787,0.0,0.0,0.0,0.0,0.0,0.002928237212473243,0.0
2.59,0.7478081841846871,-0.4520605335854502,0.045743604868911755,1.8937790919981694,-0.027947713104368797,0.7750960099514215,0.20850898379184787,0.0,0.0,0.0,0.0,0.0,0.003001087043444611,0.0
2.6,0.7478081841846871,-0.4520605335854502,0.045743604868911755,1.8937790919981694,-0.027947713104368797,0.775126382570468,0.20850898379184787,0.0,0.0,0.0,0.0,0.0,0.0030733287732738856,0.0
2.61,0.7478081841846871,-0.4520605335854502,0.045743604868911755,1.8937790919981694,-0.027947713104368797,0.7751574742339411,0.20850898379184787,0.0,0.0,0.0,0.0,0.0,0.0031448826128462936,0.0
2.62,0.7478081841846871,-0.4520605335854502,0.045743604868911755,1.8937790919981694,-0.027947713104368797,0.7751892776631614,0.20850898379184787,0.0,0.0,0.0,0.0,0.0,0.003215668578505144,0.0
2.63,0.7478081841846871,-0.4520605335854502,0.045743604868911755,1.8937790919981694,-0.027947713104368797,0.7752217847788467,0.20850898379184787,0.0,0.0,0.0,0.0,0.0,0.0032856065416807996,0.0
2.64,0.7478081841846871,-0.4520605335854502,0.045743604868911755,1.8937790919981694,-0.027947713104368797,0.7752549866999129,0.20850898379184787,0.0,0.0,0.0,0.0,0.0,0.003354616278738391,0.0
2.65,0.7478081841846871,-0.4520605335854502,0.045743604868911755,1.8937790919981694,-0.027947713104368797,0.7752888737427718,0.20850898379184787,0.0,0.0,0.0,0.0,0.0,0.003422617521018415,0.0
2.66,0.7478081841846871,-0.4520605335854502,0.045743604868911755,1.8937790919981694,-0.027947713104368797,0.7753234354211329,0.20850898379184787,0.0,0.0,0.0,0.0,0.0,0.0034895300050443983,0.0
2.67,0.7478081841846871,-0.4520605335854502,0.045743604868911755,1.8937790919981694,-0.027947713104368797,0.7753586604463069,0.20850898379184787,0.0,0.0,0.0,0.0,0.0,0.0035552735228715267,0.0
2.68,0.7478081841846871,-0.4520605335854502,0.045743604868911755,1.8937790919981694,-0.027947713104368797,0.7753945367280124,0.20850898379184787,0.0,0.0,0.0,0.0,0.0,0.003619767972550217,0.0
2.69,0.7478081841846871,-0.4520605335854502,0.045743604868911755,1.8937790919981694,-0.027947713104368797,0.7754310513756897,0.20850898379184787,0.0,0.0,0.0,0.0,0.0,0.0036829334086783123,0.0
2.7,0.7478081841846871,-0.4520605335854502,0.045743604868911755,1.8937790919981694,-0.027947713104368797,0.775468190700318,0.20850898379184787,0.0,0.0,0.0,0.0,0.0,0.0037446900930157515,0.0
2.71,0.7478081841846871,-0.4520605335854502,0.045743604868911755,1.8937790919981694,-0.027947713104368797,0.7755059402167417,0.20850898379184787,0.0,0.0,0.0,0.0,0.0,0.003804958545135236,0.0
2.72,0.7478081841846871,-0.4520605335854502,0.045743604868911755,1.8937790919981694,-0.027947713104368797,0.7755442846465003,0.20850898379184787,0.0,0.0,0.0,0.0,0.0,0.0038636595930826123,0.0
2.73,0.7478081841846871,-0.4520605335854502,0.045743604868911755,1.8937790919981694,-0.027947713104368797,0.7755832079211677,0.20850898379184787,0.0,0.0,0.0,0.0,0.0,0.0039207144240204425,0.0
2.74,0.7478081841846871,-0.4520605335854502,0.045743604868911755,1.8937790919981694,-0.027947713104368797,0.7756226931861958,0.20850898379184787,0.0,0.0,0.0,0.0,0.0,0.003976044634828382,0.0
2.75,0.7478081841846871,-0.4520605335854502,0.045743604868911755,1.8937790919981694,-0.027947713104368797,0.7756627228052642,0.20850898379184787,0.0,0.0,0.0,0.0,0.0,0.00402957228263383,0.0
2.76,0.7478081841846871,-0.4520605335854502,0.045743604868911755,1.8937790919981694,-0.027947713104368797,0.7757032783651355,0.20850898379184787,0.0,0.0,0.0,0.0,0.0,0.00408121993524642,0.0
2.77,0.7478081841846871,-0.4520605335854502,0.045743604868911755,1.8937790919981694,-0.027947713104368797,0.7757443406810133,0.20850898379184787,0.0,0.0,0.0,0.0,0.0,0.004130910721469879,0.0
2.78,0.7478081841846871,-0.4520605335854502,0.045743604868911755,1.8937790919981694,-0.027947713104368797,0.7757858898024034,0.20850898379184787,0.0,0.0,0.0,0.0,0.0,0.004178568381264795,0.0
2.79,0.7478081841846871,-0.4520605335854502,0.045743604868911755,1.8937790919981694,-0.027947713104368797,0.7758279050194752,0.20850898379184787,0.0,0.0,0.0,0.0,0.0,0.004224117315735954,0.0
2.8,0.7478081841846871,-0.4520605335854502,0.045743604868911755,1.8937790919981694,-0.027947713104368797,0.7758703648699226,0.20850898379184787,0.0,0.0,0.0,0.0,0.0,0.004267482636917834,0.0
2.81,0.7478081841846871,-0.4520605335854502,0.045743604868911755,1.8937790919981694,-0.027947713104368797,0.7759132471463209,0.20850898379184787,0.0,0.0,0.0,0.0,0.0,0.004308590217332026,0.0
2.82,0.7478081841846871,-0.4520605335854502,0.045743604868911755,1.8937790919981694,-0.027947713104368797,0.7759565289039789,0.20850898379184787,0.0,0.0,0.0,0.0,0.0,0.004347366739290336,0.0
2.83,0.7478081841846871,-0.4520605335854502,0.045743604868911755,1.8937790919981694,-0.027947713104368797,0.7760001864692815,0.20850898379184787,0.0,0.0,0.0,0.0,0.0,0.004383739743917486,0.0
2.84,0.7478081841846871,-0.4520605335854502,0.045743604868911755,1.8937790919981694,-0.027947713104368797,0.7760441954485221,0.20850898379184787,0.0,0.0,0.0,0.0,0.0,0.00441763767986736,0.0
2.85,0.7478081841846871,-0.4520605335854502,0.045743604868911755,1.8937790919981694,-0.027947713104368797,0.7760885307372203,0.20850898379184787,0.0,0.0,0.0,0.0,0.0,0.004448989951706921,0.0
2.86,0.7478081841846871,-0.4520605335854502,0.045743604868911755,1.8937790919981694,-0.027947713104368797,0.7761331665299207,0.20850898379184787,0.0,0.0,0.0,0.0,0.0,0.004477726967942009,0.0
2.87,0.7478081841846871,-0.4520605335854502,0.045743604868911755,1.8937790919981694,-0.027947713104368797,0.776178076330472,0.20850898379184787,0.0,0.0,0.0,0.0,0.0,0.004503780188659384,0.0
2.88,0.7478081841846871,-0.4520605335854502,0.045743604868911755,1.8937790919981694,-0.027947713104368797,0.776223232962778,0.20850898379184787,0.0,0.0,0.0,0.0,0.0,0.0045270821727595185,0.0
2.89,0.7478081841846871,-0.4520605335854502,0.045743604868911755,1.8937790919981694,-0.027947713104368797,0.776268608582021,0.20850898379184787,0.0,0.0,0.0,0.0,0.0,0.004547566624754845,0.0
2.9,0.7478081841846871,-0.4520605335854502,0.045743604868911755,1.8937790919981694,-0.027947713104368797,0.77631417468635,0.20850898379184787,0.0,0.0,0.0,0.0,0.0,0.004565168441108265,0.0
2.91,0.7478081841846871,-0.4520605335854502,0.045743604868911755,1.8937790919981694,-0.027947713104368797,0.7763599021290294,0.20850898379184787,0.0,0.0,0.0,0.0,0.0,0.004579823756087008,0.0
2.92,0.7478081841846871,-0.4520605335854502,0.045743604868911755,1.8937790919981694,-0.027947713104368797,0.7764057611310443,0.20850898379184787,0.0,0.0,0.0,0.0,0.0,0.004591469987107044,0.0
2.93,0.7478081841846871,-0.4520605335854502,0.045743604868911755,1.8937790919981694,-0.027947713104368797,0.7764517212941571,0.20850898379184787,0.0,0.0,0.0,0.0,0.0,0.004600045879543523,0.0
2.94,0.7478081841846871,-0.4520605335854502,0.045743604868911755,1.8937790919981694,-0.027947713104368797,0.7764977516144079,0.20850898379184787,0.0,0.0,0.0,0.0,0.0,0.0046054915509829136,0.0
2.95,0.7478081841846871,-0.4520605335854502,0.045743604868911755,1.8937790919981694,-0.027947713104368797,0.7765438204960562,0.20850898379184787,0.0,0.0,0.0,0.0,0.0,0.004607748534892754,0.0
2.96,0.7478081841846871,-0.4520605335854502,0.045743604868911755,1.8937790919981694,-0.027947713104368797,0.7765898957659552,0.20850898379184787,0.0,0.0,0.0,0.0,0.0,0.004606759823685171,0.0
2.97,0.7478081841846871,-0.4520605335854502,0.045743604868911755,1.8937790919981694,-0.027947713104368797,0.776635944688354,0.20850898379184787,0.0,0.0,0.0,0.0,0.0,0.004602469911150595,0.0
2.98,0.7478081841846871,-0.4520605335854502,0.045743604868911755,1.8937790919981694,-0.027947713104368797,0.7766819339801209,0.20850898379184787,0.0,0.0,0.0,0.0,0.0,0.004594824834238358,0.0
2.99,0.7478081841846871,-0.4520605335854502,0.045743604868911755,1.8937790919981694,-0.027947713104368797,0.776727829826381,0.20850898379184787,0.0,0.0,0.0,0.0,0.0,0.0045837722141611565,0.0
3.0,0.7478081841846871,-0.4520605335854502,0.045743604868911755,1.8937790919981694,-0.027947713104368797,0.7767735978965615,0.20850898379184787,0.0,0.0,0.0,0.0,0.0,0.004569261296800627,0.0
3.01,0.7478081841846871,-0.4520605335854502,0.045743604868911755,1.8937790919981694,-0.027947713104368797,0.7768192033608377,0.20850898379184787,0.0,0.0,0.0,0.0,0.0,0.00455124299239164,0.0
3.02,0.7478081841846871,-0.4520605335854502,0.045743604868911755,1.8937790919981694,-0.027947713104368797,0.7768646109069708,0.20850898379184787,0.0,0.0,0.0,0.0,0.0,0.004529669914463153,0.0
3.03,0.7478081841846871,-0.4520605335854502,0.045743604868911755,1.8937790919981694,-0.027947713104368797,0.7769097847575341,0.20850898379184787,0.0,0.0,0.0,0.0,0.0,0.0045044964180139015,0.0
3.04,0.7478081841846871,-0.4520605335854502,0.045743604868911755,1.8937790919981694,-0.027947713104368797,0.7769546886875138,0.20850898379184787,0.0,0.0,0.0,0.0,0.0,0.004475678636901406,0.0
3.05,0.7478081841846871,-0.4520605335854502,0.045743604868911755,1.8937790919981694,-0.027947713104368797,0.7769992860422819,0.20850898379184787,0.0,0.0,0.0,0.0,0.0,0.004443174520423283,0.0
3.06,0.7478081841846871,-0.4520605335854502,0.045743604868911755,1.8937790919981694,-0.027947713104368797,0.7770435397559298,0.20850898379184787,0.0,0.0,0.0,0.0,0.0,0.004406943869070018,0.0
3.07,0.7478081841846871,-0.4520605335854502,0.045743604868911755,1.8937790919981694,-0.027947713104368797,0.7770874123699556,0.20850898379184787,0.0,0.0,0.0,0.0,0.0,0.004366948369428931,0.0
3.08,0.7478081841846871,-0.4520605335854502,0.045743604868911755,1.8937790919981694,-0.027947713104368797,0.7771308660522961,0.20850898379184787,0.0,0.0,0.0,0.0,0.0,0.004323151628219266,0.0
3.09,0.7478081841846871,-0.4520605335854502,0.045743604868911755,1.8937790919981694,-0.027947713104368797,0.7771738626166942,0.20850898379184787,0.0,0.0,0.0,0.0,0.0,0.004275519205438859,0.0
3.1,0.7478081841846871,-0.4520605335854502,0.045743604868911755,1.8937790919981694,-0.027947713104368797,0.777216363542394,0.20850898379184787,0.0,0.0,0.0,0.0,0.0,0.00422401864660311,0.0
3.11,0.7478081841846871,-0.4520605335854502,0.045743604868911755,1.8937790919981694,-0.027947713104368797,0.777258329994153,0.20850898379184787,0.0,0.0,0.0,0.0,0.0,0.004168619514057565,0.0
3.12,0.7478081841846871,-0.4520605335854502,0.045743604868911755,1.8937790919981694,-0.027947713104368797,0.7772997228425638,0.20850898379184787,0.0,0.0,0.0,0.0,0.0,0.004109293417345606,0.0
3.13,0.7478081841846871,-0.4520605335854502,0.045743604868911755,1.8937790919981694,-0.027947713104368797,0.7773405026846727,0.20850898379184787,0.0,0.0,0.0,0.0,0.0,0.004046014042613435,0.0
3.14,0.7478081841846871,-0.4520605335854502,0.045743604868911755,1.8937790919981694,-0.027947713104368797,0.7773806298648896,0.20850898379184787,0.0,0.0,0.0,0.0,0.0,0.003978757181034695,0.0
3.15,0.7478081841846871,-0.4520605335854502,0.045743604868911755,1.8937790919981694,-0.027947713104368797,0.7774200644961761,0.20850898379184787,0.0,0.0,0.0,0.0,0.0,0.003907500756237807,0.0
3.16,0.7478081841846871,-0.4520605335854502,0.045743604868911755,1.8937790919981694,-0.027947713104368797,0.7774587664815026,0.20850898379184787,0.0,0.0,0.0,0.0,0.0,0.0038322248507192606,0.0
3.17,0.7478081841846871,-0.4520605335854502,0.045743604868911755,1.8937790919981694,-0.027947713104368797,0.7774966955355651,0.20850898379184787,0.0,0.0,0.0,0.0,0.0,0.003752911731226846,0.0
3.18,0.7478081841846871,-0.4520605335854502,0.045743604868911755,1.8937790919981694,-0.027947713104368797,0.7775338112067504,0.20850898379184787,0.0,0.0,0.0,0.0,0.0,0.00366954587309701,0.0
3.19,0.7478081841846871,-0.4520605335854502,0.045743604868911755,1.8937790919981694,-0.027947713104368797,0.7775700728993385,0.20850898379184787,0.0,0.0,0.0,0.0,0.0,0.003582113983531272,0.0
3.2,0.7478081841846871,-0.4520605335854502,0.045743604868911755,1.8937790919981694,-0.027947713104368797,0.7776054398959342,0.20850898379184787,0.0,0.0,0.0,0.0,0.0,0.0034906050237968373,0.0
3.21,0.7478081841846871,-0.4520605335854502,0.045743604868911755,1.8937790919981694,-0.027947713104368797,0.7776398713801137,0.20850898379184787,0.0,0.0,0.0,0.0,0.0,0.003395010230337324,0.0
3.22,0.7478081841846871,-0.4520605335854502,0.045743604868911755,1.8937790919981694,-0.027947713104368797,0.7776733264592769,0.20850898379184787,0.0,0.0,0.0,0.0,0.0,0.0032953231347797574,0.0
3.23,0.7478081841846871,-0.4520605335854502,0.045743604868911755,1.8937790919981694,-0.027947713104368797,0.7777057641876954,0.20850898379184787,0.0,0.0,0.0,0.0,0.0,0.0031915395828247383,0.0
3.24,0.7478081841846871,-0.4520605335854502,0.045743604868911755,1.8937790919981694,-0.027947713104368797,0.7777371435897429,0.20850898379184787,0.0,0.0,0.0,0.0,0.0,0.0030836577520069646,0.0
3.25,0.7478081841846871,-0.4520605335854502,0.045743604868911755,1.8937790919981694,-0.027947713104368797,0.7777674236832967,0.20850898379184787,0.0,0.0,0.0,0.0,0.0,0.0029716781683140456,0.0
3.26,0.7478081841846871,-0.4520605335854502,0.045743604868911755,1.8937790919981694,-0.027947713104368797,0.7777965635033016,0.20850898379184787,0.0,0.0,0.0,0.0,0.0,0.0028556037216518693,0.0
3.27,0.7478081841846871,-0.4520605335854502,0.045743604868911755,1.8937790919981694,-0.027947713104368797,0.7778245221254811,0.20850898379184787,0.0,0.0,0.0,0.0,0.0,0.0027354396801454765,0.0
3.28,0.7478081841846871,-0.4520605335854502,0.045743604868911755,1.8937790919981694,-0.027947713104368797,0.7778512586901862,0.20850898379184787,0.0,0.0,0.0,0.0,0.0,0.002611193703264862,0.0
3.29,0.7478081841846871,-0.4520605335854502,0.045743604868911755,1.8937790919981694,-0.027947713104368797,0.7778767324263696,0.20850898379184787,0.0,0.0,0.0,0.0,0.0,0.0024828758537655963,0.0
3.3,0.7478081841846871,-0.4520605335854502,0.045743604868911755,1.8937790919981694,-0.027947713104368797,0.7779009026756728,0.20850898379184787,0.0,0.0,0.0,0.0,0.0,0.0023504986084349655,0.0
3.31,0.7478081841846871,-0.4520605335854502,0.045743604868911755,1.8937790919981694,-0.027947713104368797,0.7779237289166164,0.20850898379184787,0.0,0.0,0.0,0.0,0.0,0.0022140768676344996,0.0
3.32,0.7478081841846871,-0.4520605335854502,0.045743604868911755,1.8937790919981694,-0.027947713104368797,0.7779451707888771,0.20850898379184787,0.0,0.0,0.0,0.0,0.0,0.0020736279636307583,0.0
3.33,0.7478081841846871,-0.4520605335854502,0.045743604868911755,1.8937790919981694,-0.027947713104368797,0.7779651881176443,0.20850898379184787,0.0,0.0,0.0,0.0,0.0,0.0019291716677063988,0.0
3.34,0.7478081841846871,-0.4520605335854502,0.045743604868911755,1.8937790919981694,-0.027947713104368797,0.77798374093804,0.20850898379184787,0.0,0.0,0.0,0.0,0.0,0.0017807301960444527,0.0
3.35,0.7478081841846871,-0.4520605335854502,0.045743604868911755,1.8937790919981694,-0.027947713104368797,0.7780007895195926,0.20850898379184787,0.0,0.0,0.0,0.0,0.0,0.0016283282143790686,0.0
3.36,0.7478081841846871,-0.4520605335854502,0.045743604868911755,1.8937790919981694,-0.027947713104368797,0.7780162943907504,0.20850898379184787,0.0,0.0,0.0,0.0,0.0,0.0014719928414067781,0.0
3.37,0.7478081841846871,-0.4520605335854502,0.045743604868911755,1.8937790919981694,-0.027947713104368797,0.7780302163634228,0.20850898379184787,0.0,0.0,0.0,0.0,0.0,0.0013117536509526624,0.0
3.38,0.7478081841846871,-0.4520605335854502,0.045743604868911755,1.8937790919981694,-0.027947713104368797,0.7780425165575379,0.20850898379184787,0.0,0.0,0.0,0.0,0.0,0.0011476426728867257,0.0
3.39,0.7478081841846871,-0.4520605335854502,0.045743604868911755,1.8937790919981694,-0.027947713104368797,0.7780531564256011,0.20850898379184787,0.0,0.0,0.0,0.0,0.0,0.000979694392785928,0.0
3.4,0.7478081841846871,-0.4520605335854502,0.045743604868911755,1.8937790919981694,-0.027947713104368797,0.7780620977772468,0.20850898379184787,0.0,0.0,0.0,0.0,0.0,0.0008079457503384768,0.0
3.41,0.7478081841846871,-0.4520605335854502,0.045743604868911755,1.8937790919981694,-0.027947713104368797,0.7780693028037646,0.20850898379184787,0.0,0.0,0.0,0.0,0.0,0.0006324361364869694,0.0
3.42,0.7478081841846871,-0.4520605335854502,0.045743604868911755,1.8937790919981694,-0.027947713104368797,0.7780747341025941,0.20850898379184787,0.0,0.0,0.0,0.0,0.0,0.0004532073893081251,0.0
3.43,0.7478081841846871,-0.4520605335854502,0.045743604868911755,1.8937790919981694,-0.027947713104368797,0.7780783547017686,0.20850898379184787,0.0,0.0,0.0,0.0,0.0,0.00027030378862697785,0.0
3.44,0.7478081841846871,-0.4520605335854502,0.045743604868911755,1.8937790919981694,-0.027947713104368797,0.7780801280843016,0.20850898379184787,0.0,0.0,0.0,0.0,0.0,8.377204936447436e-05,0.0
3.45,0.7478081841846871,-0.4520605335854502,0.045743604868911755,1.8937790919981694,-0.027947713104368797,0.7780800182124988,0.20850898379184787,-0.0,-0.0,-0.0,-0.0,-0.0,-0.00010633868638252315,-0.0
3.46,0.7478081841846871,-0.4520605335854502,0.045743604868911755,1.8937790919981694,-0.027947713104368797,0.7780779895521851,0.20850898379184787,-0.0,-0.0,-0.0,-0.0,-0.0,-0.00029997685852863835,-0.0
3.47,0.7478081841846871,-0.4520605335854502,0.045743604868911755,1.8937790919981694,-0.027947713104368797,0.7780740070968328,0.20850898379184787,-0.0,-0.0,-0.0,-0.0,-0.0,-0.0004970884994545372,-0.0
3.48,0.7478081841846871,-0.4520605335854502,0.045743604868911755,1.8937790919981694,-0.027947713104368797,0.7780680363915801,0.20850898379184787,-0.0,-0.0,-0.0,-0.0,-0.0,-0.0006976172457272738,-0.0
3.49,0.7478081841846871,-0.4520605335854502,0.045743604868911755,1.8937790919981694,-0.027947713104368797,0.7780600435571248,0.20850898379184787,-0.0,-0.0,-0.0,-0.0,-0.0,-0.0009015043510849695,-0.0
3.5,0.7478081841846871,-0.4520605335854502,0.045743604868911755,1.8937790919981694,-0.027947713104368797,0.7780499953134828,0.20850898379184787,-0.0,-0.0,-0.0,-0.0,-0.0,-0.00110868870068326,-0.0
3.51,0.7478081841846871,-0.4520605335854502,0.045743604868911755,1.8937790919981694,-0.027947713104368797,0.7780378590035971,0.20850898379184787,-0.0,-0.0,-0.0,-0.0,-0.0,-0.0013191068266007755,-0.0
3.52,0.7478081841846871,-0.4520605335854502,0.045743604868911755,1.8937790919981694,-0.027947713104368797,0.7780236026167863,0.20850898379184787,-0.0,-0.0,-0.0,-0.0,-0.0,-0.0015326929245999593,-0.0
3.53,0.7478081841846871,-0.4520605335854502,0.045743604868911755,1.8937790919981694,-0.027947713104368797,0.7780071948120179,0.20850898379184787,-0.0,-0.0,-0.0,-0.0,-0.0,-0.0017493788721391287,-0.0
3.54,0.7478081841846871,-0.4520605335854502,0.045743604868911755,1.8937790919981694,-0.027947713104368797,0.7779886049409971,0.20850898379184787,-0.0,-0.0,-0.0,-0.0,-0.0,-0.0019690942476311424,-0.0
3.55,0.7478081841846871,-0.4520605335854502,0.045743604868911755,1.8937790919981694,-0.027947713104368797,0.7779678030710551,0.20850898379184787,-0.0,-0.0,-0.0,-0.0,-0.0,-0.0021917663509430905,-0.0
3.56,0.7478081841846871,-0.4520605335854502,0.045743604868911755,1.8937790919981694,-0.027947713104368797,0.7779447600078271,0.20850898379184787,-0.0,-0.0,-0.0,-0.0,-0.0,-0.0024173202251313317,-0.0
3.57,0.7478081841846871,-0.4520605335854502,0.045743604868911755,1.8937790919981694,-0.027947713104368797,0.7779194473177067,0.20850898379184787,-0.0,-0.0,-0.0,-0.0,-0.0,-0.002645678679404998,-0.0
3.58,0.7478081841846871,-0.4520605335854502,0.045743604868911755,1.8937790919981694,-0.027947713104368797,0.7778918373500642,0.20850898379184787,-0.0,-0.0,-0.0,-0.0,-0.0,-0.0028767623133111675,-0.0
3.59,0.7478081841846871,-0.4520605335854502,0.045743604868911755,1.8937790919981694,-0.027947713104368797,0.7778619032592176,0.20850898379184787,-0.0,-0.0,-0.0,-0.0,-0.0,-0.003110489542133622,-0.0
3.6,0.7478081841846871,-0.4520605335854502,0.045743604868911755,1.8937790919981694,-0.027947713104368797,0.777829619026143,0.20850898379184787,-0.0,-0.0,-0.0,-0.0,-0.0,-0.0033467766234971533,-0.0
3.61,0.7478081841846871,-0.4520605335854502,0.045743604868911755,1.8937790919981694,-0.027947713104368797,0.7777949594799132,0.20850898379184787,-0.0,-0.0,-0.0,-0.0,-0.0,-0.0035855376851681737,-0.0
3.62,0.7478081841846871,-0.4520605335854502,0.045743604868911755,1.8937790919981694,-0.027947713104368797,0.7777579003188522,0.20850898379184787,-0.0,-0.0,-0.0,-0.0,-0.0,-0.0038266847540424187,-0.0
3.63,0.7478081841846871,-0.4520605335854502,0.045743604868911755,1.8937790919981694,-0.027947713104368797,0.7777184181313944,0.20850898379184787,-0.0,-0.0,-0.0,-0.0,-0.0,-0.004070127786309382,-0.0
3.64,0.7478081841846871,-0.4520605335854502,0.045743604868911755,1.8937790919981694,-0.027947713104368797,0.7776764904166357,0.20850898379184787,-0.0,-0.0,-0.0,-0.0,-0.0,-0.004315774698783035,-0.0
3.65,0.7478081841846871,-0.4520605335854502,0.045743604868911755,1.8937790919981694,-0.027947713104368797,0.7776320956045657,0.20850898379184787,-0.0,-0.0,-0.0,-0.0,-0.0,-0.004563531401387281,-0.0
3.66,0.7478081841846871,-0.4520605335854502,0.045743604868911755,1.8937790919981694,-0.027947713104368797,0.7775852130759698,0.20850898379184787,-0.0,-0.0,-0.0,-0.0,-0.0,-0.004813301830784653,-0.0
3.67,0.7478081841846871,-0.4520605335854502,0.045743604868911755,1.8937790919981694,-0.027947713104368797,0.7775358231819888,0.20850898379184787,-0.0,-0.0,-0.0,-0.0,-0.0,-0.00506498798513556,-0.0
3.68,0.7478081841846871,-0.4520605335854502,0.045743604868911755,1.8937790919981694,-0.027947713104368797,0.777483907263325,0.20850898379184787,-0.0,-0.0,-0.0,-0.0,-0.0,-0.0053184899599753865,-0.0
3.69,0.7478081841846871,-0.4520605335854502,0.045743604868911755,1.8937790919981694,-0.027947713104368797,0.777429447669085,0.20850898379184787,-0.0,-0.0,-0.0,-0.0,-0.0,-0.005573705985195604,-0.0
3.7,0.7478081841846871,-0.4520605335854502,0.045743604868911755,1.8937790919981694,-0.027947713104368797,0.7773724277752466,0.20850898379184787,-0.0,-0.0,-0.0,-0.0,-0.0,-0.0058305324631152304,-0.0
3.71,0.7478081841846871,-0.4520605335854502,0.045743604868911755,1.8937790919981694,-0.027947713104368797,0.7773128320027397,0.20850898379184787,-0.0,-0.0,-0.0,-0.0,-0.0,-0.006088864007627633,-0.0
3.72,0.7478081841846871,-0.4520605335854502,0.045743604868911755,1.8937790919981694,-0.027947713104368797,0.7772506458351301,0.20850898379184787,-0.0,-0.0,-0.0,-0.0,-0.0,-0.006348593484407866,-0.0
3.73,0.7478081841846871,-0.4520605335854502,0.045743604868911755,1.8937790919981694,-0.027947713104368797,0.7771858558358966,0.20850898379184787,-0.0,-0.0,-0.0,-0.0,-0.0,-0.0066096120521644975,-0.0
3.74,0.7478081841846871,-0.4520605335854502,0.045743604868911755,1.8937790919981694,-0.027947713104368797,0.77711844966529,0.20850898379184787,-0.0,-0.0,-0.0,-0.0,-0.0,-0.006871809204920103,-0.0
3.75,0.7478081841846871,-0.4520605335854502,0.045743604868911755,1.8937790919981694,-0.027947713104368797,0.7770484160967642,0.20850898379184787,-0.0,-0.0,-0.0,-0.0,-0.0,-0.007135072815303305,-0.0
3.76,0.7478081841846871,-0.4520605335854502,0.045743604868911755,1.8937790919981694,-0.027947713104368797,0.77697574503297,0.20850898379184787,-0.0,-0.0,-0.0,-0.0,-0.0,-0.0073992891788354585,-0.0
3.77,0.7478081841846871,-0.4520605335854502,0.045743604868911755,1.8937790919981694,-0.027947713104368797,0.7769004275212997,0.20850898379184787,-0.0,-0.0,-0.0,-0.0,-0.0,-0.00766434305919393,-0.0
3.78,0.7478081841846871,-0.4520605335854502,0.045743604868911755,1.8937790919981694,-0.027947713104368797,0.7768224557689766,0.20850898379184787,-0.0,-0.0,-0.0,-0.0,-0.0,-0.007930117734433839,-0.0
3.79,0.7478081841846871,-0.4520605335854502,0.045743604868911755,1.8937790919981694,-0.027947713104368797,0.7767418231576749,0.20850898379184787,-0.0,-0.0,-0.0,-0.0,-0.0,-0.008196495044149642,-0.0
3.8,0.7478081841846871,-0.4520605335854502,0.045743604868911755,1.8937790919981694,-0.027947713104368797,0.7766585242576656,0.20850898379184787,-0.0,-0.0,-0.0,-0.0,-0.0,-0.008463355437556996,-0.0
3.81,0.7478081841846871,-0.4520605335854502,0.045743604868911755,1.8937790919981694,-0.027947713104368797,0.7765725548414752,0.20850898379184787,-0.0,-0.0,-0.0,-0.0,-0.0,-0.008730578022475588,-0.0
3.82,0.7478081841846871,-0.4520605335854502,0.045743604868911755,1.8937790919981694,-0.027947713104368797,0.7764839118970521,0.20850898379184787,-0.0,-0.0,-0.0,-0.0,-0.0,-0.008998040615192333,-0.0
3.83,0.7478081841846871,-0.4520605335854502,0.045743604868911755,1.8937790919981694,-0.027947713104368797,0.7763925936404283,0.20850898379184787,-0.0,-0.0,-0.0,-0.0,-0.0,-0.009265619791184738,-0.0
3.84,0.7478081841846871,-0.4520605335854502,0.045743604868911755,1.8937790919981694,-0.027947713104368797,0.7762985995278705,0.20850898379184787,-0.0,-0.0,-0.0,-0.0,-0.0,-0.009533190936682869,-0.0
3.85,0.7478081841846871,-0.4520605335854502,0.045743604868911755,1.8937790919981694,-0.027947713104368797,0.7762019302675114,0.20850898379184787,-0.0,-0.0,-0.0,-0.0,-0.0,-0.009800628301048928,-0.0
3.86,0.7478081841846871,-0.4520605335854502,0.045743604868911755,1.8937790919981694,-0.027947713104368797,0.7761025878304533,0.20850898379184787,-0.0,-0.0,-0.0,-0.0,-0.0,-0.010067805049951844,-0.0
3.87,0.7478081841846871,-0.4520605335854502,0.045743604868911755,1.8937790919981694,-0.027947713104368797,0.7760005754613357,0.20850898379184787,-0.0,-0.0,-0.0,-0.0,-0.0,-0.010334593319315147,-0.0
3.88,0.7478081841846871,-0.4520605335854502,0.045743604868911755,1.8937790919981694,-0.027947713104368797,0.7758958976883603,0.20850898379184787,-0.0,-0.0,-0.0,-0.0,-0.0,-0.010600864270014724,-0.0
3.89,0.7478081841846871,-0.4520605335854502,0.045743604868911755,1.8937790919981694,-0.027947713104368797,0.7757885603327642,0.20850898379184787,-0.0,-0.0,-0.0,-0.0,-0.0,-0.010866488143303762,-0.0
3.9,0.7478081841846871,-0.4520605335854502,0.045743604868911755,1.8937790919981694,-0.027947713104368797,0.7756785705177368,0.20850898379184787,-0.0,-0.0,-0.0,-0.0,-0.0,-0.011131334316940798,-0.0
3.91,0.7478081841846871,-0.4520605335854502,0.045743604868911755,1.8937790919981694,-0.027947713104368797,0.7755659366767708,0.20850898379184787,-0.0,-0.0,-0.0,-0.0,-0.0,-0.011395271361997339,-0.0
3.92,0.7478081841846871,-0.4520605335854502,0.045743604868911755,1.8937790919981694,-0.027947713104368797,0.7754506685614425,0.20850898379184787,-0.0,-0.0,-0.0,-0.0,-0.0,-0.011658167100320284,-0.0
3.93,0.7478081841846871,-0.4520605335854502,0.045743604868911755,1.8937790919981694,-0.027947713104368797,0.7753327772486142,0.20850898379184787,-0.0,-0.0,-0.0,-0.0,-0.0,-0.01191988866262481,-0.0
3.94,0.7478081841846871,-0.4520605335854502,0.045743604868911755,1.8937790919981694,-0.027947713104368797,0.775212275147052,0.20850898379184787,-0.0,-0.0,-0.0,-0.0,-0.0,-0.012180302547192233,-0.0
3.95,0.7478081841846871,-0.4520605335854502,0.045743604868911755,1.8937790919981694,-0.027947713104368797,0.7750891760034553,0.20850898379184787,-0.0,-0.0,-0.0,-0.0,-0.0,-0.012439274679147813,-0.0
3.96,0.7478081841846871,-0.4520605335854502,0.045743604868911755,1.8937790919981694,-0.027947713104368797,0.7749634949078882,0.20850898379184787,-0.0,-0.0,-0.0,-0.0,-0.0,-0.012696670470292458,-0.0
3.97,0.7478081841846871,-0.4520605335854502,0.045743604868911755,1.8937790919981694,-0.027947713104368797,0.7748352482986124,0.20850898379184787,-0.0,-0.0,-0.0,-0.0,-0.0,-0.012952354879462485,-0.0
3.98,0.7478081841846871,-0.4520605335854502,0.045743604868911755,1.8937790919981694,-0.027947713104368797,0.7747044539663129,0.20850898379184787,-0.0,-0.0,-0.0,-0.0,-0.0,-0.013206192473390796,-0.0
3.99,0.7478081841846871,-0.4520605335854502,0.045743604868911755,1.8937790919981694,-0.027947713104368797,0.7745711310577124,0.20850898379184787,-0.0,-0.0,-0.0,-0.0,-0.0,-0.013458047488043088,-0.0
4.0,0.7478081841846871,-0.4520605335854502,0.045743604868911755,1.8937790919981694,-0.027947713104368797,0.7744353000785701,0.20850898379184787,-0.0,-0.0,-0.0,-0.0,-0.0,-0.01370778389040188,-0.0
4.01,0.7478081841846871,-0.4520605335854502,0.045743604868911755,1.8937790919981694,-0.027947713104368797,0.7742969828960619,0.20850898379184787,-0.0,-0.0,-0.0,-0.0,-0.0,-0.013955265440671355,-0.0
4.02,0.7478081841846871,-0.4520605335854502,0.045743604868911755,1.8937790919981694,-0.027947713104368797,0.7741562027405345,0.20850898379184787,-0.0,-0.0,-0.0,-0.0,-0.0,-0.014200355754875223,-0.0
4.03,0.7478081841846871,-0.4520605335854502,0.045743604868911755,1.8937790919981694,-0.027947713104368797,0.7740129842066332,0.20850898379184787,-0.0,-0.0,-0.0,-0.0,-0.0,-0.014442918367820176,-0.0
4.04,0.7478081841846871,-0.4520605335854502,0.045743604868911755,1.8937790919981694,-0.027947713104368797,0.7738673532537977,0.20850898379184787,-0.0,-0.0,-0.0,-0.0,-0.0,-0.014682816796396702,-0.0
4.05,0.7478081841846871,-0.4520605335854502,0.045743604868911755,1.8937790919981694,-0.027947713104368797,0.7737193372061234,0.20850898379184787,-0.0,-0.0,-0.0,-0.0,-0.0,-0.014919914603189269,-0.0
4.06,0.7478081841846871,-0.4520605335854502,0.045743604868911755,1.8937790919981694,-0.027947713104368797,0.7735689647515853,0.20850898379184787,-0.0,-0.0,-0.0,-0.0,-0.0,-0.015154075460367225,-0.0
4.07,0.7478081841846871,-0.4520605335854502,0.045743604868911755,1.8937790919981694,-0.027947713104368797,0.7734162659406216,0.20850898379184787,-0.0,-0.0,-0.0,-0.0,-0.0,-0.015385163213827983,-0.0
4.08,0.7478081841846871,-0.4520605335854502,0.045743604868911755,1.8937790919981694,-0.027947713104368797,0.7732612721840748,0.20850898379184787,-0.0,-0.0,-0.0,-0.0,-0.0,-0.015613041947563487,-0.0
4.09,0.7478081841846871,-0.4520605335854502,0.045743604868911755,1.8937790919981694,-0.027947713104368797,0.7731040162504881,0.20850898379184787,-0.0,-0.0,-0.0,-0.0,-0.0,-0.015837576048221304,-0.0
4.1,0.7478081841846871,-0.4520605335854502,0.045743604868911755,1.8937790919981694,-0.027947713104368797,0.7729445322627553,0.20850898379184787,-0.0,-0.0,-0.0,-0.0,-0.0,-0.01605863026983079,-0.0
4.11,0.7478081841846871,-0.4520605335854502,0.045743604868911755,1.8937790919981694,-0.027947713104368797,0.7727828556941226,0.20850898379184787,-0.0,-0.0,-0.0,-0.0,-0.0,-0.016276069798665325,-0.0
4.12,0.7478081841846871,-0.4520605335854502,0.045743604868911755,1.8937790919981694,-0.027947713104368797,0.772619023363542,0.20850898379184787,-0.0,-0.0,-0.0,-0.0,-0.0,-0.016489760318211012,-0.0
4.13,0.7478081841846871,-0.4520605335854502,0.045743604868911755,1.8937790919981694,-0.027947713104368797,0.7724530734303733,0.20850898379184787,-0.0,-0.0,-0.0,-0.0,-0.0,-0.016699568074212544,-0.0
4.14,0.7478081841846871,-0.4520605335854502,0.045743604868911755,1.8937790919981694,-0.027947713104368797,0.7722850453884362,0.20850898379184787,-0.0,-0.0,-0.0,-0.0,-0.0,-0.016905359939766183,-0.0
4.15,0.7478081841846871,-0.4520605335854502,0.045743604868911755,1.8937790919981694,-0.027947713104368797,0.7721149800594117,0.20850898379184787,-0.0,-0.0,-0.0,-0.0,-0.0,-0.017107003480430493,-0.0
4.16,0.7478081841846871,-0.4520605335854502,0.045743604868911755,1.8937790919981694,-0.027947713104368797,0.7719429195855916,0.20850898379184787,-0.0,-0.0,-0.0,-0.0,-0.0,-0.017304367019324616,-0.0
4.17,0.7478081841846871,-0.4520605335854502,0.045743604868911755,1.8937790919981694,-0.027947713104368797,0.7717689074219773,0.20850898379184787,-0.0,-0.0,-0.0,-0.0,-0.0,-0.017497319702184586,-0.0
4.18,0.7478081841846871,-0.4520605335854502,0.045743604868911755,1.8937790919981694,-0.027947713104368797,0.7715929883277294,0.20850898379184787,-0.0,-0.0,-0.0,-0.0,-0.0,-0.01768573156234735,-0.0
4.19,0.7478081841846871,-0.4520605335854502,0.045743604868911755,1.8937790919981694,-0.027947713104368797,0.7714152083569663,0.20850898379184787,-0.0,-0.0,-0.0,-0.0,-0.0,-0.017869473585632626,-0.0
4.2,0.7478081841846871,-0.4520605335854502,0.045743604868911755,1.8937790919981694,-0.027947713104368797,0.7712356148489163,0.20850898379184787,-0.0,-0.0,-0.0,-0.0,-0.0,-0.018048417775092616,-0.0
4.21,0.7478081841846871,-0.4520605335854502,0.045743604868911755,1.8937790919981694,-0.027947713104368797,0.7710542564174216,0.20850898379184787,-0.0,-0.0,-0.0,-0.0,-0.0,-0.018222437215599487,-0.0
4.22,0.7478081841846871,-0.4520605335854502,0.045743604868911755,1.8937790919981694,-0.027947713104368797,0.7708711829397984,0.20850898379184787,-0.0,-0.0,-0.0,-0.0,-0.0,-0.018391406138240484,-0.0
4.23,0.7478081841846871,-0.4520605335854502,0.045743604868911755,1.8937790919981694,-0.027947713104368797,0.7706864455450531,0.20850898379184787,-0.0,-0.0,-0.0,-0.0,-0.0,-0.018555199984490706,-0.0
4.24,0.7478081841846871,-0.4520605335854502,0.045743604868911755,1.8937790919981694,-0.027947713104368797,0.7705000966014592,0.20850898379184787,-0.0,-0.0,-0.0,-0.0,-0.0,-0.018713695470133497,-0.0
4.25,0.7478081841846871,-0.4520605335854502,0.045743604868911755,1.8937790919981694,-0.027947713104368797,0.7703121897034957,0.20850898379184787,-0.0,-0.0,-0.0,-0.0,-0.0,-0.018866770648898558,-0.0
4.26,0.7478081841846871,-0.4520605335854502,0.045743604868911755,1.8937790919981694,-0.027947713104368797,0.7701227796581502,0.20850898379184787,-0.0,-0.0,-0.0,-0.0,-0.0,-0.019014304975787655,-0.0
4.27,0.7478081841846871,-0.4520605335854502,0.045743604868911755,1.8937790919981694,-0.027947713104368797,0.7699319224705917,0.20850898379184787,-0.0,-0.0,-0.0,-0.0,-0.0,-0.019156179370058243,-0.0
4.28,0.7478081841846871,-0.4520605335854502,0.045743604868911755,1.8937790919981694,-0.027947713104368797,0.769739675329214,0.20850898379184787,-0.0,-0.0,-0.0,-0.0,-0.0,-0.019292276277835165,-0.0
4.29,0.7478081841846871,-0.4520605335854502,0.045743604868911755,1.8937790919981694,-0.027947713104368797,0.769546096590056,0.20850898379184787,-0.0,-0.0,-0.0,-0.0,-0.0,-0.01942247973432067,-0.0
4.3,0.7478081841846871,-0.4520605335854502,0.045743604868911755,1.8937790919981694,-0.027947713104368797,0.7693512457606019,0.20850898379184787,-0.0,-0.0,-0.0,-0.0,-0.0,-0.019546675425573288,-0.0
4.31,0.7478081841846871,-0.4520605335854502,0.045743604868911755,1.8937790919981694,-0.027947713104368797,0.769155183482965,0.20850898379184787,-0.0,-0.0,-0.0,-0.0,-0.0,-0.01966475074982596,-0.0
4.32,0.7478081841846871,-0.4520605335854502,0.045743604868911755,1.8937790919981694,-0.027947713104368797,0.7689579715164616,0.20850898379184787,-0.0,-0.0,-0.0,-0.0,-0.0,-0.019776594878314246,-0.0
4.33,0.7478081841846871,-0.4520605335854502,0.045743604868911755,1.8937790919981694,-0.027947713104368797,0.7687596727195797,0.20850898379184787,-0.0,-0.0,-0.0,-0.0,-0.0,-0.0198820988155852,-0.0
4.34,0.7478081841846871,-0.4520605335854502,0.045743604868911755,1.8937790919981694,-0.027947713104368797,0.7685603510313456,0.20850898379184787,-0.0,-0.0,-0.0,-0.0,-0.0,-0.019981155459258226,-0.0
4.35,0.7478081841846871,-0.4520605335854502,0.045743604868911755,1.8937790919981694,-0.027947713104368797,0.7683600714520971,0.20850898379184787,-0.0,-0.0,-0.0,-0.0,-0.0,-0.020073659659208647,-0.0
4.36,0.7478081841846871,-0.4520605335854502,0.045743604868911755,1.8937790919981694,-0.027947713104368797,0.7681589000236679,0.20850898379184787,-0.0,-0.0,-0.0,-0.0,-0.0,-0.020159508276145727,-0.0
4.37,0.7478081841846871,-0.4520605335854502,0.045743604868911755,1.8937790919981694,-0.027947713104368797,0.7679569038089888,0.20850898379184787,-0.0,-0.0,-0.0,-0.0,-0.0,-0.020238600239556384,-0.0
4.38,0.7478081841846871,-0.4520605335854502,0.045743604868911755,1.8937790919981694,-0.027947713104368797,0.7677541508711127,0.20850898379184787,-0.0,-0.0,-0.0,-0.0,-0.0,-0.020310836604986487,-0.0
4.39,0.7478081841846871,-0.4520605335854502,0.045743604868911755,1.8937790919981694,-0.027947713104368797,0.7675507102516704,0.20850898379184787,-0.0,-0.0,-0.0,-0.0,-0.0,-0.02037612061063171,-0.0
4.4,0.7478081841846871,-0.4520605335854502,0.045743604868911755,1.8937790919981694,-0.027947713104368797,0.7673466519487651,0.20850898379184787,-0.0,-0.0,-0.0,-0.0,-0.0,-0.0204343577332101,-0.0
4.41,0.7478081841846871,-0.4520605335854502,0.045743604868911755,1.8937790919981694,-0.027947713104368797,0.7671420468943094,0.20850898379184787,-0.0,-0.0,-0.0,-0.0,-0.0,-0.02048545574308882,-0.0
4.42,0.7478081841846871,-0.4520605335854502,0.045743604868911755,1.8937790919981694,-0.027947713104368797,0.7669369669308179,0.20850898379184787,-0.0,-0.0,-0.0,-0.0,-0.0,-0.020529324758637935,-0.0
4.43,0.7478081841846871,-0.4520605335854502,0.045743604868911755,1.8937790919981694,-0.027947713104368797,0.7667314847876574,0.20850898379184787,-0.0,-0.0,-0.0,-0.0,-0.0,-0.020565877299784062,-0.0
4.44,0.7478081841846871,-0.4520605335854502,0.045743604868911755,1.8937790919981694,-0.027947713104368797,0.766525674056768,0.20850898379184787,-0.0,-0.0,-0.0,-0.0,-0.0,-0.020595028340737297,-0.0
4.45,0.7478081841846871,-0.4520605335854502,0.045743604868911755,1.8937790919981694,-0.027947713104368797,0.7663196091678596,0.20850898379184787,-0.0,-0.0,-0.0,-0.0,-0.0,-0.020616695361864997,-0.0
4.46,0.7478081841846871,-0.4520605335854502,0.045743604868911755,1.8937790919981694,-0.027947713104368797,0.7661133653630947,0.20850898379184787,-0.0,-0.0,-0.0,-0.0,-0.0,-0.020630798400686344,-0.0
4.47,0.7478081841846871,-0.4520605335854502,0.045743604868911755,1.8937790919981694,-0.027947713104368797,0.7659070186712662,0.20850898379184787,-0.0,-0.0,-0.0,-0.0,-0.0,-0.020637260101961926,-0.0
4.48,0.7478081841846871,-0.4520605335854502,0.045743604868911755,1.8937790919981694,-0.027947713104368797,0.7657006458814773,0.20850898379184787,-0.0,-0.0,-0.0,-0.0,-0.0,-0.02063600576685286,-0.0
4.49,0.7478081841846871,-0.4520605335854502,0.045743604868911755,1.8937790919981694,-0.027947713104368797,0.7654943245163369,0.20850898379184787,-0.0,-0.0,-0.0,-0.0,-0.0,-0.02062696340112458,-0.0
4.5,0.7478081841846871,-0.4520605335854502,0.045743604868911755,1.8937790919981694,-0.027947713104368797,0.7652881328046758,0.20850898379184787,-0.0,-0.0,-0.0,-0.0,-0.0,-0.02061006376237029,-0.0
4.51,0.7478081841846871,-0.4520605335854502,0.045743604868911755,1.8937790919981694,-0.027947713104368797,0.7650821496537967,0.20850898379184787,-0.0,-0.0,-0.0,-0.0,-0.0,-0.02058524040623008,-0.0
4.52,0.7478081841846871,-0.4520605335854502,0.045743604868911755,1.8937790919981694,-0.027947713104368797,0.7648764546212671,0.20850898379184787,-0.0,-0.0,-0.0,-0.0,-0.0,-0.020552429731581487,-0.0
4.53,0.7478081841846871,-0.4520605335854502,0.045743604868911755,1.8937790919981694,-0.027947713104368797,0.7646711278862649,0.20850898379184787,-0.0,-0.0,-0.0,-0.0,-0.0,-0.020511571024678193,-0.0
4.54,0.7478081841846871,-0.4520605335854502,0.045743604868911755,1.8937790919981694,-0.027947713104368797,0.764466250220489,0.20850898379184787,-0.0,-0.0,-0.0,-0.0,-0.0,-0.02046260650221352,-0.0
4.55,0.7478081841846871,-0.4520605335854502,0.045743604868911755,1.8937790919981694,-0.027947713104368797,0.7642619029586437,0.20850898379184787,-0.0,-0.0,-0.0,-0.0,-0.0,-0.02040548135328611,-0.0
4.56,0.7478081841846871,-0.4520605335854502,0.045743604868911755,1.8937790919981694,-0.027947713104368797,0.7640581679685096,0.20850898379184787,-0.0,-0.0,-0.0,-0.0,-0.0,-0.020340143780245613,-0.0
4.57,0.7478081841846871,-0.4520605335854502,0.045743604868911755,1.8937790919981694,-0.027947713104368797,0.7638551276206116,0.20850898379184787,-0.0,-0.0,-0.0,-0.0,-0.0,-0.02026654503839627,-0.0
4.58,0.7478081841846871,-0.4520605335854502,0.045743604868911755,1.8937790919981694,-0.027947713104368797,0.7636528647574959,0.20850898379184787,-0.0,-0.0,-0.0,-0.0,-0.0,-0.02018463947453728,-0.0
4.59,0.7478081841846871,-0.4520605335854502,0.045743604868911755,1.8937790919981694,-0.027947713104368797,0.7634514626626271,0.20850898379184787,-0.0,-0.0,-0.0,-0.0,-0.0,-0.020094384564318838,-0.0
4.6,0.7478081841846871,-0.4520605335854502,0.045743604868911755,1.8937790919981694,-0.027947713104368797,0.7632510050289175,0.20850898379184787,-0.0,-0.0,-0.0,-0.0,-0.0,-0.019995740948393508,-0.0
4.61,0.7478081841846871,-0.4520605335854502,0.045743604868911755,1.8937790919981694,-0.027947713104368797,0.7630515759269023,0.20850898379184787,-0.0,-0.0,-0.0,-0.0,-0.0,-0.01988867246734288,-0.0
4.62,0.7478081841846871,-0.4520605335854502,0.045743604868911755,1.8937790919981694,-0.027947713104368797,0.76285325977257,0.20850898379184787,-0.0,-0.0,-0.0,-0.0,-0.0,-0.019773146195360095,-0.0
4.63,0.7478081841846871,-0.4520605335854502,0.045743604868911755,1.8937790919981694,-0.027947713104368797,0.7626561412948638,0.20850898379184787,-0.0,-0.0,-0.0,-0.0,-0.0,-0.019649132472669143,-0.0
4.64,0.7478081841846871,-0.4520605335854502,0.045743604868911755,1.8937790919981694,-0.027947713104368797,0.762460305502864,0.20850898379184787,-0.0,-0.0,-0.0,-0.0,-0.0,-0.019516604936662695,-0.0
4.65,0.7478081841846871,-0.4520605335854502,0.045743604868911755,1.8937790919981694,-0.027947713104368797,0.7622658376526664,0.20850898379184787,-0.0,-0.0,-0.0,-0.0,-0.0,-0.019375540551740265,-0.0
4.66,0.7478081841846871,-0.4520605335854502,0.045743604868911755,1.8937790919981694,-0.027947713104368797,0.7620728232139684,0.20850898379184787,-0.0,-0.0,-0.0,-0.0,-0.0,-0.019225919637829464,-0.0
4.67,0.7478081841846871,-0.4520605335854502,0.045743604868911755,1.8937790919981694,-0.027947713104368797,0.7618813478363764,0.20850898379184787,-0.0,-0.0,-0.0,-0.0,-0.0,-0.019067725897573377,-0.0
4.68,0.7478081841846871,-0.4520605335854502,0.045743604868911755,1.8937790919981694,-0.027947713104368797,0.7616914973154489,0.20850898379184787,-0.0,-0.0,-0.0,-0.0,-0.0,-0.018900946442167808,-0.0
4.69,0.7478081841846871,-0.4520605335854502,0.045743604868911755,1.8937790919981694,-0.027947713104368797,0.7615033575584869,0.20850898379184787,-0.0,-0.0,-0.0,-0.0,-0.0,-0.018725571815832474,-0.0
4.7,0.7478081841846871,-0.4520605335854502,0.045743604868911755,1.8937790919981694,-0.027947713104368797,0.7613170145500874,0.20850898379184787,-0.0,-0.0,-0.0,-0.0,-0.0,-0.01854159601890124,-0.0
4.71,0.7478081841846871,-0.4520605335854502,0.045743604868911755,1.8937790919981694,-0.027947713104368797,0.7611325543174724,0.20850898379184787,-0.0,-0.0,-0.0,-0.0,-0.0,-0.018349016529516222,-0.0
4.72,0.7478081841846871,-0.4520605335854502,0.045743604868911755,1.8937790919981694,-0.027947713104368797,0.7609500628956085,0.20850898379184787,-0.0,-0.0,-0.0,-0.0,-0.0,-0.018147834323912343,-0.0
4.73,0.7478081841846871,-0.4520605335854502,0.045743604868911755,1.8937790919981694,-0.027947713104368797,0.7607696262921303,0.20850898379184787,-0.0,-0.0,-0.0,-0.0,-0.0,-0.01793805389527826,-0.0
4.74,0.7478081841846871,-0.4520605335854502,0.045743604868911755,1.8937790919981694,-0.027947713104368797,0.7605913304520824,0.20850898379184787,-0.0,-0.0,-0.0,-0.0,-0.0,-0.017719683271181313,-0.0
4.75,0.7478081841846871,-0.4520605335854502,0.045743604868911755,1.8937790919981694,-0.027947713104368797,0.7604152612224946,0.20850898379184787,-0.0,-0.0,-0.0,-0.0,-0.0,-0.01749273402954364,-0.0
4.76,0.7478081841846871,-0.4520605335854502,0.045743604868911755,1.8937790919981694,-0.027947713104368797,0.7602415043168049,0.20850898379184787,-0.0,-0.0,-0.0,-0.0,-0.0,-0.017257221313158256,-0.0
4.77,0.7478081841846871,-0.4520605335854502,0.045743604868911755,1.8937790919981694,-0.027947713104368797,0.7600701452791437,0.20850898379184787,-0.0,-0.0,-0.0,-0.0,-0.0,-0.017013163842733877,-0.0
4.78,0.7478081841846871,-0.4520605335854502,0.045743604868911755,1.8937790919981694,-0.027947713104368797,0.7599012694484963,0.20850898379184787,-0.0,-0.0,-0.0,-0.0,-0.0,-0.01676058392845784,-0.0
4.79,0.7478081841846871,-0.4520605335854502,0.045743604868911755,1.8937790919981694,-0.027947713104368797,0.7597349619227559,0.20850898379184787,-0.0,-0.0,-0.0,-0.0,-0.0,-0.016499507480067607,-0.0
4.8,0.7478081841846871,-0.4520605335854502,0.045743604868911755,1.8937790919981694,-0.027947713104368797,0.7595713075226842,0.20850898379184787,-0.0,-0.0,-0.0,-0.0,-0.0,-0.016229964015421306,-0.0
4.81,0.7478081841846871,-0.4520605335854502,0.045743604868911755,1.8937790919981694,-0.027947713104368797,0.7594103907557939,0.20850898379184787,-0.0,-0.0,-0.0,-0.0,-0.0,-0.01595198666755913,-0.0
4.82,0.7478081841846871,-0.4520605335854502,0.045743604868911755,1.8937790919981694,-0.027947713104368797,0.7592522957801673,0.20850898379184787,-0.0,-0.0,-0.0,-0.0,-0.0,-0.015665612190247237,-0.0
4.83,0.7478081841846871,-0.4520605335854502,0.045743604868911755,1.8937790919981694,-0.027947713104368797,0.7590971063682285,0.20850898379184787,-0.0,-0.0,-0.0,-0.0,-0.0,-0.015370880961997438,-0.0
4.84,0.7478081841846871,-0.4520605335854502,0.045743604868911755,1.8937790919981694,-0.027947713104368797,0.7589449058704811,0.20850898379184787,-0.0,-0.0,-0.0,-0.0,-0.0,-0.015067836988555149,-0.0
4.85,0.7478081841846871,-0.4520605335854502,0.045743604868911755,1.8937790919981694,-0.027947713104368797,0.7587957771792313,0.20850898379184787,-0.0,-0.0,-0.0,-0.0,-0.0,-0.014756527903850713,-0.0
4.86,0.7478081841846871,-0.4520605335854502,0.045743604868911755,1.8937790919981694,-0.027947713104368797,0.7586498026923061,0.20850898379184787,-0.0,-0.0,-0.0,-0.0,-0.0,-0.01443700496940785,-0.0
4.87,0.7478081841846871,-0.4520605335854502,0.045743604868911755,1.8937790919981694,-0.027947713104368797,0.758507064276788,0.20850898379184787,-0.0,-0.0,-0.0,-0.0,-0.0,-0.014109323072205155,-0.0
4.88,0.7478081841846871,-0.4520605335854502,0.045743604868911755,1.8937790919981694,-0.027947713104368797,0.7583676432327773,0.20850898379184787,-0.0,-0.0,-0.0,-0.0,-0.0,-0.013773540720986174,-0.0
4.89,0.7478081841846871,-0.4520605335854502,0.045743604868911755,1.8937790919981694,-0.027947713104368797,0.7582316202571987,0.20850898379184787,-0.0,-0.0,-0.0,-0.0,-0.0,-0.013429720041015192,-0.0
4.9,0.7478081841846871,-0.4520605335854502,0.045743604868911755,1.8937790919981694,-0.027947713104368797,0.7580990754076696,0.20850898379184787,-0.0,-0.0,-0.0,-0.0,-0.0,-0.01307792676727559,-0.0
4.91,0.7478081841846871,-0.4520605335854502,0.045743604868911755,1.8937790919981694,-0.027947713104368797,0.7579700880664436,0.20850898379184787,-0.0,-0.0,-0.0,-0.0,-0.0,-0.012718230236109426,-0.0
4.92,0.7478081841846871,-0.4520605335854502,0.045743604868911755,1.8937790919981694,-0.027947713104368797,0.7578447369044441,0.20850898379184787,-0.0,-0.0,-0.0,-0.0,-0.0,-0.012350703375295813,-0.0
4.93,0.7478081841846871,-0.4520605335854502,0.045743604868911755,1.8937790919981694,-0.027947713104368797,0.7577230998454071,0.20850898379184787,-0.0,-0.0,-0.0,-0.0,-0.0,-0.011975422692568821,-0.0
4.94,0.7478081841846871,-0.4520605335854502,0.045743604868911755,1.8937790919981694,-0.027947713104368797,0.757605254030145,0.20850898379184787,-0.0,-0.0,-0.0,-0.0,-0.0,-0.011592468262573772,-0.0
4.95,0.7478081841846871,-0.4520605335854502,0.045743604868911755,1.8937790919981694,-0.027947713104368797,0.7574912757809495,0.20850898379184787,-0.0,-0.0,-0.0,-0.0,-0.0,-0.011201923712263334,-0.0
4.96,0.7478081841846871,-0.4520605335854502,0.045743604868911755,1.8937790919981694,-0.027947713104368797,0.7573812405661481,0.20850898379184787,-0.0,-0.0,-0.0,-0.0,-0.0,-0.01080387620473435,-0.0
4.97,0.7478081841846871,-0.4520605335854502,0.045743604868911755,1.8937790919981694,-0.027947713104368797,0.7572752229648294,0.20850898379184787,-0.0,-0.0,-0.0,-0.0,-0.0,-0.010398416421507815,-0.0
4.98,0.7478081841846871,-0.4520605335854502,0.045743604868911755,1.8937790919981694,-0.027947713104368797,0.7571732966317546,0.20850898379184787,-0.0,-0.0,-0.0,-0.0,-0.0,-0.009985638543254413,-0.0
4.99,0.7478081841846871,-0.4520605335854502,0.045743604868911755,1.8937790919981694,-0.027947713104368797,0.7570755342624684,0.20850898379184787,-0.0,-0.0,-0.0,-0.0,-0.0,-0.009565640228969611,-0.0
5.0,0.7478081841846871,-0.4520605335854502,0.045743604868911755,1.8937790919981694,-0.027947713104368797,0.7569820075586268,0.20850898379184787,-0.0,-0.0,-0.0,-0.0,-0.0,-0.009138522593601263,-0.0
5.01,0.7478081841846871,-0.4520605335854502,0.045743604868911755,1.8937790919981694,-0.027947713104368797,0.7568927871935552,0.20850898379184787,-0.0,-0.0,-0.0,-0.0,-0.0,-0.00870439018413599,-0.0
5.02,0.7478081841846871,-0.4520605335854502,0.045743604868911755,1.8937790919981694,-0.027947713104368797,0.7568079427780546,0.20850898379184787,-0.0,-0.0,-0.0,-0.0,-0.0,-0.008263350954148626,-0.0
5.03,0.7478081841846871,-0.4520605335854502,0.045743604868911755,1.8937790919981694,-0.027947713104368797,0.7567275428264691,0.20850898379184787,-0.0,-0.0,-0.0,-0.0,-0.0,-0.00781551623682118,-0.0
5.04,0.7478081841846871,-0.4520605335854502,0.045743604868911755,1.8937790919981694,-0.027947713104368797,0.7566516547230308,0.20850898379184787,-0.0,-0.0,-0.0,-0.0,-0.0,-0.007361000716438821,-0.0
5.05,0.7478081841846871,-0.4520605335854502,0.045743604868911755,1.8937790919981694,-0.027947713104368797,0.7565803446884981,0.20850898379184787,-0.0,-0.0,-0.0,-0.0,-0.0,-0.00689992239836875,-0.0
5.06,0.7478081841846871,-0.4520605335854502,0.045743604868911755,1.8937790919981694,-0.027947713104368797,0.7565136777471012,0.20850898379184787,-0.0,-0.0,-0.0,-0.0,-0.0,-0.006432402577532106,-0.0
5.07,0.7478081841846871,-0.4520605335854502,0.045743604868911755,1.8937790919981694,-0.027947713104368797,0.7564517176938099,0.20850898379184787,-0.0,-0.0,-0.0,-0.0,-0.0,-0.005958565805376089,-0.0
5.08,0.7478081841846871,-0.4520605335854502,0.045743604868911755,1.8937790919981694,-0.027947713104368797,0.7563945270619405,0.20850898379184787,-0.0,-0.0,-0.0,-0.0,-0.0,-0.005478539855356819,-0.0
5.09,0.7478081841846871,-0.4520605335854502,0.045743604868911755,1.8937790919981694,-0.027947713104368797,0.7563421670911139,0.20850898379184787,-0.0,-0.0,-0.0,-0.0,-0.0,-0.004992455686942321,-0.0
5.1,0.7478081841846871,-0.4520605335854502,0.045743604868911755,1.8937790919981694,-0.027947713104368797,0.7562946976955819,0.20850898379184787,-0.0,-0.0,-0.0,-0.0,-0.0,-0.004500447408147184,-0.0
5.11,0.7478081841846871,-0.4520605335854502,0.045743604868911755,1.8937790919981694,-0.027947713104368797,0.7562521774329345,0.20850898379184787,-0.0,-0.0,-0.0,-0.0,-0.0,-0.004002652236609629,-0.0
5.12,0.7478081841846871,-0.4520605335854502,0.045743604868911755,1.8937790919981694,-0.027947713104368797,0.7562146634732055,0.20850898379184787,-0.0,-0.0,-0.0,-0.0,-0.0,-0.003499210459224091,-0.0
5.13,0.7478081841846871,-0.4520605335854502,0.045743604868911755,1.8937790919981694,-0.027947713104368797,0.7561822115683866,0.20850898379184787,-0.0,-0.0,-0.0,-0.0,-0.0,-0.0029902653903404867,-0.0
5.14,0.7478081841846871,-0.4520605335854502,0.045743604868911755,1.8937790919981694,-0.027947713104368797,0.7561548760223684,0.20850898379184787,-0.0,-0.0,-0.0,-0.0,-0.0,-0.0024759633285455704,-0.0
5.15,0.7478081841846871,-0.4520605335854502,0.045743604868911755,1.8937790919981694,-0.027947713104368797,0.7561327096613196,0.20850898379184787,-0.0,-0.0,-0.0,-0.0,-0.0,-0.001956453512038744,-0.0
5.16,0.7478081841846871,-0.4520605335854502,0.045743604868911755,1.8937790919981694,-0.027947713104368797,0.7561157638045203,0.20850898379184787,-0.0,-0.0,-0.0,-0.0,-0.0,-0.0014318880726180976,-0.0
5.17,0.7478081841846871,-0.4520605335854502,0.045743604868911755,1.8937790919981694,-0.027947713104368797,0.7561040882356611,0.20850898379184787,-0.0,-0.0,-0.0,-0.0,-0.0,-0.0009024219882912253,-0.0
5.18,0.7478081841846871,-0.4520605335854502,0.045743604868911755,1.8937790919981694,-0.027947713104368797,0.7560977311746245,0.20850898379184787,-0.0,-0.0,-0.0,-0.0,-0.0,-0.00036821303452747435,-0.0
5.19,0.7478081841846871,-0.4520605335854502,0.045743604868911755,1.8937790919981694,-0.027947713104368797,0.7560967392497588,0.20850898379184787,0.0,0.0,0.0,0.0,0.0,0.00017057826583254798,0.0
5.2,0.7478081841846871,-0.4520605335854502,0.045743604868911755,1.8937790919981694,-0.027947713104368797,0.7561011574706609,0.20850898379184787,0.0,0.0,0.0,0.0,0.0,0.0007137886939919518,0.0
5.21,0.7478081841846871,-0.4520605335854502,0.045743604868911755,1.8937790919981694,-0.027947713104368797,0.7561110292014789,0.20850898379184787,0.0,0.0,0.0,0.0,0.0,0.0012612523879210404,0.0
5.22,0.7478081841846871,-0.4520605335854502,0.045743604868911755,1.8937790919981694,-0.027947713104368797,0.7561263961347493,0.20850898379184787,0.0,0.0,0.0,0.0,0.0,0.00181280089636872,0.0
5.23,0.7478081841846871,-0.4520605335854502,0.045743604868911755,1.8937790919981694,-0.027947713104368797,0.7561472982657793,0.20850898379184787,0.0,0.0,0.0,0.0,0.0,0.0023682632341446457,0.0
5.24,0.7478081841846871,-0.4520605335854502,0.045743604868911755,1.8937790919981694,-0.027947713104368797,0.7561737738675901,0.20850898379184787,0.0,0.0,0.0,0.0,0.0,0.002927465938651484,0.0
5.25,0.7478081841846871,-0.4520605335854502,0.045743604868911755,1.8937790919981694,-0.027947713104368797,0.7562058594664297,0.20850898379184787,0.0,0.0,0.0,0.0,0.0,0.0034902331276478902,0.0
5.26,0.7478081841846871,-0.4520605335854502,0.045743604868911755,1.8937790919981694,-0.027947713104368797,0.7562435898178707,0.20850898379184787,0.0,0.0,0.0,0.0,0.0,0.004056386558220795,0.0
5.27,0.7478081841846871,-0.4520605335854502,0.045743604868911755,1.8937790919981694,-0.027947713104368797,0.7562869978835034,0.20850898379184787,0.0,0.0,0.0,0.0,0.0,0.004625745686946401,0.0
5.28,0.7478081841846871,-0.4520605335854502,0.045743604868911755,1.8937790919981694,-0.027947713104368797,0.7563361148082366,0.20850898379184787,0.0,0.0,0.0,0.0,0.0,0.005198127731217386,0.0
5.29,0.7478081841846871,-0.4520605335854502,0.045743604868911755,1.8937790919981694,-0.027947713104368797,0.7563909698982166,0.20850898379184787,0.0,0.0,0.0,0.0,0.0,0.005773347731714548,0.0
5.3,0.7478081841846871,-0.4520605335854502,0.045743604868911755,1.8937790919981694,-0.027947713104368797,0.7564515905993778,0.20850898379184787,0.0,0.0,0.0,0.0,0.0,0.006351218615999806,0.0
5.31,0.7478081841846871,-0.4520605335854502,0.045743604868911755,1.8937790919981694,-0.027947713104368797,0.7565180024766334,0.20850898379184787,0.0,0.0,0.0,0.0,0.0,0.0069315512632068125,0.0
5.32,0.7478081841846871,-0.4520605335854502,0.045743604868911755,1.8937790919981694,-0.027947713104368797,0.7565902291937194,0.20850898379184787,0.0,0.0,0.0,0.0,0.0,0.007514154569805872,0.0
5.33,0.7478081841846871,-0.4520605335854502,0.045743604868911755,1.8937790919981694,-0.027947713104368797,0.7566682924937015,0.20850898379184787,0.0,0.0,0.0,0.0,0.0,0.008098835516417508,0.0
5.34,0.7478081841846871,-0.4520605335854502,0.045743604868911755,1.8937790919981694,-0.027947713104368797,0.7567522121801542,0.20850898379184787,0.0,0.0,0.0,0.0,0.0,0.008685399235651751,0.0
5.35,0.7478081841846871,-0.4520605335854502,0.045743604868911755,1.8937790919981694,-0.027947713104368797,0.7568420060990247,0.20850898379184787,0.0,0.0,0.0,0.0,0.0,0.009273649080945275,0.0
5.36,0.7478081841846871,-0.4520605335854502,0.045743604868911755,1.8937790919981694,-0.027947713104368797,0.756937690121189,0.20850898379184787,0.0,0.0,0.0,0.0,0.0,0.009863386696372364,0.0
5.37,0.7478081841846871,-0.4520605335854502,0.045743604868911755,1.8937790919981694,-0.027947713104368797,0.7570392781257116,0.20850898379184787,0.0,0.0,0.0,0.0,0.0,0.01045441208740221,0.0
5.38,0.7478081841846871,-0.4520605335854502,0.045743604868911755,1.8937790919981694,-0.027947713104368797,0.7571467819838169,0.20850898379184787,0.0,0.0,0.0,0.0,0.0,0.011046523692576358,0.0
5.39,0.7478081841846871,-0.4520605335854502,0.045743604868911755,1.8937790919981694,-0.027947713104368797,0.7572602115435821,0.20850898379184787,0.0,0.0,0.0,0.0,0.0,0.011639518456078404,0.0
5.4,0.7478081841846871,-0.4520605335854502,0.045743604868911755,1.8937790919981694,-0.027947713104368797,0.7573795746153601,0.20850898379184787,0.0,0.0,0.0,0.0,0.0,0.012233191901168804,0.0
5.41,0.7478081841846871,-0.4520605335854502,0.045743604868911755,1.8937790919981694,-0.027947713104368797,0.7575048769579408,0.20850898379184787,0.0,0.0,0.0,0.0,0.0,0.012827338204455653,0.0
5.42,0.7478081841846871,-0.4520605335854502,0.045743604868911755,1.8937790919981694,-0.027947713104368797,0.7576361222654595,0.20850898379184787,0.0,0.0,0.0,0.0,0.0,0.01342175027097453,0.0
5.43,0.7478081841846871,-0.4520605335854502,0.045743604868911755,1.8937790919981694,-0.027947713104368797,0.7577733121550598,0.20850898379184787,0.0,0.0,0.0,0.0,0.0,0.014016219810046361,0.0
5.44,0.7478081841846871,-0.4520605335854502,0.045743604868911755,1.8937790919981694,-0.027947713104368797,0.7579164461553187,0.20850898379184787,0.0,0.0,0.0,0.0,0.0,0.014610537411885541,0.0
5.45,0.7478081841846871,-0.4520605335854502,0.045743604868911755,1.8937790919981694,-0.027947713104368797,0.758065521695442,0.20850898379184787,0.0,0.0,0.0,0.0,0.0,0.01520449262492765,0.0
5.46,0.7478081841846871,-0.4520605335854502,0.045743604868911755,1.8937790919981694,-0.027947713104368797,0.7582205340952353,0.20850898379184787,0.0,0.0,0.0,0.0,0.0,0.015797874033847196,0.0
5.47,0.7478081841846871,-0.4520605335854502,0.045743604868911755,1.8937790919981694,-0.027947713104368797,0.75838147655586,0.20850898379184787,0.0,0.0,0.0,0.0,0.0,0.016390469338234383,0.0
5.48,0.7478081841846871,-0.4520605335854502,0.045743604868911755,1.8937790919981694,-0.027947713104368797,0.7585483401513782,0.20850898379184787,0.0,0.0,0.0,0.0,0.0,0.01698206543190059,0.0
5.49,0.7478081841846871,-0.4520605335854502,0.045743604868911755,1.8937790919981694,-0.027947713104368797,0.7587211138210938,0.20850898379184787,0.0,0.0,0.0,0.0,0.0,0.017572448482780518,0.0
5.5,0.7478081841846871,-0.4520605335854502,0.045743604868911755,1.8937790919981694,-0.027947713104368797,0.7588997843626957,0.20850898379184787,0.0,0.0,0.0,0.0,0.0,0.018161404013401255,0.0
5.51,0.7478081841846871,-0.4520605335854502,0.045743604868911755,1.8937790919981694,-0.027947713104368797,0.7590843364262083,0.20850898379184787,0.0,0.0,0.0,0.0,0.0,0.01874871698188416,0.0
5.52,0.7478081841846871,-0.4520605335854502,0.045743604868911755,1.8937790919981694,-0.027947713104368797,0.7592747525087549,0.20850898379184787,0.0,0.0,0.0,0.0,0.0,0.019334171863449486,0.0
5.53,0.7478081841846871,-0.4520605335854502,0.045743604868911755,1.8937790919981694,-0.027947713104368797,0.7594710129501373,0.20850898379184787,0.0,0.0,0.0,0.0,0.0,0.01991755273239047,0.0
5.54,0.7478081841846871,-0.4520605335854502,0.045743604868911755,1.8937790919981694,-0.027947713104368797,0.7596730959292394,0.20850898379184787,0.0,0.0,0.0,0.0,0.0,0.020498643344483796,0.0
5.55,0.7478081841846871,-0.4520605335854502,0.045743604868911755,1.8937790919981694,-0.027947713104368797,0.7598809774612547,0.20850898379184787,0.0,0.0,0.0,0.0,0.0,0.021077227219805355,0.0
5.56,0.7478081841846871,-0.4520605335854502,0.045743604868911755,1.8937790919981694,-0.027947713104368797,0.7600946313957457,0.20850898379184787,0.0,0.0,0.0,0.0,0.0,0.0216530877259158,0.0
5.57,0.7478081841846871,-0.4520605335854502,0.045743604868911755,1.8937790919981694,-0.027947713104368797,0.7603140294155358,0.20850898379184787,0.0,0.0,0.0,0.0,0.0,0.022226008161384495,0.0
5.58,0.7478081841846871,-0.4520605335854502,0.045743604868911755,1.8937790919981694,-0.027947713104368797,0.7605391410364384,0.20850898379184787,0.0,0.0,0.0,0.0,0.0,0.022795771839617222,0.0
5.59,0.7478081841846871,-0.4520605335854502,0.045743604868911755,1.8937790919981694,-0.027947713104368797,0.7607699336078249,0.20850898379184787,0.0,0.0,0.0,0.0,0.0,0.02336216217295468,0.0
5.6,0.7478081841846871,-0.4520605335854502,0.045743604868911755,1.8937790919981694,-0.027947713104368797,0.7610063723140367,0.20850898379184787,0.0,0.0,0.0,0.0,0.0,0.0239249627570069,0.0
5.61,0.7478081841846871,-0.4520605335854502,0.045743604868911755,1.8937790919981694,-0.027947713104368797,0.7612484201766396,0.20850898379184787,0.0,0.0,0.0,0.0,0.0,0.02448395745519067,0.0
5.62,0.7478081841846871,-0.4520605335854502,0.045743604868911755,1.8937790919981694,-0.027947713104368797,0.7614960380575254,0.20850898379184787,0.0,0.0,0.0,0.0,0.0,0.025038930483434217,0.0
5.63,0.7478081841846871,-0.4520605335854502,0.045743604868911755,1.8937790919981694,-0.027947713104368797,0.7617491846628615,0.20850898379184787,0.0,0.0,0.0,0.0,0.0,0.02558966649501673,0.0
5.64,0.7478081841846871,-0.4520605335854502,0.045743604868911755,1.8937790919981694,-0.027947713104368797,0.762007816547888,0.20850898379184787,0.0,0.0,0.0,0.0,0.0,0.026135950665506114,0.0
5.65,0.7478081841846871,-0.4520605335854502,0.045743604868911755,1.8937790919981694,-0.027947713104368797,0.7622718881225672,0.20850898379184787,0.0,0.0,0.0,0.0,0.0,0.026677568777761923,0.0
5.66,0.7478081841846871,-0.4520605335854502,0.045743604868911755,1.8937790919981694,-0.027947713104368797,0.76254135165808,0.20850898379184787,0.0,0.0,0.0,0.0,0.0,0.027214307306967875,0.0
5.67,0.7478081841846871,-0.4520605335854502,0.045743604868911755,1.8937790919981694,-0.027947713104368797,0.7628161572941756,0.20850898379184787,0.0,0.0,0.0,0.0,0.0,0.02774595350565973,0.0
5.68,0.7478081841846871,-0.4520605335854502,0.045743604868911755,1.8937790919981694,-0.027947713104368797,0.7630962530473692,0.20850898379184787,0.0,0.0,0.0,0.0,0.0,0.028272295488713056,0.0
5.69,0.7478081841846871,-0.4520605335854502,0.045743604868911755,1.8937790919981694,-0.027947713104368797,0.7633815848199902,0.20850898379184787,0.0,0.0,0.0,0.0,0.0,0.028793122318256724,0.0
5.7,0.7478081841846871,-0.4520605335854502,0.045743604868911755,1.8937790919981694,-0.027947713104368797,0.7636720964100792,0.20850898379184787,0.0,0.0,0.0,0.0,0.0,0.029308224088475866,0.0
5.71,0.7478081841846871,-0.4520605335854502,0.045743604868911755,1.8937790919981694,-0.027947713104368797,0.7639677295221315,0.20850898379184787,0.0,0.0,0.0,0.0,0.0,0.02981739201027142,0.0
5.72,0.7478081841846871,-0.4520605335854502,0.045743604868911755,1.8937790919981694,-0.027947713104368797,0.7642684237786873,0.20850898379184787,0.0,0.0,0.0,0.0,0.0,0.03032041849573892,0.0
5.73,0.7478081841846871,-0.4520605335854502,0.045743604868911755,1.8937790919981694,-0.027947713104368797,0.7645741167327649,0.20850898379184787,0.0,0.0,0.0,0.0,0.0,0.030817097242433165,0.0
5.74,0.7478081841846871,-0.4520605335854502,0.045743604868911755,1.8937790919981694,-0.027947713104368797,0.7648847438811354,0.20850898379184787,0.0,0.0,0.0,0.0,0.0,0.03130722331738311,0.0
5.75,0.7478081841846871,-0.4520605335854502,0.045743604868911755,1.8937790919981694,-0.027947713104368797,0.7652002386784368,0.20850898379184787,0.0,0.0,0.0,0.0,0.0,0.03179059324082239,0.0
5.76,0.7478081841846871,-0.4520605335854502,0.045743604868911755,1.8937790919981694,-0.027947713104368797,0.7655205325521229,0.20850898379184787,0.0,0.0,0.0,0.0,0.0,0.03226700506960028,0.0
5.77,0.7478081841846871,-0.4520605335854502,0.045743604868911755,1.8937790919981694,-0.027947713104368797,0.7658455549182458,0.20850898379184787,0.0,0.0,0.0,0.0,0.0,0.032736258480238326,0.0
5.78,0.7478081841846871,-0.4520605335854502,0.045743604868911755,1.8937790919981694,-0.027947713104368797,0.7661752331980652,0.20850898379184787,0.0,0.0,0.0,0.0,0.0,0.0331981548515982,0.0
5.79,0.7478081841846871,-0.4520605335854502,0.045743604868911755,1.8937790919981694,-0.027947713104368797,0.7665094928354843,0.20850898379184787,0.0,0.0,0.0,0.0,0.0,0.03365249734712576,0.0
5.8,0.7478081841846871,-0.4520605335854502,0.045743604868911755,1.8937790919981694,-0.027947713104368797,0.7668482573153046,0.20850898379184787,0.0,0.0,0.0,0.0,0.0,0.03409909099663715,0.0
5.81,0.7478081841846871,-0.4520605335854502,0.045743604868911755,1.8937790919981694,-0.027947713104368797,0.7671914481822965,0.20850898379184787,0.0,0.0,0.0,0.0,0.0,0.03453774277761215,0.0
5.82,0.7478081841846871,-0.4520605335854502,0.045743604868911755,1.8937790919981694,-0.027947713104368797,0.7675389850610804,0.20850898379184787,0.0,0.0,0.0,0.0,0.0,0.034968261695960866,0.0
5.83,0.7478081841846871,-0.4520605335854502,0.045743604868911755,1.8937790919981694,-0.027947713104368797,0.7678907856768123,0.20850898379184787,0.0,0.0,0.0,0.0,0.0,0.035390458866229144,0.0
5.84,0.7478081841846871,-0.4520605335854502,0.045743604868911755,1.8937790919981694,-0.027947713104368797,0.7682467658766688,0.20850898379184787,0.0,0.0,0.0,0.0,0.0,0.0358041475912097,0.0
5.85,0.7478081841846871,-0.4520605335854502,0.045743604868911755,1.8937790919981694,-0.027947713104368797,0.768606839652125,0.20850898379184787,0.0,0.0,0.0,0.0,0.0,0.03620914344092404,0.0
5.86,0.7478081841846871,-0.4520605335854502,0.045743604868911755,1.8937790919981694,-0.027947713104368797,0.7689709191620191,0.20850898379184787,0.0,0.0,0.0,0.0,0.0,0.03660526433094235,0.0
5.87,0.7478081841846871,-0.4520605335854502,0.045743604868911755,1.8937790919981694,-0.027947713104368797,0.7693389147563963,0.20850898379184787,0.0,0.0,0.0,0.0,0.0,0.036992330600007846,0.0
5.88,0.7478081841846871,-0.4520605335854502,0.045743604868911755,1.8937790919981694,-0.027947713104368797,0.7697107350011259,0.20850898379184787,0.0,0.0,0.0,0.0,0.0,0.03737016508693251,0.0
5.89,0.7478081841846871,-0.4520605335854502,0.045743604868911755,1.8937790919981694,-0.027947713104368797,0.7700862867032832,0.20850898379184787,0.0,0.0,0.0,0.0,0.0,0.03773859320673092,0.0
5.9,0.7478081841846871,-0.4520605335854502,0.045743604868911755,1.8937790919981694,-0.027947713104368797,0.770465474937289,0.20850898379184787,0.0,0.0,0.0,0.0,0.0,0.038097443025960416,0.0
5.91,0.7478081841846871,-0.4520605335854502,0.045743604868911755,1.8937790919981694,-0.027947713104368797,0.7708482030717981,0.20850898379184787,0.0,0.0,0.0,0.0,0.0,0.038446545337233795,0.0
5.92,0.7478081841846871,-0.4520605335854502,0.045743604868911755,1.8937790919981694,-0.027947713104368797,0.771234372797329,0.20850898379184787,0.0,0.0,0.0,0.0,0.0,0.038785733732874424,0.0
5.93,0.7478081841846871,-0.4520605335854502,0.045743604868911755,1.8937790919981694,-0.027947713104368797,0.7716238841546256,0.20850898379184787,0.0,0.0,0.0,0.0,0.0,0.03911484467767992,0.0
5.94,0.7478081841846871,-0.4520605335854502,0.045743604868911755,1.8937790919981694,-0.027947713104368797,0.7720166355637419,0.20850898379184787,0.0,0.0,0.0,0.0,0.0,0.03943371758076459,0.0
5.95,0.7478081841846871,-0.4520605335854502,0.045743604868911755,1.8937790919981694,-0.027947713104368797,0.7724125238538401,0.20850898379184787,0.0,0.0,0.0,0.0,0.0,0.03974219486644822,0.0
5.96,0.7478081841846871,-0.4520605335854502,0.045743604868911755,1.8937790919981694,-0.027947713104368797,0.7728114442936938,0.20850898379184787,0.0,0.0,0.0,0.0,0.0,0.04004012204416154,0.0
5.97,0.7478081841846871,-0.4520605335854502,0.045743604868911755,1.8937790919981694,-0.027947713104368797,0.7732132906228836,0.20850898379184787,0.0,0.0,0.0,0.0,0.0,0.040327347777336806,0.0
5.98,0.7478081841846871,-0.4520605335854502,0.045743604868911755,1.8937790919981694,-0.027947713104368797,0.7736179550836776,0.20850898379184787,0.0,0.0,0.0,0.0,0.0,0.04060372395125428,0.0
5.99,0.7478081841846871,-0.4520605335854502,0.045743604868911755,1.8937790919981694,-0.027947713104368797,0.7740253284535847,0.20850898379184787,0.0,0.0,0.0,0.0,0.0,0.04086910573981421,0.0
6.0,0.7478081841846871,-0.4520605335854502,0.045743604868911755,1.8937790919981694,-0.027947713104368797,0.7744353000785701,0.20850898379184787,0.0,0.0,0.0,0.0,0.0,0.04112335167120565,0.0
6.01,0.7478081841846871,-0.4520605335854502,0.045743604868911755,1.8937790919981694,-0.027947713104368797,0.7748477579069214,0.20850898379184787,0.0,0.0,0.0,0.0,0.0,0.0413663236924425,0.0
6.02,0.7478081841846871,-0.4520605335854502,0.045743604868911755,1.8937790919981694,-0.027947713104368797,0.7752625885237553,0.20850898379184787,0.0,0.0,0.0,0.0,0.0,0.04159788723273868,0.0
6.03,0.7478081841846871,-0.4520605335854502,0.045743604868911755,1.8937790919981694,-0.027947713104368797,0.7756796771861512,0.20850898379184787,0.0,0.0,0.0,0.0,0.0,0.04181791126569451,0.0
6.04,0.7478081841846871,-0.4520605335854502,0.045743604868911755,1.8937790919981694,-0.027947713104368797,0.7760989078589007,0.20850898379184787,0.0,0.0,0.0,0.0,0.0,0.04202626837026577,0.0
6.05,0.7478081841846871,-0.4520605335854502,0.045743604868911755,1.8937790919981694,-0.027947713104368797,0.7765201632508615,0.20850898379184787,0.0,0.0,0.0,0.0,0.0,0.04222283479048969,0.0
6.06,0.7478081841846871,-0.4520605335854502,0.045743604868911755,1.8937790919981694,-0.027947713104368797,0.7769433248519011,0.20850898379184787,0.0,0.0,0.0,0.0,0.0,0.04240749049393956,0.0
6.07,0.7478081841846871,-0.4520605335854502,0.045743604868911755,1.8937790919981694,-0.027947713104368797,0.777368272970419,0.20850898379184787,0.0,0.0,0.0,0.0,0.0,0.042580119228883107,0.0
6.08,0.7478081841846871,-0.4520605335854502,0.045743604868911755,1.8937790919981694,-0.027947713104368797,0.777794886771434,0.20850898379184787,0.0,0.0,0.0,0.0,0.0,0.04274060858011763,0.0
6.09,0.7478081841846871,-0.4520605335854502,0.045743604868911755,1.8937790919981694,-0.027947713104368797,0.7782230443152235,0.20850898379184787,0.0,0.0,0.0,0.0,0.0,0.04288885002345779,0.0
6.1,0.7478081841846871,-0.4520605335854502,0.045743604868911755,1.8937790919981694,-0.027947713104368797,0.7786526225964994,0.20850898379184787,0.0,0.0,0.0,0.0,0.0,0.04302473897885039,0.0
6.11,0.7478081841846871,-0.4520605335854502,0.045743604868911755,1.8937790919981694,-0.027947713104368797,0.7790834975841103,0.20850898379184787,0.0,0.0,0.0,0.0,0.0,0.04314817486209251,0.0
6.12,0.7478081841846871,-0.4520605335854502,0.045743604868911755,1.8937790919981694,-0.027947713104368797,0.7795155442612521,0.20850898379184787,0.0,0.0,0.0,0.0,0.0,0.04325906113512877,0.0
6.13,0.7478081841846871,-0.4520605335854502,0.045743604868911755,1.8937790919981694,-0.027947713104368797,0.7799486366661751,0.20850898379184787,0.0,0.0,0.0,0.0,0.0,0.04335730535490524,0.0
6.14,0.7478081841846871,-0.4520605335854502,0.045743604868911755,1.8937790919981694,-0.027947713104368797,0.7803826479333719,0.20850898379184787,0.0,0.0,0.0,0.0,0.0,0.04344281922075668,0.0
6.15,0.7478081841846871,-0.4520605335854502,0.045743604868911755,1.8937790919981694,-0.027947713104368797,0.7808174503352323,0.20850898379184787,0.0,0.0,0.0,0.0,0.0,0.04351551862030561,0.0
6.16,0.7478081841846871,-0.4520605335854502,0.045743604868911755,1.8937790919981694,-0.027947713104368797,0.7812529153241495,0.20850898379184787,0.0,0.0,0.0,0.0,0.0,0.04357532367385145,0.0
6.17,0.7478081841846871,-0.4520605335854502,0.045743604868911755,1.8937790919981694,-0.027947713104368797,0.7816889135750624,0.20850898379184787,0.0,0.0,0.0,0.0,0.0,0.04362215877722901,0.0
6.18,0.7478081841846871,-0.4520605335854502,0.045743604868911755,1.8937790919981694,-0.027947713104368797,0.7821253150284183,0.20850898379184787,0.0,0.0,0.0,0.0,0.0,0.04365595264311587,0.0
6.19,0.7478081841846871,-0.4520605335854502,0.045743604868911755,1.8937790919981694,-0.027947713104368797,0.7825619889335423,0.20850898379184787,0.0,0.0,0.0,0.0,0.0,0.04367663834076922,0.0
6.2,0.7478081841846871,-0.4520605335854502,0.045743604868911755,1.8937790919981694,-0.027947713104368797,0.7829988038923938,0.20850898379184787,0.0,0.0,0.0,0.0,0.0,0.04368415333417278,0.0
6.21,0.7478081841846871,-0.4520605335854502,0.045743604868911755,1.8937790919981694,-0.027947713104368797,0.7834356279036995,0.20850898379184787,0.0,0.0,0.0,0.0,0.0,0.043678439518575626,0.0
6.22,0.7478081841846871,-0.4520605335854502,0.045743604868911755,1.8937790919981694,-0.027947713104368797,0.7838723284074401,0.20850898379184787,0.0,0.0,0.0,0.0,0.0,0.04365944325540484,0.0
6.23,0.7478081841846871,-0.4520605335854502,0.045743604868911755,1.8937790919981694,-0.027947713104368797,0.7843087723296818,0.20850898379184787,0.0,0.0,0.0,0.0,0.0,0.043627115405535107,0.0
6.24,0.7478081841846871,-0.4520605335854502,0.045743604868911755,1.8937790919981694,-0.027947713104368797,0.7847448261277282,0.20850898379184787,0.0,0.0,0.0,0.0,0.0,0.04358141136089832,0.0
6.25,0.7478081841846871,-0.4520605335854502,0.045743604868911755,1.8937790919981694,-0.027947713104368797,0.7851803558355837,0.20850898379184787,0.0,0.0,0.0,0.0,0.0,0.043522291074417664,0.0
6.26,0.7478081841846871,-0.4520605335854502,0.045743604868911755,1.8937790919981694,-0.027947713104368797,0.7856152271097047,0.20850898379184787,0.0,0.0,0.0,0.0,0.0,0.04344971908825066,0.0
6.27,0.7478081841846871,-0.4520605335854502,0.045743604868911755,1.8937790919981694,-0.027947713104368797,0.7860493052750271,0.20850898379184787,0.0,0.0,0.0,0.0,0.0,0.0433636645603269,0.0
6.28,0.7478081841846871,-0.4520605335854502,0.045743604868911755,1.8937790919981694,-0.027947713104368797,0.786482455371249,0.20850898379184787,0.0,0.0,0.0,0.0,0.0,0.04326410128916623,0.0
6.29,0.7478081841846871,-0.4520605335854502,0.045743604868911755,1.8937790919981694,-0.027947713104368797,0.7869145421993531,0.20850898379184787,0.0,0.0,0.0,0.0,0.0,0.04315100773696448,0.0
6.3,0.7478081841846871,-0.4520605335854502,0.045743604868911755,1.8937790919981694,-0.027947713104368797,0.7873454303683527,0.20850898379184787,0.0,0.0,0.0,0.0,0.0,0.04302436705093392,0.0
6.31,0.7478081841846871,-0.4520605335854502,0.045743604868911755,1.8937790919981694,-0.027947713104368797,0.7877749843422402,0.20850898379184787,0.0,0.0,0.0,0.0,0.0,0.04288416708288706,0.0
6.32,0.7478081841846871,-0.4520605335854502,0.045743604868911755,1.8937790919981694,-0.027947713104368797,0.7882030684871246,0.20850898379184787,0.0,0.0,0.0,0.0,0.0,0.04273040040705194,0.0
6.33,0.7478081841846871,-0.4520605335854502,0.045743604868911755,1.8937790919981694,-0.027947713104368797,0.7886295471185362,0.20850898379184787,0.0,0.0,0.0,0.0,0.0,0.04256306433610937,0.0
6.34,0.7478081841846871,-0.4520605335854502,0.045743604868911755,1.8937790919981694,-0.027947713104368797,0.7890542845488849,0.20850898379184787,0.0,0.0,0.0,0.0,0.0,0.042382160935441456,0.0
6.35,0.7478081841846871,-0.4520605335854502,0.045743604868911755,1.8937790919981694,-0.027947713104368797,0.7894771451350504,0.20850898379184787,0.0,0.0,0.0,0.0,0.0,0.04218769703558329,0.0
6.36,0.7478081841846871,-0.4520605335854502,0.045743604868911755,1.8937790919981694,-0.027947713104368797,0.7898979933260887,0.20850898379184787,0.0,0.0,0.0,0.0,0.0,0.04197968424286882,0.0
6.37,0.7478081841846871,-0.4520605335854502,0.045743604868911755,1.8937790919981694,-0.027947713104368797,0.7903166937110357,0.20850898379184787,0.0,0.0,0.0,0.0,0.0,0.041758138948263746,0.0
6.38,0.7478081841846871,-0.4520605335854502,0.045743604868911755,1.8937790919981694,-0.027947713104368797,0.79073311106679,0.20850898379184787,0.0,0.0,0.0,0.0,0.0,0.0415230823343783,0.0
6.39,0.7478081841846871,-0.4520605335854502,0.045743604868911755,1.8937790919981694,-0.027947713104368797,0.7911471104060571,0.20850898379184787,0.0,0.0,0.0,0.0,0.0,0.0412745403806542,0.0
6.4,0.7478081841846871,-0.4520605335854502,0.045743604868911755,1.8937790919981694,-0.027947713104368797,0.7915585570253356,0.20850898379184787,0.0,0.0,0.0,0.0,0.0,0.041012543866719854,0.0
6.41,0.7478081841846871,-0.4520605335854502,0.045743604868911755,1.8937790919981694,-0.027947713104368797,0.7919673165529284,0.20850898379184787,0.0,0.0,0.0,0.0,0.0,0.04073712837390988,0.0
6.42,0.7478081841846871,-0.4520605335854502,0.045743604868911755,1.8937790919981694,-0.027947713104368797,0.79237325499696,0.20850898379184787,0.0,0.0,0.0,0.0,0.0,0.040448334284944,0.0
6.43,0.7478081841846871,-0.4520605335854502,0.045743604868911755,1.8937790919981694,-0.027947713104368797,0.7927762387933804,0.20850898379184787,0.0,0.0,0.0,0.0,0.0,0.04014620678176356,0.0
6.44,0.7478081841846871,-0.4520605335854502,0.045743604868911755,1.8937790919981694,-0.027947713104368797,0.7931761348539396,0.20850898379184787,0.0,0.0,0.0,0.0,0.0,0.039830795841521785,0.0
6.45,0.7478081841846871,-0.4520605335854502,0.045743604868911755,1.8937790919981694,-0.027947713104368797,0.793572810614111,0.20850898379184787,0.0,0.0,0.0,0.0,0.0,0.03950215623072729,0.0
6.46,0.7478081841846871,-0.4520605335854502,0.045743604868911755,1.8937790919981694,-0.027947713104368797,0.7939661340809492,0.20850898379184787,0.0,0.0,0.0,0.0,0.0,0.039160347497539015,0.0
6.47,0.7478081841846871,-0.4520605335854502,0.045743604868911755,1.8937790919981694,-0.027947713104368797,0.794355973880859,0.20850898379184787,0.0,0.0,0.0,0.0,0.0,0.03880543396221326,0.0
6.48,0.7478081841846871,-0.4520605335854502,0.045743604868911755,1.8937790919981694,-0.027947713104368797,0.794742199307262,0.20850898379184787,0.0,0.0,0.0,0.0,0.0,0.038437484705702414,0.0
6.49,0.7478081841846871,-0.4520605335854502,0.045743604868911755,1.8937790919981694,-0.027947713104368797,0.795124680368138,0.20850898379184787,0.0,0.0,0.0,0.0,0.0,0.03805657355640797,0.0
6.5,0.7478081841846871,-0.4520605335854502,0.045743604868911755,1.8937790919981694,-0.027947713104368797,0.795503287833426,0.20850898379184787,0.0,0.0,0.0,0.0,0.0,0.037662779075088304,0.0
6.51,0.7478081841846871,-0.4520605335854502,0.045743604868911755,1.8937790919981694,-0.027947713104368797,0.795877893282265,0.20850898379184787,0.0,0.0,0.0,0.0,0.0,0.037256184537925646,0.0
6.52,0.7478081841846871,-0.4520605335854502,0.045743604868911755,1.8937790919981694,-0.027947713104368797,0.7962483691500549,0.20850898379184787,0.0,0.0,0.0,0.0,0.0,0.036836877917754814,0.0
6.53,0.7478081841846871,-0.4520605335854502,0.045743604868911755,1.8937790919981694,-0.027947713104368797,0.7966145887753227,0.20850898379184787,0.0,0.0,0.0,0.0,0.0,0.036404951863458074,0.0
6.54,0.7478081841846871,-0.4520605335854502,0.045743604868911755,1.8937790919981694,-0.027947713104368797,0.796976426446371,0.20850898379184787,0.0,0.0,0.0,0.0,0.0,0.035960503677532084,0.0
6.55,0.7478081841846871,-0.4520605335854502,0.045743604868911755,1.8937790919981694,-0.027947713104368797,0.7973337574476959,0.20850898379184787,0.0,0.0,0.0,0.0,0.0,0.035503635291831245,0.0
6.56,0.7478081841846871,-0.4520605335854502,0.045743604868911755,1.8937790919981694,-0.027947713104368797,0.7976864581061504,0.20850898379184787,0.0,0.0,0.0,0.0,0.0,0.035034453241495636,0.0
6.57,0.7478081841846871,-0.4520605335854502,0.045743604868911755,1.8937790919981694,-0.027947713104368797,0.7980344058368404,0.20850898379184787,0.0,0.0,0.0,0.0,0.0,0.034553068637069626,0.0
6.58,0.7478081841846871,-0.4520605335854502,0.045743604868911755,1.8937790919981694,-0.027947713104368797,0.7983774791887308,0.20850898379184787,0.0,0.0,0.0,0.0,0.0,0.034059597134819944,0.0
6.59,0.7478081841846871,-0.4520605335854502,0.045743604868911755,1.8937790919981694,-0.027947713104368797,0.7987155578899479,0.20850898379184787,0.0,0.0,0.0,0.0,0.0,0.03355415890526147,0.0
6.6,0.7478081841846871,-0.4520605335854502,0.045743604868911755,1.8937790919981694,-0.027947713104368797,0.799048522892756,0.20850898379184787,0.0,0.0,0.0,0.0,0.0,0.0330368785999008,0.0
6.61,0.7478081841846871,-0.4520605335854502,0.045743604868911755,1.8937790919981694,-0.027947713104368797,0.7993762564181948,0.20850898379184787,0.0,0.0,0.0,0.0,0.0,0.032507885316207234,0.0
6.62,0.7478081841846871,-0.4520605335854502,0.045743604868911755,1.8937790919981694,-0.027947713104368797,0.7996986420003556,0.20850898379184787,0.0,0.0,0.0,0.0,0.0,0.03196731256082319,0.0
6.63,0.7478081841846871,-0.4520605335854502,0.045743604868911755,1.8937790919981694,-0.027947713104368797,0.800015564530282,0.20850898379184787,0.0,0.0,0.0,0.0,0.0,0.03141529821102403,0.0
6.64,0.7478081841846871,-0.4520605335854502,0.045743604868911755,1.8937790919981694,-0.027947713104368797,0.8003269102994769,0.20850898379184787,0.0,0.0,0.0,0.0,0.0,0.03085198447444186,0.0
6.65,0.7478081841846871,-0.4520605335854502,0.045743604868911755,1.8937790919981694,-0.027947713104368797,0.8006325670429966,0.20850898379184787,0.0,0.0,0.0,0.0,0.0,0.030277517847064624,0.0
6.66,0.7478081841846871,-0.4520605335854502,0.045743604868911755,1.8937790919981694,-0.027947713104368797,0.8009324239821177,0.20850898379184787,0.0,0.0,0.0,0.0,0.0,0.02969204906952568,0.0
6.67,0.7478081841846871,-0.4520605335854502,0.045743604868911755,1.8937790919981694,-0.027947713104368797,0.8012263718665581,0.20850898379184787,0.0,0.0,0.0,0.0,0.0,0.029095733081697307,0.0
6.68,0.7478081841846871,-0.4520605335854502,0.045743604868911755,1.8937790919981694,-0.027947713104368797,0.8015143030162348,0.20850898379184787,0.0,0.0,0.0,0.0,0.0,0.02848872897560445,0.0
6.69,0.7478081841846871,-0.4520605335854502,0.045743604868911755,1.8937790919981694,-0.027947713104368797,0.8017961113625437,0.20850898379184787,0.0,0.0,0.0,0.0,0.0,0.027871199946673815,0.0
6.7,0.7478081841846871,-0.4520605335854502,0.045743604868911755,1.8937790919981694,-0.027947713104368797,0.8020716924891423,0.20850898379184787,0.0,0.0,0.0,0.0,0.0,0.027243313243336016,0.0
6.71,0.7478081841846871,-0.4520605335854502,0.045743604868911755,1.8937790919981694,-0.027947713104368797,0.8023409436722218,0.20850898379184787,0.0,0.0,0.0,0.0,0.0,0.02660524011499638,0.0
6.72,0.7478081841846871,-0.4520605335854502,0.045743604868911755,1.8937790919981694,-0.027947713104368797,0.8026037639202489,0.20850898379184787,0.0,0.0,0.0,0.0,0.0,0.0259571557583946,0.0
6.73,0.7478081841846871,-0.4520605335854502,0.045743604868911755,1.8937790919981694,-0.027947713104368797,0.8028600540131654,0.20850898379184787,0.0,0.0,0.0,0.0,0.0,0.02529923926237016,0.0
6.74,0.7478081841846871,-0.4520605335854502,0.045743604868911755,1.8937790919981694,-0.027947713104368797,0.8031097165410257,0.20850898379184787,0.0,0.0,0.0,0.0,0.0,0.024631673551053997,0.0
6.75,0.7478081841846871,-0.4520605335854502,0.045743604868911755,1.8937790919981694,-0.027947713104368797,0.8033526559420594,0.20850898379184787,0.0,0.0,0.0,0.0,0.0,0.023954645325505584,0.0
6.76,0.7478081841846871,-0.4520605335854502,0.045743604868911755,1.8937790919981694,-0.027947713104368797,0.8035887785401424,0.20850898379184787,0.0,0.0,0.0,0.0,0.0,0.023268345003816714,0.0
6.77,0.7478081841846871,-0.4520605335854502,0.045743604868911755,1.8937790919981694,-0.027947713104368797,0.8038179925816618,0.20850898379184787,0.0,0.0,0.0,0.0,0.0,0.022572966659703278,0.0
6.78,0.7478081841846871,-0.4520605335854502,0.045743604868911755,1.8937790919981694,-0.027947713104368797,0.8040402082717578,0.20850898379184787,0.0,0.0,0.0,0.0,0.0,0.02186870795960634,0.0
6.79,0.7478081841846871,-0.4520605335854502,0.045743604868911755,1.8937790919981694,-0.027947713104368797,0.8042553378099319,0.20850898379184787,0.0,0.0,0.0,0.0,0.0,0.021155770098325987,0.0
6.8,0.7478081841846871,-0.4520605335854502,0.045743604868911755,1.8937790919981694,-0.027947713104368797,0.804463295425001,0.20850898379184787,0.0,0.0,0.0,0.0,0.0,0.020434357733210107,0.0
6.81,0.7478081841846871,-0.4520605335854502,0.045743604868911755,1.8937790919981694,-0.027947713104368797,0.8046639974093892,0.20850898379184787,0.0,0.0,0.0,0.0,0.0,0.01970467891692296,0.0
6.82,0.7478081841846871,-0.4520605335854502,0.045743604868911755,1.8937790919981694,-0.027947713104368797,0.8048573621527382,0.20850898379184787,0.0,0.0,0.0,0.0,0.0,0.01896694502881679,0.0
6.83,0.7478081841846871,-0.4520605335854502,0.045743604868911755,1.8937790919981694,-0.027947713104368797,0.8050433101748257,0.20850898379184787,0.0,0.0,0.0,0.0,0.0,0.01822137070493307,0.0
6.84,0.7478081841846871,-0.4520605335854502,0.045743604868911755,1.8937790919981694,-0.027947713104368797,0.8052217641577764,0.20850898379184787,0.0,0.0,0.0,0.0,0.0,0.017468173766656325,0.0
6.85,0.7478081841846871,-0.4520605335854502,0.045743604868911755,1.8937790919981694,-0.027947713104368797,0.8053926489775534,0.20850898379184787,0.0,0.0,0.0,0.0,0.0,0.01670757514804979,0.0
6.86,0.7478081841846871,-0.4520605335854502,0.045743604868911755,1.8937790919981694,-0.027947713104368797,0.8055558917347162,0.20850898379184787,0.0,0.0,0.0,0.0,0.0,0.015939798821896996,0.0
6.87,0.7478081841846871,-0.4520605335854502,0.045743604868911755,1.8937790919981694,-0.027947713104368797,0.8057114217844329,0.20850898379184787,0.0,0.0,0.0,0.0,0.0,0.015165071724478119,0.0
6.88,0.7478081841846871,-0.4520605335854502,0.045743604868911755,1.8937790919981694,-0.027947713104368797,0.8058591707657338,0.20850898379184787,0.0,0.0,0.0,0.0,0.0,0.014383623679107707,0.0
6.89,0.7478081841846871,-0.4520605335854502,0.045743604868911755,1.8937790919981694,-0.027947713104368797,0.8059990726299942,0.20850898379184787,0.0,0.0,0.0,0.0,0.0,0.013595687318463142,0.0
6.9,0.7478081841846871,-0.4520605335854502,0.045743604868911755,1.8937790919981694,-0.027947713104368797,0.8061310636686349,0.20850898379184787,0.0,0.0,0.0,0.0,0.0,0.012801498005731535,0.0
6.91,0.7478081841846871,-0.4520605335854502,0.045743604868911755,1.8937790919981694,-0.027947713104368797,0.8062550825400285,0.20850898379184787,0.0,0.0,0.0,0.0,0.0,0.01200129375460598,0.0
6.92,0.7478081841846871,-0.4520605335854502,0.045743604868911755,1.8937790919981694,-0.027947713104368797,0.8063710702955995,0.20850898379184787,0.0,0.0,0.0,0.0,0.0,0.011195315148158276,0.0
6.93,0.7478081841846871,-0.4520605335854502,0.045743604868911755,1.8937790919981694,-0.027947713104368797,0.8064789704051076,0.20850898379184787,0.0,0.0,0.0,0.0,0.0,0.010383805256621676,0.0
6.94,0.7478081841846871,-0.4520605335854502,0.045743604868911755,1.8937790919981694,-0.027947713104368797,0.8065787287811044,0.20850898379184787,0.0,0.0,0.0,0.0,0.0,0.009567009554111699,0.0
6.95,0.7478081841846871,-0.4520605335854502,0.045743604868911755,1.8937790919981694,-0.027947713104368797,0.8066702938025507,0.20850898379184787,0.0,0.0,0.0,0.0,0.0,0.008745175834317885,0.0
6.96,0.7478081841846871,-0.4520605335854502,0.045743604868911755,1.8937790919981694,-0.027947713104368797,0.8067536163375876,0.20850898379184787,0.0,0.0,0.0,0.0,0.0,0.007918554125196951,0.0
6.97,0.7478081841846871,-0.4520605335854502,0.045743604868911755,1.8937790919981694,-0.027947713104368797,0.8068286497654478,0.20850898379184787,0.0,0.0,0.0,0.0,0.0,0.00708739660270055,0.0
6.98,0.7478081841846871,-0.4520605335854502,0.045743604868911755,1.8937790919981694,-0.027947713104368797,0.8068953499975003,0.20850898379184787,0.0,0.0,0.0,0.0,0.0,0.006251957503568959,0.0
6.99,0.7478081841846871,-0.4520605335854502,0.045743604868911755,1.8937790919981694,-0.027947713104368797,0.8069536754974191,0.20850898379184787,0.0,0.0,0.0,0.0,0.0,0.005412493037225277,0.0
7.0,0.7478081841846871,-0.4520605335854502,0.045743604868911755,1.8937790919981694,-0.027947713104368797,0.8070035873004652,0.20850898379184787,0.0,0.0,0.0,0.0,0.0,0.004569261296800643,0.0
7.01,0.7478081841846871,-0.4520605335854502,0.045743604868911755,1.8937790919981694,-0.027947713104368797,0.8070450490318757,0.20850898379184787,0.0,0.0,0.0,0.0,0.0,0.0037225221693275557,0.0
7.02,0.7478081841846871,-0.4520605335854502,0.045743604868911755,1.8937790919981694,-0.027947713104368797,0.8070780269243503,0.20850898379184787,0.0,0.0,0.0,0.0,0.0,0.0028725372451325875,0.0
7.03,0.7478081841846871,-0.4520605335854502,0.045743604868911755,1.8937790919981694,-0.027947713104368797,0.8071024898346278,0.20850898379184787,0.0,0.0,0.0,0.0,0.0,0.0020195697264639777,0.0
7.04,0.7478081841846871,-0.4520605335854502,0.045743604868911755,1.8937790919981694,-0.027947713104368797,0.8071184092591462,0.20850898379184787,0.0,0.0,0.0,0.0,0.0,0.0011638843353896612,0.0
7.05,0.7478081841846871,-0.4520605335854502,0.045743604868911755,1.8937790919981694,-0.027947713104368797,0.8071257593487764,0.20850898379184787,0.0,0.0,0.0,0.0,0.0,0.0003057472209981854,0.0
7.06,0.7478081841846871,-0.4520605335854502,0.045743604868911755,1.8937790919981694,-0.027947713104368797,0.8071245169226263,0.20850898379184787,-0.0,-0.0,-0.0,-0.0,-0.0,-0.0005545741340587375,-0.0
7.07,0.7478081841846871,-0.4520605335854502,0.045743604868911755,1.8937790919981694,-0.027947713104368797,0.8071146614809063,0.20850898379184787,-0.0,-0.0,-0.0,-0.0,-0.0,-0.0014168110076491925,-0.0
7.08,0.7478081841846871,-0.4520605335854502,0.045743604868911755,1.8937790919981694,-0.027947713104368797,0.8070961752168514,0.20850898379184787,-0.0,-0.0,-0.0,-0.0,-0.0,-0.002280693532831937,-0.0
7.09,0.7478081841846871,-0.4520605335854502,0.045743604868911755,1.8937790919981694,-0.027947713104368797,0.8070690430276934,0.20850898379184787,-0.0,-0.0,-0.0,-0.0,-0.0,-0.0031459507930800784,-0.0
7.1,0.7478081841846871,-0.4520605335854502,0.045743604868911755,1.8937790919981694,-0.027947713104368797,0.8070332525246788,0.20850898379184787,-0.0,-0.0,-0.0,-0.0,-0.0,-0.0040123109180201216,-0.0
7.11,0.7478081841846871,-0.4520605335854502,0.045743604868911755,1.8937790919981694,-0.027947713104368797,0.8069887940421262,0.20850898379184787,-0.0,-0.0,-0.0,-0.0,-0.0,-0.004879501179650658,-0.0
7.12,0.7478081841846871,-0.4520605335854502,0.045743604868911755,1.8937790919981694,-0.027947713104368797,0.8069356606455196,0.20850898379184787,-0.0,-0.0,-0.0,-0.0,-0.0,-0.0057472480890026,-0.0
7.13,0.7478081841846871,-0.4520605335854502,0.045743604868911755,1.8937790919981694,-0.027947713104368797,0.8068738481386337,0.20850898379184787,-0.0,-0.0,-0.0,-0.0,-0.0,-0.0066152774932052676,-0.0
7.14,0.7478081841846871,-0.4520605335854502,0.045743604868911755,1.8937790919981694,-0.027947713104368797,0.806803355069685,0.20850898379184787,-0.0,-0.0,-0.0,-0.0,-0.0,-0.007483314672920208,-0.0
7.15,0.7478081841846871,-0.4520605335854502,0.045743604868911755,1.8937790919981694,-0.027947713104368797,0.8067241827365091,0.20850898379184787,-0.0,-0.0,-0.0,-0.0,-0.0,-0.008351084440105084,-0.0
7.16,0.7478081841846871,-0.4520605335854502,0.045743604868911755,1.8937790919981694,-0.027947713104368797,0.8066363351907567,0.20850898379184787,-0.0,-0.0,-0.0,-0.0,-0.0,-0.009218311236069681,-0.0
7.17,0.7478081841846871,-0.4520605335854502,0.045743604868911755,1.8937790919981694,-0.027947713104368797,0.8065398192411093,0.20850898379184787,-0.0,-0.0,-0.0,-0.0,-0.0,-0.010084719229788664,-0.0
7.18,0.7478081841846871,-0.4520605335854502,0.045743604868911755,1.8937790919981694,-0.027947713104368797,0.8064346444555096,0.20850898379184787,-0.0,-0.0,-0.0,-0.0,-0.0,-0.01095003241642946,-0.0
7.19,0.7478081841846871,-0.4520605335854502,0.045743604868911755,1.8937790919981694,-0.027947713104368797,0.8063208231624067,0.20850898379184787,-0.0,-0.0,-0.0,-0.0,-0.0,-0.011813974716059642,-0.0
7.2,0.7478081841846871,-0.4520605335854502,0.045743604868911755,1.8937790919981694,-0.027947713104368797,0.8061983704510126,0.20850898379184787,-0.0,-0.0,-0.0,-0.0,-0.0,-0.012676270072495402,-0.0
7.21,0.7478081841846871,-0.4520605335854502,0.045743604868911755,1.8937790919981694,-0.027947713104368797,0.8060673041705704,0.20850898379184787,-0.0,-0.0,-0.0,-0.0,-0.0,-0.013536642552252728,-0.0
7.22,0.7478081841846871,-0.4520605335854502,0.045743604868911755,1.8937790919981694,-0.027947713104368797,0.8059276449286314,0.20850898379184787,-0.0,-0.0,-0.0,-0.0,-0.0,-0.014394816443561755,-0.0
7.23,0.7478081841846871,-0.4520605335854502,0.045743604868911755,1.8937790919981694,-0.027947713104368797,0.8057794160883439,0.20850898379184787,-0.0,-0.0,-0.0,-0.0,-0.0,-0.015250516355408635,-0.0
7.24,0.7478081841846871,-0.4520605335854502,0.045743604868911755,1.8937790919981694,-0.027947713104368797,0.8056226437647499,0.20850898379184787,-0.0,-0.0,-0.0,-0.0,-0.0,-0.01610346731656326,-0.0
7.25,0.7478081841846871,-0.4520605335854502,0.045743604868911755,1.8937790919981694,-0.027947713104368797,0.8054573568200919,0.20850898379184787,-0.0,-0.0,-0.0,-0.0,-0.0,-0.016953394874557687,-0.0
7.26,0.7478081841846871,-0.4520605335854502,0.045743604868911755,1.8937790919981694,-0.027947713104368797,0.8052835868581316,0.20850898379184787,-0.0,-0.0,-0.0,-0.0,-0.0,-0.017800025194573715,-0.0
7.27,0.7478081841846871,-0.4520605335854502,0.045743604868911755,1.8937790919981694,-0.027947713104368797,0.8051013682174789,0.20850898379184787,-0.0,-0.0,-0.0,-0.0,-0.0,-0.018643085158204155,-0.0
7.28,0.7478081841846871,-0.4520605335854502,0.045743604868911755,1.8937790919981694,-0.027947713104368797,0.8049107379639349,0.20850898379184787,-0.0,-0.0,-0.0,-0.0,-0.0,-0.019482302462047154,-0.0
7.29,0.7478081841846871,-0.4520605335854502,0.045743604868911755,1.8937790919981694,-0.027947713104368797,0.8047117358818496,0.20850898379184787,-0.0,-0.0,-0.0,-0.0,-0.0,-0.02031740571609552,-0.0
7.3,0.7478081841846871,-0.4520605335854502,0.045743604868911755,1.8937790919981694,-0.027947713104368797,0.8045044044644971,0.20850898379184787,-0.0,-0.0,-0.0,-0.0,-0.0,-0.02114812454188523,-0.0
7.31,0.7478081841846871,-0.4520605335854502,0.045743604868911755,1.8937790919981694,-0.027947713104368797,0.8042887889034704,0.20850898379184787,-0.0,-0.0,-0.0,-0.0,-0.0,-0.021974189670360997,-0.0
7.32,0.7478081841846871,-0.4520605335854502,0.045743604868911755,1.8937790919981694,-0.027947713104368797,0.8040649370770996,0.20850898379184787,-0.0,-0.0,-0.0,-0.0,-0.0,-0.02279533303942346,-0.0
7.33,0.7478081841846871,-0.4520605335854502,0.045743604868911755,1.8937790919981694,-0.027947713104368797,0.8038328995378955,0.20850898379184787,-0.0,-0.0,-0.0,-0.0,-0.0,-0.023611287891119343,-0.0
7.34,0.7478081841846871,-0.4520605335854502,0.045743604868911755,1.8937790919981694,-0.027947713104368797,0.8035927294990248,0.20850898379184787,-0.0,-0.0,-0.0,-0.0,-0.0,-0.024421788868436847,-0.0
7.35,0.7478081841846871,-0.4520605335854502,0.045743604868911755,1.8937790919981694,-0.027947713104368797,0.8033444828198175,0.20850898379184787,-0.0,-0.0,-0.0,-0.0,-0.0,-0.025226572111667116,-0.0
7.36,0.7478081841846871,-0.4520605335854502,0.045743604868911755,1.8937790919981694,-0.027947713104368797,0.8030882179903144,0.20850898379184787,-0.0,-0.0,-0.0,-0.0,-0.0,-0.026025375354296665,-0.0
7.37,0.7478081841846871,-0.4520605335854502,0.045743604868911755,1.8937790919981694,-0.027947713104368797,0.8028239961148581,0.20850898379184787,-0.0,-0.0,-0.0,-0.0,-0.0,-0.02681793801839049,-0.0
7.38,0.7478081841846871,-0.4520605335854502,0.045743604868911755,1.8937790919981694,-0.027947713104368797,0.8025518808947321,0.20850898379184787,-0.0,-0.0,-0.0,-0.0,-0.0,-0.027604001309431296,-0.0
7.39,0.7478081841846871,-0.4520605335854502,0.045743604868911755,1.8937790919981694,-0.027947713104368797,0.8022719386098549,0.20850898379184787,-0.0,-0.0,-0.0,-0.0,-0.0,-0.028383308310574975,-0.0
7.4,0.7478081841846871,-0.4520605335854502,0.045743604868911755,1.8937790919981694,-0.027947713104368797,0.8019842380995348,0.20850898379184787,-0.0,-0.0,-0.0,-0.0,-0.0,-0.029155604076288394,-0.0
7.41,0.7478081841846871,-0.4520605335854502,0.045743604868911755,1.8937790919981694,-0.027947713104368797,0.801688850742291,0.20850898379184787,-0.0,-0.0,-0.0,-0.0,-0.0,-0.0299206357253299,-0.0
7.42,0.7478081841846871,-0.4520605335854502,0.045743604868911755,1.8937790919981694,-0.027947713104368797,0.8013858504347491,0.20850898379184787,-0.0,-0.0,-0.0,-0.0,-0.0,-0.03067815253303856,-0.0
7.43,0.7478081841846871,-0.4520605335854502,0.045743604868911755,1.8937790919981694,-0.027947713104368797,0.8010753135696163,0.20850898379184787,-0.0,-0.0,-0.0,-0.0,-0.0,-0.03142790602289461,-0.0
7.44,0.7478081841846871,-0.4520605335854502,0.045743604868911755,1.8937790919981694,-0.027947713104368797,0.8007573190127458,0.20850898379184787,-0.0,-0.0,-0.0,-0.0,-0.0,-0.032169650057315625,-0.0
7.45,0.7478081841846871,-0.4520605335854502,0.045743604868911755,1.8937790919981694,-0.027947713104368797,0.8004319480792967,0.20850898379184787,-0.0,-0.0,-0.0,-0.0,-0.0,-0.032903140927651994,-0.0
7.46,0.7478081841846871,-0.4520605335854502,0.045743604868911755,1.8937790919981694,-0.027947713104368797,0.8000992845089979,0.20850898379184787,-0.0,-0.0,-0.0,-0.0,-0.0,-0.03362813744334887,-0.0
7.47,0.7478081841846871,-0.4520605335854502,0.045743604868911755,1.8937790919981694,-0.027947713104368797,0.7997594144405251,0.20850898379184787,-0.0,-0.0,-0.0,-0.0,-0.0,-0.03434440102023618,-0.0
7.48,0.7478081841846871,-0.4520605335854502,0.045743604868911755,1.8937790919981694,-0.027947713104368797,0.7994124263849994,0.20850898379184787,-0.0,-0.0,-0.0,-0.0,-0.0,-0.03505169576791434,-0.0
7.49,0.7478081841846871,-0.4520605335854502,0.045743604868911755,1.8937790919981694,-0.027947713104368797,0.7990584111986165,0.20850898379184787,-0.0,-0.0,-0.0,-0.0,-0.0,-0.03574978857620087,-0.0
7.5,0.7478081841846871,-0.4520605335854502,0.045743604868911755,1.8937790919981694,-0.027947713104368797,0.7986974620544162,0.20850898379184787,-0.0,-0.0,-0.0,-0.0,-0.0,-0.03643844920060373,-0.0
7.51,0.7478081841846871,-0.4520605335854502,0.045743604868911755,1.8937790919981694,-0.027947713104368797,0.7983296744132022,0.20850898379184787,-0.0,-0.0,-0.0,-0.0,-0.0,-0.03711745034678774,-0.0
7.52,0.7478081841846871,-0.4520605335854502,0.045743604868911755,1.8937790919981694,-0.027947713104368797,0.7979551459936233,0.20850898379184787,-0.0,-0.0,-0.0,-0.0,-0.0,-0.03778656775400071,-0.0
7.53,0.7478081841846871,-0.4520605335854502,0.045743604868911755,1.8937790919981694,-0.027947713104368797,0.7975739767414235,0.20850898379184787,-0.0,-0.0,-0.0,-0.0,-0.0,-0.038445580277427484,-0.0
7.54,0.7478081841846871,-0.4520605335854502,0.045743604868911755,1.8937790919981694,-0.027947713104368797,0.7971862687978769,0.20850898379184787,-0.0,-0.0,-0.0,-0.0,-0.0,-0.03909426996943776,-0.0
7.55,0.7478081841846871,-0.4520605335854502,0.045743604868911755,1.8937790919981694,-0.027947713104368797,0.7967921264674135,0.20850898379184787,-0.0,-0.0,-0.0,-0.0,-0.0,-0.03973242215969745,-0.0
7.56,0.7478081841846871,-0.4520605335854502,0.045743604868911755,1.8937790919981694,-0.027947713104368797,0.7963916561844507,0.20850898379184787,-0.0,-0.0,-0.0,-0.0,-0.0,-0.040359825534110993,-0.0
7.57,0.7478081841846871,-0.4520605335854502,0.045743604868911755,1.8937790919981694,-0.027947713104368797,0.7959849664794412,0.20850898379184787,-0.0,-0.0,-0.0,-0.0,-0.0,-0.04097627221256379,-0.0
7.58,0.7478081841846871,-0.4520605335854502,0.045743604868911755,1.8937790919981694,-0.027947713104368797,0.7955721679441498,0.20850898379184787,-0.0,-0.0,-0.0,-0.0,-0.0,-0.04158155782543364,-0.0
7.59,0.7478081841846871,-0.4520605335854502,0.045743604868911755,1.8937790919981694,-0.027947713104368797,0.7951533731961707,0.20850898379184787,-0.0,-0.0,-0.0,-0.0,-0.0,-0.04217548158884275,-0.0
7.6,0.7478081841846871,-0.4520605335854502,0.045743604868911755,1.8937790919981694,-0.027947713104368797,0.7947286968426998,0.20850898379184787,-0.0,-0.0,-0.0,-0.0,-0.0,-0.042757846378618285,-0.0
7.61,0.7478081841846871,-0.4520605335854502,0.045743604868911755,1.8937790919981694,-0.027947713104368797,0.7942982554435725,0.20850898379184787,-0.0,-0.0,-0.0,-0.0,-0.0,-0.04332845880293368,-0.0
7.62,0.7478081841846871,-0.4520605335854502,0.045743604868911755,1.8937790919981694,-0.027947713104368797,0.7938621674735836,0.20850898379184787,-0.0,-0.0,-0.0,-0.0,-0.0,-0.043887129273602145,-0.0
7.63,0.7478081841846871,-0.4520605335854502,0.045743604868911755,1.8937790919981694,-0.027947713104368797,0.7934205532840994,0.20850898379184787,-0.0,-0.0,-0.0,-0.0,-0.0,-0.04443367207599393,-0.0
7.64,0.7478081841846871,-0.4520605335854502,0.045743604868911755,1.8937790919981694,-0.027947713104368797,0.7929735350639787,0.20850898379184787,-0.0,-0.0,-0.0,-0.0,-0.0,-0.044967905437549006,-0.0
7.65,0.7478081841846871,-0.4520605335854502,0.045743604868911755,1.8937790919981694,-0.027947713104368797,0.7925212367998153,0.20850898379184787,-0.0,-0.0,-0.0,-0.0,-0.0,-0.045489651594859924,-0.0
7.66,0.7478081841846871,-0.4520605335854502,0.045743604868911755,1.8937790919981694,-0.027947713104368797,0.7920637842355177,0.20850898379184787,-0.0,-0.0,-0.0,-0.0,-0.0,-0.04599873685929624,-0.0
7.67,0.7478081841846871,-0.4520605335854502,0.045743604868911755,1.8937790919981694,-0.027947713104368797,0.7916013048312383,0.20850898379184787,-0.0,-0.0,-0.0,-0.0,-0.0,-0.04649499168114661,-0.0
7.68,0.7478081841846871,-0.4520605335854502,0.045743604868911755,1.8937790919981694,-0.027947713104368797,0.7911339277216709,0.20850898379184787,-0.0,-0.0,-0.0,-0.0,-0.0,-0.04697825071225134,-0.0
7.69,0.7478081841846871,-0.4520605335854502,0.045743604868911755,1.8937790919981694,-0.027947713104368797,0.7906617836737276,0.20850898379184787,-0.0,-0.0,-0.0,-0.0,-0.0,-0.04744835286710241,-0.0
7.7,0.7478081841846871,-0.4520605335854502,0.045743604868911755,1.8937790919981694,-0.027947713104368797,0.790185005043614,0.20850898379184787,-0.0,-0.0,-0.0,-0.0,-0.0,-0.04790514138238524,-0.0
7.71,0.7478081841846871,-0.4520605335854502,0.045743604868911755,1.8937790919981694,-0.027947713104368797,0.7897037257333154,0.20850898379184787,-0.0,-0.0,-0.0,-0.0,-0.0,-0.04834846387493984,-0.0
7.72,0.7478081841846871,-0.4520605335854502,0.045743604868911755,1.8937790919981694,-0.027947713104368797,0.7892180811465123,0.20850898379184787,-0.0,-0.0,-0.0,-0.0,-0.0,-0.048778172398118075,-0.0
7.73,0.7478081841846871,-0.4520605335854502,0.045743604868911755,1.8937790919981694,-0.027947713104368797,0.7887282081439405,0.20850898379184787,-0.0,-0.0,-0.0,-0.0,-0.0,-0.04919412349651439,-0.0
7.74,0.7478081841846871,-0.4520605335854502,0.045743604868911755,1.8937790919981694,-0.027947713104368797,0.7882342449982122,0.20850898379184787,-0.0,-0.0,-0.0,-0.0,-0.0,-0.04959617825904839,-0.0
7.75,0.7478081841846871,-0.4520605335854502,0.045743604868911755,1.8937790919981694,-0.027947713104368797,0.7877363313481132,0.20850898379184787,-0.0,-0.0,-0.0,-0.0,-0.0,-0.049984202370379566,-0.0
7.76,0.7478081841846871,-0.4520605335854502,0.045743604868911755,1.8937790919981694,-0.027947713104368797,0.7872346081523963,0.20850898379184787,-0.0,-0.0,-0.0,-0.0,-0.0,-0.05035806616063173,-0.0
7.77,0.7478081841846871,-0.4520605335854502,0.045743604868911755,1.8937790919981694,-0.027947713104368797,0.7867292176430855,0.20850898379184787,-0.0,-0.0,-0.0,-0.0,-0.0,-0.0507176446534089,-0.0
7.78,0.7478081841846871,-0.4520605335854502,0.045743604868911755,1.8937790919981694,-0.027947713104368797,0.7862203032783068,0.20850898379184787,-0.0,-0.0,-0.0,-0.0,-0.0,-0.05106281761208369,-0.0
7.79,0.7478081841846871,-0.4520605335854502,0.045743604868911755,1.8937790919981694,-0.027947713104368797,0.7857080096946681,0.20850898379184787,-0.0,-0.0,-0.0,-0.0,-0.0,-0.05139346958433873,-0.0
7.8,0.7478081841846871,-0.4520605335854502,0.045743604868911755,1.8937790919981694,-0.027947713104368797,0.7851924826591997,0.20850898379184787,-0.0,-0.0,-0.0,-0.0,-0.0,-0.05170948994494504,-0.0
7.81,0.7478081841846871,-0.4520605335854502,0.045743604868911755,1.8937790919981694,-0.027947713104368797,0.7846738690208772,0.20850898379184787,-0.0,-0.0,-0.0,-0.0,-0.0,-0.05201077293675898,-0.0
7.82,0.7478081841846871,-0.4520605335854502,0.045743604868911755,1.8937790919981694,-0.027947713104368797,0.7841523166617429,0.20850898379184787,-0.0,-0.0,-0.0,-0.0,-0.0,-0.05229721770992263,-0.0
7.83,0.7478081841846871,-0.4520605335854502,0.045743604868911755,1.8937790919981694,-0.027947713104368797,0.7836279744476449,0.20850898379184787,-0.0,-0.0,-0.0,-0.0,-0.0,-0.052568728359251304,-0.0
7.84,0.7478081841846871,-0.4520605335854502,0.045743604868911755,1.8937790919981694,-0.027947713104368797,0.783100992178611,0.20850898379184787,-0.0,-0.0,-0.0,-0.0,-0.0,-0.052825213959794004,-0.0
7.85,0.7478081841846871,-0.4520605335854502,0.045743604868911755,1.8937790919981694,-0.027947713104368797,0.7825715205388757,0.20850898379184787,-0.0,-0.0,-0.0,-0.0,-0.0,-0.05306658860055238,-0.0
7.86,0.7478081841846871,-0.4520605335854502,0.045743604868911755,1.8937790919981694,-0.027947713104368797,0.7820397110465803,0.20850898379184787,-0.0,-0.0,-0.0,-0.0,-0.0,-0.05329277141634477,-0.0
7.87,0.7478081841846871,-0.4520605335854502,0.045743604868911755,1.8937790919981694,-0.027947713104368797,0.7815057160031637,0.20850898379184787,-0.0,-0.0,-0.0,-0.0,-0.0,-0.0535036866178029,-0.0
7.88,0.7478081841846871,-0.4520605335854502,0.045743604868911755,1.8937790919981694,-0.027947713104368797,0.7809696884424603,0.20850898379184787,-0.0,-0.0,-0.0,-0.0,-0.0,-0.05369926351948952,-0.0
7.89,0.7478081841846871,-0.4520605335854502,0.045743604868911755,1.8937790919981694,-0.027947713104368797,0.7804317820795301,0.20850898379184787,-0.0,-0.0,-0.0,-0.0,-0.0,-0.05387943656612531,-0.0
7.9,0.7478081841846871,-0.4520605335854502,0.045743604868911755,1.8937790919981694,-0.027947713104368797,0.7798921512592325,0.20850898379184787,-0.0,-0.0,-0.0,-0.0,-0.0,-0.0540441453569152,-0.0
7.91,0.7478081841846871,-0.4520605335854502,0.045743604868911755,1.8937790919981694,-0.027947713104368797,0.7793509509045684,0.20850898379184787,-0.0,-0.0,-0.0,-0.0,-0.0,-0.05419333466796403,-0.0
7.92,0.7478081841846871,-0.4520605335854502,0.045743604868911755,1.8937790919981694,-0.027947713104368797,0.778808336464807,0.20850898379184787,-0.0,-0.0,-0.0,-0.0,-0.0,-0.054326954472773095,-0.0
7.93,0.7478081841846871,-0.4520605335854502,0.045743604868911755,1.8937790919981694,-0.027947713104368797,0.778264463863417,0.20850898379184787,-0.0,-0.0,-0.0,-0.0,-0.0,-0.054444959960809086,-0.0
7.94,0.7478081841846871,-0.4520605335854502,0.045743604868911755,1.8937790919981694,-0.027947713104368797,0.7777194894458228,0.20850898379184787,-0.0,-0.0,-0.0,-0.0,-0.0,-0.05454731155413826,-0.0
7.95,0.7478081841846871,-0.4520605335854502,0.045743604868911755,1.8937790919981694,-0.027947713104368797,0.7771735699270031,0.20850898379184787,-0.0,-0.0,-0.0,-0.0,-0.0,-0.054633974922119154,-0.0
7.96,0.7478081841846871,-0.4520605335854502,0.045743604868911755,1.8937790919981694,-0.027947713104368797,0.7766268623389526,0.20850898379184787,-0.0,-0.0,-0.0,-0.0,-0.0,-0.0547049209941482,-0.0
7.97,0.7478081841846871,-0.4520605335854502,0.045743604868911755,1.8937790919981694,-0.027947713104368797,0.7760795239780259,0.20850898379184787,-0.0,-0.0,-0.0,-0.0,-0.0,-0.054760125970452815,-0.0
7.98,0.7478081841846871,-0.4520605335854502,0.045743604868911755,1.8937790919981694,-0.027947713104368797,0.7755317123521838,0.20850898379184787,-0.0,-0.0,-0.0,-0.0,-0.0,-0.05479957133092822,-0.0
7.99,0.7478081841846871,-0.4520605335854502,0.045743604868911755,1.8937790919981694,-0.027947713104368797,0.77498358512816,0.20850898379184787,-0.0,-0.0,-0.0,-0.0,-0.0,-0.05482324384201393,-0.0
8.0,0.7478081841846871,-0.4520605335854502,0.045743604868911755,1.8937790919981694,-0.027947713104368797,0.7744353000785701,0.20850898379184787,-0.0,-0.0,-0.0,-0.0,-0.0,-0.05483113556160755,-0.0
8.01,0.7478081841846871,-0.4520605335854502,0.045743604868911755,1.8937790919981694,-0.027947713104368797,0.7738870150289803,0.20850898379184787,-0.0,-0.0,-0.0,-0.0,-0.0,-0.05482324384201393,-0.0
8.02,0.7478081841846871,-0.4520605335854502,0.045743604868911755,1.8937790919981694,-0.027947713104368797,0.7733388878049564,0.20850898379184787,-0.0,-0.0,-0.0,-0.0,-0.0,-0.05479957133092822,-0.0
8.03,0.7478081841846871,-0.4520605335854502,0.045743604868911755,1.8937790919981694,-0.027947713104368797,0.7727910761791142,0.20850898379184787,-0.0,-0.0,-0.0,-0.0,-0.0,-0.05476012597045282,-0.0
8.04,0.7478081841846871,-0.4520605335854502,0.045743604868911755,1.8937790919981694,-0.027947713104368797,0.7722437378181877,0.20850898379184787,-0.0,-0.0,-0.0,-0.0,-0.0,-0.0547049209941482,-0.0
8.05,0.7478081841846871,-0.4520605335854502,0.045743604868911755,1.8937790919981694,-0.027947713104368797,0.771697030230137,0.20850898379184787,-0.0,-0.0,-0.0,-0.0,-0.0,-0.054633974922119154,-0.0
8.06,0.7478081841846871,-0.4520605335854502,0.045743604868911755,1.8937790919981694,-0.027947713104368797,0.7711511107113173,0.20850898379184787,-0.0,-0.0,-0.0,-0.0,-0.0,-0.05454731155413825,-0.0
8.07,0.7478081841846871,-0.4520605335854502,0.045743604868911755,1.8937790919981694,-0.027947713104368797,0.7706061362937232,0.20850898379184787,-0.0,-0.0,-0.0,-0.0,-0.0,-0.05444495996080909,-0.0
8.08,0.7478081841846871,-0.4520605335854502,0.045743604868911755,1.8937790919981694,-0.027947713104368797,0.7700622636923333,0.20850898379184787,-0.0,-0.0,-0.0,-0.0,-0.0,-0.0543269544727731,-0.0
8.09,0.7478081841846871,-0.4520605335854502,0.045743604868911755,1.8937790919981694,-0.027947713104368797,0.7695196492525718,0.20850898379184787,-0.0,-0.0,-0.0,-0.0,-0.0,-0.054193334667964034,-0.0
8.1,0.7478081841846871,-0.4520605335854502,0.045743604868911755,1.8937790919981694,-0.027947713104368797,0.7689784488979077,0.20850898379184787,-0.0,-0.0,-0.0,-0.0,-0.0,-0.05404414535691521,-0.0
8.11,0.7478081841846871,-0.4520605335854502,0.045743604868911755,1.8937790919981694,-0.027947713104368797,0.76843881807761,0.20850898379184787,-0.0,-0.0,-0.0,-0.0,-0.0,-0.053879436566125316,-0.0
8.12,0.7478081841846871,-0.4520605335854502,0.045743604868911755,1.8937790919981694,-0.027947713104368797,0.7679009117146799,0.20850898379184787,-0.0,-0.0,-0.0,-0.0,-0.0,-0.05369926351948954,-0.0
8.13,0.7478081841846871,-0.4520605335854502,0.045743604868911755,1.8937790919981694,-0.027947713104368797,0.7673648841539765,0.20850898379184787,-0.0,-0.0,-0.0,-0.0,-0.0,-0.05350368661780289,-0.0
8.14,0.7478081841846871,-0.4520605335854502,0.045743604868911755,1.8937790919981694,-0.027947713104368797,0.7668308891105597,0.20850898379184787,-0.0,-0.0,-0.0,-0.0,-0.0,-0.05329277141634475,-0.0
8.15,0.7478081841846871,-0.4520605335854502,0.045743604868911755,1.8937790919981694,-0.027947713104368797,0.7662990796182645,0.20850898379184787,-0.0,-0.0,-0.0,-0.0,-0.0,-0.05306658860055238,-0.0
8.16,0.7478081841846871,-0.4520605335854502,0.045743604868911755,1.8937790919981694,-0.027947713104368797,0.7657696079785293,0.20850898379184787,-0.0,-0.0,-0.0,-0.0,-0.0,-0.05282521395979401,-0.0
8.17,0.7478081841846871,-0.4520605335854502,0.045743604868911755,1.8937790919981694,-0.027947713104368797,0.7652426257094953,0.20850898379184787,-0.0,-0.0,-0.0,-0.0,-0.0,-0.05256872835925131,-0.0
8.18,0.7478081841846871,-0.4520605335854502,0.045743604868911755,1.8937790919981694,-0.027947713104368797,0.7647182834953974,0.20850898379184787,-0.0,-0.0,-0.0,-0.0,-0.0,-0.05229721770992264,-0.0
8.19,0.7478081841846871,-0.4520605335854502,0.045743604868911755,1.8937790919981694,-0.027947713104368797,0.7641967311362631,0.20850898379184787,-0.0,-0.0,-0.0,-0.0,-0.0,-0.052010772936759014,-0.0
8.2,0.7478081841846871,-0.4520605335854502,0.045743604868911755,1.8937790919981694,-0.027947713104368797,0.7636781174979405,0.20850898379184787,-0.0,-0.0,-0.0,-0.0,-0.0,-0.05170948994494509,-0.0
8.21,0.7478081841846871,-0.4520605335854502,0.045743604868911755,1.8937790919981694,-0.027947713104368797,0.763162590462472,0.20850898379184787,-0.0,-0.0,-0.0,-0.0,-0.0,-0.05139346958433874,-0.0
8.22,0.7478081841846871,-0.4520605335854502,0.045743604868911755,1.8937790919981694,-0.027947713104368797,0.7626502968788333,0.20850898379184787,-0.0,-0.0,-0.0,-0.0,-0.0,-0.05106281761208367,-0.0
8.23,0.7478081841846871,-0.4520605335854502,0.045743604868911755,1.8937790919981694,-0.027947713104368797,0.7621413825140548,0.20850898379184787,-0.0,-0.0,-0.0,-0.0,-0.0,-0.05071764465340894,-0.0
8.24,0.7478081841846871,-0.4520605335854502,0.045743604868911755,1.8937790919981694,-0.027947713104368797,0.7616359920047439,0.20850898379184787,-0.0,-0.0,-0.0,-0.0,-0.0,-0.050358066160631744,-0.0
8.25,0.7478081841846871,-0.4520605335854502,0.045743604868911755,1.8937790919981694,-0.027947713104368797,0.761134268809027,0.20850898379184787,-0.0,-0.0,-0.0,-0.0,-0.0,-0.04998420237037958,-0.0
8.26,0.7478081841846871,-0.4520605335854502,0.045743604868911755,1.8937790919981694,-0.027947713104368797,0.760636355158928,0.20850898379184787,-0.0,-0.0,-0.0,-0.0,-0.0,-0.0495961782590484,-0.0
8.27,0.7478081841846871,-0.4520605335854502,0.045743604868911755,1.8937790919981694,-0.027947713104368797,0.7601423920131997,0.20850898379184787,-0.0,-0.0,-0.0,-0.0,-0.0,-0.04919412349651442,-0.0
8.28,0.7478081841846871,-0.4520605335854502,0.045743604868911755,1.8937790919981694,-0.027947713104368797,0.759652519010628,0.20850898379184787,-0.0,-0.0,-0.0,-0.0,-0.0,-0.048778172398118144,-0.0
8.29,0.7478081841846871,-0.4520605335854502,0.045743604868911755,1.8937790919981694,-0.027947713104368797,0.7591668744238249,0.20850898379184787,-0.0,-0.0,-0.0,-0.0,-0.0,-0.048348463874939906,-0.0
8.3,0.7478081841846871,-0.4520605335854502,0.045743604868911755,1.8937790919981694,-0.027947713104368797,0.7586855951135261,0.20850898379184787,-0.0,-0.0,-0.0,-0.0,-0.0,-0.047905141382385205,-0.0
8.31,0.7478081841846871,-0.4520605335854502,0.045743604868911755,1.8937790919981694,-0.027947713104368797,0.7582088164834125,0.20850898379184787,-0.0,-0.0,-0.0,-0.0,-0.0,-0.04744835286710243,-0.0
8.32,0.7478081841846871,-0.4520605335854502,0.045743604868911755,1.8937790919981694,-0.027947713104368797,0.7577366724354693,0.20850898379184787,-0.0,-0.0,-0.0,-0.0,-0.0,-0.04697825071225137,-0.0
8.33,0.7478081841846871,-0.4520605335854502,0.045743604868911755,1.8937790919981694,-0.027947713104368797,0.7572692953259019,0.20850898379184787,-0.0,-0.0,-0.0,-0.0,-0.0,-0.046494991681146625,-0.0
8.34,0.7478081841846871,-0.4520605335854502,0.045743604868911755,1.8937790919981694,-0.027947713104368797,0.7568068159216226,0.20850898379184787,-0.0,-0.0,-0.0,-0.0,-0.0,-0.045998736859296264,-0.0
8.35,0.7478081841846871,-0.4520605335854502,0.045743604868911755,1.8937790919981694,-0.027947713104368797,0.7563493633573248,0.20850898379184787,-0.0,-0.0,-0.0,-0.0,-0.0,-0.045489651594859945,-0.0
8.36,0.7478081841846871,-0.4520605335854502,0.045743604868911755,1.8937790919981694,-0.027947713104368797,0.7558970650931616,0.20850898379184787,-0.0,-0.0,-0.0,-0.0,-0.0,-0.04496790543754909,-0.0
8.37,0.7478081841846871,-0.4520605335854502,0.045743604868911755,1.8937790919981694,-0.027947713104368797,0.7554500468730407,0.20850898379184787,-0.0,-0.0,-0.0,-0.0,-0.0,-0.04443367207599397,-0.0
8.38,0.7478081841846871,-0.4520605335854502,0.045743604868911755,1.8937790919981694,-0.027947713104368797,0.7550084326835566,0.20850898379184787,-0.0,-0.0,-0.0,-0.0,-0.0,-0.04388712927360211,-0.0
8.39,0.7478081841846871,-0.4520605335854502,0.045743604868911755,1.8937790919981694,-0.027947713104368797,0.7545723447135676,0.20850898379184787,-0.0,-0.0,-0.0,-0.0,-0.0,-0.04332845880293363,-0.0
8.4,0.7478081841846871,-0.4520605335854502,0.045743604868911755,1.8937790919981694,-0.027947713104368797,0.7541419033144404,0.20850898379184787,-0.0,-0.0,-0.0,-0.0,-0.0,-0.04275784637861832,-0.0
8.41,0.7478081841846871,-0.4520605335854502,0.045743604868911755,1.8937790919981694,-0.027947713104368797,0.7537172269609694,0.20850898379184787,-0.0,-0.0,-0.0,-0.0,-0.0,-0.04217548158884278,-0.0
8.42,0.7478081841846871,-0.4520605335854502,0.045743604868911755,1.8937790919981694,-0.027947713104368797,0.7532984322129904,0.20850898379184787,-0.0,-0.0,-0.0,-0.0,-0.0,-0.041581557825433664,-0.0
8.43,0.7478081841846871,-0.4520605335854502,0.045743604868911755,1.8937790919981694,-0.027947713104368797,0.752885633677699,0.20850898379184787,-0.0,-0.0,-0.0,-0.0,-0.0,-0.040976272212563836,-0.0
8.44,0.7478081841846871,-0.4520605335854502,0.045743604868911755,1.8937790919981694,-0.027947713104368797,0.7524789439726896,0.20850898379184787,-0.0,-0.0,-0.0,-0.0,-0.0,-0.040359825534111084,-0.0
8.45,0.7478081841846871,-0.4520605335854502,0.045743604868911755,1.8937790919981694,-0.027947713104368797,0.7520784736897268,0.20850898379184787,-0.0,-0.0,-0.0,-0.0,-0.0,-0.039732422159697536,-0.0
8.46,0.7478081841846871,-0.4520605335854502,0.045743604868911755,1.8937790919981694,-0.027947713104368797,0.7516843313592633,0.20850898379184787,-0.0,-0.0,-0.0,-0.0,-0.0,-0.039094269969437725,-0.0
8.47,0.7478081841846871,-0.4520605335854502,0.045743604868911755,1.8937790919981694,-0.027947713104368797,0.7512966234157167,0.20850898379184787,-0.0,-0.0,-0.0,-0.0,-0.0,-0.03844558027742752,-0.0
8.48,0.7478081841846871,-0.4520605335854502,0.045743604868911755,1.8937790919981694,-0.027947713104368797,0.7509154541635169,0.20850898379184787,-0.0,-0.0,-0.0,-0.0,-0.0,-0.03778656775400074,-0.0
8.49,0.7478081841846871,-0.4520605335854502,0.045743604868911755,1.8937790919981694,-0.027947713104368797,0.7505409257439379,0.20850898379184787,-0.0,-0.0,-0.0,-0.0,-0.0,-0.037117450346787775,-0.0
8.5,0.7478081841846871,-0.4520605335854502,0.045743604868911755,1.8937790919981694,-0.027947713104368797,0.750173138102724,0.20850898379184787,-0.0,-0.0,-0.0,-0.0,-0.0,-0.03643844920060376,-0.0
8.51,0.7478081841846871,-0.4520605335854502,0.045743604868911755,1.8937790919981694,-0.027947713104368797,0.7498121889585236,0.20850898379184787,-0.0,-0.0,-0.0,-0.0,-0.0,-0.03574978857620089,-0.0
8.52,0.7478081841846871,-0.4520605335854502,0.045743604868911755,1.8937790919981694,-0.027947713104368797,0.7494581737721407,0.20850898379184787,-0.0,-0.0,-0.0,-0.0,-0.0,-0.035051695767914386,-0.0
8.53,0.7478081841846871,-0.4520605335854502,0.045743604868911755,1.8937790919981694,-0.027947713104368797,0.7491111857166151,0.20850898379184787,-0.0,-0.0,-0.0,-0.0,-0.0,-0.03434440102023621,-0.0
8.54,0.7478081841846871,-0.4520605335854502,0.045743604868911755,1.8937790919981694,-0.027947713104368797,0.7487713156481424,0.20850898379184787,-0.0,-0.0,-0.0,-0.0,-0.0,-0.03362813744334898,-0.0
8.55,0.7478081841846871,-0.4520605335854502,0.045743604868911755,1.8937790919981694,-0.027947713104368797,0.7484386520778434,0.20850898379184787,-0.0,-0.0,-0.0,-0.0,-0.0,-0.03290314092765195,-0.0
8.56,0.7478081841846871,-0.4520605335854502,0.045743604868911755,1.8937790919981694,-0.027947713104368797,0.7481132811443943,0.20850898379184787,-0.0,-0.0,-0.0,-0.0,-0.0,-0.032169650057315584,-0.0
8.57,0.7478081841846871,-0.4520605335854502,0.045743604868911755,1.8937790919981694,-0.027947713104368797,0.7477952865875239,0.20850898379184787,-0.0,-0.0,-0.0,-0.0,-0.0,-0.03142790602289464,-0.0
8.58,0.7478081841846871,-0.4520605335854502,0.045743604868911755,1.8937790919981694,-0.027947713104368797,0.7474847497223911,0.20850898379184787,-0.0,-0.0,-0.0,-0.0,-0.0,-0.030678152533038596,-0.0
8.59,0.7478081841846871,-0.4520605335854502,0.045743604868911755,1.8937790919981694,-0.027947713104368797,0.7471817494148493,0.20850898379184787,-0.0,-0.0,-0.0,-0.0,-0.0,-0.029920635725329936,-0.0
8.6,0.7478081841846871,-0.4520605335854502,0.045743604868911755,1.8937790919981694,-0.027947713104368797,0.7468863620576054,0.20850898379184787,-0.0,-0.0,-0.0,-0.0,-0.0,-0.029155604076288425,-0.0
8.61,0.7478081841846871,-0.4520605335854502,0.045743604868911755,1.8937790919981694,-0.027947713104368797,0.7465986615472853,0.20850898379184787,-0.0,-0.0,-0.0,-0.0,-0.0,-0.0283833083105751,-0.0
8.62,0.7478081841846871,-0.4520605335854502,0.045743604868911755,1.8937790919981694,-0.027947713104368797,0.7463187192624081,0.20850898379184787,-0.0,-0.0,-0.0,-0.0,-0.0,-0.027604001309431424,-0.0
8.63,0.7478081841846871,-0.4520605335854502,0.045743604868911755,1.8937790919981694,-0.027947713104368797,0.7460466040422821,0.20850898379184787,-0.0,-0.0,-0.0,-0.0,-0.0,-0.02681793801839053,-0.0
8.64,0.7478081841846871,-0.4520605335854502,0.045743604868911755,1.8937790919981694,-0.027947713104368797,0.7457823821668257,0.20850898379184787,-0.0,-0.0,-0.0,-0.0,-0.0,-0.026025375354296613,-0.0
8.65,0.7478081841846871,-0.4520605335854502,0.045743604868911755,1.8937790919981694,-0.027947713104368797,0.7455261173373228,0.20850898379184787,-0.0,-0.0,-0.0,-0.0,-0.0,-0.025226572111667143,-0.0
8.66,0.7478081841846871,-0.4520605335854502,0.045743604868911755,1.8937790919981694,-0.027947713104368797,0.7452778706581153,0.20850898379184787,-0.0,-0.0,-0.0,-0.0,-0.0,-0.024421788868436888,-0.0
8.67,0.7478081841846871,-0.4520605335854502,0.045743604868911755,1.8937790919981694,-0.027947713104368797,0.7450377006192447,0.20850898379184787,-0.0,-0.0,-0.0,-0.0,-0.0,-0.02361128789111938,-0.0
8.68,0.7478081841846871,-0.4520605335854502,0.045743604868911755,1.8937790919981694,-0.027947713104368797,0.7448056630800406,0.20850898379184787,-0.0,-0.0,-0.0,-0.0,-0.0,-0.022795333039423493,-0.0
8.69,0.7478081841846871,-0.4520605335854502,0.045743604868911755,1.8937790919981694,-0.027947713104368797,0.7445818112536697,0.20850898379184787,-0.0,-0.0,-0.0,-0.0,-0.0,-0.021974189670361036,-0.0
8.7,0.7478081841846871,-0.4520605335854502,0.045743604868911755,1.8937790919981694,-0.027947713104368797,0.7443661956926431,0.20850898379184787,-0.0,-0.0,-0.0,-0.0,-0.0,-0.021148124541885364,-0.0
8.71,0.7478081841846871,-0.4520605335854502,0.045743604868911755,1.8937790919981694,-0.027947713104368797,0.7441588642752905,0.20850898379184787,-0.0,-0.0,-0.0,-0.0,-0.0,-0.020317405716095464,-0.0
8.72,0.7478081841846871,-0.4520605335854502,0.045743604868911755,1.8937790919981694,-0.027947713104368797,0.7439598621932052,0.20850898379184787,-0.0,-0.0,-0.0,-0.0,-0.0,-0.0194823024620471,-0.0
8.73,0.7478081841846871,-0.4520605335854502,0.045743604868911755,1.8937790919981694,-0.027947713104368797,0.7437692319396613,0.20850898379184787,-0.0,-0.0,-0.0,-0.0,-0.0,-0.018643085158204193,-0.0
8.74,0.7478081841846871,-0.4520605335854502,0.045743604868911755,1.8937790919981694,-0.027947713104368797,0.7435870132990086,0.20850898379184787,-0.0,-0.0,-0.0,-0.0,-0.0,-0.017800025194573754,-0.0
8.75,0.7478081841846871,-0.4520605335854502,0.045743604868911755,1.8937790919981694,-0.027947713104368797,0.7434132433370483,0.20850898379184787,-0.0,-0.0,-0.0,-0.0,-0.0,-0.016953394874557725,-0.0
8.76,0.7478081841846871,-0.4520605335854502,0.045743604868911755,1.8937790919981694,-0.027947713104368797,0.7432479563923903,0.20850898379184787,-0.0,-0.0,-0.0,-0.0,-0.0,-0.0161034673165633,-0.0
8.77,0.7478081841846871,-0.4520605335854502,0.045743604868911755,1.8937790919981694,-0.027947713104368797,0.7430911840687963,0.20850898379184787,-0.0,-0.0,-0.0,-0.0,-0.0,-0.015250516355408672,-0.0
8.78,0.7478081841846871,-0.4520605335854502,0.045743604868911755,1.8937790919981694,-0.027947713104368797,0.7429429552285087,0.20850898379184787,-0.0,-0.0,-0.0,-0.0,-0.0,-0.01439481644356189,-0.0
8.79,0.7478081841846871,-0.4520605335854502,0.045743604868911755,1.8937790919981694,-0.027947713104368797,0.7428032959865698,0.20850898379184787,-0.0,-0.0,-0.0,-0.0,-0.0,-0.01353664255225277,-0.0
8.8,0.7478081841846871,-0.4520605335854502,0.045743604868911755,1.8937790919981694,-0.027947713104368797,0.7426722297061275,0.20850898379184787,-0.0,-0.0,-0.0,-0.0,-0.0,-0.012676270072495348,-0.0
8.81,0.7478081841846871,-0.4520605335854502,0.045743604868911755,1.8937790919981694,-0.027947713104368797,0.7425497769947335,0.20850898379184787,-0.0,-0.0,-0.0,-0.0,-0.0,-0.011813974716059588,-0.0
8.82,0.7478081841846871,-0.4520605335854502,0.045743604868911755,1.8937790919981694,-0.027947713104368797,0.7424359557016306,0.20850898379184787,-0.0,-0.0,-0.0,-0.0,-0.0,-0.0109500324164295,-0.0
8.83,0.7478081841846871,-0.4520605335854502,0.045743604868911755,1.8937790919981694,-0.027947713104368797,0.7423307809160309,0.20850898379184787,-0.0,-0.0,-0.0,-0.0,-0.0,-0.010084719229788708,-0.0
8.84,0.7478081841846871,-0.4520605335854502,0.045743604868911755,1.8937790919981694,-0.027947713104368797,0.7422342649663835,0.20850898379184787,-0.0,-0.0,-0.0,-0.0,-0.0,-0.009218311236069721,-0.0
8.85,0.7478081841846871,-0.4520605335854502,0.045743604868911755,1.8937790919981694,-0.027947713104368797,0.742146417420631,0.20850898379184787,-0.0,-0.0,-0.0,-0.0,-0.0,-0.008351084440105124,-0.0
8.86,0.7478081841846871,-0.4520605335854502,0.045743604868911755,1.8937790919981694,-0.027947713104368797,0.7420672450874551,0.20850898379184787,-0.0,-0.0,-0.0,-0.0,-0.0,-0.007483314672920344,-0.0
8.87,0.7478081841846871,-0.4520605335854502,0.045743604868911755,1.8937790919981694,-0.027947713104368797,0.7419967520185066,0.20850898379184787,-0.0,-0.0,-0.0,-0.0,-0.0,-0.0066152774932054055,-0.0
8.88,0.7478081841846871,-0.4520605335854502,0.045743604868911755,1.8937790919981694,-0.027947713104368797,0.7419349395116206,0.20850898379184787,-0.0,-0.0,-0.0,-0.0,-0.0,-0.005747248089002543,-0.0
8.89,0.7478081841846871,-0.4520605335854502,0.045743604868911755,1.8937790919981694,-0.027947713104368797,0.741881806115014,0.20850898379184787,-0.0,-0.0,-0.0,-0.0,-0.0,-0.004879501179650697,-0.0
8.9,0.7478081841846871,-0.4520605335854502,0.045743604868911755,1.8937790919981694,-0.027947713104368797,0.7418373476324613,0.20850898379184787,-0.0,-0.0,-0.0,-0.0,-0.0,-0.004012310918020161,-0.0
8.91,0.7478081841846871,-0.4520605335854502,0.045743604868911755,1.8937790919981694,-0.027947713104368797,0.7418015571294467,0.20850898379184787,-0.0,-0.0,-0.0,-0.0,-0.0,-0.00314595079308012,-0.0
8.92,0.7478081841846871,-0.4520605335854502,0.045743604868911755,1.8937790919981694,-0.027947713104368797,0.7417744249402888,0.20850898379184787,-0.0,-0.0,-0.0,-0.0,-0.0,-0.002280693532831927,-0.0
8.93,0.7478081841846871,-0.4520605335854502,0.045743604868911755,1.8937790919981694,-0.027947713104368797,0.7417559386762339,0.20850898379184787,-0.0,-0.0,-0.0,-0.0,-0.0,-0.0014168110076492324,-0.0
8.94,0.7478081841846871,-0.4520605335854502,0.045743604868911755,1.8937790919981694,-0.027947713104368797,0.7417460832345139,0.20850898379184787,-0.0,-0.0,-0.0,-0.0,-0.0,-0.0005545741340588726,-0.0
8.95,0.7478081841846871,-0.4520605335854502,0.045743604868911755,1.8937790919981694,-0.027947713104368797,0.7417448408083638,0.20850898379184787,0.0,0.0,0.0,0.0,0.0,0.0003057472209980953,0.0
8.96,0.7478081841846871,-0.4520605335854502,0.045743604868911755,1.8937790919981694,-0.027947713104368797,0.7417521908979939,0.20850898379184787,0.0,0.0,0.0,0.0,0.0,0.0011638843353897169,0.0
8.97,0.7478081841846871,-0.4520605335854502,0.045743604868911755,1.8937790919981694,-0.027947713104368797,0.7417681103225123,0.20850898379184787,0.0,0.0,0.0,0.0,0.0,0.002019569726464035,0.0
8.98,0.7478081841846871,-0.4520605335854502,0.045743604868911755,1.8937790919981694,-0.027947713104368797,0.7417925732327899,0.20850898379184787,0.0,0.0,0.0,0.0,0.0,0.002872537245132498,0.0
8.99,0.7478081841846871,-0.4520605335854502,0.045743604868911755,1.8937790919981694,-0.027947713104368797,0.7418255511252645,0.20850898379184787,0.0,0.0,0.0,0.0,0.0,0.0037225221693275618,0.0
9.0,0.7478081841846871,-0.4520605335854502,0.045743604868911755,1.8937790919981694,-0.027947713104368797,0.741867012856675,0.20850898379184787,0.0,0.0,0.0,0.0,0.0,0.004569261296800604,0.0
9.01,0.7478081841846871,-0.4520605335854502,0.045743604868911755,1.8937790919981694,-0.027947713104368797,0.741916924659721,0.20850898379184787,0.0,0.0,0.0,0.0,0.0,0.005412493037225187,0.0
9.02,0.7478081841846871,-0.4520605335854502,0.045743604868911755,1.8937790919981694,-0.027947713104368797,0.7419752501596398,0.20850898379184787,0.0,0.0,0.0,0.0,0.0,0.0062519575035689685,0.0
9.03,0.7478081841846871,-0.4520605335854502,0.045743604868911755,1.8937790919981694,-0.027947713104368797,0.7420419503916924,0.20850898379184787,0.0,0.0,0.0,0.0,0.0,0.007087396602700418,0.0
9.04,0.7478081841846871,-0.4520605335854502,0.045743604868911755,1.8937790919981694,-0.027947713104368797,0.7421169838195526,0.20850898379184787,0.0,0.0,0.0,0.0,0.0,0.00791855412519682,0.0
9.05,0.7478081841846871,-0.4520605335854502,0.045743604868911755,1.8937790919981694,-0.027947713104368797,0.7422003063545894,0.20850898379184787,0.0,0.0,0.0,0.0,0.0,0.008745175834317892,0.0
9.06,0.7478081841846871,-0.4520605335854502,0.045743604868911755,1.8937790919981694,-0.027947713104368797,0.7422918713760358,0.20850898379184787,0.0,0.0,0.0,0.0,0.0,0.009567009554111758,0.0
9.07,0.7478081841846871,-0.4520605335854502,0.045743604868911755,1.8937790919981694,-0.027947713104368797,0.7423916297520325,0.20850898379184787,0.0,0.0,0.0,0.0,0.0,0.01038380525662164,0.0
9.08,0.7478081841846871,-0.4520605335854502,0.045743604868911755,1.8937790919981694,-0.027947713104368797,0.7424995298615406,0.20850898379184787,0.0,0.0,0.0,0.0,0.0,0.011195315148158197,0.0
9.09,0.7478081841846871,-0.4520605335854502,0.045743604868911755,1.8937790919981694,-0.027947713104368797,0.7426155176171116,0.20850898379184787,0.0,0.0,0.0,0.0,0.0,0.012001293754605942,0.0
9.1,0.7478081841846871,-0.4520605335854502,0.045743604868911755,1.8937790919981694,-0.027947713104368797,0.7427395364885053,0.20850898379184787,0.0,0.0,0.0,0.0,0.0,0.0128014980057315,0.0
9.11,0.7478081841846871,-0.4520605335854502,0.045743604868911755,1.8937790919981694,-0.027947713104368797,0.742871527527146,0.20850898379184787,0.0,0.0,0.0,0.0,0.0,0.013595687318463058,0.0
9.12,0.7478081841846871,-0.4520605335854502,0.045743604868911755,1.8937790919981694,-0.027947713104368797,0.7430114293914064,0.20850898379184787,0.0,0.0,0.0,0.0,0.0,0.014383623679107628,0.0
9.13,0.7478081841846871,-0.4520605335854502,0.045743604868911755,1.8937790919981694,-0.027947713104368797,0.7431591783727073,0.20850898379184787,0.0,0.0,0.0,0.0,0.0,0.015165071724478169,0.0
9.14,0.7478081841846871,-0.4520605335854502,0.045743604868911755,1.8937790919981694,-0.027947713104368797,0.743314708422424,0.20850898379184787,0.0,0.0,0.0,0.0,0.0,0.015939798821897,0.0
9.15,0.7478081841846871,-0.4520605335854502,0.045743604868911755,1.8937790919981694,-0.027947713104368797,0.7434779511795868,0.20850898379184787,0.0,0.0,0.0,0.0,0.0,0.016707575148049797,0.0
9.16,0.7478081841846871,-0.4520605335854502,0.045743604868911755,1.8937790919981694,-0.027947713104368797,0.7436488359993638,0.20850898379184787,0.0,0.0,0.0,0.0,0.0,0.017468173766656294,0.0
9.17,0.7478081841846871,-0.4520605335854502,0.045743604868911755,1.8937790919981694,-0.027947713104368797,0.7438272899823145,0.20850898379184787,0.0,0.0,0.0,0.0,0.0,0.018221370704932995,0.0
9.18,0.7478081841846871,-0.4520605335854502,0.045743604868911755,1.8937790919981694,-0.027947713104368797,0.744013238004402,0.20850898379184787,0.0,0.0,0.0,0.0,0.0,0.018966945028816806,0.0
9.19,0.7478081841846871,-0.4520605335854502,0.045743604868911755,1.8937790919981694,-0.027947713104368797,0.744206602747751,0.20850898379184787,0.0,0.0,0.0,0.0,0.0,0.019704678916922843,0.0
9.2,0.7478081841846871,-0.4520605335854502,0.045743604868911755,1.8937790919981694,-0.027947713104368797,0.7444073047321391,0.20850898379184787,0.0,0.0,0.0,0.0,0.0,0.020434357733209996,0.0
9.21,0.7478081841846871,-0.4520605335854502,0.045743604868911755,1.8937790919981694,-0.027947713104368797,0.7446152623472083,0.20850898379184787,0.0,0.0,0.0,0.0,0.0,0.02115577009832599,0.0
9.22,0.7478081841846871,-0.4520605335854502,0.045743604868911755,1.8937790919981694,-0.027947713104368797,0.7448303918853824,0.20850898379184787,0.0,0.0,0.0,0.0,0.0,0.02186870795960639,0.0
9.23,0.7478081841846871,-0.4520605335854502,0.045743604868911755,1.8937790919981694,-0.027947713104368797,0.7450526075754784,0.20850898379184787,0.0,0.0,0.0,0.0,0.0,0.022572966659703247,0.0
9.24,0.7478081841846871,-0.4520605335854502,0.045743604868911755,1.8937790919981694,-0.027947713104368797,0.7452818216169977,0.20850898379184787,0.0,0.0,0.0,0.0,0.0,0.023268345003816644,0.0
9.25,0.7478081841846871,-0.4520605335854502,0.045743604868911755,1.8937790919981694,-0.027947713104368797,0.7455179442150808,0.20850898379184787,0.0,0.0,0.0,0.0,0.0,0.023954645325505553,0.0
9.26,0.7478081841846871,-0.4520605335854502,0.045743604868911755,1.8937790919981694,-0.027947713104368797,0.7457608836161145,0.20850898379184787,0.0,0.0,0.0,0.0,0.0,0.02463167355105397,0.0
9.27,0.7478081841846871,-0.4520605335854502,0.045743604868911755,1.8937790919981694,-0.027947713104368797,0.7460105461439747,0.20850898379184787,0.0,0.0,0.0,0.0,0.0,0.025299239262370092,0.0
9.28,0.7478081841846871,-0.4520605335854502,0.045743604868911755,1.8937790919981694,-0.027947713104368797,0.7462668362368912,0.20850898379184787,0.0,0.0,0.0,0.0,0.0,0.02595715575839453,0.0
9.29,0.7478081841846871,-0.4520605335854502,0.045743604868911755,1.8937790919981694,-0.027947713104368797,0.7465296564849183,0.20850898379184787,0.0,0.0,0.0,0.0,0.0,0.02660524011499628,0.0
9.3,0.7478081841846871,-0.4520605335854502,0.045743604868911755,1.8937790919981694,-0.027947713104368797,0.7467989076679978,0.20850898379184787,0.0,0.0,0.0,0.0,0.0,0.02724331324333602,0.0
9.31,0.7478081841846871,-0.4520605335854502,0.045743604868911755,1.8937790919981694,-0.027947713104368797,0.7470744887945965,0.20850898379184787,0.0,0.0,0.0,0.0,0.0,0.027871199946673815,0.0
9.32,0.7478081841846871,-0.4520605335854502,0.045743604868911755,1.8937790919981694,-0.027947713104368797,0.7473562971409053,0.20850898379184787,0.0,0.0,0.0,0.0,0.0,0.028488728975604418,0.0
9.33,0.7478081841846871,-0.4520605335854502,0.045743604868911755,1.8937790919981694,-0.027947713104368797,0.7476442282905821,0.20850898379184787,0.0,0.0,0.0,0.0,0.0,0.029095733081697276,0.0
9.34,0.7478081841846871,-0.4520605335854502,0.045743604868911755,1.8937790919981694,-0.027947713104368797,0.7479381761750225,0.20850898379184787,0.0,0.0,0.0,0.0,0.0,0.02969204906952569,0.0
9.35,0.7478081841846871,-0.4520605335854502,0.045743604868911755,1.8937790919981694,-0.027947713104368797,0.7482380331141436,0.20850898379184787,0.0,0.0,0.0,0.0,0.0,0.030277517847064596,0.0
9.36,0.7478081841846871,-0.4520605335854502,0.045743604868911755,1.8937790919981694,-0.027947713104368797,0.7485436898576633,0.20850898379184787,0.0,0.0,0.0,0.0,0.0,0.03085198447444176,0.0
9.37,0.7478081841846871,-0.4520605335854502,0.045743604868911755,1.8937790919981694,-0.027947713104368797,0.7488550356268582,0.20850898379184787,0.0,0.0,0.0,0.0,0.0,0.03141529821102398,0.0
9.38,0.7478081841846871,-0.4520605335854502,0.045743604868911755,1.8937790919981694,-0.027947713104368797,0.7491719581567847,0.20850898379184787,0.0,0.0,0.0,0.0,0.0,0.03196731256082322,0.0
9.39,0.7478081841846871,-0.4520605335854502,0.045743604868911755,1.8937790919981694,-0.027947713104368797,0.7494943437389454,0.20850898379184787,0.0,0.0,0.0,0.0,0.0,0.03250788531620726,0.0
9.4,0.7478081841846871,-0.4520605335854502,0.045743604868911755,1.8937790919981694,-0.027947713104368797,0.7498220772643842,0.20850898379184787,0.0,0.0,0.0,0.0,0.0,0.033036878599900746,0.0
9.41,0.7478081841846871,-0.4520605335854502,0.045743604868911755,1.8937790919981694,-0.027947713104368797,0.7501550422671923,0.20850898379184787,0.0,0.0,0.0,0.0,0.0,0.03355415890526148,0.0
9.42,0.7478081841846871,-0.4520605335854502,0.045743604868911755,1.8937790919981694,-0.027947713104368797,0.7504931209684094,0.20850898379184787,0.0,0.0,0.0,0.0,0.0,0.03405959713481993,0.0
9.43,0.7478081841846871,-0.4520605335854502,0.045743604868911755,1.8937790919981694,-0.027947713104368797,0.7508361943202998,0.20850898379184787,0.0,0.0,0.0,0.0,0.0,0.03455306863706958,0.0
9.44,0.7478081841846871,-0.4520605335854502,0.045743604868911755,1.8937790919981694,-0.027947713104368797,0.7511841420509897,0.20850898379184787,0.0,0.0,0.0,0.0,0.0,0.035034453241495594,0.0
9.45,0.7478081841846871,-0.4520605335854502,0.045743604868911755,1.8937790919981694,-0.027947713104368797,0.7515368427094443,0.20850898379184787,0.0,0.0,0.0,0.0,0.0,0.035503635291831176,0.0
9.46,0.7478081841846871,-0.4520605335854502,0.045743604868911755,1.8937790919981694,-0.027947713104368797,0.7518941737107692,0.20850898379184787,0.0,0.0,0.0,0.0,0.0,0.0359605036775321,0.0
9.47,0.7478081841846871,-0.4520605335854502,0.045743604868911755,1.8937790919981694,-0.027947713104368797,0.7522560113818175,0.20850898379184787,0.0,0.0,0.0,0.0,0.0,0.03640495186345807,0.0
9.48,0.7478081841846871,-0.4520605335854502,0.045743604868911755,1.8937790919981694,-0.027947713104368797,0.7526222310070853,0.20850898379184787,0.0,0.0,0.0,0.0,0.0,0.0368368779177548,0.0
9.49,0.7478081841846871,-0.4520605335854502,0.045743604868911755,1.8937790919981694,-0.027947713104368797,0.7529927068748752,0.20850898379184787,0.0,0.0,0.0,0.0,0.0,0.03725618453792563,0.0
9.5,0.7478081841846871,-0.4520605335854502,0.045743604868911755,1.8937790919981694,-0.027947713104368797,0.753367312323714,0.20850898379184787,0.0,0.0,0.0,0.0,0.0,0.037662779075088255,0.0
9.51,0.7478081841846871,-0.4520605335854502,0.045743604868911755,1.8937790919981694,-0.027947713104368797,0.7537459197890022,0.20850898379184787,0.0,0.0,0.0,0.0,0.0,0.03805657355640796,0.0
9.52,0.7478081841846871,-0.4520605335854502,0.045743604868911755,1.8937790919981694,-0.027947713104368797,0.7541284008498782,0.20850898379184787,0.0,0.0,0.0,0.0,0.0,0.0384374847057024,0.0
9.53,0.7478081841846871,-0.4520605335854502,0.045743604868911755,1.8937790919981694,-0.027947713104368797,0.7545146262762812,0.20850898379184787,0.0,0.0,0.0,0.0,0.0,0.03880543396221322,0.0
9.54,0.7478081841846871,-0.4520605335854502,0.045743604868911755,1.8937790919981694,-0.027947713104368797,0.754904466076191,0.20850898379184787,0.0,0.0,0.0,0.0,0.0,0.03916034749753899,0.0
9.55,0.7478081841846871,-0.4520605335854502,0.045743604868911755,1.8937790919981694,-0.027947713104368797,0.7552977895430292,0.20850898379184787,0.0,0.0,0.0,0.0,0.0,0.039502156230727295,0.0
9.56,0.7478081841846871,-0.4520605335854502,0.045743604868911755,1.8937790919981694,-0.027947713104368797,0.7556944653032006,0.20850898379184787,0.0,0.0,0.0,0.0,0.0,0.03983079584152179,0.0
9.57,0.7478081841846871,-0.4520605335854502,0.045743604868911755,1.8937790919981694,-0.027947713104368797,0.7560943613637597,0.20850898379184787,0.0,0.0,0.0,0.0,0.0,0.04014620678176355,0.0
9.58,0.7478081841846871,-0.4520605335854502,0.045743604868911755,1.8937790919981694,-0.027947713104368797,0.7564973451601802,0.20850898379184787,0.0,0.0,0.0,0.0,0.0,0.040448334284943994,0.0
9.59,0.7478081841846871,-0.4520605335854502,0.045743604868911755,1.8937790919981694,-0.027947713104368797,0.7569032836042118,0.20850898379184787,0.0,0.0,0.0,0.0,0.0,0.040737128373909845,0.0
9.6,0.7478081841846871,-0.4520605335854502,0.045743604868911755,1.8937790919981694,-0.027947713104368797,0.7573120431318046,0.20850898379184787,0.0,0.0,0.0,0.0,0.0,0.041012543866719875,0.0
9.61,0.7478081841846871,-0.4520605335854502,0.045743604868911755,1.8937790919981694,-0.027947713104368797,0.7577234897510831,0.20850898379184787,0.0,0.0,0.0,0.0,0.0,0.04127454038065417,0.0
9.62,0.7478081841846871,-0.4520605335854502,0.045743604868911755,1.8937790919981694,-0.027947713104368797,0.7581374890903501,0.20850898379184787,0.0,0.0,0.0,0.0,0.0,0.041523082334378264,0.0
9.63,0.7478081841846871,-0.4520605335854502,0.045743604868911755,1.8937790919981694,-0.027947713104368797,0.7585539064461044,0.20850898379184787,0.0,0.0,0.0,0.0,0.0,0.041758138948263746,0.0
9.64,0.7478081841846871,-0.4520605335854502,0.045743604868911755,1.8937790919981694,-0.027947713104368797,0.7589726068310515,0.20850898379184787,0.0,0.0,0.0,0.0,0.0,0.041979684242868846,0.0
9.65,0.7478081841846871,-0.4520605335854502,0.045743604868911755,1.8937790919981694,-0.027947713104368797,0.7593934550220898,0.20850898379184787,0.0,0.0,0.0,0.0,0.0,0.04218769703558328,0.0
9.66,0.7478081841846871,-0.4520605335854502,0.045743604868911755,1.8937790919981694,-0.027947713104368797,0.7598163156082552,0.20850898379184787,0.0,0.0,0.0,0.0,0.0,0.042382160935441435,0.0
9.67,0.7478081841846871,-0.4520605335854502,0.045743604868911755,1.8937790919981694,-0.027947713104368797,0.7602410530386039,0.20850898379184787,0.0,0.0,0.0,0.0,0.0,0.04256306433610937,0.0
9.68,0.7478081841846871,-0.4520605335854502,0.045743604868911755,1.8937790919981694,-0.027947713104368797,0.7606675316700156,0.20850898379184787,0.0,0.0,0.0,0.0,0.0,0.04273040040705194,0.0
9.69,0.7478081841846871,-0.4520605335854502,0.045743604868911755,1.8937790919981694,-0.027947713104368797,0.7610956158148998,0.20850898379184787,0.0,0.0,0.0,0.0,0.0,0.04288416708288705,0.0
9.7,0.7478081841846871,-0.4520605335854502,0.045743604868911755,1.8937790919981694,-0.027947713104368797,0.7615251697887875,0.20850898379184787,0.0,0.0,0.0,0.0,0.0,0.04302436705093391,0.0
9.71,0.7478081841846871,-0.4520605335854502,0.045743604868911755,1.8937790919981694,-0.027947713104368797,0.7619560579577871,0.20850898379184787,0.0,0.0,0.0,0.0,0.0,0.04315100773696449,0.0
9.72,0.7478081841846871,-0.4520605335854502,0.045743604868911755,1.8937790919981694,-0.027947713104368797,0.7623881447858912,0.20850898379184787,0.0,0.0,0.0,0.0,0.0,0.04326410128916623,0.0
9.73,0.7478081841846871,-0.4520605335854502,0.045743604868911755,1.8937790919981694,-0.027947713104368797,0.762821294882113,0.20850898379184787,0.0,0.0,0.0,0.0,0.0,0.0433636645603269,0.0
9.74,0.7478081841846871,-0.4520605335854502,0.045743604868911755,1.8937790919981694,-0.027947713104368797,0.7632553730474355,0.20850898379184787,0.0,0.0,0.0,0.0,0.0,0.04344971908825067,0.0
9.75,0.7478081841846871,-0.4520605335854502,0.045743604868911755,1.8937790919981694,-0.027947713104368797,0.7636902443215565,0.20850898379184787,0.0,0.0,0.0,0.0,0.0,0.043522291074417664,0.0
9.76,0.7478081841846871,-0.4520605335854502,0.045743604868911755,1.8937790919981694,-0.027947713104368797,0.764125774029412,0.20850898379184787,0.0,0.0,0.0,0.0,0.0,0.04358141136089832,0.0
9.77,0.7478081841846871,-0.4520605335854502,0.045743604868911755,1.8937790919981694,-0.027947713104368797,0.7645618278274584,0.20850898379184787,0.0,0.0,0.0,0.0,0.0,0.0436271154055351,0.0
9.78,0.7478081841846871,-0.4520605335854502,0.045743604868911755,1.8937790919981694,-0.027947713104368797,0.7649982717496999,0.20850898379184787,0.0,0.0,0.0,0.0,0.0,0.04365944325540483,0.0
9.79,0.7478081841846871,-0.4520605335854502,0.045743604868911755,1.8937790919981694,-0.027947713104368797,0.7654349722534407,0.20850898379184787,0.0,0.0,0.0,0.0,0.0,0.04367843951857562,0.0
9.8,0.7478081841846871,-0.4520605335854502,0.045743604868911755,1.8937790919981694,-0.027947713104368797,0.7658717962647463,0.20850898379184787,0.0,0.0,0.0,0.0,0.0,0.04368415333417277,0.0
9.81,0.7478081841846871,-0.4520605335854502,0.045743604868911755,1.8937790919981694,-0.027947713104368797,0.766308611223598,0.20850898379184787,0.0,0.0,0.0,0.0,0.0,0.043676638340769215,0.0
9.82,0.7478081841846871,-0.4520605335854502,0.045743604868911755,1.8937790919981694,-0.027947713104368797,0.7667452851287218,0.20850898379184787,0.0,0.0,0.0,0.0,0.0,0.04365595264311586,0.0
9.83,0.7478081841846871,-0.4520605335854502,0.045743604868911755,1.8937790919981694,-0.027947713104368797,0.7671816865820777,0.20850898379184787,0.0,0.0,0.0,0.0,0.0,0.04362215877722901,0.0
9.84,0.7478081841846871,-0.4520605335854502,0.045743604868911755,1.8937790919981694,-0.027947713104368797,0.7676176848329906,0.20850898379184787,0.0,0.0,0.0,0.0,0.0,0.04357532367385147,0.0
9.85,0.7478081841846871,-0.4520605335854502,0.045743604868911755,1.8937790919981694,-0.027947713104368797,0.7680531498219079,0.20850898379184787,0.0,0.0,0.0,0.0,0.0,0.043515518620305636,0.0
9.86,0.7478081841846871,-0.4520605335854502,0.045743604868911755,1.8937790919981694,-0.027947713104368797,0.7684879522237683,0.20850898379184787,0.0,0.0,0.0,0.0,0.0,0.04344281922075669,0.0
9.87,0.7478081841846871,-0.4520605335854502,0.045743604868911755,1.8937790919981694,-0.027947713104368797,0.768921963490965,0.20850898379184787,0.0,0.0,0.0,0.0,0.0,0.04335730535490526,0.0
9.88,0.7478081841846871,-0.4520605335854502,0.045743604868911755,1.8937790919981694,-0.027947713104368797,0.769355055895888,0.20850898379184787,0.0,0.0,0.0,0.0,0.0,0.043259061135128785,0.0
9.89,0.7478081841846871,-0.4520605335854502,0.045743604868911755,1.8937790919981694,-0.027947713104368797,0.7697871025730298,0.20850898379184787,0.0,0.0,0.0,0.0,0.0,0.04314817486209252,0.0
9.9,0.7478081841846871,-0.4520605335854502,0.045743604868911755,1.8937790919981694,-0.027947713104368797,0.7702179775606408,0.20850898379184787,0.0,0.0,0.0,0.0,0.0,0.0430247389788504,0.0
9.91,0.7478081841846871,-0.4520605335854502,0.045743604868911755,1.8937790919981694,-0.027947713104368797,0.7706475558419167,0.20850898379184787,0.0,0.0,0.0,0.0,0.0,0.04288885002345779,0.0
9.92,0.7478081841846871,-0.4520605335854502,0.045743604868911755,1.8937790919981694,-0.027947713104368797,0.7710757133857061,0.20850898379184787,0.0,0.0,0.0,0.0,0.0,0.04274060858011762,0.0
9.93,0.7478081841846871,-0.4520605335854502,0.045743604868911755,1.8937790919981694,-0.027947713104368797,0.7715023271867212,0.20850898379184787,0.0,0.0,0.0,0.0,0.0,0.042580119228883107,0.0
9.94,0.7478081841846871,-0.4520605335854502,0.045743604868911755,1.8937790919981694,-0.027947713104368797,0.771927275305239,0.20850898379184787,0.0,0.0,0.0,0.0,0.0,0.0424074904939396,0.0
9.95,0.7478081841846871,-0.4520605335854502,0.045743604868911755,1.8937790919981694,-0.027947713104368797,0.7723504369062786,0.20850898379184787,0.0,0.0,0.0,0.0,0.0,0.042222834790489695,0.0
9.96,0.7478081841846871,-0.4520605335854502,0.045743604868911755,1.8937790919981694,-0.027947713104368797,0.7727716922982396,0.20850898379184787,0.0,0.0,0.0,0.0,0.0,0.042026268370265754,0.0
9.97,0.7478081841846871,-0.4520605335854502,0.045743604868911755,1.8937790919981694,-0.027947713104368797,0.7731909229709891,0.20850898379184787,0.0,0.0,0.0,0.0,0.0,0.041817911265694487,0.0
9.98,0.7478081841846871,-0.4520605335854502,0.045743604868911755,1.8937790919981694,-0.027947713104368797,0.7736080116333849,0.20850898379184787,0.0,0.0,0.0,0.0,0.0,0.0415978872327387,0.0
9.99,0.7478081841846871,-0.4520605335854502,0.045743604868911755,1.8937790919981694,-0.027947713104368797,0.7740228422502188,0.20850898379184787,0.0,0.0,0.0,0.0,0.0,0.0413663236924425,0.0
10.0,0.7478081841846871,-0.4520605335854502,0.045743604868911755,1.8937790919981694,-0.027947713104368797,0.7744353000785701,0.20850898379184787,0.0,0.0,0.0,0.0,0.0,0.04112335167120568,0.0
10.01,0.7478081841846871,-0.4520605335854502,0.045743604868911755,1.8937790919981694,-0.027947713104368797,0.7748452717035554,0.20850898379184787,0.0,0.0,0.0,0.0,0.0,0.04086910573981424,0.0
10.02,0.7478081841846871,-0.4520605335854502,0.045743604868911755,1.8937790919981694,-0.027947713104368797,0.7752526450734626,0.20850898379184787,0.0,0.0,0.0,0.0,0.0,0.04060372395125428,0.0
10.03,0.7478081841846871,-0.4520605335854502,0.045743604868911755,1.8937790919981694,-0.027947713104368797,0.7756573095342566,0.20850898379184787,0.0,0.0,0.0,0.0,0.0,0.04032734777733683,0.0
10.04,0.7478081841846871,-0.4520605335854502,0.045743604868911755,1.8937790919981694,-0.027947713104368797,0.7760591558634463,0.20850898379184787,0.0,0.0,0.0,0.0,0.0,0.04004012204416159,0.0
10.05,0.7478081841846871,-0.4520605335854502,0.045743604868911755,1.8937790919981694,-0.027947713104368797,0.7764580763033001,0.20850898379184787,0.0,0.0,0.0,0.0,0.0,0.039742194866448234,0.0
10.06,0.7478081841846871,-0.4520605335854502,0.045743604868911755,1.8937790919981694,-0.027947713104368797,0.7768539645933984,0.20850898379184787,0.0,0.0,0.0,0.0,0.0,0.03943371758076456,0.0
10.07,0.7478081841846871,-0.4520605335854502,0.045743604868911755,1.8937790919981694,-0.027947713104368797,0.7772467160025145,0.20850898379184787,0.0,0.0,0.0,0.0,0.0,0.039114844677679936,0.0
10.08,0.7478081841846871,-0.4520605335854502,0.045743604868911755,1.8937790919981694,-0.027947713104368797,0.7776362273598111,0.20850898379184787,0.0,0.0,0.0,0.0,0.0,0.03878573373287446,0.0
10.09,0.7478081841846871,-0.4520605335854502,0.045743604868911755,1.8937790919981694,-0.027947713104368797,0.778022397085342,0.20850898379184787,0.0,0.0,0.0,0.0,0.0,0.0384465453372338,0.0
10.1,0.7478081841846871,-0.4520605335854502,0.045743604868911755,1.8937790919981694,-0.027947713104368797,0.7784051252198512,0.20850898379184787,0.0,0.0,0.0,0.0,0.0,0.03809744302596042,0.0
10.11,0.7478081841846871,-0.4520605335854502,0.045743604868911755,1.8937790919981694,-0.027947713104368797,0.778784313453857,0.20850898379184787,0.0,0.0,0.0,0.0,0.0,0.03773859320673097,0.0
10.12,0.7478081841846871,-0.4520605335854502,0.045743604868911755,1.8937790919981694,-0.027947713104368797,0.7791598651560143,0.20850898379184787,0.0,0.0,0.0,0.0,0.0,0.03737016508693254,0.0
10.13,0.7478081841846871,-0.4520605335854502,0.045743604868911755,1.8937790919981694,-0.027947713104368797,0.779531685400744,0.20850898379184787,0.0,0.0,0.0,0.0,0.0,0.03699233060000781,0.0
10.14,0.7478081841846871,-0.4520605335854502,0.045743604868911755,1.8937790919981694,-0.027947713104368797,0.7798996809951211,0.20850898379184787,0.0,0.0,0.0,0.0,0.0,0.036605264330942335,0.0
10.15,0.7478081841846871,-0.4520605335854502,0.045743604868911755,1.8937790919981694,-0.027947713104368797,0.7802637605050152,0.20850898379184787,0.0,0.0,0.0,0.0,0.0,0.03620914344092404,0.0
10.16,0.7478081841846871,-0.4520605335854502,0.045743604868911755,1.8937790919981694,-0.027947713104368797,0.7806238342804713,0.20850898379184787,0.0,0.0,0.0,0.0,0.0,0.03580414759120974,0.0
10.17,0.7478081841846871,-0.4520605335854502,0.045743604868911755,1.8937790919981694,-0.027947713104368797,0.7809798144803278,0.20850898379184787,0.0,0.0,0.0,0.0,0.0,0.0353904588662292,0.0
10.18,0.7478081841846871,-0.4520605335854502,0.045743604868911755,1.8937790919981694,-0.027947713104368797,0.7813316150960598,0.20850898379184787,0.0,0.0,0.0,0.0,0.0,0.034968261695960866,0.0
10.19,0.7478081841846871,-0.4520605335854502,0.045743604868911755,1.8937790919981694,-0.027947713104368797,0.7816791519748436,0.20850898379184787,0.0,0.0,0.0,0.0,0.0,0.03453774277761222,0.0
10.2,0.7478081841846871,-0.4520605335854502,0.045743604868911755,1.8937790919981694,-0.027947713104368797,0.7820223428418356,0.20850898379184787,0.0,0.0,0.0,0.0,0.0,0.03409909099663724,0.0
10.21,0.7478081841846871,-0.4520605335854502,0.045743604868911755,1.8937790919981694,-0.027947713104368797,0.7823611073216559,0.20850898379184787,0.0,0.0,0.0,0.0,0.0,0.03365249734712576,0.0
10.22,0.7478081841846871,-0.4520605335854502,0.045743604868911755,1.8937790919981694,-0.027947713104368797,0.782695366959075,0.20850898379184787,0.0,0.0,0.0,0.0,0.0,0.03319815485159817,0.0
10.23,0.7478081841846871,-0.4520605335854502,0.045743604868911755,1.8937790919981694,-0.027947713104368797,0.7830250452388944,0.20850898379184787,0.0,0.0,0.0,0.0,0.0,0.03273625848023834,0.0
10.24,0.7478081841846871,-0.4520605335854502,0.045743604868911755,1.8937790919981694,-0.027947713104368797,0.7833500676050171,0.20850898379184787,0.0,0.0,0.0,0.0,0.0,0.03226700506960032,0.0
10.25,0.7478081841846871,-0.4520605335854502,0.045743604868911755,1.8937790919981694,-0.027947713104368797,0.7836703614787034,0.20850898379184787,0.0,0.0,0.0,0.0,0.0,0.0317905932408224,0.0
10.26,0.7478081841846871,-0.4520605335854502,0.045743604868911755,1.8937790919981694,-0.027947713104368797,0.7839858562760048,0.20850898379184787,0.0,0.0,0.0,0.0,0.0,0.03130722331738313,0.0
10.27,0.7478081841846871,-0.4520605335854502,0.045743604868911755,1.8937790919981694,-0.027947713104368797,0.7842964834243753,0.20850898379184787,0.0,0.0,0.0,0.0,0.0,0.0308170972424332,0.0
10.28,0.7478081841846871,-0.4520605335854502,0.045743604868911755,1.8937790919981694,-0.027947713104368797,0.7846021763784529,0.20850898379184787,0.0,0.0,0.0,0.0,0.0,0.030320418495738986,0.0
10.29,0.7478081841846871,-0.4520605335854502,0.045743604868911755,1.8937790919981694,-0.027947713104368797,0.7849028706350086,0.20850898379184787,0.0,0.0,0.0,0.0,0.0,0.029817392010271514,0.0
10.3,0.7478081841846871,-0.4520605335854502,0.045743604868911755,1.8937790919981694,-0.027947713104368797,0.785198503747061,0.20850898379184787,0.0,0.0,0.0,0.0,0.0,0.029308224088475842,0.0
10.31,0.7478081841846871,-0.4520605335854502,0.045743604868911755,1.8937790919981694,-0.027947713104368797,0.78548901533715,0.20850898379184787,0.0,0.0,0.0,0.0,0.0,0.028793122318256707,0.0
10.32,0.7478081841846871,-0.4520605335854502,0.045743604868911755,1.8937790919981694,-0.027947713104368797,0.785774347109771,0.20850898379184787,0.0,0.0,0.0,0.0,0.0,0.028272295488713094,0.0
10.33,0.7478081841846871,-0.4520605335854502,0.045743604868911755,1.8937790919981694,-0.027947713104368797,0.7860544428629646,0.20850898379184787,0.0,0.0,0.0,0.0,0.0,0.02774595350565976,0.0
10.34,0.7478081841846871,-0.4520605335854502,0.045743604868911755,1.8937790919981694,-0.027947713104368797,0.7863292484990602,0.20850898379184787,0.0,0.0,0.0,0.0,0.0,0.02721430730696787,0.0
10.35,0.7478081841846871,-0.4520605335854502,0.045743604868911755,1.8937790919981694,-0.027947713104368797,0.786598712034573,0.20850898379184787,0.0,0.0,0.0,0.0,0.0,0.026677568777761954,0.0
10.36,0.7478081841846871,-0.4520605335854502,0.045743604868911755,1.8937790919981694,-0.027947713104368797,0.7868627836092521,0.20850898379184787,0.0,0.0,0.0,0.0,0.0,0.0261359506655062,0.0
10.37,0.7478081841846871,-0.4520605335854502,0.045743604868911755,1.8937790919981694,-0.027947713104368797,0.7871214154942787,0.20850898379184787,0.0,0.0,0.0,0.0,0.0,0.02558966649501678,0.0
10.38,0.7478081841846871,-0.4520605335854502,0.045743604868911755,1.8937790919981694,-0.027947713104368797,0.7873745620996148,0.20850898379184787,0.0,0.0,0.0,0.0,0.0,0.025038930483434176,0.0
10.39,0.7478081841846871,-0.4520605335854502,0.045743604868911755,1.8937790919981694,-0.027947713104368797,0.7876221799805005,0.20850898379184787,0.0,0.0,0.0,0.0,0.0,0.024483957455190636,0.0
10.4,0.7478081841846871,-0.4520605335854502,0.045743604868911755,1.8937790919981694,-0.027947713104368797,0.7878642278431034,0.20850898379184787,0.0,0.0,0.0,0.0,0.0,0.02392496275700695,0.0
10.41,0.7478081841846871,-0.4520605335854502,0.045743604868911755,1.8937790919981694,-0.027947713104368797,0.7881006665493153,0.20850898379184787,0.0,0.0,0.0,0.0,0.0,0.023362162172954663,0.0
10.42,0.7478081841846871,-0.4520605335854502,0.045743604868911755,1.8937790919981694,-0.027947713104368797,0.7883314591207018,0.20850898379184787,0.0,0.0,0.0,0.0,0.0,0.022795771839617243,0.0
10.43,0.7478081841846871,-0.4520605335854502,0.045743604868911755,1.8937790919981694,-0.027947713104368797,0.7885565707416042,0.20850898379184787,0.0,0.0,0.0,0.0,0.0,0.02222600816138455,0.0
10.44,0.7478081841846871,-0.4520605335854502,0.045743604868911755,1.8937790919981694,-0.027947713104368797,0.7887759687613944,0.20850898379184787,0.0,0.0,0.0,0.0,0.0,0.02165308772591586,0.0
10.45,0.7478081841846871,-0.4520605335854502,0.045743604868911755,1.8937790919981694,-0.027947713104368797,0.7889896226958855,0.20850898379184787,0.0,0.0,0.0,0.0,0.0,0.021077227219805456,0.0
10.46,0.7478081841846871,-0.4520605335854502,0.045743604868911755,1.8937790919981694,-0.027947713104368797,0.7891975042279008,0.20850898379184787,0.0,0.0,0.0,0.0,0.0,0.02049864334448379,0.0
10.47,0.7478081841846871,-0.4520605335854502,0.045743604868911755,1.8937790919981694,-0.027947713104368797,0.7893995872070029,0.20850898379184787,0.0,0.0,0.0,0.0,0.0,0.019917552732390466,0.0
10.48,0.7478081841846871,-0.4520605335854502,0.045743604868911755,1.8937790919981694,-0.027947713104368797,0.7895958476483853,0.20850898379184787,0.0,0.0,0.0,0.0,0.0,0.019334171863449524,0.0
10.49,0.7478081841846871,-0.4520605335854502,0.045743604868911755,1.8937790919981694,-0.027947713104368797,0.7897862637309319,0.20850898379184787,0.0,0.0,0.0,0.0,0.0,0.018748716981884198,0.0
10.5,0.7478081841846871,-0.4520605335854502,0.045743604868911755,1.8937790919981694,-0.027947713104368797,0.7899708157944445,0.20850898379184787,0.0,0.0,0.0,0.0,0.0,0.018161404013401248,0.0
10.51,0.7478081841846871,-0.4520605335854502,0.045743604868911755,1.8937790919981694,-0.027947713104368797,0.7901494863360464,0.20850898379184787,0.0,0.0,0.0,0.0,0.0,0.017572448482780553,0.0
10.52,0.7478081841846871,-0.4520605335854502,0.045743604868911755,1.8937790919981694,-0.027947713104368797,0.790322260005762,0.20850898379184787,0.0,0.0,0.0,0.0,0.0,0.01698206543190062,0.0
10.53,0.7478081841846871,-0.4520605335854502,0.045743604868911755,1.8937790919981694,-0.027947713104368797,0.7904891236012802,0.20850898379184787,0.0,0.0,0.0,0.0,0.0,0.01639046933823444,0.0
10.54,0.7478081841846871,-0.4520605335854502,0.045743604868911755,1.8937790919981694,-0.027947713104368797,0.7906500660619049,0.20850898379184787,0.0,0.0,0.0,0.0,0.0,0.015797874033847248,0.0
10.55,0.7478081841846871,-0.4520605335854502,0.045743604868911755,1.8937790919981694,-0.027947713104368797,0.7908050784616982,0.20850898379184787,0.0,0.0,0.0,0.0,0.0,0.015204492624927603,0.0
10.56,0.7478081841846871,-0.4520605335854502,0.045743604868911755,1.8937790919981694,-0.027947713104368797,0.7909541540018215,0.20850898379184787,0.0,0.0,0.0,0.0,0.0,0.014610537411885541,0.0
10.57,0.7478081841846871,-0.4520605335854502,0.045743604868911755,1.8937790919981694,-0.027947713104368797,0.7910972880020803,0.20850898379184787,0.0,0.0,0.0,0.0,0.0,0.014016219810046348,0.0
10.58,0.7478081841846871,-0.4520605335854502,0.045743604868911755,1.8937790919981694,-0.027947713104368797,0.7912344778916807,0.20850898379184787,0.0,0.0,0.0,0.0,0.0,0.013421750270974558,0.0
10.59,0.7478081841846871,-0.4520605335854502,0.045743604868911755,1.8937790919981694,-0.027947713104368797,0.7913657231991994,0.20850898379184787,0.0,0.0,0.0,0.0,0.0,0.012827338204455706,0.0
10.6,0.7478081841846871,-0.4520605335854502,0.045743604868911755,1.8937790919981694,-0.027947713104368797,0.7914910255417801,0.20850898379184787,0.0,0.0,0.0,0.0,0.0,0.012233191901168807,0.0
10.61,0.7478081841846871,-0.4520605335854502,0.045743604868911755,1.8937790919981694,-0.027947713104368797,0.791610388613558,0.20850898379184787,0.0,0.0,0.0,0.0,0.0,0.011639518456078494,0.0
10.62,0.7478081841846871,-0.4520605335854502,0.045743604868911755,1.8937790919981694,-0.027947713104368797,0.7917238181733233,0.20850898379184787,0.0,0.0,0.0,0.0,0.0,0.011046523692576457,0.0
10.63,0.7478081841846871,-0.4520605335854502,0.045743604868911755,1.8937790919981694,-0.027947713104368797,0.7918313220314286,0.20850898379184787,0.0,0.0,0.0,0.0,0.0,0.010454412087402203,0.0
10.64,0.7478081841846871,-0.4520605335854502,0.045743604868911755,1.8937790919981694,-0.027947713104368797,0.7919329100359512,0.20850898379184787,0.0,0.0,0.0,0.0,0.0,0.009863386696372331,0.0
10.65,0.7478081841846871,-0.4520605335854502,0.045743604868911755,1.8937790919981694,-0.027947713104368797,0.7920285940581154,0.20850898379184787,0.0,0.0,0.0,0.0,0.0,0.009273649080945304,0.0
10.66,0.7478081841846871,-0.4520605335854502,0.045743604868911755,1.8937790919981694,-0.027947713104368797,0.792118387976986,0.20850898379184787,0.0,0.0,0.0,0.0,0.0,0.008685399235651814,0.0
10.67,0.7478081841846871,-0.4520605335854502,0.045743604868911755,1.8937790919981694,-0.027947713104368797,0.7922023076634387,0.20850898379184787,0.0,0.0,0.0,0.0,0.0,0.00809883551641753,0.0
10.68,0.7478081841846871,-0.4520605335854502,0.045743604868911755,1.8937790919981694,-0.027947713104368797,0.7922803709634207,0.20850898379184787,0.0,0.0,0.0,0.0,0.0,0.007514154569805901,0.0
10.69,0.7478081841846871,-0.4520605335854502,0.045743604868911755,1.8937790919981694,-0.027947713104368797,0.7923525976805068,0.20850898379184787,0.0,0.0,0.0,0.0,0.0,0.006931551263206872,0.0
10.7,0.7478081841846871,-0.4520605335854502,0.045743604868911755,1.8937790919981694,-0.027947713104368797,0.7924190095577623,0.20850898379184787,0.0,0.0,0.0,0.0,0.0,0.00635121861599986,0.0
10.71,0.7478081841846871,-0.4520605335854502,0.045743604868911755,1.8937790919981694,-0.027947713104368797,0.7924796302589235,0.20850898379184787,0.0,0.0,0.0,0.0,0.0,0.005773347731714508,0.0
10.72,0.7478081841846871,-0.4520605335854502,0.045743604868911755,1.8937790919981694,-0.027947713104368797,0.7925344853489036,0.20850898379184787,0.0,0.0,0.0,0.0,0.0,0.005198127731217383,0.0
10.73,0.7478081841846871,-0.4520605335854502,0.045743604868911755,1.8937790919981694,-0.027947713104368797,0.7925836022736368,0.20850898379184787,0.0,0.0,0.0,0.0,0.0,0.004625745686946392,0.0
10.74,0.7478081841846871,-0.4520605335854502,0.045743604868911755,1.8937790919981694,-0.027947713104368797,0.7926270103392695,0.20850898379184787,0.0,0.0,0.0,0.0,0.0,0.004056386558220823,0.0
10.75,0.7478081841846871,-0.4520605335854502,0.045743604868911755,1.8937790919981694,-0.027947713104368797,0.7926647406907105,0.20850898379184787,0.0,0.0,0.0,0.0,0.0,0.003490233127647913,0.0
10.76,0.7478081841846871,-0.4520605335854502,0.045743604868911755,1.8937790919981694,-0.027947713104368797,0.7926968262895501,0.20850898379184787,0.0,0.0,0.0,0.0,0.0,0.002927465938651481,0.0
10.77,0.7478081841846871,-0.4520605335854502,0.045743604868911755,1.8937790919981694,-0.027947713104368797,0.7927233018913609,0.20850898379184787,0.0,0.0,0.0,0.0,0.0,0.0023682632341446765,0.0
10.78,0.7478081841846871,-0.4520605335854502,0.045743604868911755,1.8937790919981694,-0.027947713104368797,0.7927442040223909,0.20850898379184787,0.0,0.0,0.0,0.0,0.0,0.0018128008963688102,0.0
10.79,0.7478081841846871,-0.4520605335854502,0.045743604868911755,1.8937790919981694,-0.027947713104368797,0.7927595709556612,0.20850898379184787,0.0,0.0,0.0,0.0,0.0,0.0012612523879210994,0.0
10.8,0.7478081841846871,-0.4520605335854502,0.045743604868911755,1.8937790919981694,-0.027947713104368797,0.7927694426864793,0.20850898379184787,0.0,0.0,0.0,0.0,0.0,0.000713788693991918,0.0
10.81,0.7478081841846871,-0.4520605335854502,0.045743604868911755,1.8937790919981694,-0.027947713104368797,0.7927738609073813,0.20850898379184787,0.0,0.0,0.0,0.0,0.0,0.00017057826583251407,0.0
10.82,0.7478081841846871,-0.4520605335854502,0.045743604868911755,1.8937790919981694,-0.027947713104368797,0.7927728689825156,0.20850898379184787,-0.0,-0.0,-0.0,-0.0,-0.0,-0.00036821303452741526,-0.0
10.83,0.7478081841846871,-0.4520605335854502,0.045743604868911755,1.8937790919981694,-0.027947713104368797,0.7927665119214791,0.20850898379184787,-0.0,-0.0,-0.0,-0.0,-0.0,-0.00090242198829123,-0.0
10.84,0.7478081841846871,-0.4520605335854502,0.045743604868911755,1.8937790919981694,-0.027947713104368797,0.7927548363526199,0.20850898379184787,-0.0,-0.0,-0.0,-0.0,-0.0,-0.0014318880726180714,-0.0
10.85,0.7478081841846871,-0.4520605335854502,0.045743604868911755,1.8937790919981694,-0.027947713104368797,0.7927378904958206,0.20850898379184787,-0.0,-0.0,-0.0,-0.0,-0.0,-0.0019564535120386905,-0.0
10.86,0.7478081841846871,-0.4520605335854502,0.045743604868911755,1.8937790919981694,-0.027947713104368797,0.7927157241347718,0.20850898379184787,-0.0,-0.0,-0.0,-0.0,-0.0,-0.00247596332854552,-0.0
10.87,0.7478081841846871,-0.4520605335854502,0.045743604868911755,1.8937790919981694,-0.027947713104368797,0.7926883885887536,0.20850898379184787,-0.0,-0.0,-0.0,-0.0,-0.0,-0.0029902653903404095,-0.0
10.88,0.7478081841846871,-0.4520605335854502,0.045743604868911755,1.8937790919981694,-0.027947713104368797,0.7926559366839346,0.20850898379184787,-0.0,-0.0,-0.0,-0.0,-0.0,-0.003499210459224096,-0.0
10.89,0.7478081841846871,-0.4520605335854502,0.045743604868911755,1.8937790919981694,-0.027947713104368797,0.7926184227242057,0.20850898379184787,-0.0,-0.0,-0.0,-0.0,-0.0,-0.004002652236609635,-0.0
10.9,0.7478081841846871,-0.4520605335854502,0.045743604868911755,1.8937790919981694,-0.027947713104368797,0.7925759024615583,0.20850898379184787,-0.0,-0.0,-0.0,-0.0,-0.0,-0.0045004474081471605,-0.0
10.91,0.7478081841846871,-0.4520605335854502,0.045743604868911755,1.8937790919981694,-0.027947713104368797,0.7925284330660262,0.20850898379184787,-0.0,-0.0,-0.0,-0.0,-0.0,-0.004992455686942298,-0.0
10.92,0.7478081841846871,-0.4520605335854502,0.045743604868911755,1.8937790919981694,-0.027947713104368797,0.7924760730951996,0.20850898379184787,-0.0,-0.0,-0.0,-0.0,-0.0,-0.005478539855356824,-0.0
10.93,0.7478081841846871,-0.4520605335854502,0.045743604868911755,1.8937790919981694,-0.027947713104368797,0.7924188824633303,0.20850898379184787,-0.0,-0.0,-0.0,-0.0,-0.0,-0.005958565805376068,-0.0
10.94,0.7478081841846871,-0.4520605335854502,0.045743604868911755,1.8937790919981694,-0.027947713104368797,0.792356922410039,0.20850898379184787,-0.0,-0.0,-0.0,-0.0,-0.0,-0.0064324025775320285,-0.0
10.95,0.7478081841846871,-0.4520605335854502,0.045743604868911755,1.8937790919981694,-0.027947713104368797,0.7922902554686421,0.20850898379184787,-0.0,-0.0,-0.0,-0.0,-0.0,-0.006899922398368701,-0.0
10.96,0.7478081841846871,-0.4520605335854502,0.045743604868911755,1.8937790919981694,-0.027947713104368797,0.7922189454341094,0.20850898379184787,-0.0,-0.0,-0.0,-0.0,-0.0,-0.007361000716438852,-0.0
10.97,0.7478081841846871,-0.4520605335854502,0.045743604868911755,1.8937790919981694,-0.027947713104368797,0.792143057330671,0.20850898379184787,-0.0,-0.0,-0.0,-0.0,-0.0,-0.007815516236821212,-0.0
10.98,0.7478081841846871,-0.4520605335854502,0.045743604868911755,1.8937790919981694,-0.027947713104368797,0.7920626573790855,0.20850898379184787,-0.0,-0.0,-0.0,-0.0,-0.0,-0.008263350954148579,-0.0
10.99,0.7478081841846871,-0.4520605335854502,0.045743604868911755,1.8937790919981694,-0.027947713104368797,0.7919778129635849,0.20850898379184787,-0.0,-0.0,-0.0,-0.0,-0.0,-0.008704390184135994,-0.0
11.0,0.7478081841846871,-0.4520605335854502,0.045743604868911755,1.8937790919981694,-0.027947713104368797,0.7918885925985134,0.20850898379184787,-0.0,-0.0,-0.0,-0.0,-0.0,-0.00913852259360124,-0.0
11.01,0.7478081841846871,-0.4520605335854502,0.045743604868911755,1.8937790919981694,-0.027947713104368797,0.7917950658946717,0.20850898379184787,-0.0,-0.0,-0.0,-0.0,-0.0,-0.009565640228969566,-0.0
11.02,0.7478081841846871,-0.4520605335854502,0.045743604868911755,1.8937790919981694,-0.027947713104368797,0.7916973035253856,0.20850898379184787,-0.0,-0.0,-0.0,-0.0,-0.0,-0.009985638543254419,-0.0
11.03,0.7478081841846871,-0.4520605335854502,0.045743604868911755,1.8937790919981694,-0.027947713104368797,0.7915953771923108,0.20850898379184787,-0.0,-0.0,-0.0,-0.0,-0.0,-0.010398416421507751,-0.0
11.04,0.7478081841846871,-0.4520605335854502,0.045743604868911755,1.8937790919981694,-0.027947713104368797,0.7914893595909921,0.20850898379184787,-0.0,-0.0,-0.0,-0.0,-0.0,-0.010803876204734284,-0.0
11.05,0.7478081841846871,-0.4520605335854502,0.045743604868911755,1.8937790919981694,-0.027947713104368797,0.7913793243761906,0.20850898379184787,-0.0,-0.0,-0.0,-0.0,-0.0,-0.01120192371226334,-0.0
11.06,0.7478081841846871,-0.4520605335854502,0.045743604868911755,1.8937790919981694,-0.027947713104368797,0.7912653461269952,0.20850898379184787,-0.0,-0.0,-0.0,-0.0,-0.0,-0.011592468262573794,-0.0
11.07,0.7478081841846871,-0.4520605335854502,0.045743604868911755,1.8937790919981694,-0.027947713104368797,0.7911475003117331,0.20850898379184787,-0.0,-0.0,-0.0,-0.0,-0.0,-0.011975422692568802,-0.0
11.08,0.7478081841846871,-0.4520605335854502,0.045743604868911755,1.8937790919981694,-0.027947713104368797,0.7910258632526961,0.20850898379184787,-0.0,-0.0,-0.0,-0.0,-0.0,-0.012350703375295773,-0.0
11.09,0.7478081841846871,-0.4520605335854502,0.045743604868911755,1.8937790919981694,-0.027947713104368797,0.7909005120906966,0.20850898379184787,-0.0,-0.0,-0.0,-0.0,-0.0,-0.012718230236109409,-0.0
11.1,0.7478081841846871,-0.4520605335854502,0.045743604868911755,1.8937790919981694,-0.027947713104368797,0.7907715247494705,0.20850898379184787,-0.0,-0.0,-0.0,-0.0,-0.0,-0.013077926767275573,-0.0
11.11,0.7478081841846871,-0.4520605335854502,0.045743604868911755,1.8937790919981694,-0.027947713104368797,0.7906389798999416,0.20850898379184787,-0.0,-0.0,-0.0,-0.0,-0.0,-0.013429720041015157,-0.0
11.12,0.7478081841846871,-0.4520605335854502,0.045743604868911755,1.8937790919981694,-0.027947713104368797,0.7905029569243629,0.20850898379184787,-0.0,-0.0,-0.0,-0.0,-0.0,-0.013773540720986138,-0.0
11.13,0.7478081841846871,-0.4520605335854502,0.045743604868911755,1.8937790919981694,-0.027947713104368797,0.7903635358803521,0.20850898379184787,-0.0,-0.0,-0.0,-0.0,-0.0,-0.014109323072205181,-0.0
11.14,0.7478081841846871,-0.4520605335854502,0.045743604868911755,1.8937790919981694,-0.027947713104368797,0.7902207974648341,0.20850898379184787,-0.0,-0.0,-0.0,-0.0,-0.0,-0.014437004969407858,-0.0
11.15,0.7478081841846871,-0.4520605335854502,0.045743604868911755,1.8937790919981694,-0.027947713104368797,0.7900748229779089,0.20850898379184787,-0.0,-0.0,-0.0,-0.0,-0.0,-0.014756527903850718,-0.0
11.16,0.7478081841846871,-0.4520605335854502,0.045743604868911755,1.8937790919981694,-0.027947713104368797,0.789925694286659,0.20850898379184787,-0.0,-0.0,-0.0,-0.0,-0.0,-0.015067836988555135,-0.0
11.17,0.7478081841846871,-0.4520605335854502,0.045743604868911755,1.8937790919981694,-0.027947713104368797,0.7897734937889118,0.20850898379184787,-0.0,-0.0,-0.0,-0.0,-0.0,-0.01537088096199741,-0.0
11.18,0.7478081841846871,-0.4520605335854502,0.045743604868911755,1.8937790919981694,-0.027947713104368797,0.7896183043769729,0.20850898379184787,-0.0,-0.0,-0.0,-0.0,-0.0,-0.01566561219024724,-0.0
11.19,0.7478081841846871,-0.4520605335854502,0.045743604868911755,1.8937790919981694,-0.027947713104368797,0.7894602094013463,0.20850898379184787,-0.0,-0.0,-0.0,-0.0,-0.0,-0.015951986667559086,-0.0
11.2,0.7478081841846871,-0.4520605335854502,0.045743604868911755,1.8937790919981694,-0.027947713104368797,0.789299292634456,0.20850898379184787,-0.0,-0.0,-0.0,-0.0,-0.0,-0.016229964015421258,-0.0
11.21,0.7478081841846871,-0.4520605335854502,0.045743604868911755,1.8937790919981694,-0.027947713104368797,0.7891356382343843,0.20850898379184787,-0.0,-0.0,-0.0,-0.0,-0.0,-0.016499507480067607,-0.0
11.22,0.7478081841846871,-0.4520605335854502,0.045743604868911755,1.8937790919981694,-0.027947713104368797,0.7889693307086438,0.20850898379184787,-0.0,-0.0,-0.0,-0.0,-0.0,-0.016760583928457858,-0.0
11.23,0.7478081841846871,-0.4520605335854502,0.045743604868911755,1.8937790919981694,-0.027947713104368797,0.7888004548779964,0.20850898379184787,-0.0,-0.0,-0.0,-0.0,-0.0,-0.017013163842733867,-0.0
11.24,0.7478081841846871,-0.4520605335854502,0.045743604868911755,1.8937790919981694,-0.027947713104368797,0.7886290958403352,0.20850898379184787,-0.0,-0.0,-0.0,-0.0,-0.0,-0.01725722131315823,-0.0
11.25,0.7478081841846871,-0.4520605335854502,0.045743604868911755,1.8937790919981694,-0.027947713104368797,0.7884553389346456,0.20850898379184787,-0.0,-0.0,-0.0,-0.0,-0.0,-0.017492734029543634,-0.0
11.26,0.7478081841846871,-0.4520605335854502,0.045743604868911755,1.8937790919981694,-0.027947713104368797,0.7882792697050578,0.20850898379184787,-0.0,-0.0,-0.0,-0.0,-0.0,-0.017719683271181307,-0.0
11.27,0.7478081841846871,-0.4520605335854502,0.045743604868911755,1.8937790919981694,-0.027947713104368797,0.7881009738650099,0.20850898379184787,-0.0,-0.0,-0.0,-0.0,-0.0,-0.017938053895278246,-0.0
11.28,0.7478081841846871,-0.4520605335854502,0.045743604868911755,1.8937790919981694,-0.027947713104368797,0.7879205372615317,0.20850898379184787,-0.0,-0.0,-0.0,-0.0,-0.0,-0.018147834323912315,-0.0
11.29,0.7478081841846871,-0.4520605335854502,0.045743604868911755,1.8937790919981694,-0.027947713104368797,0.7877380458396678,0.20850898379184787,-0.0,-0.0,-0.0,-0.0,-0.0,-0.018349016529516194,-0.0
11.3,0.7478081841846871,-0.4520605335854502,0.045743604868911755,1.8937790919981694,-0.027947713104368797,0.7875535856070528,0.20850898379184787,-0.0,-0.0,-0.0,-0.0,-0.0,-0.018541596018901242,-0.0
11.31,0.7478081841846871,-0.4520605335854502,0.045743604868911755,1.8937790919981694,-0.027947713104368797,0.7873672425986533,0.20850898379184787,-0.0,-0.0,-0.0,-0.0,-0.0,-0.018725571815832478,-0.0
11.32,0.7478081841846871,-0.4520605335854502,0.045743604868911755,1.8937790919981694,-0.027947713104368797,0.7871791028416912,0.20850898379184787,-0.0,-0.0,-0.0,-0.0,-0.0,-0.0189009464421678,-0.0
11.33,0.7478081841846871,-0.4520605335854502,0.045743604868911755,1.8937790919981694,-0.027947713104368797,0.7869892523207638,0.20850898379184787,-0.0,-0.0,-0.0,-0.0,-0.0,-0.01906772589757337,-0.0
11.34,0.7478081841846871,-0.4520605335854502,0.045743604868911755,1.8937790919981694,-0.027947713104368797,0.7867977769431718,0.20850898379184787,-0.0,-0.0,-0.0,-0.0,-0.0,-0.01922591963782946,-0.0
11.35,0.7478081841846871,-0.4520605335854502,0.045743604868911755,1.8937790919981694,-0.027947713104368797,0.7866047625044738,0.20850898379184787,-0.0,-0.0,-0.0,-0.0,-0.0,-0.019375540551740258,-0.0
11.36,0.7478081841846871,-0.4520605335854502,0.045743604868911755,1.8937790919981694,-0.027947713104368797,0.7864102946542761,0.20850898379184787,-0.0,-0.0,-0.0,-0.0,-0.0,-0.019516604936662674,-0.0
11.37,0.7478081841846871,-0.4520605335854502,0.045743604868911755,1.8937790919981694,-0.027947713104368797,0.7862144588622764,0.20850898379184787,-0.0,-0.0,-0.0,-0.0,-0.0,-0.019649132472669136,-0.0
11.38,0.7478081841846871,-0.4520605335854502,0.045743604868911755,1.8937790919981694,-0.027947713104368797,0.7860173403845702,0.20850898379184787,-0.0,-0.0,-0.0,-0.0,-0.0,-0.019773146195360095,-0.0
11.39,0.7478081841846871,-0.4520605335854502,0.045743604868911755,1.8937790919981694,-0.027947713104368797,0.7858190242302379,0.20850898379184787,-0.0,-0.0,-0.0,-0.0,-0.0,-0.019888672467342876,-0.0
11.4,0.7478081841846871,-0.4520605335854502,0.045743604868911755,1.8937790919981694,-0.027947713104368797,0.7856195951282227,0.20850898379184787,-0.0,-0.0,-0.0,-0.0,-0.0,-0.019995740948393497,-0.0
11.41,0.7478081841846871,-0.4520605335854502,0.045743604868911755,1.8937790919981694,-0.027947713104368797,0.7854191374945131,0.20850898379184787,-0.0,-0.0,-0.0,-0.0,-0.0,-0.02009438456431884,-0.0
11.42,0.7478081841846871,-0.4520605335854502,0.045743604868911755,1.8937790919981694,-0.027947713104368797,0.7852177353996442,0.20850898379184787,-0.0,-0.0,-0.0,-0.0,-0.0,-0.02018463947453728,-0.0
11.43,0.7478081841846871,-0.4520605335854502,0.045743604868911755,1.8937790919981694,-0.027947713104368797,0.7850154725365286,0.20850898379184787,-0.0,-0.0,-0.0,-0.0,-0.0,-0.02026654503839627,-0.0
11.44,0.7478081841846871,-0.4520605335854502,0.045743604868911755,1.8937790919981694,-0.027947713104368797,0.7848124321886306,0.20850898379184787,-0.0,-0.0,-0.0,-0.0,-0.0,-0.02034014378024561,-0.0
11.45,0.7478081841846871,-0.4520605335854502,0.045743604868911755,1.8937790919981694,-0.027947713104368797,0.7846086971984966,0.20850898379184787,-0.0,-0.0,-0.0,-0.0,-0.0,-0.0204054813532861,-0.0
11.46,0.7478081841846871,-0.4520605335854502,0.045743604868911755,1.8937790919981694,-0.027947713104368797,0.7844043499366512,0.20850898379184787,-0.0,-0.0,-0.0,-0.0,-0.0,-0.020462606502213525,-0.0
11.47,0.7478081841846871,-0.4520605335854502,0.045743604868911755,1.8937790919981694,-0.027947713104368797,0.7841994722708753,0.20850898379184787,-0.0,-0.0,-0.0,-0.0,-0.0,-0.020511571024678203,-0.0
11.48,0.7478081841846871,-0.4520605335854502,0.045743604868911755,1.8937790919981694,-0.027947713104368797,0.7839941455358731,0.20850898379184787,-0.0,-0.0,-0.0,-0.0,-0.0,-0.020552429731581494,-0.0
11.49,0.7478081841846871,-0.4520605335854502,0.045743604868911755,1.8937790919981694,-0.027947713104368797,0.7837884505033434,0.20850898379184787,-0.0,-0.0,-0.0,-0.0,-0.0,-0.02058524040623007,-0.0
11.5,0.7478081841846871,-0.4520605335854502,0.045743604868911755,1.8937790919981694,-0.027947713104368797,0.7835824673524644,0.20850898379184787,-0.0,-0.0,-0.0,-0.0,-0.0,-0.020610063762370286,-0.0
11.51,0.7478081841846871,-0.4520605335854502,0.045743604868911755,1.8937790919981694,-0.027947713104368797,0.7833762756408033,0.20850898379184787,-0.0,-0.0,-0.0,-0.0,-0.0,-0.02062696340112457,-0.0
11.52,0.7478081841846871,-0.4520605335854502,0.045743604868911755,1.8937790919981694,-0.027947713104368797,0.7831699542756628,0.20850898379184787,-0.0,-0.0,-0.0,-0.0,-0.0,-0.020636005766852854,-0.0
11.53,0.7478081841846871,-0.4520605335854502,0.045743604868911755,1.8937790919981694,-0.027947713104368797,0.7829635814858741,0.20850898379184787,-0.0,-0.0,-0.0,-0.0,-0.0,-0.020637260101961926,-0.0
11.54,0.7478081841846871,-0.4520605335854502,0.045743604868911755,1.8937790919981694,-0.027947713104368797,0.7827572347940455,0.20850898379184787,-0.0,-0.0,-0.0,-0.0,-0.0,-0.020630798400686354,-0.0
11.55,0.7478081841846871,-0.4520605335854502,0.045743604868911755,1.8937790919981694,-0.027947713104368797,0.7825509909892806,0.20850898379184787,-0.0,-0.0,-0.0,-0.0,-0.0,-0.020616695361864987,-0.0
11.56,0.7478081841846871,-0.4520605335854502,0.045743604868911755,1.8937790919981694,-0.027947713104368797,0.7823449261003722,0.20850898379184787,-0.0,-0.0,-0.0,-0.0,-0.0,-0.020595028340737287,-0.0
11.57,0.7478081841846871,-0.4520605335854502,0.045743604868911755,1.8937790919981694,-0.027947713104368797,0.7821391153694828,0.20850898379184787,-0.0,-0.0,-0.0,-0.0,-0.0,-0.020565877299784072,-0.0
11.58,0.7478081841846871,-0.4520605335854502,0.045743604868911755,1.8937790919981694,-0.027947713104368797,0.7819336332263223,0.20850898379184787,-0.0,-0.0,-0.0,-0.0,-0.0,-0.020529324758637942,-0.0
11.59,0.7478081841846871,-0.4520605335854502,0.045743604868911755,1.8937790919981694,-0.027947713104368797,0.7817285532628307,0.20850898379184787,-0.0,-0.0,-0.0,-0.0,-0.0,-0.020485455743088823,-0.0
11.6,0.7478081841846871,-0.4520605335854502,0.045743604868911755,1.8937790919981694,-0.027947713104368797,0.7815239482083751,0.20850898379184787,-0.0,-0.0,-0.0,-0.0,-0.0,-0.0204343577332101,-0.0
11.61,0.7478081841846871,-0.4520605335854502,0.045743604868911755,1.8937790919981694,-0.027947713104368797,0.7813198899054697,0.20850898379184787,-0.0,-0.0,-0.0,-0.0,-0.0,-0.020376120610631727,-0.0
11.62,0.7478081841846871,-0.4520605335854502,0.045743604868911755,1.8937790919981694,-0.027947713104368797,0.7811164492860276,0.20850898379184787,-0.0,-0.0,-0.0,-0.0,-0.0,-0.0203108366049865,-0.0
11.63,0.7478081841846871,-0.4520605335854502,0.045743604868911755,1.8937790919981694,-0.027947713104368797,0.7809136963481513,0.20850898379184787,-0.0,-0.0,-0.0,-0.0,-0.0,-0.02023860023955639,-0.0
11.64,0.7478081841846871,-0.4520605335854502,0.045743604868911755,1.8937790919981694,-0.027947713104368797,0.7807117001334722,0.20850898379184787,-0.0,-0.0,-0.0,-0.0,-0.0,-0.020159508276145724,-0.0
11.65,0.7478081841846871,-0.4520605335854502,0.045743604868911755,1.8937790919981694,-0.027947713104368797,0.7805105287050431,0.20850898379184787,-0.0,-0.0,-0.0,-0.0,-0.0,-0.020073659659208647,-0.0
11.66,0.7478081841846871,-0.4520605335854502,0.045743604868911755,1.8937790919981694,-0.027947713104368797,0.7803102491257947,0.20850898379184787,-0.0,-0.0,-0.0,-0.0,-0.0,-0.01998115545925823,-0.0
11.67,0.7478081841846871,-0.4520605335854502,0.045743604868911755,1.8937790919981694,-0.027947713104368797,0.7801109274375605,0.20850898379184787,-0.0,-0.0,-0.0,-0.0,-0.0,-0.0198820988155852,-0.0
11.68,0.7478081841846871,-0.4520605335854502,0.045743604868911755,1.8937790919981694,-0.027947713104368797,0.7799126286406786,0.20850898379184787,-0.0,-0.0,-0.0,-0.0,-0.0,-0.019776594878314242,-0.0
11.69,0.7478081841846871,-0.4520605335854502,0.045743604868911755,1.8937790919981694,-0.027947713104368797,0.7797154166741752,0.20850898379184787,-0.0,-0.0,-0.0,-0.0,-0.0,-0.019664750749825977,-0.0
11.7,0.7478081841846871,-0.4520605335854502,0.045743604868911755,1.8937790919981694,-0.027947713104368797,0.7795193543965383,0.20850898379184787,-0.0,-0.0,-0.0,-0.0,-0.0,-0.019546675425573305,-0.0
11.71,0.7478081841846871,-0.4520605335854502,0.045743604868911755,1.8937790919981694,-0.027947713104368797,0.7793245035670842,0.20850898379184787,-0.0,-0.0,-0.0,-0.0,-0.0,-0.019422479734320656,-0.0
11.72,0.7478081841846871,-0.4520605335854502,0.045743604868911755,1.8937790919981694,-0.027947713104368797,0.7791309248279262,0.20850898379184787,-0.0,-0.0,-0.0,-0.0,-0.0,-0.019292276277835155,-0.0
11.73,0.7478081841846871,-0.4520605335854502,0.045743604868911755,1.8937790919981694,-0.027947713104368797,0.7789386776865485,0.20850898379184787,-0.0,-0.0,-0.0,-0.0,-0.0,-0.019156179370058243,-0.0
11.74,0.7478081841846871,-0.4520605335854502,0.045743604868911755,1.8937790919981694,-0.027947713104368797,0.7787478204989899,0.20850898379184787,-0.0,-0.0,-0.0,-0.0,-0.0,-0.019014304975787665,-0.0
11.75,0.7478081841846871,-0.4520605335854502,0.045743604868911755,1.8937790919981694,-0.027947713104368797,0.7785584104536445,0.20850898379184787,-0.0,-0.0,-0.0,-0.0,-0.0,-0.01886677064889858,-0.0
11.76,0.7478081841846871,-0.4520605335854502,0.045743604868911755,1.8937790919981694,-0.027947713104368797,0.7783705035556809,0.20850898379184787,-0.0,-0.0,-0.0,-0.0,-0.0,-0.018713695470133497,-0.0
11.77,0.7478081841846871,-0.4520605335854502,0.045743604868911755,1.8937790919981694,-0.027947713104368797,0.7781841546120871,0.20850898379184787,-0.0,-0.0,-0.0,-0.0,-0.0,-0.01855519998449071,-0.0
11.78,0.7478081841846871,-0.4520605335854502,0.045743604868911755,1.8937790919981694,-0.027947713104368797,0.7779994172173418,0.20850898379184787,-0.0,-0.0,-0.0,-0.0,-0.0,-0.018391406138240505,-0.0
11.79,0.7478081841846871,-0.4520605335854502,0.045743604868911755,1.8937790919981694,-0.027947713104368797,0.7778163437397185,0.20850898379184787,-0.0,-0.0,-0.0,-0.0,-0.0,-0.0182224372155995,-0.0
11.8,0.7478081841846871,-0.4520605335854502,0.045743604868911755,1.8937790919981694,-0.027947713104368797,0.7776349853082238,0.20850898379184787,-0.0,-0.0,-0.0,-0.0,-0.0,-0.018048417775092605,-0.0
11.81,0.7478081841846871,-0.4520605335854502,0.045743604868911755,1.8937790919981694,-0.027947713104368797,0.7774553918001739,0.20850898379184787,-0.0,-0.0,-0.0,-0.0,-0.0,-0.01786947358563262,-0.0
11.82,0.7478081841846871,-0.4520605335854502,0.045743604868911755,1.8937790919981694,-0.027947713104368797,0.7772776118294108,0.20850898379184787,-0.0,-0.0,-0.0,-0.0,-0.0,-0.017685731562347363,-0.0
11.83,0.7478081841846871,-0.4520605335854502,0.045743604868911755,1.8937790919981694,-0.027947713104368797,0.7771016927351628,0.20850898379184787,-0.0,-0.0,-0.0,-0.0,-0.0,-0.01749731970218458,-0.0
11.84,0.7478081841846871,-0.4520605335854502,0.045743604868911755,1.8937790919981694,-0.027947713104368797,0.7769276805715486,0.20850898379184787,-0.0,-0.0,-0.0,-0.0,-0.0,-0.01730436701932462,-0.0
11.85,0.7478081841846871,-0.4520605335854502,0.045743604868911755,1.8937790919981694,-0.027947713104368797,0.7767556200977285,0.20850898379184787,-0.0,-0.0,-0.0,-0.0,-0.0,-0.017107003480430507,-0.0
11.86,0.7478081841846871,-0.4520605335854502,0.045743604868911755,1.8937790919981694,-0.027947713104368797,0.776585554768704,0.20850898379184787,-0.0,-0.0,-0.0,-0.0,-0.0,-0.01690535993976621,-0.0
11.87,0.7478081841846871,-0.4520605335854502,0.045743604868911755,1.8937790919981694,-0.027947713104368797,0.7764175267267669,0.20850898379184787,-0.0,-0.0,-0.0,-0.0,-0.0,-0.016699568074212582,-0.0
11.88,0.7478081841846871,-0.4520605335854502,0.045743604868911755,1.8937790919981694,-0.027947713104368797,0.7762515767935981,0.20850898379184787,-0.0,-0.0,-0.0,-0.0,-0.0,-0.016489760318211,-0.0
11.89,0.7478081841846871,-0.4520605335854502,0.045743604868911755,1.8937790919981694,-0.027947713104368797,0.7760877444630175,0.20850898379184787,-0.0,-0.0,-0.0,-0.0,-0.0,-0.016276069798665322,-0.0
11.9,0.7478081841846871,-0.4520605335854502,0.045743604868911755,1.8937790919981694,-0.027947713104368797,0.7759260678943849,0.20850898379184787,-0.0,-0.0,-0.0,-0.0,-0.0,-0.016058630269830797,-0.0
11.91,0.7478081841846871,-0.4520605335854502,0.045743604868911755,1.8937790919981694,-0.027947713104368797,0.7757665839066521,0.20850898379184787,-0.0,-0.0,-0.0,-0.0,-0.0,-0.015837576048221325,-0.0
11.92,0.7478081841846871,-0.4520605335854502,0.045743604868911755,1.8937790919981694,-0.027947713104368797,0.7756093279730654,0.20850898379184787,-0.0,-0.0,-0.0,-0.0,-0.0,-0.015613041947563484,-0.0
11.93,0.7478081841846871,-0.4520605335854502,0.045743604868911755,1.8937790919981694,-0.027947713104368797,0.7754543342165185,0.20850898379184787,-0.0,-0.0,-0.0,-0.0,-0.0,-0.015385163213827994,-0.0
11.94,0.7478081841846871,-0.4520605335854502,0.045743604868911755,1.8937790919981694,-0.027947713104368797,0.7753016354055549,0.20850898379184787,-0.0,-0.0,-0.0,-0.0,-0.0,-0.015154075460367265,-0.0
11.95,0.7478081841846871,-0.4520605335854502,0.045743604868911755,1.8937790919981694,-0.027947713104368797,0.7751512629510168,0.20850898379184787,-0.0,-0.0,-0.0,-0.0,-0.0,-0.014919914603189284,-0.0
11.96,0.7478081841846871,-0.4520605335854502,0.045743604868911755,1.8937790919981694,-0.027947713104368797,0.7750032469033424,0.20850898379184787,-0.0,-0.0,-0.0,-0.0,-0.0,-0.01468281679639668,-0.0
11.97,0.7478081841846871,-0.4520605335854502,0.045743604868911755,1.8937790919981694,-0.027947713104368797,0.774857615950507,0.20850898379184787,-0.0,-0.0,-0.0,-0.0,-0.0,-0.014442918367820166,-0.0
11.98,0.7478081841846871,-0.4520605335854502,0.045743604868911755,1.8937790919981694,-0.027947713104368797,0.7747143974166056,0.20850898379184787,-0.0,-0.0,-0.0,-0.0,-0.0,-0.014200355754875243,-0.0
11.99,0.7478081841846871,-0.4520605335854502,0.045743604868911755,1.8937790919981694,-0.027947713104368797,0.7745736172610783,0.20850898379184787,-0.0,-0.0,-0.0,-0.0,-0.0,-0.013955265440671353,-0.0
12.0,0.7478081841846871,-0.4520605335854502,0.045743604868911755,1.8937790919981694,-0.027947713104368797,0.7744353000785701,0.20850898379184787,-0.0,-0.0,-0.0,-0.0,-0.0,-0.013707783890401889,-0.0
12.01,0.7478081841846871,-0.4520605335854502,0.045743604868911755,1.8937790919981694,-0.027947713104368797,0.7742994690994278,0.20850898379184787,-0.0,-0.0,-0.0,-0.0,-0.0,-0.013458047488043095,-0.0
12.02,0.7478081841846871,-0.4520605335854502,0.045743604868911755,1.8937790919981694,-0.027947713104368797,0.7741661461908272,0.20850898379184787,-0.0,-0.0,-0.0,-0.0,-0.0,-0.01320619247339081,-0.0
12.03,0.7478081841846871,-0.4520605335854502,0.045743604868911755,1.8937790919981694,-0.027947713104368797,0.7740353518585278,0.20850898379184787,-0.0,-0.0,-0.0,-0.0,-0.0,-0.012952354879462518,-0.0
12.04,0.7478081841846871,-0.4520605335854502,0.045743604868911755,1.8937790919981694,-0.027947713104368797,0.773907105249252,0.20850898379184787,-0.0,-0.0,-0.0,-0.0,-0.0,-0.012696670470292515,-0.0
12.05,0.7478081841846871,-0.4520605335854502,0.045743604868911755,1.8937790919981694,-0.027947713104368797,0.7737814241536849,0.20850898379184787,-0.0,-0.0,-0.0,-0.0,-0.0,-0.012439274679147804,-0.0
12.06,0.7478081841846871,-0.4520605335854502,0.045743604868911755,1.8937790919981694,-0.027947713104368797,0.7736583250100881,0.20850898379184787,-0.0,-0.0,-0.0,-0.0,-0.0,-0.012180302547192233,-0.0
12.07,0.7478081841846871,-0.4520605335854502,0.045743604868911755,1.8937790919981694,-0.027947713104368797,0.773537822908526,0.20850898379184787,-0.0,-0.0,-0.0,-0.0,-0.0,-0.011919888662624825,-0.0
12.08,0.7478081841846871,-0.4520605335854502,0.045743604868911755,1.8937790919981694,-0.027947713104368797,0.7734199315956977,0.20850898379184787,-0.0,-0.0,-0.0,-0.0,-0.0,-0.011658167100320317,-0.0
12.09,0.7478081841846871,-0.4520605335854502,0.045743604868911755,1.8937790919981694,-0.027947713104368797,0.7733046634803694,0.20850898379184787,-0.0,-0.0,-0.0,-0.0,-0.0,-0.011395271361997344,-0.0
12.1,0.7478081841846871,-0.4520605335854502,0.045743604868911755,1.8937790919981694,-0.027947713104368797,0.7731920296394034,0.20850898379184787,-0.0,-0.0,-0.0,-0.0,-0.0,-0.011131334316940824,-0.0
12.11,0.7478081841846871,-0.4520605335854502,0.045743604868911755,1.8937790919981694,-0.027947713104368797,0.773082039824376,0.20850898379184787,-0.0,-0.0,-0.0,-0.0,-0.0,-0.010866488143303767,-0.0
12.12,0.7478081841846871,-0.4520605335854502,0.045743604868911755,1.8937790919981694,-0.027947713104368797,0.7729747024687799,0.20850898379184787,-0.0,-0.0,-0.0,-0.0,-0.0,-0.010600864270014752,-0.0
12.13,0.7478081841846871,-0.4520605335854502,0.045743604868911755,1.8937790919981694,-0.027947713104368797,0.7728700246958045,0.20850898379184787,-0.0,-0.0,-0.0,-0.0,-0.0,-0.010334593319315133,-0.0
12.14,0.7478081841846871,-0.4520605335854502,0.045743604868911755,1.8937790919981694,-0.027947713104368797,0.7727680123266869,0.20850898379184787,-0.0,-0.0,-0.0,-0.0,-0.0,-0.01006780504995185,-0.0
12.15,0.7478081841846871,-0.4520605335854502,0.045743604868911755,1.8937790919981694,-0.027947713104368797,0.7726686698896288,0.20850898379184787,-0.0,-0.0,-0.0,-0.0,-0.0,-0.009800628301048914,-0.0
12.16,0.7478081841846871,-0.4520605335854502,0.045743604868911755,1.8937790919981694,-0.027947713104368797,0.7725720006292697,0.20850898379184787,-0.0,-0.0,-0.0,-0.0,-0.0,-0.009533190936682878,-0.0
12.17,0.7478081841846871,-0.4520605335854502,0.045743604868911755,1.8937790919981694,-0.027947713104368797,0.7724780065167118,0.20850898379184787,-0.0,-0.0,-0.0,-0.0,-0.0,-0.009265619791184749,-0.0
12.18,0.7478081841846871,-0.4520605335854502,0.045743604868911755,1.8937790919981694,-0.027947713104368797,0.772386688260088,0.20850898379184787,-0.0,-0.0,-0.0,-0.0,-0.0,-0.008998040615192354,-0.0
12.19,0.7478081841846871,-0.4520605335854502,0.045743604868911755,1.8937790919981694,-0.027947713104368797,0.7722980453156649,0.20850898379184787,-0.0,-0.0,-0.0,-0.0,-0.0,-0.008730578022475583,-0.0
12.2,0.7478081841846871,-0.4520605335854502,0.045743604868911755,1.8937790919981694,-0.027947713104368797,0.7722120758994746,0.20850898379184787,-0.0,-0.0,-0.0,-0.0,-0.0,-0.008463355437557052,-0.0
12.21,0.7478081841846871,-0.4520605335854502,0.045743604868911755,1.8937790919981694,-0.027947713104368797,0.7721287769994652,0.20850898379184787,-0.0,-0.0,-0.0,-0.0,-0.0,-0.008196495044149614,-0.0
12.22,0.7478081841846871,-0.4520605335854502,0.045743604868911755,1.8937790919981694,-0.027947713104368797,0.7720481443881636,0.20850898379184787,-0.0,-0.0,-0.0,-0.0,-0.0,-0.007930117734433854,-0.0
12.23,0.7478081841846871,-0.4520605335854502,0.045743604868911755,1.8937790919981694,-0.027947713104368797,0.7719701726358404,0.20850898379184787,-0.0,-0.0,-0.0,-0.0,-0.0,-0.007664343059193938,-0.0
12.24,0.7478081841846871,-0.4520605335854502,0.045743604868911755,1.8937790919981694,-0.027947713104368797,0.7718948551241702,0.20850898379184787,-0.0,-0.0,-0.0,-0.0,-0.0,-0.007399289178835454,-0.0
12.25,0.7478081841846871,-0.4520605335854502,0.045743604868911755,1.8937790919981694,-0.027947713104368797,0.771822184060376,0.20850898379184787,-0.0,-0.0,-0.0,-0.0,-0.0,-0.007135072815303345,-0.0
12.26,0.7478081841846871,-0.4520605335854502,0.045743604868911755,1.8937790919981694,-0.027947713104368797,0.7717521504918502,0.20850898379184787,-0.0,-0.0,-0.0,-0.0,-0.0,-0.006871809204920114,-0.0
12.27,0.7478081841846871,-0.4520605335854502,0.045743604868911755,1.8937790919981694,-0.027947713104368797,0.7716847443212436,0.20850898379184787,-0.0,-0.0,-0.0,-0.0,-0.0,-0.006609612052164499,-0.0
12.28,0.7478081841846871,-0.4520605335854502,0.045743604868911755,1.8937790919981694,-0.027947713104368797,0.77161995432201,0.20850898379184787,-0.0,-0.0,-0.0,-0.0,-0.0,-0.006348593484407915,-0.0
12.29,0.7478081841846871,-0.4520605335854502,0.045743604868911755,1.8937790919981694,-0.027947713104368797,0.7715577681544005,0.20850898379184787,-0.0,-0.0,-0.0,-0.0,-0.0,-0.006088864007627668,-0.0
12.3,0.7478081841846871,-0.4520605335854502,0.045743604868911755,1.8937790919981694,-0.027947713104368797,0.7714981723818936,0.20850898379184787,-0.0,-0.0,-0.0,-0.0,-0.0,-0.0058305324631151845,-0.0
12.31,0.7478081841846871,-0.4520605335854502,0.045743604868911755,1.8937790919981694,-0.027947713104368797,0.7714411524880552,0.20850898379184787,-0.0,-0.0,-0.0,-0.0,-0.0,-0.005573705985195615,-0.0
12.32,0.7478081841846871,-0.4520605335854502,0.045743604868911755,1.8937790919981694,-0.027947713104368797,0.7713866928938153,0.20850898379184787,-0.0,-0.0,-0.0,-0.0,-0.0,-0.00531848995997538,-0.0
12.33,0.7478081841846871,-0.4520605335854502,0.045743604868911755,1.8937790919981694,-0.027947713104368797,0.7713347769751514,0.20850898379184787,-0.0,-0.0,-0.0,-0.0,-0.0,-0.005064987985135554,-0.0
12.34,0.7478081841846871,-0.4520605335854502,0.045743604868911755,1.8937790919981694,-0.027947713104368797,0.7712853870811703,0.20850898379184787,-0.0,-0.0,-0.0,-0.0,-0.0,-0.004813301830784676,-0.0
12.35,0.7478081841846871,-0.4520605335854502,0.045743604868911755,1.8937790919981694,-0.027947713104368797,0.7712385045525745,0.20850898379184787,-0.0,-0.0,-0.0,-0.0,-0.0,-0.004563531401387306,-0.0
12.36,0.7478081841846871,-0.4520605335854502,0.045743604868911755,1.8937790919981694,-0.027947713104368797,0.7711941097405045,0.20850898379184787,-0.0,-0.0,-0.0,-0.0,-0.0,-0.00431577469878304,-0.0
12.37,0.7478081841846871,-0.4520605335854502,0.045743604868911755,1.8937790919981694,-0.027947713104368797,0.7711521820257458,0.20850898379184787,-0.0,-0.0,-0.0,-0.0,-0.0,-0.00407012778630944,-0.0
12.38,0.7478081841846871,-0.4520605335854502,0.045743604868911755,1.8937790919981694,-0.027947713104368797,0.771112699838288,0.20850898379184787,-0.0,-0.0,-0.0,-0.0,-0.0,-0.0038266847540423983,-0.0
12.39,0.7478081841846871,-0.4520605335854502,0.045743604868911755,1.8937790919981694,-0.027947713104368797,0.771075640677227,0.20850898379184787,-0.0,-0.0,-0.0,-0.0,-0.0,-0.0035855376851681936,-0.0
12.4,0.7478081841846871,-0.4520605335854502,0.045743604868911755,1.8937790919981694,-0.027947713104368797,0.7710409811309972,0.20850898379184787,-0.0,-0.0,-0.0,-0.0,-0.0,-0.003346776623497169,-0.0
12.41,0.7478081841846871,-0.4520605335854502,0.045743604868911755,1.8937790919981694,-0.027947713104368797,0.7710086968979226,0.20850898379184787,-0.0,-0.0,-0.0,-0.0,-0.0,-0.003110489542133625,-0.0
12.42,0.7478081841846871,-0.4520605335854502,0.045743604868911755,1.8937790919981694,-0.027947713104368797,0.770978762807076,0.20850898379184787,-0.0,-0.0,-0.0,-0.0,-0.0,-0.002876762313311149,-0.0
12.43,0.7478081841846871,-0.4520605335854502,0.045743604868911755,1.8937790919981694,-0.027947713104368797,0.7709511528394335,0.20850898379184787,-0.0,-0.0,-0.0,-0.0,-0.0,-0.002645678679405028,-0.0
12.44,0.7478081841846871,-0.4520605335854502,0.045743604868911755,1.8937790919981694,-0.027947713104368797,0.7709258401493131,0.20850898379184787,-0.0,-0.0,-0.0,-0.0,-0.0,-0.002417320225131344,-0.0
12.45,0.7478081841846871,-0.4520605335854502,0.045743604868911755,1.8937790919981694,-0.027947713104368797,0.7709027970860851,0.20850898379184787,-0.0,-0.0,-0.0,-0.0,-0.0,-0.002191766350943103,-0.0
12.46,0.7478081841846871,-0.4520605335854502,0.045743604868911755,1.8937790919981694,-0.027947713104368797,0.7708819952161431,0.20850898379184787,-0.0,-0.0,-0.0,-0.0,-0.0,-0.001969094247631134,-0.0
12.47,0.7478081841846871,-0.4520605335854502,0.045743604868911755,1.8937790919981694,-0.027947713104368797,0.7708634053451223,0.20850898379184787,-0.0,-0.0,-0.0,-0.0,-0.0,-0.0017493788721391122,-0.0
12.48,0.7478081841846871,-0.4520605335854502,0.045743604868911755,1.8937790919981694,-0.027947713104368797,0.7708469975403539,0.20850898379184787,-0.0,-0.0,-0.0,-0.0,-0.0,-0.0015326929245999797,-0.0
12.49,0.7478081841846871,-0.4520605335854502,0.045743604868911755,1.8937790919981694,-0.027947713104368797,0.770832741153543,0.20850898379184787,-0.0,-0.0,-0.0,-0.0,-0.0,-0.0013191068266007872,-0.0
12.5,0.7478081841846871,-0.4520605335854502,0.045743604868911755,1.8937790919981694,-0.027947713104368797,0.7708206048436573,0.20850898379184787,-0.0,-0.0,-0.0,-0.0,-0.0,-0.001108688700683261,-0.0
12.51,0.7478081841846871,-0.4520605335854502,0.045743604868911755,1.8937790919981694,-0.027947713104368797,0.7708105566000154,0.20850898379184787,-0.0,-0.0,-0.0,-0.0,-0.0,-0.0009015043510849937,-0.0
12.52,0.7478081841846871,-0.4520605335854502,0.045743604868911755,1.8937790919981694,-0.027947713104368797,0.7708025637655601,0.20850898379184787,-0.0,-0.0,-0.0,-0.0,-0.0,-0.0006976172457272952,-0.0
12.53,0.7478081841846871,-0.4520605335854502,0.045743604868911755,1.8937790919981694,-0.027947713104368797,0.7707965930603073,0.20850898379184787,-0.0,-0.0,-0.0,-0.0,-0.0,-0.0004970884994545459,-0.0
12.54,0.7478081841846871,-0.4520605335854502,0.045743604868911755,1.8937790919981694,-0.027947713104368797,0.7707926106049551,0.20850898379184787,-0.0,-0.0,-0.0,-0.0,-0.0,-0.0002999768585286887,-0.0
12.55,0.7478081841846871,-0.4520605335854502,0.045743604868911755,1.8937790919981694,-0.027947713104368797,0.7707905819446413,0.20850898379184787,-0.0,-0.0,-0.0,-0.0,-0.0,-0.00010633868638251443,-0.0
12.56,0.7478081841846871,-0.4520605335854502,0.045743604868911755,1.8937790919981694,-0.027947713104368797,0.7707904720728386,0.20850898379184787,0.0,0.0,0.0,0.0,0.0,8.377204936448987e-05,0.0
12.57,0.7478081841846871,-0.4520605335854502,0.045743604868911755,1.8937790919981694,-0.027947713104368797,0.7707922454553716,0.20850898379184787,0.0,0.0,0.0,0.0,0.0,0.0002703037886269624,0.0
12.58,0.7478081841846871,-0.4520605335854502,0.045743604868911755,1.8937790919981694,-0.027947713104368797,0.7707958660545461,0.20850898379184787,0.0,0.0,0.0,0.0,0.0,0.00045320738930811733,0.0
12.59,0.7478081841846871,-0.4520605335854502,0.045743604868911755,1.8937790919981694,-0.027947713104368797,0.7708012973533755,0.20850898379184787,0.0,0.0,0.0,0.0,0.0,0.0006324361364869771,0.0
12.6,0.7478081841846871,-0.4520605335854502,0.045743604868911755,1.8937790919981694,-0.027947713104368797,0.7708085023798934,0.20850898379184787,0.0,0.0,0.0,0.0,0.0,0.0008079457503384487,0.0
12.61,0.7478081841846871,-0.4520605335854502,0.045743604868911755,1.8937790919981694,-0.027947713104368797,0.770817443731539,0.20850898379184787,0.0,0.0,0.0,0.0,0.0,0.000979694392785912,0.0
12.62,0.7478081841846871,-0.4520605335854502,0.045743604868911755,1.8937790919981694,-0.027947713104368797,0.7708280835996023,0.20850898379184787,0.0,0.0,0.0,0.0,0.0,0.0011476426728867124,0.0
12.63,0.7478081841846871,-0.4520605335854502,0.045743604868911755,1.8937790919981694,-0.027947713104368797,0.7708403837937173,0.20850898379184787,0.0,0.0,0.0,0.0,0.0,0.0013117536509526656,0.0
12.64,0.7478081841846871,-0.4520605335854502,0.045743604868911755,1.8937790919981694,-0.027947713104368797,0.7708543057663898,0.20850898379184787,0.0,0.0,0.0,0.0,0.0,0.0014719928414067844,0.0
12.65,0.7478081841846871,-0.4520605335854502,0.045743604868911755,1.8937790919981694,-0.027947713104368797,0.7708698106375476,0.20850898379184787,0.0,0.0,0.0,0.0,0.0,0.0016283282143790823,0.0
12.66,0.7478081841846871,-0.4520605335854502,0.045743604868911755,1.8937790919981694,-0.027947713104368797,0.7708868592191002,0.20850898379184787,0.0,0.0,0.0,0.0,0.0,0.001780730196044439,0.0
12.67,0.7478081841846871,-0.4520605335854502,0.045743604868911755,1.8937790919981694,-0.027947713104368797,0.7709054120394959,0.20850898379184787,0.0,0.0,0.0,0.0,0.0,0.001929171667706396,0.0
12.68,0.7478081841846871,-0.4520605335854502,0.045743604868911755,1.8937790919981694,-0.027947713104368797,0.770925429368263,0.20850898379184787,0.0,0.0,0.0,0.0,0.0,0.0020736279636307605,0.0
12.69,0.7478081841846871,-0.4520605335854502,0.045743604868911755,1.8937790919981694,-0.027947713104368797,0.7709468712405237,0.20850898379184787,0.0,0.0,0.0,0.0,0.0,0.002214076867634477,0.0
12.7,0.7478081841846871,-0.4520605335854502,0.045743604868911755,1.8937790919981694,-0.027947713104368797,0.7709696974814674,0.20850898379184787,0.0,0.0,0.0,0.0,0.0,0.0023504986084349477,0.0
12.71,0.7478081841846871,-0.4520605335854502,0.045743604868911755,1.8937790919981694,-0.027947713104368797,0.7709938677307706,0.20850898379184787,0.0,0.0,0.0,0.0,0.0,0.0024828758537655915,0.0
12.72,0.7478081841846871,-0.4520605335854502,0.045743604868911755,1.8937790919981694,-0.027947713104368797,0.771019341466954,0.20850898379184787,0.0,0.0,0.0,0.0,0.0,0.002611193703264859,0.0
12.73,0.7478081841846871,-0.4520605335854502,0.045743604868911755,1.8937790919981694,-0.027947713104368797,0.771046078031659,0.20850898379184787,0.0,0.0,0.0,0.0,0.0,0.0027354396801454834,0.0
12.74,0.7478081841846871,-0.4520605335854502,0.045743604868911755,1.8937790919981694,-0.027947713104368797,0.7710740366538386,0.20850898379184787,0.0,0.0,0.0,0.0,0.0,0.002855603721651852,0.0
12.75,0.7478081841846871,-0.4520605335854502,0.045743604868911755,1.8937790919981694,-0.027947713104368797,0.7711031764738435,0.20850898379184787,0.0,0.0,0.0,0.0,0.0,0.002971678168314037,0.0
12.76,0.7478081841846871,-0.4520605335854502,0.045743604868911755,1.8937790919981694,-0.027947713104368797,0.7711334565673973,0.20850898379184787,0.0,0.0,0.0,0.0,0.0,0.0030836577520069646,0.0
12.77,0.7478081841846871,-0.4520605335854502,0.045743604868911755,1.8937790919981694,-0.027947713104368797,0.7711648359694447,0.20850898379184787,0.0,0.0,0.0,0.0,0.0,0.0031915395828247192,0.0
12.78,0.7478081841846871,-0.4520605335854502,0.045743604868911755,1.8937790919981694,-0.027947713104368797,0.7711972736978633,0.20850898379184787,0.0,0.0,0.0,0.0,0.0,0.0032953231347797422,0.0
12.79,0.7478081841846871,-0.4520605335854502,0.045743604868911755,1.8937790919981694,-0.027947713104368797,0.7712307287770265,0.20850898379184787,0.0,0.0,0.0,0.0,0.0,0.003395010230337313,0.0
12.8,0.7478081841846871,-0.4520605335854502,0.045743604868911755,1.8937790919981694,-0.027947713104368797,0.771265160261206,0.20850898379184787,0.0,0.0,0.0,0.0,0.0,0.0034906050237968347,0.0
12.81,0.7478081841846871,-0.4520605335854502,0.045743604868911755,1.8937790919981694,-0.027947713104368797,0.7713005272578017,0.20850898379184787,0.0,0.0,0.0,0.0,0.0,0.0035821139835312712,0.0
12.82,0.7478081841846871,-0.4520605335854502,0.045743604868911755,1.8937790919981694,-0.027947713104368797,0.7713367889503898,0.20850898379184787,0.0,0.0,0.0,0.0,0.0,0.0036695458730970176,0.0
12.83,0.7478081841846871,-0.4520605335854502,0.045743604868911755,1.8937790919981694,-0.027947713104368797,0.7713739046215751,0.20850898379184787,0.0,0.0,0.0,0.0,0.0,0.0037529117312268333,0.0
12.84,0.7478081841846871,-0.4520605335854502,0.045743604868911755,1.8937790919981694,-0.027947713104368797,0.7714118336756376,0.20850898379184787,0.0,0.0,0.0,0.0,0.0,0.003832224850719257,0.0
12.85,0.7478081841846871,-0.4520605335854502,0.045743604868911755,1.8937790919981694,-0.027947713104368797,0.7714505356609641,0.20850898379184787,0.0,0.0,0.0,0.0,0.0,0.003907500756237804,0.0
12.86,0.7478081841846871,-0.4520605335854502,0.045743604868911755,1.8937790919981694,-0.027947713104368797,0.7714899702922505,0.20850898379184787,0.0,0.0,0.0,0.0,0.0,0.003978757181034683,0.0
12.87,0.7478081841846871,-0.4520605335854502,0.045743604868911755,1.8937790919981694,-0.027947713104368797,0.7715300974724675,0.20850898379184787,0.0,0.0,0.0,0.0,0.0,0.004046014042613424,0.0
12.88,0.7478081841846871,-0.4520605335854502,0.045743604868911755,1.8937790919981694,-0.027947713104368797,0.7715708773145764,0.20850898379184787,0.0,0.0,0.0,0.0,0.0,0.004109293417345615,0.0
12.89,0.7478081841846871,-0.4520605335854502,0.045743604868911755,1.8937790919981694,-0.027947713104368797,0.7716122701629871,0.20850898379184787,0.0,0.0,0.0,0.0,0.0,0.004168619514057563,0.0
12.9,0.7478081841846871,-0.4520605335854502,0.045743604868911755,1.8937790919981694,-0.027947713104368797,0.7716542366147462,0.20850898379184787,0.0,0.0,0.0,0.0,0.0,0.004224018646603112,0.0
12.91,0.7478081841846871,-0.4520605335854502,0.045743604868911755,1.8937790919981694,-0.027947713104368797,0.771696737540446,0.20850898379184787,0.0,0.0,0.0,0.0,0.0,0.0042755192054388606,0.0
12.92,0.7478081841846871,-0.4520605335854502,0.045743604868911755,1.8937790919981694,-0.027947713104368797,0.7717397341048441,0.20850898379184787,0.0,0.0,0.0,0.0,0.0,0.004323151628219262,0.0
12.93,0.7478081841846871,-0.4520605335854502,0.045743604868911755,1.8937790919981694,-0.027947713104368797,0.7717831877871845,0.20850898379184787,0.0,0.0,0.0,0.0,0.0,0.004366948369428925,0.0
12.94,0.7478081841846871,-0.4520605335854502,0.045743604868911755,1.8937790919981694,-0.027947713104368797,0.7718270604012104,0.20850898379184787,0.0,0.0,0.0,0.0,0.0,0.004406943869070019,0.0
12.95,0.7478081841846871,-0.4520605335854502,0.045743604868911755,1.8937790919981694,-0.027947713104368797,0.7718713141148582,0.20850898379184787,0.0,0.0,0.0,0.0,0.0,0.004443174520423275,0.0
12.96,0.7478081841846871,-0.4520605335854502,0.045743604868911755,1.8937790919981694,-0.027947713104368797,0.7719159114696263,0.20850898379184787,0.0,0.0,0.0,0.0,0.0,0.004475678636901407,0.0
12.97,0.7478081841846871,-0.4520605335854502,0.045743604868911755,1.8937790919981694,-0.027947713104368797,0.771960815399606,0.20850898379184787,0.0,0.0,0.0,0.0,0.0,0.004504496418013897,0.0
12.98,0.7478081841846871,-0.4520605335854502,0.045743604868911755,1.8937790919981694,-0.027947713104368797,0.7720059892501694,0.20850898379184787,0.0,0.0,0.0,0.0,0.0,0.004529669914463149,0.0
12.99,0.7478081841846871,-0.4520605335854502,0.045743604868911755,1.8937790919981694,-0.027947713104368797,0.7720513967963025,0.20850898379184787,0.0,0.0,0.0,0.0,0.0,0.004551242992391643,0.0
13.0,0.7478081841846871,-0.4520605335854502,0.045743604868911755,1.8937790919981694,-0.027947713104368797,0.7720970022605786,0.20850898379184787,0.0,0.0,0.0,0.0,0.0,0.004569261296800624,0.0
13.01,0.7478081841846871,-0.4520605335854502,0.045743604868911755,1.8937790919981694,-0.027947713104368797,0.7721427703307592,0.20850898379184787,0.0,0.0,0.0,0.0,0.0,0.004583772214161157,0.0
13.02,0.7478081841846871,-0.4520605335854502,0.045743604868911755,1.8937790919981694,-0.027947713104368797,0.7721886661770193,0.20850898379184787,0.0,0.0,0.0,0.0,0.0,0.004594824834238358,0.0
13.03,0.7478081841846871,-0.4520605335854502,0.045743604868911755,1.8937790919981694,-0.027947713104368797,0.7722346554687862,0.20850898379184787,0.0,0.0,0.0,0.0,0.0,0.004602469911150593,0.0
13.04,0.7478081841846871,-0.4520605335854502,0.045743604868911755,1.8937790919981694,-0.027947713104368797,0.772280704391185,0.20850898379184787,0.0,0.0,0.0,0.0,0.0,0.0046067598236851715,0.0
13.05,0.7478081841846871,-0.4520605335854502,0.045743604868911755,1.8937790919981694,-0.027947713104368797,0.772326779661084,0.20850898379184787,0.0,0.0,0.0,0.0,0.0,0.004607748534892754,0.0
13.06,0.7478081841846871,-0.4520605335854502,0.045743604868911755,1.8937790919981694,-0.027947713104368797,0.7723728485427322,0.20850898379184787,0.0,0.0,0.0,0.0,0.0,0.004605491550982916,0.0
13.07,0.7478081841846871,-0.4520605335854502,0.045743604868911755,1.8937790919981694,-0.027947713104368797,0.7724188788629831,0.20850898379184787,0.0,0.0,0.0,0.0,0.0,0.004600045879543523,0.0
13.08,0.7478081841846871,-0.4520605335854502,0.045743604868911755,1.8937790919981694,-0.027947713104368797,0.7724648390260959,0.20850898379184787,0.0,0.0,0.0,0.0,0.0,0.004591469987107041,0.0
13.09,0.7478081841846871,-0.4520605335854502,0.045743604868911755,1.8937790919981694,-0.027947713104368797,0.7725106980281108,0.20850898379184787,0.0,0.0,0.0,0.0,0.0,0.004579823756087011,0.0
13.1,0.7478081841846871,-0.4520605335854502,0.045743604868911755,1.8937790919981694,-0.027947713104368797,0.7725564254707902,0.20850898379184787,0.0,0.0,0.0,0.0,0.0,0.004565168441108264,0.0
13.11,0.7478081841846871,-0.4520605335854502,0.045743604868911755,1.8937790919981694,-0.027947713104368797,0.7726019915751191,0.20850898379184787,0.0,0.0,0.0,0.0,0.0,0.004547566624754849,0.0
13.12,0.7478081841846871,-0.4520605335854502,0.045743604868911755,1.8937790919981694,-0.027947713104368797,0.7726473671943622,0.20850898379184787,0.0,0.0,0.0,0.0,0.0,0.004527082172759522,0.0
13.13,0.7478081841846871,-0.4520605335854502,0.045743604868911755,1.8937790919981694,-0.027947713104368797,0.7726925238266682,0.20850898379184787,0.0,0.0,0.0,0.0,0.0,0.004503780188659379,0.0
13.14,0.7478081841846871,-0.4520605335854502,0.045743604868911755,1.8937790919981694,-0.027947713104368797,0.7727374336272195,0.20850898379184787,0.0,0.0,0.0,0.0,0.0,0.00447772696794201,0.0
13.15,0.7478081841846871,-0.4520605335854502,0.045743604868911755,1.8937790919981694,-0.027947713104368797,0.7727820694199199,0.20850898379184787,0.0,0.0,0.0,0.0,0.0,0.00444898995170692,0.0
13.16,0.7478081841846871,-0.4520605335854502,0.045743604868911755,1.8937790919981694,-0.027947713104368797,0.7728264047086181,0.20850898379184787,0.0,0.0,0.0,0.0,0.0,0.004417637679867363,0.0
13.17,0.7478081841846871,-0.4520605335854502,0.045743604868911755,1.8937790919981694,-0.027947713104368797,0.7728704136878587,0.20850898379184787,0.0,0.0,0.0,0.0,0.0,0.004383739743917485,0.0
13.18,0.7478081841846871,-0.4520605335854502,0.045743604868911755,1.8937790919981694,-0.027947713104368797,0.7729140712531613,0.20850898379184787,0.0,0.0,0.0,0.0,0.0,0.004347366739290345,0.0
13.19,0.7478081841846871,-0.4520605335854502,0.045743604868911755,1.8937790919981694,-0.027947713104368797,0.7729573530108192,0.20850898379184787,0.0,0.0,0.0,0.0,0.0,0.004308590217332029,0.0
13.2,0.7478081841846871,-0.4520605335854502,0.045743604868911755,1.8937790919981694,-0.027947713104368797,0.7730002352872176,0.20850898379184787,0.0,0.0,0.0,0.0,0.0,0.004267482636917833,0.0
13.21,0.7478081841846871,-0.4520605335854502,0.045743604868911755,1.8937790919981694,-0.027947713104368797,0.773042695137665,0.20850898379184787,0.0,0.0,0.0,0.0,0.0,0.004224117315735957,0.0
13.22,0.7478081841846871,-0.4520605335854502,0.045743604868911755,1.8937790919981694,-0.027947713104368797,0.7730847103547368,0.20850898379184787,0.0,0.0,0.0,0.0,0.0,0.004178568381264793,0.0
13.23,0.7478081841846871,-0.4520605335854502,0.045743604868911755,1.8937790919981694,-0.027947713104368797,0.7731262594761269,0.20850898379184787,0.0,0.0,0.0,0.0,0.0,0.004130910721469871,0.0
13.24,0.7478081841846871,-0.4520605335854502,0.045743604868911755,1.8937790919981694,-0.027947713104368797,0.7731673217920046,0.20850898379184787,0.0,0.0,0.0,0.0,0.0,0.004081219935246424,0.0
13.25,0.7478081841846871,-0.4520605335854502,0.045743604868911755,1.8937790919981694,-0.027947713104368797,0.773207877351876,0.20850898379184787,0.0,0.0,0.0,0.0,0.0,0.004029572282633826,0.0
13.26,0.7478081841846871,-0.4520605335854502,0.045743604868911755,1.8937790919981694,-0.027947713104368797,0.7732479069709444,0.20850898379184787,0.0,0.0,0.0,0.0,0.0,0.003976044634828382,0.0
13.27,0.7478081841846871,-0.4520605335854502,0.045743604868911755,1.8937790919981694,-0.027947713104368797,0.7732873922359724,0.20850898379184787,0.0,0.0,0.0,0.0,0.0,0.003920714424020447,0.0
13.28,0.7478081841846871,-0.4520605335854502,0.045743604868911755,1.8937790919981694,-0.027947713104368797,0.7733263155106399,0.20850898379184787,0.0,0.0,0.0,0.0,0.0,0.0038636595930826205,0.0
13.29,0.7478081841846871,-0.4520605335854502,0.045743604868911755,1.8937790919981694,-0.027947713104368797,0.7733646599403985,0.20850898379184787,0.0,0.0,0.0,0.0,0.0,0.0038049585451352384,0.0
13.3,0.7478081841846871,-0.4520605335854502,0.045743604868911755,1.8937790919981694,-0.027947713104368797,0.7734024094568221,0.20850898379184787,0.0,0.0,0.0,0.0,0.0,0.0037446900930157468,0.0
13.31,0.7478081841846871,-0.4520605335854502,0.045743604868911755,1.8937790919981694,-0.027947713104368797,0.7734395487814505,0.20850898379184787,0.0,0.0,0.0,0.0,0.0,0.003682933408678312,0.0
13.32,0.7478081841846871,-0.4520605335854502,0.045743604868911755,1.8937790919981694,-0.027947713104368797,0.7734760634291278,0.20850898379184787,0.0,0.0,0.0,0.0,0.0,0.0036197679725502195,0.0
13.33,0.7478081841846871,-0.4520605335854502,0.045743604868911755,1.8937790919981694,-0.027947713104368797,0.7735119397108333,0.20850898379184787,0.0,0.0,0.0,0.0,0.0,0.0035552735228715354,0.0
13.34,0.7478081841846871,-0.4520605335854502,0.045743604868911755,1.8937790919981694,-0.027947713104368797,0.7735471647360073,0.20850898379184787,0.0,0.0,0.0,0.0,0.0,0.0034895300050443987,0.0
13.35,0.7478081841846871,-0.4520605335854502,0.045743604868911755,1.8937790919981694,-0.027947713104368797,0.7735817264143684,0.20850898379184787,0.0,0.0,0.0,0.0,0.0,0.0034226175210184317,0.0
13.36,0.7478081841846871,-0.4520605335854502,0.045743604868911755,1.8937790919981694,-0.027947713104368797,0.7736156134572273,0.20850898379184787,0.0,0.0,0.0,0.0,0.0,0.0033546162787384004,0.0
13.37,0.7478081841846871,-0.4520605335854502,0.045743604868911755,1.8937790919981694,-0.027947713104368797,0.7736488153782934,0.20850898379184787,0.0,0.0,0.0,0.0,0.0,0.0032856065416808026,0.0
13.38,0.7478081841846871,-0.4520605335854502,0.045743604868911755,1.8937790919981694,-0.027947713104368797,0.7736813224939788,0.20850898379184787,0.0,0.0,0.0,0.0,0.0,0.0032156685785051493,0.0
13.39,0.7478081841846871,-0.4520605335854502,0.045743604868911755,1.8937790919981694,-0.027947713104368797,0.7737131259231991,0.20850898379184787,0.0,0.0,0.0,0.0,0.0,0.0031448826128462927,0.0
13.4,0.7478081841846871,-0.4520605335854502,0.045743604868911755,1.8937790919981694,-0.027947713104368797,0.7737442175866722,0.20850898379184787,0.0,0.0,0.0,0.0,0.0,0.0030733287732738765,0.0
13.41,0.7478081841846871,-0.4520605335854502,0.045743604868911755,1.8937790919981694,-0.027947713104368797,0.7737745902057187,0.20850898379184787,0.0,0.0,0.0,0.0,0.0,0.00300108704344462,0.0
13.42,0.7478081841846871,-0.4520605335854502,0.045743604868911755,1.8937790919981694,-0.027947713104368797,0.7738042373005644,0.20850898379184787,0.0,0.0,0.0,0.0,0.0,0.002928237212473243,0.0
13.43,0.7478081841846871,-0.4520605335854502,0.045743604868911755,1.8937790919981694,-0.027947713104368797,0.7738331531881475,0.20850898379184787,0.0,0.0,0.0,0.0,0.0,0.0028548588255479703,0.0
13.44,0.7478081841846871,-0.4520605335854502,0.045743604868911755,1.8937790919981694,-0.027947713104368797,0.7738613329794339,0.20850898379184787,0.0,0.0,0.0,0.0,0.0,0.002781031134815577,0.0
13.45,0.7478081841846871,-0.4520605335854502,0.045743604868911755,1.8937790919981694,-0.027947713104368797,0.7738887725762421,0.20850898379184787,0.0,0.0,0.0,0.0,0.0,0.0027068330505617697,0.0
13.46,0.7478081841846871,-0.4520605335854502,0.045743604868911755,1.8937790919981694,-0.027947713104368797,0.773915468667582,0.20850898379184787,0.0,0.0,0.0,0.0,0.0,0.0026323430927117945,0.0
13.47,0.7478081841846871,-0.4520605335854502,0.045743604868911755,1.8937790919981694,-0.027947713104368797,0.7739414187255098,0.20850898379184787,0.0,0.0,0.0,0.0,0.0,0.0025576393426764246,0.0
13.48,0.7478081841846871,-0.4520605335854502,0.045743604868911755,1.8937790919981694,-0.027947713104368797,0.7739666210005045,0.20850898379184787,0.0,0.0,0.0,0.0,0.0,0.0024827993955677356,0.0
13.49,0.7478081841846871,-0.4520605335854502,0.045743604868911755,1.8937790919981694,-0.027947713104368797,0.7739910745163668,0.20850898379184787,0.0,0.0,0.0,0.0,0.0,0.0024079003128097297,0.0
13.5,0.7478081841846871,-0.4520605335854502,0.045743604868911755,1.8937790919981694,-0.027947713104368797,0.7740147790646474,0.20850898379184787,0.0,0.0,0.0,0.0,0.0,0.0023330185751677846,0.0
13.51,0.7478081841846871,-0.4520605335854502,0.045743604868911755,1.8937790919981694,-0.027947713104368797,0.7740377351986073,0.20850898379184787,0.0,0.0,0.0,0.0,0.0,0.002258230036220988,0.0
13.52,0.7478081841846871,-0.4520605335854502,0.045743604868911755,1.8937790919981694,-0.027947713104368797,0.7740599442267152,0.20850898379184787,0.0,0.0,0.0,0.0,0.0,0.0021836098763016215,0.0
13.53,0.7478081841846871,-0.4520605335854502,0.045743604868911755,1.8937790919981694,-0.027947713104368797,0.7740814082056867,0.20850898379184787,0.0,0.0,0.0,0.0,0.0,0.00210923255692488,0.0
13.54,0.7478081841846871,-0.4520605335854502,0.045743604868911755,1.8937790919981694,-0.027947713104368797,0.7741021299330708,0.20850898379184787,0.0,0.0,0.0,0.0,0.0,0.0020351717757324107,0.0
13.55,0.7478081841846871,-0.4520605335854502,0.045743604868911755,1.8937790919981694,-0.027947713104368797,0.7741221129393875,0.20850898379184787,0.0,0.0,0.0,0.0,0.0,0.001961500421972911,0.0
13.56,0.7478081841846871,-0.4520605335854502,0.045743604868911755,1.8937790919981694,-0.027947713104368797,0.7741413614798243,0.20850898379184787,0.0,0.0,0.0,0.0,0.0,0.0018882905325420679,0.0
13.57,0.7478081841846871,-0.4520605335854502,0.045743604868911755,1.8937790919981694,-0.027947713104368797,0.7741598805254943,0.20850898379184787,0.0,0.0,0.0,0.0,0.0,0.0018156132486047826,0.0
13.58,0.7478081841846871,-0.4520605335854502,0.045743604868911755,1.8937790919981694,-0.027947713104368797,0.7741776757542658,0.20850898379184787,0.0,0.0,0.0,0.0,0.0,0.001743538772821529,0.0
13.59,0.7478081841846871,-0.4520605335854502,0.045743604868911755,1.8937790919981694,-0.027947713104368797,0.7741947535411648,0.20850898379184787,0.0,0.0,0.0,0.0,0.0,0.0016721363272007017,0.0
13.6,0.7478081841846871,-0.4520605335854502,0.045743604868911755,1.8937790919981694,-0.027947713104368797,0.7742111209483613,0.20850898379184787,0.0,0.0,0.0,0.0,0.0,0.0016014741115987425,0.0
13.61,0.7478081841846871,-0.4520605335854502,0.045743604868911755,1.8937790919981694,-0.027947713104368797,0.7742267857147423,0.20850898379184787,0.0,0.0,0.0,0.0,0.0,0.0015316192628887066,0.0
13.62,0.7478081841846871,-0.4520605335854502,0.045743604868911755,1.8937790919981694,-0.027947713104368797,0.7742417562450815,0.20850898379184787,0.0,0.0,0.0,0.0,0.0,0.0014626378148185604,0.0
13.63,0.7478081841846871,-0.4520605335854502,0.045743604868911755,1.8937790919981694,-0.027947713104368797,0.7742560415988095,0.20850898379184787,0.0,0.0,0.0,0.0,0.0,0.0013945946585792017,0.0
13.64,0.7478081841846871,-0.4520605335854502,0.045743604868911755,1.8937790919981694,-0.027947713104368797,0.7742696514783944,0.20850898379184787,0.0,0.0,0.0,0.0,0.0,0.0013275535041028354,0.0
13.65,0.7478081841846871,-0.4520605335854502,0.045743604868911755,1.8937790919981694,-0.027947713104368797,0.7742825962173394,0.20850898379184787,0.0,0.0,0.0,0.0,0.0,0.00126157684211065,0.0
13.66,0.7478081841846871,-0.4520605335854502,0.045743604868911755,1.8937790919981694,-0.027947713104368797,0.774294886767803,0.20850898379184787,0.0,0.0,0.0,0.0,0.0,0.001196725906929824,0.0
13.67,0.7478081841846871,-0.4520605335854502,0.045743604868911755,1.8937790919981694,-0.027947713104368797,0.7743065346878535,0.20850898379184787,0.0,0.0,0.0,0.0,0.0,0.0011330606400983187,0.0
13.68,0.7478081841846871,-0.4520605335854502,0.045743604868911755,1.8937790919981694,-0.027947713104368797,0.7743175521283615,0.20850898379184787,0.0,0.0,0.0,0.0,0.0,0.0010706396547759658,0.0
13.69,0.7478081841846871,-0.4520605335854502,0.045743604868911755,1.8937790919981694,-0.027947713104368797,0.7743279518195426,0.20850898379184787,0.0,0.0,0.0,0.0,0.0,0.0010095202009802388,0.0
13.7,0.7478081841846871,-0.4520605335854502,0.045743604868911755,1.8937790919981694,-0.027947713104368797,0.774337747057155,0.20850898379184787,0.0,0.0,0.0,0.0,0.0,0.0009497581316639475,0.0
13.71,0.7478081841846871,-0.4520605335854502,0.045743604868911755,1.8937790919981694,-0.027947713104368797,0.7743469516883628,0.20850898379184787,0.0,0.0,0.0,0.0,0.0,0.0008914078696522497,0.0
13.72,0.7478081841846871,-0.4520605335854502,0.045743604868911755,1.8937790919981694,-0.027947713104368797,0.7743555800972733,0.20850898379184787,0.0,0.0,0.0,0.0,0.0,0.0008345223754559698,0.0
13.73,0.7478081841846871,-0.4520605335854502,0.045743604868911755,1.8937790919981694,-0.027947713104368797,0.7743636471901569,0.20850898379184787,0.0,0.0,0.0,0.0,0.0,0.000779153115977047,0.0
13.74,0.7478081841846871,-0.4520605335854502,0.045743604868911755,1.8937790919981694,-0.027947713104368797,0.7743711683803576,0.20850898379184787,0.0,0.0,0.0,0.0,0.0,0.0007253500341223712,0.0
13.75,0.7478081841846871,-0.4520605335854502,0.045743604868911755,1.8937790919981694,-0.027947713104368797,0.7743781595729055,0.20850898379184787,0.0,0.0,0.0,0.0,0.0,0.0006731615193413815,0.0
13.76,0.7478081841846871,-0.4520605335854502,0.045743604868911755,1.8937790919981694,-0.027947713104368797,0.7743846371488384,0.20850898379184787,0.0,0.0,0.0,0.0,0.0,0.0006226343791020695,0.0
13.77,0.7478081841846871,-0.4520605335854502,0.045743604868911755,1.8937790919981694,-0.027947713104368797,0.7743906179492441,0.20850898379184787,0.0,0.0,0.0,0.0,0.0,0.000573813811320115,0.0
13.78,0.7478081841846871,-0.4520605335854502,0.045743604868911755,1.8937790919981694,-0.027947713104368797,0.7743961192590302,0.20850898379184787,0.0,0.0,0.0,0.0,0.0,0.0005267433777549906,0.0
13.79,0.7478081841846871,-0.4520605335854502,0.045743604868911755,1.8937790919981694,-0.027947713104368797,0.7744011587904339,0.20850898379184787,0.0,0.0,0.0,0.0,0.0,0.00048146497838651576,0.0
13.8,0.7478081841846871,-0.4520605335854502,0.045743604868911755,1.8937790919981694,-0.027947713104368797,0.7744057546662805,0.20850898379184787,0.0,0.0,0.0,0.0,0.0,0.00043801882678472654,0.0
13.81,0.7478081841846871,-0.4520605335854502,0.045743604868911755,1.8937790919981694,-0.027947713104368797,0.7744099254029998,0.20850898379184787,0.0,0.0,0.0,0.0,0.0,0.0003964434264858108,0.0
13.82,0.7478081841846871,-0.4520605335854502,0.045743604868911755,1.8937790919981694,-0.027947713104368797,0.7744136898934124,0.20850898379184787,0.0,0.0,0.0,0.0,0.0,0.000356775548385592,0.0
13.83,0.7478081841846871,-0.4520605335854502,0.045743604868911755,1.8937790919981694,-0.027947713104368797,0.7744170673892944,0.20850898379184787,0.0,0.0,0.0,0.0,0.0,0.00031905020916245464,0.0
13.84,0.7478081841846871,-0.4520605335854502,0.045743604868911755,1.8937790919981694,-0.027947713104368797,0.7744200774837311,0.20850898379184787,0.0,0.0,0.0,0.0,0.0,0.0002833006507403195,0.0
13.85,0.7478081841846871,-0.4520605335854502,0.045743604868911755,1.8937790919981694,-0.027947713104368797,0.7744227400932722,0.20850898379184787,0.0,0.0,0.0,0.0,0.0,0.00024955832080214883,0.0
13.86,0.7478081841846871,-0.4520605335854502,0.045743604868911755,1.8937790919981694,-0.027947713104368797,0.7744250754398955,0.20850898379184787,0.0,0.0,0.0,0.0,0.0,0.00021785285436377508,0.0
13.87,0.7478081841846871,-0.4520605335854502,0.045743604868911755,1.8937790919981694,-0.027947713104368797,0.7744271040327929,0.20850898379184787,0.0,0.0,0.0,0.0,0.0,0.00018821205641749727,0.0
13.88,0.7478081841846871,-0.4520605335854502,0.045743604868911755,1.8937790919981694,-0.027947713104368797,0.774428846649988,0.20850898379184787,0.0,0.0,0.0,0.0,0.0,0.00016066188565398945,0.0
13.89,0.7478081841846871,-0.4520605335854502,0.045743604868911755,1.8937790919981694,-0.027947713104368797,0.7744303243197956,0.20850898379184787,0.0,0.0,0.0,0.0,0.0,0.00013522643927094482,0.0
13.9,0.7478081841846871,-0.4520605335854502,0.045743604868911755,1.8937790919981694,-0.027947713104368797,0.7744315583021365,0.20850898379184787,0.0,0.0,0.0,0.0,0.0,0.00011192793887600163,0.0
13.91,0.7478081841846871,-0.4520605335854502,0.045743604868911755,1.8937790919981694,-0.027947713104368797,0.7744325700697144,0.20850898379184787,0.0,0.0,0.0,0.0,0.0,9.078671749108641e-05,0.0
13.92,0.7478081841846871,-0.4520605335854502,0.045743604868911755,1.8937790919981694,-0.027947713104368797,0.7744333812890706,0.20850898379184787,0.0,0.0,0.0,0.0,0.0,7.18212076648194e-05,0.0
13.93,0.7478081841846871,-0.4520605335854502,0.045743604868911755,1.8937790919981694,-0.027947713104368797,0.774434013801524,0.20850898379184787,0.0,0.0,0.0,0.0,0.0,5.5047930698833367e-05,0.0
13.94,0.7478081841846871,-0.4520605335854502,0.045743604868911755,1.8937790919981694,-0.027947713104368797,0.7744344896040098,0.20850898379184787,0.0,0.0,0.0,0.0,0.0,4.048148699356459e-05,0.0
13.95,0.7478081841846871,-0.4520605335854502,0.045743604868911755,1.8937790919981694,-0.027947713104368797,0.7744348308298266,0.20850898379184787,0.0,0.0,0.0,0.0,0.0,2.81345475183371e-05,0.0
13.96,0.7478081841846871,-0.4520605335854502,0.045743604868911755,1.8937790919981694,-0.027947713104368797,0.774435059729304,0.20850898379184787,0.0,0.0,0.0,0.0,0.0,1.801784641004419e-05,0.0
13.97,0.7478081841846871,-0.4520605335854502,0.045743604868911755,1.8937790919981694,-0.027947713104368797,0.7744351986504026,0.20850898379184787,0.0,0.0,0.0,0.0,0.0,1.0140174704163792e-05,0.0
13.98,0.7478081841846871,-0.4520605335854502,0.045743604868911755,1.8937790919981694,-0.027947713104368797,0.7744352700192557,0.20850898379184787,0.0,0.0,0.0,0.0,0.0,4.508375201272681e-06,0.0
13.99,0.7478081841846871,-0.4520605335854502,0.045743604868911755,1.8937790919981694,-0.027947713104368797,0.7744352963206664,0.20850898379184787,0.0,0.0,0.0,0.0,0.0,1.1273384716550833e-06,0.0
14.0,0.7478081841846871,-0.4520605335854502,0.045743604868911755,1.8937790919981694,-0.027947713104368797,0.7744353000785701,0.20850898379184787,0.0,0.0,0.0,0.0,0.0,2.467005958589381e-33,0.0
14.01,0.7478081841846871,-0.4520605335854502,0.045743604868911755,1.8937790919981694,-0.027947713104368797,0.7744353000785701,0.20850898379184787,0.0,0.0,0.0,0.0,0.0,2.467005958589381e-33,0.0
14.02,0.7478081841846871,-0.4520605335854502,0.045743604868911755,1.8937790919981694,-0.027947713104368797,0.7744353000785701,0.20850898379184787,0.0,0.0,0.0,0.0,0.0,2.467005958589381e-33,0.0
14.03,0.7478081841846871,-0.4520605335854502,0.045743604868911755,1.8937790919981694,-0.027947713104368797,0.7744353000785701,0.20850898379184787,0.0,0.0,0.0,0.0,0.0,2.467005958589381e-33,0.0
14.04,0.7478081841846871,-0.4520605335854502,0.045743604868911755,1.8937790919981694,-0.027947713104368797,0.7744353000785701,0.20850898379184787,0.0,0.0,0.0,0.0,0.0,2.467005958589381e-33,0.0
14.05,0.7478081841846871,-0.4520605335854502,0.045743604868911755,1.8937790919981694,-0.027947713104368797,0.7744353000785701,0.20850898379184787,0.0,0.0,0.0,0.0,0.0,2.467005958589381e-33,0.0
14.06,0.7478081841846871,-0.4520605335854502,0.045743604868911755,1.8937790919981694,-0.027947713104368797,0.7744353000785701,0.20850898379184787,0.0,0.0,0.0,0.0,0.0,2.467005958589381e-33,0.0
14.07,0.7478081841846871,-0.4520605335854502,0.045743604868911755,1.8937790919981694,-0.027947713104368797,0.7744353000785701,0.20850898379184787,0.0,0.0,0.0,0.0,0.0,2.467005958589381e-33,0.0
14.08,0.7478081841846871,-0.4520605335854502,0.045743604868911755,1.8937790919981694,-0.027947713104368797,0.7744353000785701,0.20850898379184787,0.0,0.0,0.0,0.0,0.0,2.467005958589381e-33,0.0
14.09,0.7478081841846871,-0.4520605335854502,0.045743604868911755,1.8937790919981694,-0.027947713104368797,0.7744353000785701,0.20850898379184787,0.0,0.0,0.0,0.0,0.0,2.467005958589381e-33,0.0
14.1,0.7478081841846871,-0.4520605335854502,0.045743604868911755,1.8937790919981694,-0.027947713104368797,0.7744353000785701,0.20850898379184787,0.0,0.0,0.0,0.0,0.0,2.467005958589381e-33,0.0
14.11,0.7478081841846871,-0.4520605335854502,0.045743604868911755,1.8937790919981694,-0.027947713104368797,0.7744353000785701,0.20850898379184787,0.0,0.0,0.0,0.0,0.0,2.467005958589381e-33,0.0
14.12,0.7478081841846871,-0.4520605335854502,0.045743604868911755,1.8937790919981694,-0.027947713104368797,0.7744353000785701,0.20850898379184787,0.0,0.0,0.0,0.0,0.0,2.467005958589381e-33,0.0
14.13,0.7478081841846871,-0.4520605335854502,0.045743604868911755,1.8937790919981694,-0.027947713104368797,0.7744353000785701,0.20850898379184787,0.0,0.0,0.0,0.0,0.0,2.467005958589381e-33,0.0
14.14,0.7478081841846871,-0.4520605335854502,0.045743604868911755,1.8937790919981694,-0.027947713104368797,0.7744353000785701,0.20850898379184787,0.0,0.0,0.0,0.0,0.0,2.467005958589381e-33,0.0
14.15,0.7478081841846871,-0.4520605335854502,0.045743604868911755,1.8937790919981694,-0.027947713104368797,0.7744353000785701,0.20850898379184787,0.0,0.0,0.0,0.0,0.0,2.467005958589381e-33,0.0
14.16,0.7478081841846871,-0.4520605335854502,0.045743604868911755,1.8937790919981694,-0.027947713104368797,0.7744353000785701,0.20850898379184787,0.0,0.0,0.0,0.0,0.0,2.467005958589381e-33,0.0
14.17,0.7478081841846871,-0.4520605335854502,0.045743604868911755,1.8937790919981694,-0.027947713104368797,0.7744353000785701,0.20850898379184787,0.0,0.0,0.0,0.0,0.0,2.467005958589381e-33,0.0
14.18,0.7478081841846871,-0.4520605335854502,0.045743604868911755,1.8937790919981694,-0.027947713104368797,0.7744353000785701,0.20850898379184787,0.0,0.0,0.0,0.0,0.0,2.467005958589381e-33,0.0
14.19,0.7478081841846871,-0.4520605335854502,0.045743604868911755,1.8937790919981694,-0.027947713104368797,0.7744353000785701,0.20850898379184787,0.0,0.0,0.0,0.0,0.0,2.467005958589381e-33,0.0
14.2,0.7478081841846871,-0.4520605335854502,0.045743604868911755,1.8937790919981694,-0.027947713104368797,0.7744353000785701,0.20850898379184787,0.0,0.0,0.0,0.0,0.0,2.467005958589381e-33,0.0
14.21,0.7478081841846871,-0.4520605335854502,0.045743604868911755,1.8937790919981694,-0.027947713104368797,0.7744353000785701,0.20850898379184787,0.0,0.0,0.0,0.0,0.0,2.467005958589381e-33,0.0
14.22,0.7478081841846871,-0.4520605335854502,0.045743604868911755,1.8937790919981694,-0.027947713104368797,0.7744353000785701,0.20850898379184787,0.0,0.0,0.0,0.0,0.0,2.467005958589381e-33,0.0
14.23,0.7478081841846871,-0.4520605335854502,0.045743604868911755,1.8937790919981694,-0.027947713104368797,0.7744353000785701,0.20850898379184787,0.0,0.0,0.0,0.0,0.0,2.467005958589381e-33,0.0
14.24,0.7478081841846871,-0.4520605335854502,0.045743604868911755,1.8937790919981694,-0.027947713104368797,0.7744353000785701,0.20850898379184787,0.0,0.0,0.0,0.0,0.0,2.467005958589381e-33,0.0
14.25,0.7478081841846871,-0.4520605335854502,0.045743604868911755,1.8937790919981694,-0.027947713104368797,0.7744353000785701,0.20850898379184787,0.0,0.0,0.0,0.0,0.0,2.467005958589381e-33,0.0
14.26,0.7478081841846871,-0.4520605335854502,0.045743604868911755,1.8937790919981694,-0.027947713104368797,0.7744353000785701,0.20850898379184787,0.0,0.0,0.0,0.0,0.0,2.467005958589381e-33,0.0
14.27,0.7478081841846871,-0.4520605335854502,0.045743604868911755,1.8937790919981694,-0.027947713104368797,0.7744353000785701,0.20850898379184787,0.0,0.0,0.0,0.0,0.0,2.467005958589381e-33,0.0
14.28,0.7478081841846871,-0.4520605335854502,0.045743604868911755,1.8937790919981694,-0.027947713104368797,0.7744353000785701,0.20850898379184787,0.0,0.0,0.0,0.0,0.0,2.467005958589381e-33,0.0
14.29,0.7478081841846871,-0.4520605335854502,0.045743604868911755,1.8937790919981694,-0.027947713104368797,0.7744353000785701,0.20850898379184787,0.0,0.0,0.0,0.0,0.0,2.467005958589381e-33,0.0
14.3,0.7478081841846871,-0.4520605335854502,0.045743604868911755,1.8937790919981694,-0.027947713104368797,0.7744353000785701,0.20850898379184787,0.0,0.0,0.0,0.0,0.0,2.467005958589381e-33,0.0
14.31,0.7478081841846871,-0.4520605335854502,0.045743604868911755,1.8937790919981694,-0.027947713104368797,0.7744353000785701,0.20850898379184787,0.0,0.0,0.0,0.0,0.0,2.467005958589381e-33,0.0
14.32,0.7478081841846871,-0.4520605335854502,0.045743604868911755,1.8937790919981694,-0.027947713104368797,0.7744353000785701,0.20850898379184787,0.0,0.0,0.0,0.0,0.0,2.467005958589381e-33,0.0
14.33,0.7478081841846871,-0.4520605335854502,0.045743604868911755,1.8937790919981694,-0.027947713104368797,0.7744353000785701,0.20850898379184787,0.0,0.0,0.0,0.0,0.0,2.467005958589381e-33,0.0
14.34,0.7478081841846871,-0.4520605335854502,0.045743604868911755,1.8937790919981694,-0.027947713104368797,0.7744353000785701,0.20850898379184787,0.0,0.0,0.0,0.0,0.0,2.467005958589381e-33,0.0
14.35,0.7478081841846871,-0.4520605335854502,0.045743604868911755,1.8937790919981694,-0.027947713104368797,0.7744353000785701,0.20850898379184787,0.0,0.0,0.0,0.0,0.0,2.467005958589381e-33,0.0
14.36,0.7478081841846871,-0.4520605335854502,0.045743604868911755,1.8937790919981694,-0.027947713104368797,0.7744353000785701,0.20850898379184787,0.0,0.0,0.0,0.0,0.0,2.467005958589381e-33,0.0
14.37,0.7478081841846871,-0.4520605335854502,0.045743604868911755,1.8937790919981694,-0.027947713104368797,0.7744353000785701,0.20850898379184787,0.0,0.0,0.0,0.0,0.0,2.467005958589381e-33,0.0
14.38,0.7478081841846871,-0.4520605335854502,0.045743604868911755,1.8937790919981694,-0.027947713104368797,0.7744353000785701,0.20850898379184787,0.0,0.0,0.0,0.0,0.0,2.467005958589381e-33,0.0
14.39,0.7478081841846871,-0.4520605335854502,0.045743604868911755,1.8937790919981694,-0.027947713104368797,0.7744353000785701,0.20850898379184787,0.0,0.0,0.0,0.0,0.0,2.467005958589381e-33,0.0
14.4,0.7478081841846871,-0.4520605335854502,0.045743604868911755,1.8937790919981694,-0.027947713104368797,0.7744353000785701,0.20850898379184787,0.0,0.0,0.0,0.0,0.0,2.467005958589381e-33,0.0
14.41,0.7478081841846871,-0.4520605335854502,0.045743604868911755,1.8937790919981694,-0.027947713104368797,0.7744353000785701,0.20850898379184787,0.0,0.0,0.0,0.0,0.0,2.467005958589381e-33,0.0
14.42,0.7478081841846871,-0.4520605335854502,0.045743604868911755,1.8937790919981694,-0.027947713104368797,0.7744353000785701,0.20850898379184787,0.0,0.0,0.0,0.0,0.0,2.467005958589381e-33,0.0
14.43,0.7478081841846871,-0.4520605335854502,0.045743604868911755,1.8937790919981694,-0.027947713104368797,0.7744353000785701,0.20850898379184787,0.0,0.0,0.0,0.0,0.0,2.467005958589381e-33,0.0
14.44,0.7478081841846871,-0.4520605335854502,0.045743604868911755,1.8937790919981694,-0.027947713104368797,0.7744353000785701,0.20850898379184787,0.0,0.0,0.0,0.0,0.0,2.467005958589381e-33,0.0
14.45,0.7478081841846871,-0.4520605335854502,0.045743604868911755,1.8937790919981694,-0.027947713104368797,0.7744353000785701,0.20850898379184787,0.0,0.0,0.0,0.0,0.0,2.467005958589381e-33,0.0
14.46,0.7478081841846871,-0.4520605335854502,0.045743604868911755,1.8937790919981694,-0.027947713104368797,0.7744353000785701,0.20850898379184787,0.0,0.0,0.0,0.0,0.0,2.467005958589381e-33,0.0
14.47,0.7478081841846871,-0.4520605335854502,0.045743604868911755,1.8937790919981694,-0.027947713104368797,0.7744353000785701,0.20850898379184787,0.0,0.0,0.0,0.0,0.0,2.467005958589381e-33,0.0
14.48,0.7478081841846871,-0.4520605335854502,0.045743604868911755,1.8937790919981694,-0.027947713104368797,0.7744353000785701,0.20850898379184787,0.0,0.0,0.0,0.0,0.0,2.467005958589381e-33,0.0
14.49,0.7478081841846871,-0.4520605335854502,0.045743604868911755,1.8937790919981694,-0.027947713104368797,0.7744353000785701,0.20850898379184787,0.0,0.0,0.0,0.0,0.0,2.467005958589381e-33,0.0
14.5,0.7478081841846871,-0.4520605335854502,0.045743604868911755,1.8937790919981694,-0.027947713104368797,0.7744353000785701,0.20850898379184787,0.0,0.0,0.0,0.0,0.0,2.467005958589381e-33,0.0
14.51,0.7478081841846871,-0.4520605335854502,0.045743604868911755,1.8937790919981694,-0.027947713104368797,0.7744353000785701,0.20850898379184787,0.0,0.0,0.0,0.0,0.0,2.467005958589381e-33,0.0
14.52,0.7478081841846871,-0.4520605335854502,0.045743604868911755,1.8937790919981694,-0.027947713104368797,0.7744353000785701,0.20850898379184787,0.0,0.0,0.0,0.0,0.0,2.467005958589381e-33,0.0
14.53,0.7478081841846871,-0.4520605335854502,0.045743604868911755,1.8937790919981694,-0.027947713104368797,0.7744353000785701,0.20850898379184787,0.0,0.0,0.0,0.0,0.0,2.467005958589381e-33,0.0
14.54,0.7478081841846871,-0.4520605335854502,0.045743604868911755,1.8937790919981694,-0.027947713104368797,0.7744353000785701,0.20850898379184787,0.0,0.0,0.0,0.0,0.0,2.467005958589381e-33,0.0
14.55,0.7478081841846871,-0.4520605335854502,0.045743604868911755,1.8937790919981694,-0.027947713104368797,0.7744353000785701,0.20850898379184787,0.0,0.0,0.0,0.0,0.0,2.467005958589381e-33,0.0
14.56,0.7478081841846871,-0.4520605335854502,0.045743604868911755,1.8937790919981694,-0.027947713104368797,0.7744353000785701,0.20850898379184787,0.0,0.0,0.0,0.0,0.0,2.467005958589381e-33,0.0
14.57,0.7478081841846871,-0.4520605335854502,0.045743604868911755,1.8937790919981694,-0.027947713104368797,0.7744353000785701,0.20850898379184787,0.0,0.0,0.0,0.0,0.0,2.467005958589381e-33,0.0
14.58,0.7478081841846871,-0.4520605335854502,0.045743604868911755,1.8937790919981694,-0.027947713104368797,0.7744353000785701,0.20850898379184787,0.0,0.0,0.0,0.0,0.0,2.467005958589381e-33,0.0
14.59,0.7478081841846871,-0.4520605335854502,0.045743604868911755,1.8937790919981694,-0.027947713104368797,0.7744353000785701,0.20850898379184787,0.0,0.0,0.0,0.0,0.0,2.467005958589381e-33,0.0
14.6,0.7478081841846871,-0.4520605335854502,0.045743604868911755,1.8937790919981694,-0.027947713104368797,0.7744353000785701,0.20850898379184787,0.0,0.0,0.0,0.0,0.0,2.467005958589381e-33,0.0
14.61,0.7478081841846871,-0.4520605335854502,0.045743604868911755,1.8937790919981694,-0.027947713104368797,0.7744353000785701,0.20850898379184787,0.0,0.0,0.0,0.0,0.0,2.467005958589381e-33,0.0
14.62,0.7478081841846871,-0.4520605335854502,0.045743604868911755,1.8937790919981694,-0.027947713104368797,0.7744353000785701,0.20850898379184787,0.0,0.0,0.0,0.0,0.0,2.467005958589381e-33,0.0
14.63,0.7478081841846871,-0.4520605335854502,0.045743604868911755,1.8937790919981694,-0.027947713104368797,0.7744353000785701,0.20850898379184787,0.0,0.0,0.0,0.0,0.0,2.467005958589381e-33,0.0
14.64,0.7478081841846871,-0.4520605335854502,0.045743604868911755,1.8937790919981694,-0.027947713104368797,0.7744353000785701,0.20850898379184787,0.0,0.0,0.0,0.0,0.0,2.467005958589381e-33,0.0
14.65,0.7478081841846871,-0.4520605335854502,0.045743604868911755,1.8937790919981694,-0.027947713104368797,0.7744353000785701,0.20850898379184787,0.0,0.0,0.0,0.0,0.0,2.467005958589381e-33,0.0
14.66,0.7478081841846871,-0.4520605335854502,0.045743604868911755,1.8937790919981694,-0.027947713104368797,0.7744353000785701,0.20850898379184787,0.0,0.0,0.0,0.0,0.0,2.467005958589381e-33,0.0
14.67,0.7478081841846871,-0.4520605335854502,0.045743604868911755,1.8937790919981694,-0.027947713104368797,0.7744353000785701,0.20850898379184787,0.0,0.0,0.0,0.0,0.0,2.467005958589381e-33,0.0
14.68,0.7478081841846871,-0.4520605335854502,0.045743604868911755,1.8937790919981694,-0.027947713104368797,0.7744353000785701,0.20850898379184787,0.0,0.0,0.0,0.0,0.0,2.467005958589381e-33,0.0
14.69,0.7478081841846871,-0.4520605335854502,0.045743604868911755,1.8937790919981694,-0.027947713104368797,0.7744353000785701,0.20850898379184787,0.0,0.0,0.0,0.0,0.0,2.467005958589381e-33,0.0
14.7,0.7478081841846871,-0.4520605335854502,0.045743604868911755,1.8937790919981694,-0.027947713104368797,0.7744353000785701,0.20850898379184787,0.0,0.0,0.0,0.0,0.0,2.467005958589381e-33,0.0
14.71,0.7478081841846871,-0.4520605335854502,0.045743604868911755,1.8937790919981694,-0.027947713104368797,0.7744353000785701,0.20850898379184787,0.0,0.0,0.0,0.0,0.0,2.467005958589381e-33,0.0
14.72,0.7478081841846871,-0.4520605335854502,0.045743604868911755,1.8937790919981694,-0.027947713104368797,0.7744353000785701,0.20850898379184787,0.0,0.0,0.0,0.0,0.0,2.467005958589381e-33,0.0
14.73,0.7478081841846871,-0.4520605335854502,0.045743604868911755,1.8937790919981694,-0.027947713104368797,0.7744353000785701,0.20850898379184787,0.0,0.0,0.0,0.0,0.0,2.467005958589381e-33,0.0
14.74,0.7478081841846871,-0.4520605335854502,0.045743604868911755,1.8937790919981694,-0.027947713104368797,0.7744353000785701,0.20850898379184787,0.0,0.0,0.0,0.0,0.0,2.467005958589381e-33,0.0
14.75,0.7478081841846871,-0.4520605335854502,0.045743604868911755,1.8937790919981694,-0.027947713104368797,0.7744353000785701,0.20850898379184787,0.0,0.0,0.0,0.0,0.0,2.467005958589381e-33,0.0
14.76,0.7478081841846871,-0.4520605335854502,0.045743604868911755,1.8937790919981694,-0.027947713104368797,0.7744353000785701,0.20850898379184787,0.0,0.0,0.0,0.0,0.0,2.467005958589381e-33,0.0
14.77,0.7478081841846871,-0.4520605335854502,0.045743604868911755,1.8937790919981694,-0.027947713104368797,0.7744353000785701,0.20850898379184787,0.0,0.0,0.0,0.0,0.0,2.467005958589381e-33,0.0
14.78,0.7478081841846871,-0.4520605335854502,0.045743604868911755,1.8937790919981694,-0.027947713104368797,0.7744353000785701,0.20850898379184787,0.0,0.0,0.0,0.0,0.0,2.467005958589381e-33,0.0
14.79,0.7478081841846871,-0.4520605335854502,0.045743604868911755,1.8937790919981694,-0.027947713104368797,0.7744353000785701,0.20850898379184787,0.0,0.0,0.0,0.0,0.0,2.467005958589381e-33,0.0
14.8,0.7478081841846871,-0.4520605335854502,0.045743604868911755,1.8937790919981694,-0.027947713104368797,0.7744353000785701,0.20850898379184787,0.0,0.0,0.0,0.0,0.0,2.467005958589381e-33,0.0
14.81,0.7478081841846871,-0.4520605335854502,0.045743604868911755,1.8937790919981694,-0.027947713104368797,0.7744353000785701,0.20850898379184787,0.0,0.0,0.0,0.0,0.0,2.467005958589381e-33,0.0
14.82,0.7478081841846871,-0.4520605335854502,0.045743604868911755,1.8937790919981694,-0.027947713104368797,0.7744353000785701,0.20850898379184787,0.0,0.0,0.0,0.0,0.0,2.467005958589381e-33,0.0
14.83,0.7478081841846871,-0.4520605335854502,0.045743604868911755,1.8937790919981694,-0.027947713104368797,0.7744353000785701,0.20850898379184787,0.0,0.0,0.0,0.0,0.0,2.467005958589381e-33,0.0
14.84,0.7478081841846871,-0.4520605335854502,0.045743604868911755,1.8937790919981694,-0.027947713104368797,0.7744353000785701,0.20850898379184787,0.0,0.0,0.0,0.0,0.0,2.467005958589381e-33,0.0
14.85,0.7478081841846871,-0.4520605335854502,0.045743604868911755,1.8937790919981694,-0.027947713104368797,0.7744353000785701,0.20850898379184787,0.0,0.0,0.0,0.0,0.0,2.467005958589381e-33,0.0
14.86,0.7478081841846871,-0.4520605335854502,0.045743604868911755,1.8937790919981694,-0.027947713104368797,0.7744353000785701,0.20850898379184787,0.0,0.0,0.0,0.0,0.0,2.467005958589381e-33,0.0
14.87,0.7478081841846871,-0.4520605335854502,0.045743604868911755,1.8937790919981694,-0.027947713104368797,0.7744353000785701,0.20850898379184787,0.0,0.0,0.0,0.0,0.0,2.467005958589381e-33,0.0
14.88,0.7478081841846871,-0.4520605335854502,0.045743604868911755,1.8937790919981694,-0.027947713104368797,0.7744353000785701,0.20850898379184787,0.0,0.0,0.0,0.0,0.0,2.467005958589381e-33,0.0
14.89,0.7478081841846871,-0.4520605335854502,0.045743604868911755,1.8937790919981694,-0.027947713104368797,0.7744353000785701,0.20850898379184787,0.0,0.0,0.0,0.0,0.0,2.467005958589381e-33,0.0
14.9,0.7478081841846871,-0.4520605335854502,0.045743604868911755,1.8937790919981694,-0.027947713104368797,0.7744353000785701,0.20850898379184787,0.0,0.0,0.0,0.0,0.0,2.467005958589381e-33,0.0
14.91,0.7478081841846871,-0.4520605335854502,0.045743604868911755,1.8937790919981694,-0.027947713104368797,0.7744353000785701,0.20850898379184787,0.0,0.0,0.0,0.0,0.0,2.467005958589381e-33,0.0
14.92,0.7478081841846871,-0.4520605335854502,0.045743604868911755,1.8937790919981694,-0.027947713104368797,0.7744353000785701,0.20850898379184787,0.0,0.0,0.0,0.0,0.0,2.467005958589381e-33,0.0
14.93,0.7478081841846871,-0.4520605335854502,0.045743604868911755,1.8937790919981694,-0.027947713104368797,0.7744353000785701,0.20850898379184787,0.0,0.0,0.0,0.0,0.0,2.467005958589381e-33,0.0
14.94,0.7478081841846871,-0.4520605335854502,0.045743604868911755,1.8937790919981694,-0.027947713104368797,0.7744353000785701,0.20850898379184787,0.0,0.0,0.0,0.0,0.0,2.467005958589381e-33,0.0
14.95,0.7478081841846871,-0.4520605335854502,0.045743604868911755,1.8937790919981694,-0.027947713104368797,0.7744353000785701,0.20850898379184787,0.0,0.0,0.0,0.0,0.0,2.467005958589381e-33,0.0
14.96,0.7478081841846871,-0.4520605335854502,0.045743604868911755,1.8937790919981694,-0.027947713104368797,0.7744353000785701,0.20850898379184787,0.0,0.0,0.0,0.0,0.0,2.467005958589381e-33,0.0
14.97,0.7478081841846871,-0.4520605335854502,0.045743604868911755,1.8937790919981694,-0.027947713104368797,0.7744353000785701,0.20850898379184787,0.0,0.0,0.0,0.0,0.0,2.467005958589381e-33,0.0
14.98,0.7478081841846871,-0.4520605335854502,0.045743604868911755,1.8937790919981694,-0.027947713104368797,0.7744353000785701,0.20850898379184787,0.0,0.0,0.0,0.0,0.0,2.467005958589381e-33,0.0
14.99,0.7478081841846871,-0.4520605335854502,0.045743604868911755,1.8937790919981694,-0.027947713104368797,0.7744353000785701,0.20850898379184787,0.0,0.0,0.0,0.0,0.0,2.467005958589381e-33,0.0
15.0,0.7478081841846871,-0.4520605335854502,0.045743604868911755,1.8937790919981694,-0.027947713104368797,0.7744353000785701,0.20850898379184787,0.0,0.0,0.0,0.0,0.0,2.467005958589381e-33,0.0
15.01,0.7478081841846871,-0.4520605335854502,0.045743604868911755,1.8937790919981694,-0.027947713104368797,0.7744353000785701,0.20850898379184787,0.0,0.0,0.0,0.0,0.0,2.467005958589381e-33,0.0
15.02,0.7478081841846871,-0.4520605335854502,0.045743604868911755,1.8937790919981694,-0.027947713104368797,0.7744353000785701,0.20850898379184787,0.0,0.0,0.0,0.0,0.0,2.467005958589381e-33,0.0
15.03,0.7478081841846871,-0.4520605335854502,0.045743604868911755,1.8937790919981694,-0.027947713104368797,0.7744353000785701,0.20850898379184787,0.0,0.0,0.0,0.0,0.0,2.467005958589381e-33,0.0
15.04,0.7478081841846871,-0.4520605335854502,0.045743604868911755,1.8937790919981694,-0.027947713104368797,0.7744353000785701,0.20850898379184787,0.0,0.0,0.0,0.0,0.0,2.467005958589381e-33,0.0
15.05,0.7478081841846871,-0.4520605335854502,0.045743604868911755,1.8937790919981694,-0.027947713104368797,0.7744353000785701,0.20850898379184787,0.0,0.0,0.0,0.0,0.0,2.467005958589381e-33,0.0
15.06,0.7478081841846871,-0.4520605335854502,0.045743604868911755,1.8937790919981694,-0.027947713104368797,0.7744353000785701,0.20850898379184787,0.0,0.0,0.0,0.0,0.0,2.467005958589381e-33,0.0
15.07,0.7478081841846871,-0.4520605335854502,0.045743604868911755,1.8937790919981694,-0.027947713104368797,0.7744353000785701,0.20850898379184787,0.0,0.0,0.0,0.0,0.0,2.467005958589381e-33,0.0
15.08,0.7478081841846871,-0.4520605335854502,0.045743604868911755,1.8937790919981694,-0.027947713104368797,0.7744353000785701,0.20850898379184787,0.0,0.0,0.0,0.0,0.0,2.467005958589381e-33,0.0
15.09,0.7478081841846871,-0.4520605335854502,0.045743604868911755,1.8937790919981694,-0.027947713104368797,0.7744353000785701,0.20850898379184787,0.0,0.0,0.0,0.0,0.0,2.467005958589381e-33,0.0
15.1,0.7478081841846871,-0.4520605335854502,0.045743604868911755,1.8937790919981694,-0.027947713104368797,0.7744353000785701,0.20850898379184787,0.0,0.0,0.0,0.0,0.0,2.467005958589381e-33,0.0
15.11,0.7478081841846871,-0.4520605335854502,0.045743604868911755,1.8937790919981694,-0.027947713104368797,0.7744353000785701,0.20850898379184787,0.0,0.0,0.0,0.0,0.0,2.467005958589381e-33,0.0
15.12,0.7478081841846871,-0.4520605335854502,0.045743604868911755,1.8937790919981694,-0.027947713104368797,0.7744353000785701,0.20850898379184787,0.0,0.0,0.0,0.0,0.0,2.467005958589381e-33,0.0
15.13,0.7478081841846871,-0.4520605335854502,0.045743604868911755,1.8937790919981694,-0.027947713104368797,0.7744353000785701,0.20850898379184787,0.0,0.0,0.0,0.0,0.0,2.467005958589381e-33,0.0
15.14,0.7478081841846871,-0.4520605335854502,0.045743604868911755,1.8937790919981694,-0.027947713104368797,0.7744353000785701,0.20850898379184787,0.0,0.0,0.0,0.0,0.0,2.467005958589381e-33,0.0
15.15,0.7478081841846871,-0.4520605335854502,0.045743604868911755,1.8937790919981694,-0.027947713104368797,0.7744353000785701,0.20850898379184787,0.0,0.0,0.0,0.0,0.0,2.467005958589381e-33,0.0
15.16,0.7478081841846871,-0.4520605335854502,0.045743604868911755,1.8937790919981694,-0.027947713104368797,0.7744353000785701,0.20850898379184787,0.0,0.0,0.0,0.0,0.0,2.467005958589381e-33,0.0
15.17,0.7478081841846871,-0.4520605335854502,0.045743604868911755,1.8937790919981694,-0.027947713104368797,0.7744353000785701,0.20850898379184787,0.0,0.0,0.0,0.0,0.0,2.467005958589381e-33,0.0
15.18,0.7478081841846871,-0.4520605335854502,0.045743604868911755,1.8937790919981694,-0.027947713104368797,0.7744353000785701,0.20850898379184787,0.0,0.0,0.0,0.0,0.0,2.467005958589381e-33,0.0
15.19,0.7478081841846871,-0.4520605335854502,0.045743604868911755,1.8937790919981694,-0.027947713104368797,0.7744353000785701,0.20850898379184787,0.0,0.0,0.0,0.0,0.0,2.467005958589381e-33,0.0
15.2,0.7478081841846871,-0.4520605335854502,0.045743604868911755,1.8937790919981694,-0.027947713104368797,0.7744353000785701,0.20850898379184787,0.0,0.0,0.0,0.0,0.0,2.467005958589381e-33,0.0
15.21,0.7478081841846871,-0.4520605335854502,0.045743604868911755,1.8937790919981694,-0.027947713104368797,0.7744353000785701,0.20850898379184787,0.0,0.0,0.0,0.0,0.0,2.467005958589381e-33,0.0
15.22,0.7478081841846871,-0.4520605335854502,0.045743604868911755,1.8937790919981694,-0.027947713104368797,0.7744353000785701,0.20850898379184787,0.0,0.0,0.0,0.0,0.0,2.467005958589381e-33,0.0
15.23,0.7478081841846871,-0.4520605335854502,0.045743604868911755,1.8937790919981694,-0.027947713104368797,0.7744353000785701,0.20850898379184787,0.0,0.0,0.0,0.0,0.0,2.467005958589381e-33,0.0
15.24,0.7478081841846871,-0.4520605335854502,0.045743604868911755,1.8937790919981694,-0.027947713104368797,0.7744353000785701,0.20850898379184787,0.0,0.0,0.0,0.0,0.0,2.467005958589381e-33,0.0
15.25,0.7478081841846871,-0.4520605335854502,0.045743604868911755,1.8937790919981694,-0.027947713104368797,0.7744353000785701,0.20850898379184787,0.0,0.0,0.0,0.0,0.0,2.467005958589381e-33,0.0
15.26,0.7478081841846871,-0.4520605335854502,0.045743604868911755,1.8937790919981694,-0.027947713104368797,0.7744353000785701,0.20850898379184787,0.0,0.0,0.0,0.0,0.0,2.467005958589381e-33,0.0
15.27,0.7478081841846871,-0.4520605335854502,0.045743604868911755,1.8937790919981694,-0.027947713104368797,0.7744353000785701,0.20850898379184787,0.0,0.0,0.0,0.0,0.0,2.467005958589381e-33,0.0
15.28,0.7478081841846871,-0.4520605335854502,0.045743604868911755,1.8937790919981694,-0.027947713104368797,0.7744353000785701,0.20850898379184787,0.0,0.0,0.0,0.0,0.0,2.467005958589381e-33,0.0
15.29,0.7478081841846871,-0.4520605335854502,0.045743604868911755,1.8937790919981694,-0.027947713104368797,0.7744353000785701,0.20850898379184787,0.0,0.0,0.0,0.0,0.0,2.467005958589381e-33,0.0
15.3,0.7478081841846871,-0.4520605335854502,0.045743604868911755,1.8937790919981694,-0.027947713104368797,0.7744353000785701,0.20850898379184787,0.0,0.0,0.0,0.0,0.0,2.467005958589381e-33,0.0
15.31,0.7478081841846871,-0.4520605335854502,0.045743604868911755,1.8937790919981694,-0.027947713104368797,0.7744353000785701,0.20850898379184787,0.0,0.0,0.0,0.0,0.0,2.467005958589381e-33,0.0
15.32,0.7478081841846871,-0.4520605335854502,0.045743604868911755,1.8937790919981694,-0.027947713104368797,0.7744353000785701,0.20850898379184787,0.0,0.0,0.0,0.0,0.0,2.467005958589381e-33,0.0
15.33,0.7478081841846871,-0.4520605335854502,0.045743604868911755,1.8937790919981694,-0.027947713104368797,0.7744353000785701,0.20850898379184787,0.0,0.0,0.0,0.0,0.0,2.467005958589381e-33,0.0
15.34,0.7478081841846871,-0.4520605335854502,0.045743604868911755,1.8937790919981694,-0.027947713104368797,0.7744353000785701,0.20850898379184787,0.0,0.0,0.0,0.0,0.0,2.467005958589381e-33,0.0
15.35,0.7478081841846871,-0.4520605335854502,0.045743604868911755,1.8937790919981694,-0.027947713104368797,0.7744353000785701,0.20850898379184787,0.0,0.0,0.0,0.0,0.0,2.467005958589381e-33,0.0
15.36,0.7478081841846871,-0.4520605335854502,0.045743604868911755,1.8937790919981694,-0.027947713104368797,0.7744353000785701,0.20850898379184787,0.0,0.0,0.0,0.0,0.0,2.467005958589381e-33,0.0
15.37,0.7478081841846871,-0.4520605335854502,0.045743604868911755,1.8937790919981694,-0.027947713104368797,0.7744353000785701,0.20850898379184787,0.0,0.0,0.0,0.0,0.0,2.467005958589381e-33,0.0
15.38,0.7478081841846871,-0.4520605335854502,0.045743604868911755,1.8937790919981694,-0.027947713104368797,0.7744353000785701,0.20850898379184787,0.0,0.0,0.0,0.0,0.0,2.467005958589381e-33,0.0
15.39,0.7478081841846871,-0.4520605335854502,0.045743604868911755,1.8937790919981694,-0.027947713104368797,0.7744353000785701,0.20850898379184787,0.0,0.0,0.0,0.0,0.0,2.467005958589381e-33,0.0
15.4,0.7478081841846871,-0.4520605335854502,0.045743604868911755,1.8937790919981694,-0.027947713104368797,0.7744353000785701,0.20850898379184787,0.0,0.0,0.0,0.0,0.0,2.467005958589381e-33,0.0
15.41,0.7478081841846871,-0.4520605335854502,0.045743604868911755,1.8937790919981694,-0.027947713104368797,0.7744353000785701,0.20850898379184787,0.0,0.0,0.0,0.0,0.0,2.467005958589381e-33,0.0
15.42,0.7478081841846871,-0.4520605335854502,0.045743604868911755,1.8937790919981694,-0.027947713104368797,0.7744353000785701,0.20850898379184787,0.0,0.0,0.0,0.0,0.0,2.467005958589381e-33,0.0
15.43,0.7478081841846871,-0.4520605335854502,0.045743604868911755,1.8937790919981694,-0.027947713104368797,0.7744353000785701,0.20850898379184787,0.0,0.0,0.0,0.0,0.0,2.467005958589381e-33,0.0
15.44,0.7478081841846871,-0.4520605335854502,0.045743604868911755,1.8937790919981694,-0.027947713104368797,0.7744353000785701,0.20850898379184787,0.0,0.0,0.0,0.0,0.0,2.467005958589381e-33,0.0
15.45,0.7478081841846871,-0.4520605335854502,0.045743604868911755,1.8937790919981694,-0.027947713104368797,0.7744353000785701,0.20850898379184787,0.0,0.0,0.0,0.0,0.0,2.467005958589381e-33,0.0
15.46,0.7478081841846871,-0.4520605335854502,0.045743604868911755,1.8937790919981694,-0.027947713104368797,0.7744353000785701,0.20850898379184787,0.0,0.0,0.0,0.0,0.0,2.467005958589381e-33,0.0
15.47,0.7478081841846871,-0.4520605335854502,0.045743604868911755,1.8937790919981694,-0.027947713104368797,0.7744353000785701,0.20850898379184787,0.0,0.0,0.0,0.0,0.0,2.467005958589381e-33,0.0
15.48,0.7478081841846871,-0.4520605335854502,0.045743604868911755,1.8937790919981694,-0.027947713104368797,0.7744353000785701,0.20850898379184787,0.0,0.0,0.0,0.0,0.0,2.467005958589381e-33,0.0
15.49,0.7478081841846871,-0.4520605335854502,0.045743604868911755,1.8937790919981694,-0.027947713104368797,0.7744353000785701,0.20850898379184787,0.0,0.0,0.0,0.0,0.0,2.467005958589381e-33,0.0
15.5,0.7478081841846871,-0.4520605335854502,0.045743604868911755,1.8937790919981694,-0.027947713104368797,0.7744353000785701,0.20850898379184787,0.0,0.0,0.0,0.0,0.0,2.467005958589381e-33,0.0
15.51,0.7478081841846871,-0.4520605335854502,0.045743604868911755,1.8937790919981694,-0.027947713104368797,0.7744353000785701,0.20850898379184787,0.0,0.0,0.0,0.0,0.0,2.467005958589381e-33,0.0
15.52,0.7478081841846871,-0.4520605335854502,0.045743604868911755,1.8937790919981694,-0.027947713104368797,0.7744353000785701,0.20850898379184787,0.0,0.0,0.0,0.0,0.0,2.467005958589381e-33,0.0
15.53,0.7478081841846871,-0.4520605335854502,0.045743604868911755,1.8937790919981694,-0.027947713104368797,0.7744353000785701,0.20850898379184787,0.0,0.0,0.0,0.0,0.0,2.467005958589381e-33,0.0
15.54,0.7478081841846871,-0.4520605335854502,0.045743604868911755,1.8937790919981694,-0.027947713104368797,0.7744353000785701,0.20850898379184787,0.0,0.0,0.0,0.0,0.0,2.467005958589381e-33,0.0
15.55,0.7478081841846871,-0.4520605335854502,0.045743604868911755,1.8937790919981694,-0.027947713104368797,0.7744353000785701,0.20850898379184787,0.0,0.0,0.0,0.0,0.0,2.467005958589381e-33,0.0
15.56,0.7478081841846871,-0.4520605335854502,0.045743604868911755,1.8937790919981694,-0.027947713104368797,0.7744353000785701,0.20850898379184787,0.0,0.0,0.0,0.0,0.0,2.467005958589381e-33,0.0
15.57,0.7478081841846871,-0.4520605335854502,0.045743604868911755,1.8937790919981694,-0.027947713104368797,0.7744353000785701,0.20850898379184787,0.0,0.0,0.0,0.0,0.0,2.467005958589381e-33,0.0
15.58,0.7478081841846871,-0.4520605335854502,0.045743604868911755,1.8937790919981694,-0.027947713104368797,0.7744353000785701,0.20850898379184787,0.0,0.0,0.0,0.0,0.0,2.467005958589381e-33,0.0
15.59,0.7478081841846871,-0.4520605335854502,0.045743604868911755,1.8937790919981694,-0.027947713104368797,0.7744353000785701,0.20850898379184787,0.0,0.0,0.0,0.0,0.0,2.467005958589381e-33,0.0
15.6,0.7478081841846871,-0.4520605335854502,0.045743604868911755,1.8937790919981694,-0.027947713104368797,0.7744353000785701,0.20850898379184787,0.0,0.0,0.0,0.0,0.0,2.467005958589381e-33,0.0
15.61,0.7478081841846871,-0.4520605335854502,0.045743604868911755,1.8937790919981694,-0.027947713104368797,0.7744353000785701,0.20850898379184787,0.0,0.0,0.0,0.0,0.0,2.467005958589381e-33,0.0
15.62,0.7478081841846871,-0.4520605335854502,0.045743604868911755,1.8937790919981694,-0.027947713104368797,0.7744353000785701,0.20850898379184787,0.0,0.0,0.0,0.0,0.0,2.467005958589381e-33,0.0
15.63,0.7478081841846871,-0.4520605335854502,0.045743604868911755,1.8937790919981694,-0.027947713104368797,0.7744353000785701,0.20850898379184787,0.0,0.0,0.0,0.0,0.0,2.467005958589381e-33,0.0
15.64,0.7478081841846871,-0.4520605335854502,0.045743604868911755,1.8937790919981694,-0.027947713104368797,0.7744353000785701,0.20850898379184787,0.0,0.0,0.0,0.0,0.0,2.467005958589381e-33,0.0
15.65,0.7478081841846871,-0.4520605335854502,0.045743604868911755,1.8937790919981694,-0.027947713104368797,0.7744353000785701,0.20850898379184787,0.0,0.0,0.0,0.0,0.0,2.467005958589381e-33,0.0
15.66,0.7478081841846871,-0.4520605335854502,0.045743604868911755,1.8937790919981694,-0.027947713104368797,0.7744353000785701,0.20850898379184787,0.0,0.0,0.0,0.0,0.0,2.467005958589381e-33,0.0
15.67,0.7478081841846871,-0.4520605335854502,0.045743604868911755,1.8937790919981694,-0.027947713104368797,0.7744353000785701,0.20850898379184787,0.0,0.0,0.0,0.0,0.0,2.467005958589381e-33,0.0
15.68,0.7478081841846871,-0.4520605335854502,0.045743604868911755,1.8937790919981694,-0.027947713104368797,0.7744353000785701,0.20850898379184787,0.0,0.0,0.0,0.0,0.0,2.467005958589381e-33,0.0
15.69,0.7478081841846871,-0.4520605335854502,0.045743604868911755,1.8937790919981694,-0.027947713104368797,0.7744353000785701,0.20850898379184787,0.0,0.0,0.0,0.0,0.0,2.467005958589381e-33,0.0
15.7,0.7478081841846871,-0.4520605335854502,0.045743604868911755,1.8937790919981694,-0.027947713104368797,0.7744353000785701,0.20850898379184787,0.0,0.0,0.0,0.0,0.0,2.467005958589381e-33,0.0
15.71,0.7478081841846871,-0.4520605335854502,0.045743604868911755,1.8937790919981694,-0.027947713104368797,0.7744353000785701,0.20850898379184787,0.0,0.0,0.0,0.0,0.0,2.467005958589381e-33,0.0
15.72,0.7478081841846871,-0.4520605335854502,0.045743604868911755,1.8937790919981694,-0.027947713104368797,0.7744353000785701,0.20850898379184787,0.0,0.0,0.0,0.0,0.0,2.467005958589381e-33,0.0
15.73,0.7478081841846871,-0.4520605335854502,0.045743604868911755,1.8937790919981694,-0.027947713104368797,0.7744353000785701,0.20850898379184787,0.0,0.0,0.0,0.0,0.0,2.467005958589381e-33,0.0
15.74,0.7478081841846871,-0.4520605335854502,0.045743604868911755,1.8937790919981694,-0.027947713104368797,0.7744353000785701,0.20850898379184787,0.0,0.0,0.0,0.0,0.0,2.467005958589381e-33,0.0
15.75,0.7478081841846871,-0.4520605335854502,0.045743604868911755,1.8937790919981694,-0.027947713104368797,0.7744353000785701,0.20850898379184787,0.0,0.0,0.0,0.0,0.0,2.467005958589381e-33,0.0
15.76,0.7478081841846871,-0.4520605335854502,0.045743604868911755,1.8937790919981694,-0.027947713104368797,0.7744353000785701,0.20850898379184787,0.0,0.0,0.0,0.0,0.0,2.467005958589381e-33,0.0
15.77,0.7478081841846871,-0.4520605335854502,0.045743604868911755,1.8937790919981694,-0.027947713104368797,0.7744353000785701,0.20850898379184787,0.0,0.0,0.0,0.0,0.0,2.467005958589381e-33,0.0
15.78,0.7478081841846871,-0.4520605335854502,0.045743604868911755,1.8937790919981694,-0.027947713104368797,0.7744353000785701,0.20850898379184787,0.0,0.0,0.0,0.0,0.0,2.467005958589381e-33,0.0
15.79,0.7478081841846871,-0.4520605335854502,0.045743604868911755,1.8937790919981694,-0.027947713104368797,0.7744353000785701,0.20850898379184787,0.0,0.0,0.0,0.0,0.0,2.467005958589381e-33,0.0
15.8,0.7478081841846871,-0.4520605335854502,0.045743604868911755,1.8937790919981694,-0.027947713104368797,0.7744353000785701,0.20850898379184787,0.0,0.0,0.0,0.0,0.0,2.467005958589381e-33,0.0
15.81,0.7478081841846871,-0.4520605335854502,0.045743604868911755,1.8937790919981694,-0.027947713104368797,0.7744353000785701,0.20850898379184787,0.0,0.0,0.0,0.0,0.0,2.467005958589381e-33,0.0
15.82,0.7478081841846871,-0.4520605335854502,0.045743604868911755,1.8937790919981694,-0.027947713104368797,0.7744353000785701,0.20850898379184787,0.0,0.0,0.0,0.0,0.0,2.467005958589381e-33,0.0
15.83,0.7478081841846871,-0.4520605335854502,0.045743604868911755,1.8937790919981694,-0.027947713104368797,0.7744353000785701,0.20850898379184787,0.0,0.0,0.0,0.0,0.0,2.467005958589381e-33,0.0
15.84,0.7478081841846871,-0.4520605335854502,0.045743604868911755,1.8937790919981694,-0.027947713104368797,0.7744353000785701,0.20850898379184787,0.0,0.0,0.0,0.0,0.0,2.467005958589381e-33,0.0
15.85,0.7478081841846871,-0.4520605335854502,0.045743604868911755,1.8937790919981694,-0.027947713104368797,0.7744353000785701,0.20850898379184787,0.0,0.0,0.0,0.0,0.0,2.467005958589381e-33,0.0
15.86,0.7478081841846871,-0.4520605335854502,0.045743604868911755,1.8937790919981694,-0.027947713104368797,0.7744353000785701,0.20850898379184787,0.0,0.0,0.0,0.0,0.0,2.467005958589381e-33,0.0
15.87,0.7478081841846871,-0.4520605335854502,0.045743604868911755,1.8937790919981694,-0.027947713104368797,0.7744353000785701,0.20850898379184787,0.0,0.0,0.0,0.0,0.0,2.467005958589381e-33,0.0
15.88,0.7478081841846871,-0.4520605335854502,0.045743604868911755,1.8937790919981694,-0.027947713104368797,0.7744353000785701,0.20850898379184787,0.0,0.0,0.0,0.0,0.0,2.467005958589381e-33,0.0
15.89,0.7478081841846871,-0.4520605335854502,0.045743604868911755,1.8937790919981694,-0.027947713104368797,0.7744353000785701,0.20850898379184787,0.0,0.0,0.0,0.0,0.0,2.467005958589381e-33,0.0
15.9,0.7478081841846871,-0.4520605335854502,0.045743604868911755,1.8937790919981694,-0.027947713104368797,0.7744353000785701,0.20850898379184787,0.0,0.0,0.0,0.0,0.0,2.467005958589381e-33,0.0
15.91,0.7478081841846871,-0.4520605335854502,0.045743604868911755,1.8937790919981694,-0.027947713104368797,0.7744353000785701,0.20850898379184787,0.0,0.0,0.0,0.0,0.0,2.467005958589381e-33,0.0
15.92,0.7478081841846871,-0.4520605335854502,0.045743604868911755,1.8937790919981694,-0.027947713104368797,0.7744353000785701,0.20850898379184787,0.0,0.0,0.0,0.0,0.0,2.467005958589381e-33,0.0
15.93,0.7478081841846871,-0.4520605335854502,0.045743604868911755,1.8937790919981694,-0.027947713104368797,0.7744353000785701,0.20850898379184787,0.0,0.0,0.0,0.0,0.0,2.467005958589381e-33,0.0
15.94,0.7478081841846871,-0.4520605335854502,0.045743604868911755,1.8937790919981694,-0.027947713104368797,0.7744353000785701,0.20850898379184787,0.0,0.0,0.0,0.0,0.0,2.467005958589381e-33,0.0
15.95,0.7478081841846871,-0.4520605335854502,0.045743604868911755,1.8937790919981694,-0.027947713104368797,0.7744353000785701,0.20850898379184787,0.0,0.0,0.0,0.0,0.0,2.467005958589381e-33,0.0
15.96,0.7478081841846871,-0.4520605335854502,0.045743604868911755,1.8937790919981694,-0.027947713104368797,0.7744353000785701,0.20850898379184787,0.0,0.0,0.0,0.0,0.0,2.467005958589381e-33,0.0
15.97,0.7478081841846871,-0.4520605335854502,0.045743604868911755,1.8937790919981694,-0.027947713104368797,0.7744353000785701,0.20850898379184787,0.0,0.0,0.0,0.0,0.0,2.467005958589381e-33,0.0
15.98,0.7478081841846871,-0.4520605335854502,0.045743604868911755,1.8937790919981694,-0.027947713104368797,0.7744353000785701,0.20850898379184787,0.0,0.0,0.0,0.0,0.0,2.467005958589381e-33,0.0
15.99,0.7478081841846871,-0.4520605335854502,0.045743604868911755,1.8937790919981694,-0.027947713104368797,0.7744353000785701,0.20850898379184787,0.0,0.0,0.0,0.0,0.0,2.467005958589381e-33,0.0
16.0,0.7478081841846871,-0.4520605335854502,0.045743604868911755,1.8937790919981694,-0.027947713104368797,0.7744353000785701,0.20850898379184787,0.0,0.0,0.0,0.0,0.0,2.467005958589381e-33,0.0
